指標,項目代碼,官方勾選文字,官方資料表頁,文件編號,文件原名,填表建議,正文判讀,仍缺什麼或使用限制,協會實際執行已確認,正文核對線索,畫面檢查,實際備份位置,GitHub原檔連結,Drive直接連結,版本辨識碼
1,I01-E01,中長程的業務發展規劃策略地圖。 （p.13；OOO手冊中第O頁； 官網首頁）,1,0001,0001__中長程業務發展策略地圖.docx,可優先看方法示範；不是實績勾選認證,三年門數、時數、人次、費用與縮班算例能互相核對；6頁已查看。,屬志工培訓示範，範圍比協會既有多元課程與收入發展方向窄；不能代替已核定的整體事業策略。,否；不能用合成示範當實績,,同版全部頁面已查看,04_全部文件與歷次版本/TTQS_ONE_CODEX_RUNTIME/23/2258_0001__中長程業務發展策略地圖.docx,https://github.com/PT-Original-Point/ttqs-one/blob/submission-20261005-222304/%E9%80%81%E5%AF%A9%E8%B3%87%E6%96%99/04_%E5%85%A8%E9%83%A8%E6%96%87%E4%BB%B6%E8%88%87%E6%AD%B7%E6%AC%A1%E7%89%88%E6%9C%AC/TTQS_ONE_CODEX_RUNTIME/23/2258_0001__%E4%B8%AD%E9%95%B7%E7%A8%8B%E6%A5%AD%E5%8B%99%E7%99%BC%E5%B1%95%E7%AD%96%E7%95%A5%E5%9C%B0%E5%9C%96.docx,完整備份四包內；依原始清單定位,6ebea8ea4768b5311eaf64402eb58cfdab2c795e858d0925a1084d9eab3fa029
1,I01-E01,中長程的業務發展規劃策略地圖。 （p.13；OOO手冊中第O頁； 官網首頁）,1,0002,0002__策略因果鏈與三年KPI對照表.docx,可優先看方法示範；不是實績勾選認證,8人逐項紀錄可重算7人通過；另列9人缺項情境，分母未混用；4頁示範稿已有完整驗收紀錄。,與0001屬同一勾選項；未證明協會已核定三年計畫或達成目標。,否；不能用合成示範當實績,,同版4頁已有完整驗收紀錄,04_全部文件與歷次版本/TTQS_ONE_CODEX_RUNTIME/22/2103_0002__策略因果鏈與三年KPI對照表.docx,https://github.com/PT-Original-Point/ttqs-one/blob/submission-20261005-222304/%E9%80%81%E5%AF%A9%E8%B3%87%E6%96%99/04_%E5%85%A8%E9%83%A8%E6%96%87%E4%BB%B6%E8%88%87%E6%AD%B7%E6%AC%A1%E7%89%88%E6%9C%AC/TTQS_ONE_CODEX_RUNTIME/22/2103_0002__%E7%AD%96%E7%95%A5%E5%9B%A0%E6%9E%9C%E9%8F%88%E8%88%87%E4%B8%89%E5%B9%B4KPI%E5%B0%8D%E7%85%A7%E8%A1%A8.docx,https://docs.google.com/document/d/1aoPL4ZjG3BkjllWc3qofzoPEeUQF6b6a/edit?usp=drivesdk&ouid=100902538427811382504&rtpof=true&sd=true,ba6b4c4876130c77cb8ac6a886f4ed4d2e09d4e19bbf21fc71d22d8c8b376a53
1,I01-E02,目標市場需求調查。,1,0003,0003__目標市場需求調查問卷.docx,可優先看方法示範；不是實績勾選認證,12題、跳題、缺答、自願填答、填好示例與替換方式齊全；8頁已查看。,只是一份問卷工具與單人示例；尚無真實回收答卷、需求統計與課程決議。,否；不能用合成示範當實績,,同版全部頁面已查看,04_全部文件與歷次版本/TTQS_ONE_CODEX_RUNTIME/23/2256_0003__目標市場需求調查問卷.docx,https://github.com/PT-Original-Point/ttqs-one/blob/submission-20261005-222304/%E9%80%81%E5%AF%A9%E8%B3%87%E6%96%99/04_%E5%85%A8%E9%83%A8%E6%96%87%E4%BB%B6%E8%88%87%E6%AD%B7%E6%AC%A1%E7%89%88%E6%9C%AC/TTQS_ONE_CODEX_RUNTIME/23/2256_0003__%E7%9B%AE%E6%A8%99%E5%B8%82%E5%A0%B4%E9%9C%80%E6%B1%82%E8%AA%BF%E6%9F%A5%E5%95%8F%E5%8D%B7.docx,完整備份四包內；依原始清單定位,99efb5dae7aa25aa6d184aead4609f158c27a98b3867b5574c31adf6fff4a14e
1,I01-E02,目標市場需求調查。,1,0004,0004__I01-E02__02__目標市場調查執行與樣本紀錄.docx,先不要勾為完整紀錄,正文仍有未提供或待填的主要紀錄；未確認本項已形成完整實際證據。,按該格官方要求取得真實原始資料與核定、執行或結果紀錄。,否；不能用合成示範當實績,擷取正文第12行：真實執行日期／期間 | 未提供；不得推定曾執行。；擷取正文第13行：真實母體、抽樣框、管道、地點及人員 | 未提供；無受訪者名單、逐人資料、聯絡資料或原始回覆。,本次未逐頁核對,04_全部文件與歷次版本/TTQS_GPT6_ASTRA_FULL_HANDOFF_20260925/16/1546_0004__I01-E02__02__目標市場調查執行與樣本紀錄.docx,https://github.com/PT-Original-Point/ttqs-one/blob/submission-20261005-222304/%E9%80%81%E5%AF%A9%E8%B3%87%E6%96%99/04_%E5%85%A8%E9%83%A8%E6%96%87%E4%BB%B6%E8%88%87%E6%AD%B7%E6%AC%A1%E7%89%88%E6%9C%AC/TTQS_GPT6_ASTRA_FULL_HANDOFF_20260925/16/1546_0004__I01-E02__02__%E7%9B%AE%E6%A8%99%E5%B8%82%E5%A0%B4%E8%AA%BF%E6%9F%A5%E5%9F%B7%E8%A1%8C%E8%88%87%E6%A8%A3%E6%9C%AC%E7%B4%80%E9%8C%84.docx,https://docs.google.com/document/d/1J57362WVJeC5XLyS8CiS9RWC_GPzd-83/edit?usp=drivesdk&ouid=100902538427811382504&rtpof=true&sd=true,44f2f43c477b6834480de8e3679cf8cfefdce582eaa7a41a396725c1f6d5d58b
1,I01-E02,目標市場需求調查。,1,0005,0005__I01-E02__03__目標市場需求分析報告.docx,先不要勾為完整紀錄,正文仍有未提供或待填的主要紀錄；未確認本項已形成完整實際證據。,按該格官方要求取得真實原始資料與核定、執行或結果紀錄。,否；不能用合成示範當實績,擷取正文第5行：我們怎麼做？①整理示範樣本；②計算各需求主題的分布；③依示範門檻排列優先順序；④列出真實調查前仍須核實的事項。　責任：正式調查及結果覆核角色待指定。目前狀態：全部數字及結論均為擬真示範，不是協會問卷、需求結論或課程決議。；擷取正文第69行：資料集未提供個人層級或人口／身份欄位，因此不作人口或身份分群，也不以偏好分類冒充受訪者分群。,本次未逐頁核對,04_全部文件與歷次版本/TTQS_GPT6_ASTRA_FULL_HANDOFF_20260925/16/1544_0005__I01-E02__03__目標市場需求分析報告.docx,https://github.com/PT-Original-Point/ttqs-one/blob/submission-20261005-222304/%E9%80%81%E5%AF%A9%E8%B3%87%E6%96%99/04_%E5%85%A8%E9%83%A8%E6%96%87%E4%BB%B6%E8%88%87%E6%AD%B7%E6%AC%A1%E7%89%88%E6%9C%AC/TTQS_GPT6_ASTRA_FULL_HANDOFF_20260925/16/1544_0005__I01-E02__03__%E7%9B%AE%E6%A8%99%E5%B8%82%E5%A0%B4%E9%9C%80%E6%B1%82%E5%88%86%E6%9E%90%E5%A0%B1%E5%91%8A.docx,https://docs.google.com/document/d/1pH054U-oKObJBFyGKOUCifJqgu9IapFK/edit?usp=drivesdk&ouid=100902538427811382504&rtpof=true&sd=true,b506910d34276ec27e1e8b99a2dbb06ada7260c2b82fe62805b12b15d96ab571
1,I01-E03,業務發展計畫（包括人力資源的發展與訓練規劃內容、主題或方向）。,1,0006,0006__I01-E03__01__業務發展計畫與人力資源訓練規劃.docx,先不要勾為完整紀錄,正文仍有未提供或待填的主要紀錄；未確認本項已形成完整實際證據。,按該格官方要求取得真實原始資料與核定、執行或結果紀錄。,否；不能用合成示範當實績,擷取正文第12行：工作稿提醒：本稿不是核定紀錄，也不代表已辦理課程、調查或評量。只填入可查證的原始資料；沒有資料時保留空白並註明待補。；擷取正文第47行：本計畫只承接經協會權責確認的發展方向與需求分析。年度起訖、課程、工作承諾、人力配置、預算及目標尚未提供；未核定前一律作提案欄，不列為協會既有工作或成果。,本次未逐頁核對,04_全部文件與歷次版本/TTQS_GPT6_ASTRA_FULL_HANDOFF_20260925/16/1543_0006__I01-E03__01__業務發展計畫與人力資源訓練規劃.docx,https://github.com/PT-Original-Point/ttqs-one/blob/submission-20261005-222304/%E9%80%81%E5%AF%A9%E8%B3%87%E6%96%99/04_%E5%85%A8%E9%83%A8%E6%96%87%E4%BB%B6%E8%88%87%E6%AD%B7%E6%AC%A1%E7%89%88%E6%9C%AC/TTQS_GPT6_ASTRA_FULL_HANDOFF_20260925/16/1543_0006__I01-E03__01__%E6%A5%AD%E5%8B%99%E7%99%BC%E5%B1%95%E8%A8%88%E7%95%AB%E8%88%87%E4%BA%BA%E5%8A%9B%E8%B3%87%E6%BA%90%E8%A8%93%E7%B7%B4%E8%A6%8F%E5%8A%83.docx,https://docs.google.com/document/d/1VmIru1nHhFIgTzGxG8Bln2WykkOV8teJ/edit?usp=drivesdk&ouid=100902538427811382504&rtpof=true&sd=true,561b048ddf56b2666a846b148cc46a3496a07abe3b922f9d9135f60cd0170a33
1,I01-E04,課程產品及流程的檢討分析。,1,0007,0007__I01-E04__01__課程產品及流程檢討分析報告.docx,先不要勾為完整紀錄,正文仍有未提供或待填的主要紀錄；未確認本項已形成完整實際證據。,按該格官方要求取得真實原始資料與核定、執行或結果紀錄。,否；不能用合成示範當實績,擷取正文第12行：工作稿提醒：本稿不是核定紀錄，也不代表已辦理課程、調查或評量。只填入可查證的原始資料；沒有資料時保留空白並註明待補。；擷取正文第52行：需求與課程目標 | 需求原始資料、核定目標／版本 | [待填] | [待取得；不得以課程提案代替需求證據],本次未逐頁核對,04_全部文件與歷次版本/TTQS_GPT6_ASTRA_FULL_HANDOFF_20260925/16/1541_0007__I01-E04__01__課程產品及流程檢討分析報告.docx,https://github.com/PT-Original-Point/ttqs-one/blob/submission-20261005-222304/%E9%80%81%E5%AF%A9%E8%B3%87%E6%96%99/04_%E5%85%A8%E9%83%A8%E6%96%87%E4%BB%B6%E8%88%87%E6%AD%B7%E6%AC%A1%E7%89%88%E6%9C%AC/TTQS_GPT6_ASTRA_FULL_HANDOFF_20260925/16/1541_0007__I01-E04__01__%E8%AA%B2%E7%A8%8B%E7%94%A2%E5%93%81%E5%8F%8A%E6%B5%81%E7%A8%8B%E6%AA%A2%E8%A8%8E%E5%88%86%E6%9E%90%E5%A0%B1%E5%91%8A.docx,https://docs.google.com/document/d/1Ok9B9vdwqSFCgKKJ4fAor3qI2LEtktDS/edit?usp=drivesdk&ouid=100902538427811382504&rtpof=true&sd=true,0920d0757842e6d053f09635e0e1a3355b9c91f7fc0fb79509adf1f810e234df
1,I01-E05,各類別訓練課程年度成長計畫。,1,0008,0008__I01-E05__01__各類別訓練課程年度成長計畫.docx,先不要勾為完整紀錄,正文仍有未提供或待填的主要紀錄；未確認本項已形成完整實際證據。,按該格官方要求取得真實原始資料與核定、執行或結果紀錄。,否；不能用合成示範當實績,擷取正文第12行：工作稿提醒：本稿不是核定紀錄，也不代表已辦理課程、調查或評量。只填入可查證的原始資料；沒有資料時保留空白並註明待補。；擷取正文第46行：健康教育 | [待填：對象、調查方法、期間、樣本] | [依真實基線定義主題與年度目標] | [師資、教材、場地、核定資料待補],本次未逐頁核對,04_全部文件與歷次版本/TTQS_GPT6_ASTRA_FULL_HANDOFF_20260925/16/1542_0008__I01-E05__01__各類別訓練課程年度成長計畫.docx,https://github.com/PT-Original-Point/ttqs-one/blob/submission-20261005-222304/%E9%80%81%E5%AF%A9%E8%B3%87%E6%96%99/04_%E5%85%A8%E9%83%A8%E6%96%87%E4%BB%B6%E8%88%87%E6%AD%B7%E6%AC%A1%E7%89%88%E6%9C%AC/TTQS_GPT6_ASTRA_FULL_HANDOFF_20260925/16/1542_0008__I01-E05__01__%E5%90%84%E9%A1%9E%E5%88%A5%E8%A8%93%E7%B7%B4%E8%AA%B2%E7%A8%8B%E5%B9%B4%E5%BA%A6%E6%88%90%E9%95%B7%E8%A8%88%E7%95%AB.docx,https://docs.google.com/document/d/1lE4r_xkbKFIIw02g7NdPf457Xf94LLFO/edit?usp=drivesdk&ouid=100902538427811382504&rtpof=true&sd=true,9fd7cc2df8e13c7e8b3e8a5855a0cf98b5db6222233b5992534fbcd7141e07a4
1,I01-E06,單位工作達成年度績效目標的訂定及目標分析等佐證資料。,1,0009,0009__I01-E06__01__年度績效目標訂定與分析紀錄.docx,先不要勾為完整紀錄,正文仍有未提供或待填的主要紀錄；未確認本項已形成完整實際證據。,按該格官方要求取得真實原始資料與核定、執行或結果紀錄。,否；不能用合成示範當實績,擷取正文第9行：真實資料狀態 | 目前未提供核定目標、實績、年度或原始紀錄；不得填估算值。；擷取正文第16行：年度工作計畫 | 核定目標、指標定義、責任角色與版本 | [年度／版次待填] | [待取得核定原件；未取得不列正式目標],本次未逐頁核對,04_全部文件與歷次版本/TTQS_GPT6_ASTRA_FULL_HANDOFF_20260925/16/1545_0009__I01-E06__01__年度績效目標訂定與分析紀錄.docx,https://github.com/PT-Original-Point/ttqs-one/blob/submission-20261005-222304/%E9%80%81%E5%AF%A9%E8%B3%87%E6%96%99/04_%E5%85%A8%E9%83%A8%E6%96%87%E4%BB%B6%E8%88%87%E6%AD%B7%E6%AC%A1%E7%89%88%E6%9C%AC/TTQS_GPT6_ASTRA_FULL_HANDOFF_20260925/16/1545_0009__I01-E06__01__%E5%B9%B4%E5%BA%A6%E7%B8%BE%E6%95%88%E7%9B%AE%E6%A8%99%E8%A8%82%E5%AE%9A%E8%88%87%E5%88%86%E6%9E%90%E7%B4%80%E9%8C%84.docx,https://docs.google.com/document/d/10u1BLrR6zQno63LCCjSGR5q7zIM5svwF/edit?usp=drivesdk&ouid=100902538427811382504&rtpof=true&sd=true,acd9ae180b9bf16bcaac8536000e18674516d31ba6bc6e11740051a485a1a45e
2,I02-E01,對學員訓練成果有評核標準的訂定及說明。,1,0010,0010__I02-E01__01__學員訓練成果評核標準與說明.docx,先不要勾為完整紀錄,正文仍有未提供或待填的主要紀錄；未確認本項已形成完整實際證據。,按該格官方要求取得真實原始資料與核定、執行或結果紀錄。,否；不能用合成示範當實績,擷取正文第12行：工作稿提醒：本稿不是核定紀錄，也不代表已辦理課程、調查或評量。只填入可查證的原始資料；沒有資料時保留空白並註明待補。；擷取正文第90行：[課程名稱與版本待填] | □核定發布 □修訂後再審 □暫不使用 | [待核定] | [待辦、責任角色與期限待填],本次未逐頁核對,04_全部文件與歷次版本/TTQS_GPT6_ASTRA_FULL_HANDOFF_20260925/16/1554_0010__I02-E01__01__學員訓練成果評核標準與說明.docx,https://github.com/PT-Original-Point/ttqs-one/blob/submission-20261005-222304/%E9%80%81%E5%AF%A9%E8%B3%87%E6%96%99/04_%E5%85%A8%E9%83%A8%E6%96%87%E4%BB%B6%E8%88%87%E6%AD%B7%E6%AC%A1%E7%89%88%E6%9C%AC/TTQS_GPT6_ASTRA_FULL_HANDOFF_20260925/16/1554_0010__I02-E01__01__%E5%AD%B8%E5%93%A1%E8%A8%93%E7%B7%B4%E6%88%90%E6%9E%9C%E8%A9%95%E6%A0%B8%E6%A8%99%E6%BA%96%E8%88%87%E8%AA%AA%E6%98%8E.docx,https://docs.google.com/document/d/18n1S7-UYfvN2ACnG3T63L8CcKUZadkaV/edit?usp=drivesdk&ouid=100902538427811382504&rtpof=true&sd=true,36fd04f10bd6c1f64e99485c7b4c4da8388c9e9ad5bef97e76586c14136b2d34
2,I02-E02,與訓練政策有關之訓練產品與市場定位。,1,0011,0011__I02-E02__01__與訓練政策有關之訓練產品與市場定位_制度文件_R03.docx,先不要勾為完整紀錄,正文仍有未提供或待填的主要紀錄；未確認本項已形成完整實際證據。,按該格官方要求取得真實原始資料與核定、執行或結果紀錄。,否；不能用合成示範當實績,擷取正文第12行：工作稿提醒：本稿不是核定紀錄，也不代表已辦理課程、調查或評量。只填入可查證的原始資料；沒有資料時保留空白並註明待補。；擷取正文第39行：需求調查及分析 | [待取得或待建立的實際資料] | [待填] | 待補,本次未逐頁核對,04_全部文件與歷次版本/TTQS_GPT6_ASTRA_FULL_HANDOFF_20260925/16/1547_0011__I02-E02__01__與訓練政策有關之訓練產品與市場定位_制度文件_R03.docx,https://github.com/PT-Original-Point/ttqs-one/blob/submission-20261005-222304/%E9%80%81%E5%AF%A9%E8%B3%87%E6%96%99/04_%E5%85%A8%E9%83%A8%E6%96%87%E4%BB%B6%E8%88%87%E6%AD%B7%E6%AC%A1%E7%89%88%E6%9C%AC/TTQS_GPT6_ASTRA_FULL_HANDOFF_20260925/16/1547_0011__I02-E02__01__%E8%88%87%E8%A8%93%E7%B7%B4%E6%94%BF%E7%AD%96%E6%9C%89%E9%97%9C%E4%B9%8B%E8%A8%93%E7%B7%B4%E7%94%A2%E5%93%81%E8%88%87%E5%B8%82%E5%A0%B4%E5%AE%9A%E4%BD%8D_%E5%88%B6%E5%BA%A6%E6%96%87%E4%BB%B6_R03.docx,https://docs.google.com/document/d/1KKVkEW1a9_0n3iVVRinOgaKZ-FcoKkpn/edit?usp=drivesdk&ouid=100902538427811382504&rtpof=true&sd=true,55cfb12e103adadb461a8eb86748abb7c990f16a6301b8fc991ca89ab05d12a9
2,I02-E03,補助參與機構公開招生課程或進階課程優惠辦法之規定。,1,0012,0012__I02-E03__01__補助參與機構公開招生課程或進階課程優惠辦法之_制度文件_R02.docx,先不要勾為完整紀錄,正文仍有未提供或待填的主要紀錄；未確認本項已形成完整實際證據。,按該格官方要求取得真實原始資料與核定、執行或結果紀錄。,否；不能用合成示範當實績,擷取正文第12行：工作稿提醒：本稿不是核定紀錄，也不代表已辦理課程、調查或評量。只填入可查證的原始資料；沒有資料時保留空白並註明待補。；擷取正文第38行：課程與適用年度 | [待填] | [待填],本次未逐頁核對,04_全部文件與歷次版本/TTQS_GPT6_ASTRA_FULL_HANDOFF_20260925/16/1548_0012__I02-E03__01__補助參與機構公開招生課程或進階課程優惠辦法之_制度文件_R02.docx,https://github.com/PT-Original-Point/ttqs-one/blob/submission-20261005-222304/%E9%80%81%E5%AF%A9%E8%B3%87%E6%96%99/04_%E5%85%A8%E9%83%A8%E6%96%87%E4%BB%B6%E8%88%87%E6%AD%B7%E6%AC%A1%E7%89%88%E6%9C%AC/TTQS_GPT6_ASTRA_FULL_HANDOFF_20260925/16/1548_0012__I02-E03__01__%E8%A3%9C%E5%8A%A9%E5%8F%83%E8%88%87%E6%A9%9F%E6%A7%8B%E5%85%AC%E9%96%8B%E6%8B%9B%E7%94%9F%E8%AA%B2%E7%A8%8B%E6%88%96%E9%80%B2%E9%9A%8E%E8%AA%B2%E7%A8%8B%E5%84%AA%E6%83%A0%E8%BE%A6%E6%B3%95%E4%B9%8B_%E5%88%B6%E5%BA%A6%E6%96%87%E4%BB%B6_R02.docx,https://docs.google.com/document/d/1mmjUeP5CABok6Jl2a06R2y_n3ofh-5gs/edit?usp=drivesdk&ouid=100902538427811382504&rtpof=true&sd=true,f96ff2e4dc954ddfe0a2d390af0194e9792c1f9dc764704769a0d447c78dda6c
2,I02-E04,公開公布訓練機構年度訓練課程。,1,0013,0013__公開公布訓練機構年度訓練課程_完整工作稿.docx,可補充看示範；先不要當成已完成佐證,年度公告文案、4門課與更改示例完整，5頁已有同版畫面。,未提供實際公開網頁、張貼照片、真實聯絡方式與課程核定；不能勾成已公開公布。,否；不能用合成示範當實績,擷取正文第21行：每次記錄課名、發布日期、誰能看到、原件位置與核對結果。實際照片要看得清楚；網路紀錄要留下可查看的連結與發布時間。下面的附件編號只是示範目錄，未提供真實照片或截圖，不能拿目錄當成已發布的證明。,本次未逐頁核對,04_全部文件與歷次版本/TTQS_ONE_CODEX_RUNTIME/23/2255_0013__公開公布訓練機構年度訓練課程_完整工作稿.docx,https://github.com/PT-Original-Point/ttqs-one/blob/submission-20261005-222304/%E9%80%81%E5%AF%A9%E8%B3%87%E6%96%99/04_%E5%85%A8%E9%83%A8%E6%96%87%E4%BB%B6%E8%88%87%E6%AD%B7%E6%AC%A1%E7%89%88%E6%9C%AC/TTQS_ONE_CODEX_RUNTIME/23/2255_0013__%E5%85%AC%E9%96%8B%E5%85%AC%E5%B8%83%E8%A8%93%E7%B7%B4%E6%A9%9F%E6%A7%8B%E5%B9%B4%E5%BA%A6%E8%A8%93%E7%B7%B4%E8%AA%B2%E7%A8%8B_%E5%AE%8C%E6%95%B4%E5%B7%A5%E4%BD%9C%E7%A8%BF.docx,完整備份四包內；依原始清單定位,04b911e23032ed9d7428c964eede1a397f6fd53653575b3b2a115e7a8d82f958
2,I02-E05,客戶提出的課程需求的相關表單 （文件），而揭露的呈現方式， 可以為EDM、海報、網站網頁等方式加以呈現。,1,0014,0014__I02-E05__01__客戶課程需求申請表_R02.docx,先不要勾為完整紀錄,正文仍有未提供或待填的主要紀錄；未確認本項已形成完整實際證據。,按該格官方要求取得真實原始資料與核定、執行或結果紀錄。,否；不能用合成示範當實績,擷取正文第12行：工作稿提醒：本稿不是核定紀錄，也不代表已辦理課程、調查或評量。只填入可查證的原始資料；沒有資料時保留空白並註明待補。；擷取正文第18行：提出日期／單位（如適用） | [待填],本次未逐頁核對,04_全部文件與歷次版本/TTQS_GPT6_ASTRA_FULL_HANDOFF_20260925/16/1550_0014__I02-E05__01__客戶課程需求申請表_R02.docx,https://github.com/PT-Original-Point/ttqs-one/blob/submission-20261005-222304/%E9%80%81%E5%AF%A9%E8%B3%87%E6%96%99/04_%E5%85%A8%E9%83%A8%E6%96%87%E4%BB%B6%E8%88%87%E6%AD%B7%E6%AC%A1%E7%89%88%E6%9C%AC/TTQS_GPT6_ASTRA_FULL_HANDOFF_20260925/16/1550_0014__I02-E05__01__%E5%AE%A2%E6%88%B6%E8%AA%B2%E7%A8%8B%E9%9C%80%E6%B1%82%E7%94%B3%E8%AB%8B%E8%A1%A8_R02.docx,https://docs.google.com/document/d/1O1IgkWWWa2kqW_yDzcHFNFYSfTRAgyTR/edit?usp=drivesdk&ouid=100902538427811382504&rtpof=true&sd=true,0bb08b2079cbbd73f54fb66a93eb504ae866e0264d1e7edbd84cf03dbc107c70
2,I02-E05,客戶提出的課程需求的相關表單 （文件），而揭露的呈現方式， 可以為EDM、海報、網站網頁等方式加以呈現。,1,0015,0015__I02-E05__02__客戶需求評估與回覆表_R04.docx,先不要勾為完整紀錄,正文仍有未提供或待填的主要紀錄；未確認本項已形成完整實際證據。,按該格官方要求取得真實原始資料與核定、執行或結果紀錄。,否；不能用合成示範當實績,擷取正文第12行：工作稿提醒：本稿不是核定紀錄，也不代表已辦理課程、調查或評量。只填入可查證的原始資料；沒有資料時保留空白並註明待補。；擷取正文第18行：案件編號／收件日期 | [待填],本次未逐頁核對,04_全部文件與歷次版本/TTQS_GPT6_ASTRA_FULL_HANDOFF_20260925/16/1553_0015__I02-E05__02__客戶需求評估與回覆表_R04.docx,https://github.com/PT-Original-Point/ttqs-one/blob/submission-20261005-222304/%E9%80%81%E5%AF%A9%E8%B3%87%E6%96%99/04_%E5%85%A8%E9%83%A8%E6%96%87%E4%BB%B6%E8%88%87%E6%AD%B7%E6%AC%A1%E7%89%88%E6%9C%AC/TTQS_GPT6_ASTRA_FULL_HANDOFF_20260925/16/1553_0015__I02-E05__02__%E5%AE%A2%E6%88%B6%E9%9C%80%E6%B1%82%E8%A9%95%E4%BC%B0%E8%88%87%E5%9B%9E%E8%A6%86%E8%A1%A8_R04.docx,https://docs.google.com/document/d/13BI6WyasGCw1OLvQoWOJPyAD0i3T4v-5/edit?usp=drivesdk&ouid=100902538427811382504&rtpof=true&sd=true,f231efa41e88125dbcf1943af7e780a71962c858a46a83410b871dc7440c7c00
2,I02-E05,客戶提出的課程需求的相關表單 （文件），而揭露的呈現方式， 可以為EDM、海報、網站網頁等方式加以呈現。,1,0016,0016__I02-E05__03__課程EDM完整文案_R02.docx,先不要勾為完整紀錄,正文仍有未提供或待填的主要紀錄；未確認本項已形成完整實際證據。,按該格官方要求取得真實原始資料與核定、執行或結果紀錄。,否；不能用合成示範當實績,擷取正文第7行：使用方式 | 在所有課程欄位、核准狀態、費用及聯絡管道核定後，才將標示的待填處替換並發布。；擷取正文第12行：工作稿提醒：本稿不是核定紀錄，也不代表已辦理課程、調查或評量。只填入可查證的原始資料；沒有資料時保留空白並註明待補。,本次未逐頁核對,04_全部文件與歷次版本/TTQS_GPT6_ASTRA_FULL_HANDOFF_20260925/16/1551_0016__I02-E05__03__課程EDM完整文案_R02.docx,https://github.com/PT-Original-Point/ttqs-one/blob/submission-20261005-222304/%E9%80%81%E5%AF%A9%E8%B3%87%E6%96%99/04_%E5%85%A8%E9%83%A8%E6%96%87%E4%BB%B6%E8%88%87%E6%AD%B7%E6%AC%A1%E7%89%88%E6%9C%AC/TTQS_GPT6_ASTRA_FULL_HANDOFF_20260925/16/1551_0016__I02-E05__03__%E8%AA%B2%E7%A8%8BEDM%E5%AE%8C%E6%95%B4%E6%96%87%E6%A1%88_R02.docx,https://docs.google.com/document/d/1MDpAN8o2zPokf0-PwrVNTJHz-H3zwCA-/edit?usp=drivesdk&ouid=100902538427811382504&rtpof=true&sd=true,b22eeb4ab2ad634c87ba2b2cbb4554304682f0e8cfb626311efa30b87b72d278
2,I02-E05,客戶提出的課程需求的相關表單 （文件），而揭露的呈現方式， 可以為EDM、海報、網站網頁等方式加以呈現。,1,0017,0017__I02-E05__04__網站課程揭露頁完整內容_R02.docx,先不要勾為完整紀錄,正文仍有未提供或待填的主要紀錄；未確認本項已形成完整實際證據。,按該格官方要求取得真實原始資料與核定、執行或結果紀錄。,否；不能用合成示範當實績,擷取正文第12行：工作稿提醒：本稿不是核定紀錄，也不代表已辦理課程、調查或評量。只填入可查證的原始資料；沒有資料時保留空白並註明待補。；擷取正文第26行：草稿 | 未發布 | [待填] | [待核定] | 開發中／尚未招生,本次未逐頁核對,04_全部文件與歷次版本/TTQS_GPT6_ASTRA_FULL_HANDOFF_20260925/16/1552_0017__I02-E05__04__網站課程揭露頁完整內容_R02.docx,https://github.com/PT-Original-Point/ttqs-one/blob/submission-20261005-222304/%E9%80%81%E5%AF%A9%E8%B3%87%E6%96%99/04_%E5%85%A8%E9%83%A8%E6%96%87%E4%BB%B6%E8%88%87%E6%AD%B7%E6%AC%A1%E7%89%88%E6%9C%AC/TTQS_GPT6_ASTRA_FULL_HANDOFF_20260925/16/1552_0017__I02-E05__04__%E7%B6%B2%E7%AB%99%E8%AA%B2%E7%A8%8B%E6%8F%AD%E9%9C%B2%E9%A0%81%E5%AE%8C%E6%95%B4%E5%85%A7%E5%AE%B9_R02.docx,https://docs.google.com/document/d/16NUq0XmVzbanlPVFdZ4vVOgmNKKOKZMg/edit?usp=drivesdk&ouid=100902538427811382504&rtpof=true&sd=true,d03994adac205a28e5b34c5b9a8590dc023be0fb2fd6eddba333befac7d3817f
3,I03-E01,訓練體系圖解及核心訓練類別名稱。,1,0018,0018__I03-E01__01__PDDRO訓練體系圖與核心訓練類別說明_R02.docx,先不要勾為完整紀錄,正文仍有未提供或待填的主要紀錄；未確認本項已形成完整實際證據。,按該格官方要求取得真實原始資料與核定、執行或結果紀錄。,否；不能用合成示範當實績,擷取正文第12行：工作稿提醒：本稿不是核定紀錄，也不代表已辦理課程、調查或評量。只填入可查證的原始資料；沒有資料時保留空白並註明待補。；擷取正文第29行：[依核定策略填列] | [待設計] | [待審查] | [依真實資料檢視] | [待填],本次未逐頁核對,04_全部文件與歷次版本/TTQS_GPT6_ASTRA_FULL_HANDOFF_20260925/16/1555_0018__I03-E01__01__PDDRO訓練體系圖與核心訓練類別說明_R02.docx,https://github.com/PT-Original-Point/ttqs-one/blob/submission-20261005-222304/%E9%80%81%E5%AF%A9%E8%B3%87%E6%96%99/04_%E5%85%A8%E9%83%A8%E6%96%87%E4%BB%B6%E8%88%87%E6%AD%B7%E6%AC%A1%E7%89%88%E6%9C%AC/TTQS_GPT6_ASTRA_FULL_HANDOFF_20260925/16/1555_0018__I03-E01__01__PDDRO%E8%A8%93%E7%B7%B4%E9%AB%94%E7%B3%BB%E5%9C%96%E8%88%87%E6%A0%B8%E5%BF%83%E8%A8%93%E7%B7%B4%E9%A1%9E%E5%88%A5%E8%AA%AA%E6%98%8E_R02.docx,https://docs.google.com/document/d/1VoEV3_qTEZ5j0k0EgYH6R6aQ86V0sf5B/edit?usp=drivesdk&ouid=100902538427811382504&rtpof=true&sd=true,302c77340e688458764c599d3ca707cc817039232e27acbefe7d521a1a7fa39a
3,I03-E02,學員訓練及訓練機構事業發展相關的證明。,1,0019,0019__I03-E02__01__學員訓練及訓練機構事業發展相關的證明_可直接使用成品_R03.docx,先不要勾為完整紀錄,正文仍有未提供或待填的主要紀錄；未確認本項已形成完整實際證據。,按該格官方要求取得真實原始資料與核定、執行或結果紀錄。,否；不能用合成示範當實績,擷取正文第9行：真實資料與待補 | 未提供本會實際課程、學員、訓後應用或事業成果紀錄；本件為可直接填用的證據建檔範本。；擷取正文第12行：工作稿提醒：本稿不是核定紀錄，也不代表已辦理課程、調查或評量。只填入可查證的原始資料；沒有資料時保留空白並註明待補。,本次未逐頁核對,04_全部文件與歷次版本/TTQS_GPT6_ASTRA_FULL_HANDOFF_20260925/16/1556_0019__I03-E02__01__學員訓練及訓練機構事業發展相關的證明_可直接使用成品_R03.docx,https://github.com/PT-Original-Point/ttqs-one/blob/submission-20261005-222304/%E9%80%81%E5%AF%A9%E8%B3%87%E6%96%99/04_%E5%85%A8%E9%83%A8%E6%96%87%E4%BB%B6%E8%88%87%E6%AD%B7%E6%AC%A1%E7%89%88%E6%9C%AC/TTQS_GPT6_ASTRA_FULL_HANDOFF_20260925/16/1556_0019__I03-E02__01__%E5%AD%B8%E5%93%A1%E8%A8%93%E7%B7%B4%E5%8F%8A%E8%A8%93%E7%B7%B4%E6%A9%9F%E6%A7%8B%E4%BA%8B%E6%A5%AD%E7%99%BC%E5%B1%95%E7%9B%B8%E9%97%9C%E7%9A%84%E8%AD%89%E6%98%8E_%E5%8F%AF%E7%9B%B4%E6%8E%A5%E4%BD%BF%E7%94%A8%E6%88%90%E5%93%81_R03.docx,https://docs.google.com/document/d/1tUSDOIyoNubFT3lloZfx1wWiLddNE6mQ/edit?usp=drivesdk&ouid=100902538427811382504&rtpof=true&sd=true,f271e81dd89ebe8427158ab804ee329f7679d77462b4b3c564aa4eac480bf7a2
3,I03-E03,學員訓練類型及促進關鍵績效指標（KPI）。,1,0020,0020__I03-E03__01__學員訓練類型及促進關鍵績效指標（KPI）_完整工作稿_R02.docx,先不要勾為完整紀錄,正文仍有未提供或待填的主要紀錄；未確認本項已形成完整實際證據。,按該格官方要求取得真實原始資料與核定、執行或結果紀錄。,否；不能用合成示範當實績,擷取正文第9行：真實資料與待補 | 未提供本會實際學員、課程或績效數據；本文件提供可核定的指標規格與空白填報表，不含實績或目標值。；擷取正文第12行：工作稿提醒：本稿不是核定紀錄，也不代表已辦理課程、調查或評量。只填入可查證的原始資料；沒有資料時保留空白並註明待補。,本次未逐頁核對,04_全部文件與歷次版本/TTQS_GPT6_ASTRA_FULL_HANDOFF_20260925/16/1557_0020__I03-E03__01__學員訓練類型及促進關鍵績效指標（KPI）_完整工作稿_R02.docx,https://github.com/PT-Original-Point/ttqs-one/blob/submission-20261005-222304/%E9%80%81%E5%AF%A9%E8%B3%87%E6%96%99/04_%E5%85%A8%E9%83%A8%E6%96%87%E4%BB%B6%E8%88%87%E6%AD%B7%E6%AC%A1%E7%89%88%E6%9C%AC/TTQS_GPT6_ASTRA_FULL_HANDOFF_20260925/16/1557_0020__I03-E03__01__%E5%AD%B8%E5%93%A1%E8%A8%93%E7%B7%B4%E9%A1%9E%E5%9E%8B%E5%8F%8A%E4%BF%83%E9%80%B2%E9%97%9C%E9%8D%B5%E7%B8%BE%E6%95%88%E6%8C%87%E6%A8%99%EF%BC%88KPI%EF%BC%89_%E5%AE%8C%E6%95%B4%E5%B7%A5%E4%BD%9C%E7%A8%BF_R02.docx,https://docs.google.com/document/d/1xxXC1uzDKXe6DD6xP87c2TpTfvhhp0iS/edit?usp=drivesdk&ouid=100902538427811382504&rtpof=true&sd=true,b50a8269342f3ac3117504ac614e2cf4edd91aab650eea9a8e37cdb32c71ea8c
3,I03-E04,學員訓練及學員職務相稱的證明。,1,0021,0021__I03-E04__01__學員訓練及學員職務相稱的證明_可直接使用成品_R02.docx,先不要勾為完整紀錄,正文仍有未提供或待填的主要紀錄；未確認本項已形成完整實際證據。,按該格官方要求取得真實原始資料與核定、執行或結果紀錄。,否；不能用合成示範當實績,擷取正文第4行：工作稿｜待實際資料或核定。本文件內容供協會整理與修訂；未經核定、未實際執行或未取得原始證明的事項，不得作為既成事實。；擷取正文第51行：[待填] | [待填] | [待填] | [待核定] | [待實際追蹤] | [待填],本次未逐頁核對,04_全部文件與歷次版本/TTQS_GPT6_ASTRA_FULL_HANDOFF_20260925/16/1558_0021__I03-E04__01__學員訓練及學員職務相稱的證明_可直接使用成品_R02.docx,https://github.com/PT-Original-Point/ttqs-one/blob/submission-20261005-222304/%E9%80%81%E5%AF%A9%E8%B3%87%E6%96%99/04_%E5%85%A8%E9%83%A8%E6%96%87%E4%BB%B6%E8%88%87%E6%AD%B7%E6%AC%A1%E7%89%88%E6%9C%AC/TTQS_GPT6_ASTRA_FULL_HANDOFF_20260925/16/1558_0021__I03-E04__01__%E5%AD%B8%E5%93%A1%E8%A8%93%E7%B7%B4%E5%8F%8A%E5%AD%B8%E5%93%A1%E8%81%B7%E5%8B%99%E7%9B%B8%E7%A8%B1%E7%9A%84%E8%AD%89%E6%98%8E_%E5%8F%AF%E7%9B%B4%E6%8E%A5%E4%BD%BF%E7%94%A8%E6%88%90%E5%93%81_R02.docx,https://docs.google.com/document/d/1Nrz6M9kxyNeIglpFrbsALirk-aUDG4g1/edit?usp=drivesdk&ouid=100902538427811382504&rtpof=true&sd=true,6dff6a9e7016f08209e10870d1fd0ba33b012152957fbc8fde18e9a468ec8dd1
4,I04-E01,訓練需求的定期調查與分析。,2,0022,0022__I04-E01__01__訓練需求的定期調查與分析_R04.docx,先不要勾為完整紀錄,正文仍有未提供或待填的主要紀錄；未確認本項已形成完整實際證據。,按該格官方要求取得真實原始資料與核定、執行或結果紀錄。,否；不能用合成示範當實績,擷取正文第4行：工作稿｜待實際資料或核定。本文件內容供協會整理與修訂；未經核定、未實際執行或未取得原始證明的事項，不得作為既成事實。；擷取正文第15行：欄位 | 待填內容,本次未逐頁核對,04_全部文件與歷次版本/TTQS_GPT6_ASTRA_FULL_HANDOFF_20260925/16/1559_0022__I04-E01__01__訓練需求的定期調查與分析_R04.docx,https://github.com/PT-Original-Point/ttqs-one/blob/submission-20261005-222304/%E9%80%81%E5%AF%A9%E8%B3%87%E6%96%99/04_%E5%85%A8%E9%83%A8%E6%96%87%E4%BB%B6%E8%88%87%E6%AD%B7%E6%AC%A1%E7%89%88%E6%9C%AC/TTQS_GPT6_ASTRA_FULL_HANDOFF_20260925/16/1559_0022__I04-E01__01__%E8%A8%93%E7%B7%B4%E9%9C%80%E6%B1%82%E7%9A%84%E5%AE%9A%E6%9C%9F%E8%AA%BF%E6%9F%A5%E8%88%87%E5%88%86%E6%9E%90_R04.docx,https://docs.google.com/document/d/1o0fjTSzGOlwmNuyxCuCyE0492J9uJctm/edit?usp=drivesdk&ouid=100902538427811382504&rtpof=true&sd=true,487f97370eed2cf73411a7cc4d75875e40dab761d2dd7971c82c22b77c81bdda
4,I04-E02,不同訓練課程的設計與規劃方向。,2,0023,0023__I04-E02__01__不同訓練課程的設計與規劃方向.docx,先不要勾為完整紀錄,正文仍有未提供或待填的主要紀錄；未確認本項已形成完整實際證據。,按該格官方要求取得真實原始資料與核定、執行或結果紀錄。,否；不能用合成示範當實績,擷取正文第4行：工作稿｜待實際資料或核定。本文件內容供協會整理與修訂；未經核定、未實際執行或未取得原始證明的事項，不得作為既成事實。；擷取正文第36行：課程名稱／狀態 | [待填；狀態：提案／審查中／已核定／暫緩／停止],本次未逐頁核對,04_全部文件與歷次版本/TTQS_GPT6_ASTRA_FULL_HANDOFF_20260925/16/1560_0023__I04-E02__01__不同訓練課程的設計與規劃方向.docx,https://github.com/PT-Original-Point/ttqs-one/blob/submission-20261005-222304/%E9%80%81%E5%AF%A9%E8%B3%87%E6%96%99/04_%E5%85%A8%E9%83%A8%E6%96%87%E4%BB%B6%E8%88%87%E6%AD%B7%E6%AC%A1%E7%89%88%E6%9C%AC/TTQS_GPT6_ASTRA_FULL_HANDOFF_20260925/16/1560_0023__I04-E02__01__%E4%B8%8D%E5%90%8C%E8%A8%93%E7%B7%B4%E8%AA%B2%E7%A8%8B%E7%9A%84%E8%A8%AD%E8%A8%88%E8%88%87%E8%A6%8F%E5%8A%83%E6%96%B9%E5%90%91.docx,https://docs.google.com/document/d/1eWDxo02XT_bUhYKy8rGoP1nLMZlCUD-0/edit?usp=drivesdk&ouid=100902538427811382504&rtpof=true&sd=true,165301852892732ee34c9207507621a63bfeb9ad9be4bbb3d430412a3f97ef3c
4,I04-E03,訓練的提供方式及選擇的指標。,2,0024,0024__I04-E03__01__訓練的提供方式及選擇的指標_R02.docx,先不要勾為完整紀錄,正文仍有未提供或待填的主要紀錄；未確認本項已形成完整實際證據。,按該格官方要求取得真實原始資料與核定、執行或結果紀錄。,否；不能用合成示範當實績,擷取正文第4行：工作稿｜待實際資料或核定。本文件內容供協會整理與修訂；未經核定、未實際執行或未取得原始證明的事項，不得作為既成事實。；擷取正文第26行：方式能否讓學員達成每一項學習目標 | [待評估] | [待填],本次未逐頁核對,04_全部文件與歷次版本/TTQS_GPT6_ASTRA_FULL_HANDOFF_20260925/16/1561_0024__I04-E03__01__訓練的提供方式及選擇的指標_R02.docx,https://github.com/PT-Original-Point/ttqs-one/blob/submission-20261005-222304/%E9%80%81%E5%AF%A9%E8%B3%87%E6%96%99/04_%E5%85%A8%E9%83%A8%E6%96%87%E4%BB%B6%E8%88%87%E6%AD%B7%E6%AC%A1%E7%89%88%E6%9C%AC/TTQS_GPT6_ASTRA_FULL_HANDOFF_20260925/16/1561_0024__I04-E03__01__%E8%A8%93%E7%B7%B4%E7%9A%84%E6%8F%90%E4%BE%9B%E6%96%B9%E5%BC%8F%E5%8F%8A%E9%81%B8%E6%93%87%E7%9A%84%E6%8C%87%E6%A8%99_R02.docx,https://docs.google.com/document/d/12APiei8zX_yC7zHqK30Rh30WENpO0gCD/edit?usp=drivesdk&ouid=100902538427811382504&rtpof=true&sd=true,0561d210fc45fdb84605c653051cd58c9d91bcf1599481d2e4c8190e6e37127c
4,I04-E04,訓練結果的評估、訓練實施的依據及標準化作業流程（SOP）。,2,0025,0025__訓練評估與實施標準化作業程序SOP.docx,可優先看方法示範；不是實績勾選認證,8個步驟含分工、安全、補學、獨立核對與交接；6/7初測85.7%與後續8/8分開；7頁已查看。,程序未生效；示範班次不是實際辦訓，不能當成已執行的流程紀錄。,否；不能用合成示範當實績,,同版全部頁面已查看,04_全部文件與歷次版本/TTQS_ONE_CODEX_RUNTIME/23/2257_0025__訓練評估與實施標準化作業程序SOP.docx,https://github.com/PT-Original-Point/ttqs-one/blob/submission-20261005-222304/%E9%80%81%E5%AF%A9%E8%B3%87%E6%96%99/04_%E5%85%A8%E9%83%A8%E6%96%87%E4%BB%B6%E8%88%87%E6%AD%B7%E6%AC%A1%E7%89%88%E6%9C%AC/TTQS_ONE_CODEX_RUNTIME/23/2257_0025__%E8%A8%93%E7%B7%B4%E8%A9%95%E4%BC%B0%E8%88%87%E5%AF%A6%E6%96%BD%E6%A8%99%E6%BA%96%E5%8C%96%E4%BD%9C%E6%A5%AD%E7%A8%8B%E5%BA%8FSOP.docx,完整備份四包內；依原始清單定位,5dcbec14893dcdba28d1f5716101646f3053eff540802319a63fbf4fc3ea54aa
4,I04-E05,機構如何運作 TTQS 管理系統及如何核准、公告、更新、保存紀錄的證明資料。,2,0026,0026__I04-E05__01__機構如何運作TTQS管理系統及如何核准、公告_可直接使用成品_R02.docx,先不要勾為完整紀錄,正文仍有未提供或待填的主要紀錄；未確認本項已形成完整實際證據。,按該格官方要求取得真實原始資料與核定、執行或結果紀錄。,否；不能用合成示範當實績,擷取正文第4行：工作稿｜待實際資料或核定。本文件內容供協會整理與修訂；未經核定、未實際執行或未取得原始證明的事項，不得作為既成事實。；擷取正文第42行：[待填] | 草案／審查中／核定生效／廢止；核定人與日期：[待填] | 公告方式與日期：[待填]；保存位置與期限：[待核定],本次未逐頁核對,04_全部文件與歷次版本/TTQS_GPT6_ASTRA_FULL_HANDOFF_20260925/16/1562_0026__I04-E05__01__機構如何運作TTQS管理系統及如何核准、公告_可直接使用成品_R02.docx,https://github.com/PT-Original-Point/ttqs-one/blob/submission-20261005-222304/%E9%80%81%E5%AF%A9%E8%B3%87%E6%96%99/04_%E5%85%A8%E9%83%A8%E6%96%87%E4%BB%B6%E8%88%87%E6%AD%B7%E6%AC%A1%E7%89%88%E6%9C%AC/TTQS_GPT6_ASTRA_FULL_HANDOFF_20260925/16/1562_0026__I04-E05__01__%E6%A9%9F%E6%A7%8B%E5%A6%82%E4%BD%95%E9%81%8B%E4%BD%9CTTQS%E7%AE%A1%E7%90%86%E7%B3%BB%E7%B5%B1%E5%8F%8A%E5%A6%82%E4%BD%95%E6%A0%B8%E5%87%86%E3%80%81%E5%85%AC%E5%91%8A_%E5%8F%AF%E7%9B%B4%E6%8E%A5%E4%BD%BF%E7%94%A8%E6%88%90%E5%93%81_R02.docx,https://docs.google.com/document/d/1Pvue1jBX-dF4ceTLan-y3_9h60PFetEr/edit?usp=drivesdk&ouid=100902538427811382504&rtpof=true&sd=true,6ed839c88648322c21f3c159c8281a60c9ab3654edf2258e8ddd683625d19d3f
5,I05-E01,學員訓練及訓練機構年度事業計畫的相關資料。,2,0027,0027__I05-E01__01__學員訓練及訓練機構年度事業計畫的相關資料.docx,先不要勾為完整紀錄,正文仍有未提供或待填的主要紀錄；未確認本項已形成完整實際證據。,按該格官方要求取得真實原始資料與核定、執行或結果紀錄。,否；不能用合成示範當實績,擷取正文第9行：協會方向與年度任務 | 章程、年度決議或經核定策略：[待補] | [待填：目標及核定版本]；擷取正文第10行：需求與服務對象 | 調查、訪談或服務紀錄：[待補] | [待填：母體、期間、限制及需求排序],本次未逐頁核對,04_全部文件與歷次版本/TTQS_GPT6_ASTRA_FULL_HANDOFF_20260925/16/1565_0027__I05-E01__01__學員訓練及訓練機構年度事業計畫的相關資料.docx,https://github.com/PT-Original-Point/ttqs-one/blob/submission-20261005-222304/%E9%80%81%E5%AF%A9%E8%B3%87%E6%96%99/04_%E5%85%A8%E9%83%A8%E6%96%87%E4%BB%B6%E8%88%87%E6%AD%B7%E6%AC%A1%E7%89%88%E6%9C%AC/TTQS_GPT6_ASTRA_FULL_HANDOFF_20260925/16/1565_0027__I05-E01__01__%E5%AD%B8%E5%93%A1%E8%A8%93%E7%B7%B4%E5%8F%8A%E8%A8%93%E7%B7%B4%E6%A9%9F%E6%A7%8B%E5%B9%B4%E5%BA%A6%E4%BA%8B%E6%A5%AD%E8%A8%88%E7%95%AB%E7%9A%84%E7%9B%B8%E9%97%9C%E8%B3%87%E6%96%99.docx,https://docs.google.com/document/d/1bFrUJ69AfZz4Gnrv_hUIHRZASTXClBQH/edit?usp=drivesdk&ouid=100902538427811382504&rtpof=true&sd=true,3d0e95cfb4c075de226425e8621ac6a63f686a6cd0f7ccc01a3dd7ff57ec398b
5,I05-E02,訓練課程體系及訓練機構業務策略方向的相關資料。,2,0028,0028__I05-E02__01__訓練課程體系及訓練機構業務策略方向的相關資料_R02.docx,先不要勾為完整紀錄,正文仍有未提供或待填的主要紀錄；未確認本項已形成完整實際證據。,按該格官方要求取得真實原始資料與核定、執行或結果紀錄。,否；不能用合成示範當實績,擷取正文第4行：工作稿｜待實際資料或核定。本文件內容供協會整理與修訂；未經核定、未實際執行或未取得原始證明的事項，不得作為既成事實。；擷取正文第21行：學習目標 | 學員完成後應能做什麼，如何判斷？ | [待填：能力目標、評量方式與標準],本次未逐頁核對,04_全部文件與歷次版本/TTQS_GPT6_ASTRA_FULL_HANDOFF_20260925/16/1566_0028__I05-E02__01__訓練課程體系及訓練機構業務策略方向的相關資料_R02.docx,https://github.com/PT-Original-Point/ttqs-one/blob/submission-20261005-222304/%E9%80%81%E5%AF%A9%E8%B3%87%E6%96%99/04_%E5%85%A8%E9%83%A8%E6%96%87%E4%BB%B6%E8%88%87%E6%AD%B7%E6%AC%A1%E7%89%88%E6%9C%AC/TTQS_GPT6_ASTRA_FULL_HANDOFF_20260925/16/1566_0028__I05-E02__01__%E8%A8%93%E7%B7%B4%E8%AA%B2%E7%A8%8B%E9%AB%94%E7%B3%BB%E5%8F%8A%E8%A8%93%E7%B7%B4%E6%A9%9F%E6%A7%8B%E6%A5%AD%E5%8B%99%E7%AD%96%E7%95%A5%E6%96%B9%E5%90%91%E7%9A%84%E7%9B%B8%E9%97%9C%E8%B3%87%E6%96%99_R02.docx,https://docs.google.com/document/d/1NNx1Y7B9djCi3aMNQGvGcqjBMmSVEa6v/edit?usp=drivesdk&ouid=100902538427811382504&rtpof=true&sd=true,f22d800d63069feb1194b3cca172608e24b29f46c338a72cea121ab9d9b07c89
5,I05-E03,訓練規劃及達到客戶課程績效目標的證明資料。,2,0029,0029__I05-E03__01__訓練規劃及達到客戶課程績效目標的證明資料_可直接使用成品.docx,先不要勾為完整紀錄,正文仍有未提供或待填的主要紀錄；未確認本項已形成完整實際證據。,按該格官方要求取得真實原始資料與核定、執行或結果紀錄。,否；不能用合成示範當實績,擷取正文第5行：工作稿｜待實際資料或核定。本文件內容供協會整理與修訂；未經核定、未實際執行或未取得原始證明的事項，不得作為既成事實。；擷取正文第47行：[待填來源及日期] | [逐項寫需求；連結目標] | [課程單元、評量及判準] | [分子／分母／期間／方向] | [檔名、頁次、欄位、覆核],本次未逐頁核對,04_全部文件與歷次版本/TTQS_GPT6_ASTRA_FULL_HANDOFF_20260925/16/1564_0029__I05-E03__01__訓練規劃及達到客戶課程績效目標的證明資料_可直接使用成品.docx,https://github.com/PT-Original-Point/ttqs-one/blob/submission-20261005-222304/%E9%80%81%E5%AF%A9%E8%B3%87%E6%96%99/04_%E5%85%A8%E9%83%A8%E6%96%87%E4%BB%B6%E8%88%87%E6%AD%B7%E6%AC%A1%E7%89%88%E6%9C%AC/TTQS_GPT6_ASTRA_FULL_HANDOFF_20260925/16/1564_0029__I05-E03__01__%E8%A8%93%E7%B7%B4%E8%A6%8F%E5%8A%83%E5%8F%8A%E9%81%94%E5%88%B0%E5%AE%A2%E6%88%B6%E8%AA%B2%E7%A8%8B%E7%B8%BE%E6%95%88%E7%9B%AE%E6%A8%99%E7%9A%84%E8%AD%89%E6%98%8E%E8%B3%87%E6%96%99_%E5%8F%AF%E7%9B%B4%E6%8E%A5%E4%BD%BF%E7%94%A8%E6%88%90%E5%93%81.docx,https://docs.google.com/document/d/1nIjoAyn4CUqwf5EPIBwjhIxvvXBUrdLv/edit?usp=drivesdk&ouid=100902538427811382504&rtpof=true&sd=true,54e4577d3884d945ae9e46d07885d33b0bed2256cb80a6549233ba31109d171c
6,I06-E01,工作經驗的相關受訓證明。,2,0030,0030__I06-E01__01__工作經驗的相關受訓證明_可直接使用成品.docx,先不要勾為完整紀錄,正文仍有未提供或待填的主要紀錄；未確認本項已形成完整實際證據。,按該格官方要求取得真實原始資料與核定、執行或結果紀錄。,否；不能用合成示範當實績,擷取正文第4行：工作稿｜待實際資料或核定。本文件內容供協會整理與修訂；未經核定、未實際執行或未取得原始證明的事項，不得作為既成事實。；擷取正文第22行：1. 取得授權 | 確認資料當事人知悉用途、提供範圍及保存方式；僅蒐集必要資料。 | 同意／授權方式、日期及範圍：[待填],本次未逐頁核對,04_全部文件與歷次版本/TTQS_GPT6_ASTRA_FULL_HANDOFF_20260925/16/1567_0030__I06-E01__01__工作經驗的相關受訓證明_可直接使用成品.docx,https://github.com/PT-Original-Point/ttqs-one/blob/submission-20261005-222304/%E9%80%81%E5%AF%A9%E8%B3%87%E6%96%99/04_%E5%85%A8%E9%83%A8%E6%96%87%E4%BB%B6%E8%88%87%E6%AD%B7%E6%AC%A1%E7%89%88%E6%9C%AC/TTQS_GPT6_ASTRA_FULL_HANDOFF_20260925/16/1567_0030__I06-E01__01__%E5%B7%A5%E4%BD%9C%E7%B6%93%E9%A9%97%E7%9A%84%E7%9B%B8%E9%97%9C%E5%8F%97%E8%A8%93%E8%AD%89%E6%98%8E_%E5%8F%AF%E7%9B%B4%E6%8E%A5%E4%BD%BF%E7%94%A8%E6%88%90%E5%93%81.docx,https://docs.google.com/document/d/1FWucJXU1GF2iYjgNtum_ZAnd81nPYgTz/edit?usp=drivesdk&ouid=100902538427811382504&rtpof=true&sd=true,d7ca8846233e149b59ea1b671aa4c6be9c5bccbbc05ddcce06e0ac2f10cba605
6,I06-E02,專業訓練人員職能評估方法等證明。,2,0031,0031__I06-E02__01__專業訓練人員職能評估方法等證明_可直接使用成品.docx,先不要勾為完整紀錄,正文仍有未提供或待填的主要紀錄；未確認本項已形成完整實際證據。,按該格官方要求取得真實原始資料與核定、執行或結果紀錄。,否；不能用合成示範當實績,擷取正文第4行：工作稿｜待填入實際資料或完成核定。本文不表示已核定課程、已聘任人員、已召開會議、已執行調查、已辦理訓練或已取得成效。；擷取正文第61行：職能需求資料來源與適用期間 | [原始來源／版本待填] | [欄位、指標或判斷規則待填] | [待補／待核定／不適用及理由] | [證據名稱與路徑待填] | [覆核人、日期與處置待填],本次未逐頁核對,04_全部文件與歷次版本/TTQS_GPT6_ASTRA_FULL_HANDOFF_20260925/16/1568_0031__I06-E02__01__專業訓練人員職能評估方法等證明_可直接使用成品.docx,https://github.com/PT-Original-Point/ttqs-one/blob/submission-20261005-222304/%E9%80%81%E5%AF%A9%E8%B3%87%E6%96%99/04_%E5%85%A8%E9%83%A8%E6%96%87%E4%BB%B6%E8%88%87%E6%AD%B7%E6%AC%A1%E7%89%88%E6%9C%AC/TTQS_GPT6_ASTRA_FULL_HANDOFF_20260925/16/1568_0031__I06-E02__01__%E5%B0%88%E6%A5%AD%E8%A8%93%E7%B7%B4%E4%BA%BA%E5%93%A1%E8%81%B7%E8%83%BD%E8%A9%95%E4%BC%B0%E6%96%B9%E6%B3%95%E7%AD%89%E8%AD%89%E6%98%8E_%E5%8F%AF%E7%9B%B4%E6%8E%A5%E4%BD%BF%E7%94%A8%E6%88%90%E5%93%81.docx,https://docs.google.com/document/d/1FkS_cpYjo3kMBEfHmSOcYzV1UG_2x6He/edit?usp=drivesdk&ouid=100902538427811382504&rtpof=true&sd=true,ccce5f4c80ba14c8a753d63e64ffe5ef59f36f1477f6a265c6bcf25f830459c8
6,I06-E03,訓練機構具備執行訓練業務相關職能的說明。,2,0032,0032__I06-E03__01__訓練機構具備執行訓練業務相關職能的說明.docx,先不要勾為完整紀錄,正文仍有未提供或待填的主要紀錄；未確認本項已形成完整實際證據。,按該格官方要求取得真實原始資料與核定、執行或結果紀錄。,否；不能用合成示範當實績,擷取正文第4行：工作稿｜待填入實際資料或完成核定。本文不表示已核定課程、已聘任人員、已召開會議、已執行調查、已辦理訓練或已取得成效。；擷取正文第37行：行政、課程設計、授課及品質檢討的功能分工 | [待填真實人員、職務或合作方式；不得先填姓名或假設已聘任],本次未逐頁核對,04_全部文件與歷次版本/TTQS_GPT6_ASTRA_FULL_HANDOFF_20260925/16/1569_0032__I06-E03__01__訓練機構具備執行訓練業務相關職能的說明.docx,https://github.com/PT-Original-Point/ttqs-one/blob/submission-20261005-222304/%E9%80%81%E5%AF%A9%E8%B3%87%E6%96%99/04_%E5%85%A8%E9%83%A8%E6%96%87%E4%BB%B6%E8%88%87%E6%AD%B7%E6%AC%A1%E7%89%88%E6%9C%AC/TTQS_GPT6_ASTRA_FULL_HANDOFF_20260925/16/1569_0032__I06-E03__01__%E8%A8%93%E7%B7%B4%E6%A9%9F%E6%A7%8B%E5%85%B7%E5%82%99%E5%9F%B7%E8%A1%8C%E8%A8%93%E7%B7%B4%E6%A5%AD%E5%8B%99%E7%9B%B8%E9%97%9C%E8%81%B7%E8%83%BD%E7%9A%84%E8%AA%AA%E6%98%8E.docx,https://docs.google.com/document/d/1jsQGfhPysx7gu2zeCJjYWWvF3F8ND4kY/edit?usp=drivesdk&ouid=100902538427811382504&rtpof=true&sd=true,a29c81046077cd6c8d43c6a878c79b04204457ccd54a3b1a6a829b2b4aa86a1b
7,I07-E01,訓練課程計畫配合客戶及受訓者需求、職能需求的調查規劃的證明。,2,0033,0033__I07-E01__01__訓練課程計畫配合客戶及受訓者需求、職能需求的_可直接使用成品.docx,先不要勾為完整紀錄,正文仍有未提供或待填的主要紀錄；未確認本項已形成完整實際證據。,按該格官方要求取得真實原始資料與核定、執行或結果紀錄。,否；不能用合成示範當實績,擷取正文第4行：工作稿｜待填入實際資料或完成核定。本文不表示已核定課程、已聘任人員、已召開會議、已執行調查、已辦理訓練或已取得成效。；擷取正文第18行：調查目的及決策問題 | [待填：想確認的客戶／受訓者需求及決策用途],本次未逐頁核對,04_全部文件與歷次版本/TTQS_GPT6_ASTRA_FULL_HANDOFF_20260925/16/1570_0033__I07-E01__01__訓練課程計畫配合客戶及受訓者需求、職能需求的_可直接使用成品.docx,https://github.com/PT-Original-Point/ttqs-one/blob/submission-20261005-222304/%E9%80%81%E5%AF%A9%E8%B3%87%E6%96%99/04_%E5%85%A8%E9%83%A8%E6%96%87%E4%BB%B6%E8%88%87%E6%AD%B7%E6%AC%A1%E7%89%88%E6%9C%AC/TTQS_GPT6_ASTRA_FULL_HANDOFF_20260925/16/1570_0033__I07-E01__01__%E8%A8%93%E7%B7%B4%E8%AA%B2%E7%A8%8B%E8%A8%88%E7%95%AB%E9%85%8D%E5%90%88%E5%AE%A2%E6%88%B6%E5%8F%8A%E5%8F%97%E8%A8%93%E8%80%85%E9%9C%80%E6%B1%82%E3%80%81%E8%81%B7%E8%83%BD%E9%9C%80%E6%B1%82%E7%9A%84_%E5%8F%AF%E7%9B%B4%E6%8E%A5%E4%BD%BF%E7%94%A8%E6%88%90%E5%93%81.docx,https://docs.google.com/document/d/1FwE7aFoKPbKLkfQuDhzPdEL0cN2YeA88/edit?usp=drivesdk&ouid=100902538427811382504&rtpof=true&sd=true,5c6c30d8665608026814f8f93927fdee15e083b6d1a71253548f0c1c64eee413
7,I07-E02,針對學員做職能盤點或職能分析並據以規劃適切課程的證明資料。,2,0034,0034__I07-E02__01__針對學員做職能盤點或職能分析並據以規劃適切課_可直接使用成品.docx,先不要勾為完整紀錄,正文仍有未提供或待填的主要紀錄；未確認本項已形成完整實際證據。,按該格官方要求取得真實原始資料與核定、執行或結果紀錄。,否；不能用合成示範當實績,擷取正文第4行：工作稿｜待填入實際資料或完成核定。本文不表示已核定課程、已聘任人員、已召開會議、已執行調查、已辦理訓練或已取得成效。；擷取正文第28行：[待填] | [標準、版本、任務] | [工具、日期、證據位置] | [待分析] | [課程目標／流程或資源改善],本次未逐頁核對,04_全部文件與歷次版本/TTQS_GPT6_ASTRA_FULL_HANDOFF_20260925/16/1571_0034__I07-E02__01__針對學員做職能盤點或職能分析並據以規劃適切課_可直接使用成品.docx,https://github.com/PT-Original-Point/ttqs-one/blob/submission-20261005-222304/%E9%80%81%E5%AF%A9%E8%B3%87%E6%96%99/04_%E5%85%A8%E9%83%A8%E6%96%87%E4%BB%B6%E8%88%87%E6%AD%B7%E6%AC%A1%E7%89%88%E6%9C%AC/TTQS_GPT6_ASTRA_FULL_HANDOFF_20260925/16/1571_0034__I07-E02__01__%E9%87%9D%E5%B0%8D%E5%AD%B8%E5%93%A1%E5%81%9A%E8%81%B7%E8%83%BD%E7%9B%A4%E9%BB%9E%E6%88%96%E8%81%B7%E8%83%BD%E5%88%86%E6%9E%90%E4%B8%A6%E6%93%9A%E4%BB%A5%E8%A6%8F%E5%8A%83%E9%81%A9%E5%88%87%E8%AA%B2_%E5%8F%AF%E7%9B%B4%E6%8E%A5%E4%BD%BF%E7%94%A8%E6%88%90%E5%93%81.docx,https://docs.google.com/document/d/1_1eh2UjnN6gtzuEC9gl0R3mrXC0itYcj/edit?usp=drivesdk&ouid=100902538427811382504&rtpof=true&sd=true,a744218b4c147e9303f8b2bf62578fa3f0d33f6919eeedbbcfb591495e4a20ef
7,I07-E03,對相關職能分析及運用的方法均能適時檢討隨時改進。,2,0035,0035__I07-E03__01__對相關職能分析及運用的方法均能適時檢討隨時改.docx,先不要勾為完整紀錄,正文仍有未提供或待填的主要紀錄；未確認本項已形成完整實際證據。,按該格官方要求取得真實原始資料與核定、執行或結果紀錄。,否；不能用合成示範當實績,擷取正文第4行：工作稿｜待填入實際資料或完成核定。本文不表示已核定課程、已聘任人員、已召開會議、已執行調查、已辦理訓練或已取得成效。；擷取正文第37行：處置選項 | □維持　□修正　□暫停　□替代；理由：[待填],本次未逐頁核對,04_全部文件與歷次版本/TTQS_GPT6_ASTRA_FULL_HANDOFF_20260925/16/1572_0035__I07-E03__01__對相關職能分析及運用的方法均能適時檢討隨時改.docx,https://github.com/PT-Original-Point/ttqs-one/blob/submission-20261005-222304/%E9%80%81%E5%AF%A9%E8%B3%87%E6%96%99/04_%E5%85%A8%E9%83%A8%E6%96%87%E4%BB%B6%E8%88%87%E6%AD%B7%E6%AC%A1%E7%89%88%E6%9C%AC/TTQS_GPT6_ASTRA_FULL_HANDOFF_20260925/16/1572_0035__I07-E03__01__%E5%B0%8D%E7%9B%B8%E9%97%9C%E8%81%B7%E8%83%BD%E5%88%86%E6%9E%90%E5%8F%8A%E9%81%8B%E7%94%A8%E7%9A%84%E6%96%B9%E6%B3%95%E5%9D%87%E8%83%BD%E9%81%A9%E6%99%82%E6%AA%A2%E8%A8%8E%E9%9A%A8%E6%99%82%E6%94%B9.docx,https://docs.google.com/document/d/1WUn19lvR7Z4UlMYP2KoTD50ClLUtDuXO/edit?usp=drivesdk&ouid=100902538427811382504&rtpof=true&sd=true,5a91abc8f0c308663de73ef9bf248cf0eadc65220f315c775245f5dd7faf4c44
7,I07-E04,有課程設計進度表、課程規劃流程圖說明、訓練規劃書等佐證資料。,2,0036,0036__I07-E04__01__課程設計進度流程及規劃書.docx,先不要勾為完整紀錄,正文仍有未提供或待填的主要紀錄；未確認本項已形成完整實際證據。,按該格官方要求取得真實原始資料與核定、執行或結果紀錄。,否；不能用合成示範當實績,擷取正文第4行：工作稿｜待填入實際資料或完成核定。本文不表示已核定課程、已聘任人員、已召開會議、已執行調查、已辦理訓練或已取得成效。；擷取正文第27行：需求確認／[待排] | [待核定] | [輸入來源及調查結果] | [未開始／待填],本次未逐頁核對,04_全部文件與歷次版本/TTQS_GPT6_ASTRA_FULL_HANDOFF_20260925/16/1573_0036__I07-E04__01__課程設計進度流程及規劃書.docx,https://github.com/PT-Original-Point/ttqs-one/blob/submission-20261005-222304/%E9%80%81%E5%AF%A9%E8%B3%87%E6%96%99/04_%E5%85%A8%E9%83%A8%E6%96%87%E4%BB%B6%E8%88%87%E6%AD%B7%E6%AC%A1%E7%89%88%E6%9C%AC/TTQS_GPT6_ASTRA_FULL_HANDOFF_20260925/16/1573_0036__I07-E04__01__%E8%AA%B2%E7%A8%8B%E8%A8%AD%E8%A8%88%E9%80%B2%E5%BA%A6%E6%B5%81%E7%A8%8B%E5%8F%8A%E8%A6%8F%E5%8A%83%E6%9B%B8.docx,https://docs.google.com/document/d/1Ymehb_--kDatgN24QV-Haf2O9rfu-KJl/edit?usp=drivesdk&ouid=100902538427811382504&rtpof=true&sd=true,64507e245415a0fc993393b091845b69f6208df2743bb6e59f6f7f6835d06d57
8,I08-E01,相關文件紀錄能顯示近年來訓練目標、訓練方法、課程時程安排、師資遴選、學員遴選條件、 訓練教材、設施與環境、訓練評估方法等的檢討及改善過程。,2,0037,0037__I08-E01__01__相關文件紀錄能顯示近年來訓練目標、訓練方法、_可直接使用成品.docx,先不要勾為完整紀錄,正文仍有未提供或待填的主要紀錄；未確認本項已形成完整實際證據。,按該格官方要求取得真實原始資料與核定、執行或結果紀錄。,否；不能用合成示範當實績,擷取正文第3行：文件狀態：空白工作稿，尚未取得可核實的歷年協會訓練紀錄。本文件不表示近年曾辦訓、已完成檢討或已改善。30 秒先讀：先登錄真實課程及期間，再逐項核對目標、方法、時程、師資、學員條件、教材、設施環境與評估方法；把每個發現連到原始證據、決定、責任人與後續驗證。評核先看近年索引和逐項審查表。；擷取正文第12行：[待填真實年度] | [待填] | [待填；連來源與母數] | [檔名／頁碼／系統位置] | [缺件與限制],本次未逐頁核對,04_全部文件與歷次版本/TTQS_GPT6_ASTRA_FULL_HANDOFF_20260925/16/1574_0037__I08-E01__01__相關文件紀錄能顯示近年來訓練目標、訓練方法、_可直接使用成品.docx,https://github.com/PT-Original-Point/ttqs-one/blob/submission-20261005-222304/%E9%80%81%E5%AF%A9%E8%B3%87%E6%96%99/04_%E5%85%A8%E9%83%A8%E6%96%87%E4%BB%B6%E8%88%87%E6%AD%B7%E6%AC%A1%E7%89%88%E6%9C%AC/TTQS_GPT6_ASTRA_FULL_HANDOFF_20260925/16/1574_0037__I08-E01__01__%E7%9B%B8%E9%97%9C%E6%96%87%E4%BB%B6%E7%B4%80%E9%8C%84%E8%83%BD%E9%A1%AF%E7%A4%BA%E8%BF%91%E5%B9%B4%E4%BE%86%E8%A8%93%E7%B7%B4%E7%9B%AE%E6%A8%99%E3%80%81%E8%A8%93%E7%B7%B4%E6%96%B9%E6%B3%95%E3%80%81_%E5%8F%AF%E7%9B%B4%E6%8E%A5%E4%BD%BF%E7%94%A8%E6%88%90%E5%93%81.docx,https://docs.google.com/document/d/1yNRchSkXOh8YGEBCoatTVnELqjbyWObH/edit?usp=drivesdk&ouid=100902538427811382504&rtpof=true&sd=true,67db269c636fac22d7c9d5c595be66a4a7ab807ad4a9455a5b0d6111d11b8cd6
8,I08-E02,針對訓練方案的系統設計能適時檢討及改善，執行後有良好效果。,2,0038,0038__I08-E02__01__針對訓練方案的系統設計能適時檢討及改善，執行.docx,先不要勾為完整紀錄,正文仍有未提供或待填的主要紀錄；未確認本項已形成完整實際證據。,按該格官方要求取得真實原始資料與核定、執行或結果紀錄。,否；不能用合成示範當實績,擷取正文第4行：工作稿｜待填入實際資料或完成核定。本文不表示已核定課程、已聘任人員、已召開會議、已執行調查、已辦理訓練或已取得成效。；擷取正文第60行：[原始發現ID] | [課程／流程／工具變更] | [待核定] | [同口徑的後續資料] | [待填],本次未逐頁核對,04_全部文件與歷次版本/TTQS_GPT6_ASTRA_FULL_HANDOFF_20260925/16/1575_0038__I08-E02__01__針對訓練方案的系統設計能適時檢討及改善，執行.docx,https://github.com/PT-Original-Point/ttqs-one/blob/submission-20261005-222304/%E9%80%81%E5%AF%A9%E8%B3%87%E6%96%99/04_%E5%85%A8%E9%83%A8%E6%96%87%E4%BB%B6%E8%88%87%E6%AD%B7%E6%AC%A1%E7%89%88%E6%9C%AC/TTQS_GPT6_ASTRA_FULL_HANDOFF_20260925/16/1575_0038__I08-E02__01__%E9%87%9D%E5%B0%8D%E8%A8%93%E7%B7%B4%E6%96%B9%E6%A1%88%E7%9A%84%E7%B3%BB%E7%B5%B1%E8%A8%AD%E8%A8%88%E8%83%BD%E9%81%A9%E6%99%82%E6%AA%A2%E8%A8%8E%E5%8F%8A%E6%94%B9%E5%96%84%EF%BC%8C%E5%9F%B7%E8%A1%8C.docx,https://docs.google.com/document/d/1HjxZ_loUcL1SoMoqwRbjn9Bc4HgQpTPA/edit?usp=drivesdk&ouid=100902538427811382504&rtpof=true&sd=true,a4c245ace05115b1dd54017aae101788476ffbe55bc6a0d016243dc7574a38bd
8,I08-E03,課程規劃會議紀錄展現訓練課程設計流程，擬定訓練評估方法並作為訓練成效評估的依據，且有佐證資料可查。,3,0039,0039__I08-E03__01__課程規劃與設計審查會議紀錄.docx,先不要勾為完整紀錄,正文仍有未提供或待填的主要紀錄；未確認本項已形成完整實際證據。,按該格官方要求取得真實原始資料與核定、執行或結果紀錄。,否；不能用合成示範當實績,擷取正文第4行：工作稿｜待填入實際資料或完成核定。本文不表示已核定課程、已聘任人員、已召開會議、已執行調查、已辦理訓練或已取得成效。；擷取正文第17行：會議名稱／類型 | [待填；說明課程需求、設計或審查範圍],本次未逐頁核對,04_全部文件與歷次版本/TTQS_GPT6_ASTRA_FULL_HANDOFF_20260925/16/1576_0039__I08-E03__01__課程規劃與設計審查會議紀錄.docx,https://github.com/PT-Original-Point/ttqs-one/blob/submission-20261005-222304/%E9%80%81%E5%AF%A9%E8%B3%87%E6%96%99/04_%E5%85%A8%E9%83%A8%E6%96%87%E4%BB%B6%E8%88%87%E6%AD%B7%E6%AC%A1%E7%89%88%E6%9C%AC/TTQS_GPT6_ASTRA_FULL_HANDOFF_20260925/16/1576_0039__I08-E03__01__%E8%AA%B2%E7%A8%8B%E8%A6%8F%E5%8A%83%E8%88%87%E8%A8%AD%E8%A8%88%E5%AF%A9%E6%9F%A5%E6%9C%83%E8%AD%B0%E7%B4%80%E9%8C%84.docx,https://docs.google.com/document/d/1dtERb1mvZ7HulWIXr4YtF7MH6emy-Ftw/edit?usp=drivesdk&ouid=100902538427811382504&rtpof=true&sd=true,2a215cd10a74c5336924353ae033f927ee0991bc1b3806a595a0057795677508
8,I08-E03,課程規劃會議紀錄展現訓練課程設計流程，擬定訓練評估方法並作為訓練成效評估的依據，且有佐證資料可查。,3,0040,0040__I08-E03__02__訓練評估方法與成效指標對照表.docx,先不要勾為完整紀錄,正文仍有未提供或待填的主要紀錄；未確認本項已形成完整實際證據。,按該格官方要求取得真實原始資料與核定、執行或結果紀錄。,否；不能用合成示範當實績,擷取正文第4行：工作稿｜待填入實際資料或完成核定。本文不表示已核定課程、已聘任人員、已召開會議、已執行調查、已辦理訓練或已取得成效。；擷取正文第38行：[待填] | [待填] | [待填；附計算口徑] | [待實際分析] | [檔名／頁碼／權限],本次未逐頁核對,04_全部文件與歷次版本/TTQS_GPT6_ASTRA_FULL_HANDOFF_20260925/16/1577_0040__I08-E03__02__訓練評估方法與成效指標對照表.docx,https://github.com/PT-Original-Point/ttqs-one/blob/submission-20261005-222304/%E9%80%81%E5%AF%A9%E8%B3%87%E6%96%99/04_%E5%85%A8%E9%83%A8%E6%96%87%E4%BB%B6%E8%88%87%E6%AD%B7%E6%AC%A1%E7%89%88%E6%9C%AC/TTQS_GPT6_ASTRA_FULL_HANDOFF_20260925/16/1577_0040__I08-E03__02__%E8%A8%93%E7%B7%B4%E8%A9%95%E4%BC%B0%E6%96%B9%E6%B3%95%E8%88%87%E6%88%90%E6%95%88%E6%8C%87%E6%A8%99%E5%B0%8D%E7%85%A7%E8%A1%A8.docx,https://docs.google.com/document/d/1ZwGVIGucfhxf0T5cLXzDJLjdxc88tR9-/edit?usp=drivesdk&ouid=100902538427811382504&rtpof=true&sd=true,4d268a57e1f6cbd8da28d5d0904be7220ab0dba41119bb069c61c135b6e80392
9,I09-E01,課程規劃書（能顯示包含講師、行政、企業學員、用人之主管之意見納入課程設計與審查之考量）。,3,0041,0041__I09-E01__01__課程規劃書（能顯示包含講師、行政、企業學員、_完整工作稿.docx,先不要勾為完整紀錄,正文仍有未提供或待填的主要紀錄；未確認本項已形成完整實際證據。,按該格官方要求取得真實原始資料與核定、執行或結果紀錄。,否；不能用合成示範當實績,擷取正文第5行：工作稿｜尚待填入真實原始資料及完成本會審議核定；不表示課程已核定、會議已召開、採購已發生、訪談已執行或已取得成果。；擷取正文第17行：每一擬議或修訂課程各填一份。先記錄需求證據與意見來源，再將每項意見連結到課程目標、單元、教學安排或評量；未有來源的欄位維持待填。,本次未逐頁核對,04_全部文件與歷次版本/TTQS_GPT6_ASTRA_FULL_HANDOFF_20260925/16/1579_0041__I09-E01__01__課程規劃書（能顯示包含講師、行政、企業學員、_完整工作稿.docx,https://github.com/PT-Original-Point/ttqs-one/blob/submission-20261005-222304/%E9%80%81%E5%AF%A9%E8%B3%87%E6%96%99/04_%E5%85%A8%E9%83%A8%E6%96%87%E4%BB%B6%E8%88%87%E6%AD%B7%E6%AC%A1%E7%89%88%E6%9C%AC/TTQS_GPT6_ASTRA_FULL_HANDOFF_20260925/16/1579_0041__I09-E01__01__%E8%AA%B2%E7%A8%8B%E8%A6%8F%E5%8A%83%E6%9B%B8%EF%BC%88%E8%83%BD%E9%A1%AF%E7%A4%BA%E5%8C%85%E5%90%AB%E8%AC%9B%E5%B8%AB%E3%80%81%E8%A1%8C%E6%94%BF%E3%80%81%E4%BC%81%E6%A5%AD%E5%AD%B8%E5%93%A1%E3%80%81_%E5%AE%8C%E6%95%B4%E5%B7%A5%E4%BD%9C%E7%A8%BF.docx,https://docs.google.com/document/d/1vDemhqmBBQK6aKdcr3WYphRlYi9s7-w5/edit?usp=drivesdk&ouid=100902538427811382504&rtpof=true&sd=true,dc87ab1f2e2a1a0c7ba9eb8d4b746f80cc66f8b2dd95daa77f367553b16891cf
9,I09-E02,執行本項目與作業流程相關文件資料（展現利益關係人參與課程設計與審查，包括出席、 發言、意見溝通、核准、認同、 支持…等各種形式的參與）。,3,0042,0042__執行本項目與作業流程相關文件資料（展現利益關_完整工作稿.docx,可補充看示範；先不要當成已完成佐證,有4人邀請、3人回覆、2件有效意見與1件重複的完整示例。,企業學員、用人端等情境尚未貼合本會實際角色；沒有真實出席、意見或核准原件；畫面未重查。,否；不能用合成示範當實績,,本次未逐頁核對,04_全部文件與歷次版本/TTQS_ONE_CODEX_RUNTIME/22/2102_0042__執行本項目與作業流程相關文件資料（展現利益關_完整工作稿.docx,https://github.com/PT-Original-Point/ttqs-one/blob/submission-20261005-222304/%E9%80%81%E5%AF%A9%E8%B3%87%E6%96%99/04_%E5%85%A8%E9%83%A8%E6%96%87%E4%BB%B6%E8%88%87%E6%AD%B7%E6%AC%A1%E7%89%88%E6%9C%AC/TTQS_ONE_CODEX_RUNTIME/22/2102_0042__%E5%9F%B7%E8%A1%8C%E6%9C%AC%E9%A0%85%E7%9B%AE%E8%88%87%E4%BD%9C%E6%A5%AD%E6%B5%81%E7%A8%8B%E7%9B%B8%E9%97%9C%E6%96%87%E4%BB%B6%E8%B3%87%E6%96%99%EF%BC%88%E5%B1%95%E7%8F%BE%E5%88%A9%E7%9B%8A%E9%97%9C_%E5%AE%8C%E6%95%B4%E5%B7%A5%E4%BD%9C%E7%A8%BF.docx,https://docs.google.com/document/d/1wrTTv-dP0yWsRIm9Sok6rL6ETfS-YM3q/edit?usp=drivesdk&ouid=100902538427811382504&rtpof=true&sd=true,47bddaa2ba7d19f8401676553a37ba9aeb5878166e54276bdcbf1bfe3ab583d0
9,I09-E03,針對需求單位進行訪談並留有紀錄與統計分析。,3,0043,0043__I09-E03__01__針對需求單位進行訪談並留有紀錄與統計分析_可直接使用成品.docx,先不要勾為完整紀錄,正文仍有未提供或待填的主要紀錄；未確認本項已形成完整實際證據。,按該格官方要求取得真實原始資料與核定、執行或結果紀錄。,否；不能用合成示範當實績,擷取正文第4行：工作稿｜尚待填入真實原始資料及完成本會審議核定；不表示課程已核定、會議已召開、採購已發生、訪談已執行或已取得成果。；擷取正文第18行：設定項目 | 待填／執行指引,本次未逐頁核對,04_全部文件與歷次版本/TTQS_GPT6_ASTRA_FULL_HANDOFF_20260925/16/1581_0043__I09-E03__01__針對需求單位進行訪談並留有紀錄與統計分析_可直接使用成品.docx,https://github.com/PT-Original-Point/ttqs-one/blob/submission-20261005-222304/%E9%80%81%E5%AF%A9%E8%B3%87%E6%96%99/04_%E5%85%A8%E9%83%A8%E6%96%87%E4%BB%B6%E8%88%87%E6%AD%B7%E6%AC%A1%E7%89%88%E6%9C%AC/TTQS_GPT6_ASTRA_FULL_HANDOFF_20260925/16/1581_0043__I09-E03__01__%E9%87%9D%E5%B0%8D%E9%9C%80%E6%B1%82%E5%96%AE%E4%BD%8D%E9%80%B2%E8%A1%8C%E8%A8%AA%E8%AB%87%E4%B8%A6%E7%95%99%E6%9C%89%E7%B4%80%E9%8C%84%E8%88%87%E7%B5%B1%E8%A8%88%E5%88%86%E6%9E%90_%E5%8F%AF%E7%9B%B4%E6%8E%A5%E4%BD%BF%E7%94%A8%E6%88%90%E5%93%81.docx,https://docs.google.com/document/d/1QMe8V1kvNKzFcsZqen2oSzIkXd58ZgM_/edit?usp=drivesdk&ouid=100902538427811382504&rtpof=true&sd=true,92fa4551d01ab3a600afb56b5116debdc3f9314a69c05d7e64ec34cdd3b29677
9,I09-E04,所有的討論、 會議或E-mail均留有完整紀錄並經簽核後存檔。,3,0044,0044__所有的討論、會議或E-mail均留有完整紀錄_可直接使用成品.docx,可補充看示範；先不要當成已完成佐證,5封往返與附件版本、簽核先後、歸檔調閱的示例完整。,沒有真實會議、郵件或簽核；大段文字集中單列，畫面未重查，不宜列為已完整簽核存檔。,否；不能用合成示範當實績,擷取正文第39行：缺原件、附件、簽核軌跡或正式保存位置 | 記下缺項及目前狀態，列不完整或待補。 | 取得真實往返、附件原件、有效權責簽核及本會正式位置；不得以示範補成實績。 | 實際權責者逐項核對後再判定；全部可調閱才結案。,本次未逐頁核對,04_全部文件與歷次版本/TTQS_ONE_CODEX_RUNTIME/22/2101_0044__所有的討論、會議或E-mail均留有完整紀錄_可直接使用成品.docx,https://github.com/PT-Original-Point/ttqs-one/blob/submission-20261005-222304/%E9%80%81%E5%AF%A9%E8%B3%87%E6%96%99/04_%E5%85%A8%E9%83%A8%E6%96%87%E4%BB%B6%E8%88%87%E6%AD%B7%E6%AC%A1%E7%89%88%E6%9C%AC/TTQS_ONE_CODEX_RUNTIME/22/2101_0044__%E6%89%80%E6%9C%89%E7%9A%84%E8%A8%8E%E8%AB%96%E3%80%81%E6%9C%83%E8%AD%B0%E6%88%96E-mail%E5%9D%87%E7%95%99%E6%9C%89%E5%AE%8C%E6%95%B4%E7%B4%80%E9%8C%84_%E5%8F%AF%E7%9B%B4%E6%8E%A5%E4%BD%BF%E7%94%A8%E6%88%90%E5%93%81.docx,https://docs.google.com/document/d/1RVqjG0sJm5QPHMyQ3DQTyrZmpjj3LzVq/edit?usp=drivesdk&ouid=100902538427811382504&rtpof=true&sd=true,427e9ccae8ebf0f3128571057b63602c728ea70c1ea911857fba941c3acfd1d1
10,I10-E01,完整文書手冊與紀錄分析相關資料（具體明確紀錄展現課程設計時，有適當的流程進行師資、教材或合作廠商評估選擇，且流程應有適當的辦法進行評估、採購、簽約及後續管理作業流程）。,3,0045,0045__I10-E01__訓練資源採購與甄選管理辦法_R06.docx,先不要勾為完整紀錄,正文仍有未提供或待填的主要紀錄；未確認本項已形成完整實際證據。,按該格官方要求取得真實原始資料與核定、執行或結果紀錄。,否；不能用合成示範當實績,擷取正文第4行：工作稿｜尚待填入真實原始資料及完成本會審議核定；不表示課程已核定、會議已召開、採購已發生、訪談已執行或已取得成果。；擷取正文第74行：檢核點 | 欄位／方法 | 目前狀態,本次未逐頁核對,04_全部文件與歷次版本/TTQS_GPT6_ASTRA_FULL_HANDOFF_20260925/16/1585_0045__I10-E01__訓練資源採購與甄選管理辦法_R06.docx,https://github.com/PT-Original-Point/ttqs-one/blob/submission-20261005-222304/%E9%80%81%E5%AF%A9%E8%B3%87%E6%96%99/04_%E5%85%A8%E9%83%A8%E6%96%87%E4%BB%B6%E8%88%87%E6%AD%B7%E6%AC%A1%E7%89%88%E6%9C%AC/TTQS_GPT6_ASTRA_FULL_HANDOFF_20260925/16/1585_0045__I10-E01__%E8%A8%93%E7%B7%B4%E8%B3%87%E6%BA%90%E6%8E%A1%E8%B3%BC%E8%88%87%E7%94%84%E9%81%B8%E7%AE%A1%E7%90%86%E8%BE%A6%E6%B3%95_R06.docx,https://docs.google.com/document/d/1uxTfUp5_cCtJ2iu7o5iiEWQJBSkVFxNZ/edit?usp=drivesdk&ouid=100902538427811382504&rtpof=true&sd=true,bba516f5edab7af90787c55b2ba4bbf7476e47515d9d92bdea4239d4bbc9d7cb
10,I10-E01,完整文書手冊與紀錄分析相關資料（具體明確紀錄展現課程設計時，有適當的流程進行師資、教材或合作廠商評估選擇，且流程應有適當的辦法進行評估、採購、簽約及後續管理作業流程）。,3,0046,0046__I10-E01__02__師資教材廠商評選紀錄表.docx,先不要勾為完整紀錄,正文仍有未提供或待填的主要紀錄；未確認本項已形成完整實際證據。,按該格官方要求取得真實原始資料與核定、執行或結果紀錄。,否；不能用合成示範當實績,擷取正文第4行：工作稿｜尚待填入真實原始資料及完成本會審議核定；不表示課程已核定、會議已召開、採購已發生、訪談已執行或已取得成果。；擷取正文第19行：課程／需求編號與版本 | 待填,本次未逐頁核對,04_全部文件與歷次版本/TTQS_GPT6_ASTRA_FULL_HANDOFF_20260925/16/1582_0046__I10-E01__02__師資教材廠商評選紀錄表.docx,https://github.com/PT-Original-Point/ttqs-one/blob/submission-20261005-222304/%E9%80%81%E5%AF%A9%E8%B3%87%E6%96%99/04_%E5%85%A8%E9%83%A8%E6%96%87%E4%BB%B6%E8%88%87%E6%AD%B7%E6%AC%A1%E7%89%88%E6%9C%AC/TTQS_GPT6_ASTRA_FULL_HANDOFF_20260925/16/1582_0046__I10-E01__02__%E5%B8%AB%E8%B3%87%E6%95%99%E6%9D%90%E5%BB%A0%E5%95%86%E8%A9%95%E9%81%B8%E7%B4%80%E9%8C%84%E8%A1%A8.docx,https://docs.google.com/document/d/16d69IWZGwb5SGYoo0XzA4os_pVePEozF/edit?usp=drivesdk&ouid=100902538427811382504&rtpof=true&sd=true,46ee2c6a79e71e73e5d11f28c886a1ad63e0d0c085771ceaf2ed8ce1bbc27b28
10,I10-E02,相關文件能記錄近年來對於課程之評估、採購、簽約與後續管理作業的檢討及改善。,3,0047,0047__相關文件能記錄近年來對於課程之評估、採購、簽_制度文件.docx,可補充看示範；先不要當成已完成佐證,兩年四項加權及7/8檢核的分析示例能重算。,沒有真實採購、契約、履約與改善證據；畫面未重查。,否；不能用合成示範當實績,,本次未逐頁核對,04_全部文件與歷次版本/TTQS_ONE_CODEX_RUNTIME/21/2099_0047__相關文件能記錄近年來對於課程之評估、採購、簽_制度文件.docx,https://github.com/PT-Original-Point/ttqs-one/blob/submission-20261005-222304/%E9%80%81%E5%AF%A9%E8%B3%87%E6%96%99/04_%E5%85%A8%E9%83%A8%E6%96%87%E4%BB%B6%E8%88%87%E6%AD%B7%E6%AC%A1%E7%89%88%E6%9C%AC/TTQS_ONE_CODEX_RUNTIME/21/2099_0047__%E7%9B%B8%E9%97%9C%E6%96%87%E4%BB%B6%E8%83%BD%E8%A8%98%E9%8C%84%E8%BF%91%E5%B9%B4%E4%BE%86%E5%B0%8D%E6%96%BC%E8%AA%B2%E7%A8%8B%E4%B9%8B%E8%A9%95%E4%BC%B0%E3%80%81%E6%8E%A1%E8%B3%BC%E3%80%81%E7%B0%BD_%E5%88%B6%E5%BA%A6%E6%96%87%E4%BB%B6.docx,https://docs.google.com/document/d/1fskrn1h3UEjXanu8nl5QsCAscCYot_OT/edit?usp=drivesdk&ouid=100902538427811382504&rtpof=true&sd=true,b51815c1594e44ba7b1d1d02753c3b38d44a16166e74a4474a2e47509116b2b2
10,I10-E03,大型採購均辦理會議通過、師資遴聘後亦經過會議或審查通過並留有紀錄。,3,0048,0048__I10-E03__01__大型採購均辦理會議通過、師資遴聘後亦經過會議_可直接使用成品.docx,先不要勾為完整紀錄,正文仍有未提供或待填的主要紀錄；未確認本項已形成完整實際證據。,按該格官方要求取得真實原始資料與核定、執行或結果紀錄。,否；不能用合成示範當實績,擷取正文第4行：工作稿｜尚待填入真實原始資料及完成本會審議核定；不表示課程已核定、會議已召開、採購已發生、訪談已執行或已取得成果。；擷取正文第20行：會議名稱／紀錄編號 | 待填,本次未逐頁核對,04_全部文件與歷次版本/TTQS_GPT6_ASTRA_FULL_HANDOFF_20260925/16/1584_0048__I10-E03__01__大型採購均辦理會議通過、師資遴聘後亦經過會議_可直接使用成品.docx,https://github.com/PT-Original-Point/ttqs-one/blob/submission-20261005-222304/%E9%80%81%E5%AF%A9%E8%B3%87%E6%96%99/04_%E5%85%A8%E9%83%A8%E6%96%87%E4%BB%B6%E8%88%87%E6%AD%B7%E6%AC%A1%E7%89%88%E6%9C%AC/TTQS_GPT6_ASTRA_FULL_HANDOFF_20260925/16/1584_0048__I10-E03__01__%E5%A4%A7%E5%9E%8B%E6%8E%A1%E8%B3%BC%E5%9D%87%E8%BE%A6%E7%90%86%E6%9C%83%E8%AD%B0%E9%80%9A%E9%81%8E%E3%80%81%E5%B8%AB%E8%B3%87%E9%81%B4%E8%81%98%E5%BE%8C%E4%BA%A6%E7%B6%93%E9%81%8E%E6%9C%83%E8%AD%B0_%E5%8F%AF%E7%9B%B4%E6%8E%A5%E4%BD%BF%E7%94%A8%E6%88%90%E5%93%81.docx,https://docs.google.com/document/d/1pBrKkApHG-MqKHm4i9e21GEqLJZcRLiN/edit?usp=drivesdk&ouid=100902538427811382504&rtpof=true&sd=true,16cf644ba74d6e36edf4cafe2c079b81632d0792451fccda42d2214c71fa37a5
11,I11-E01,訓練課程計畫配合業主、受訓者以及職能需求等調查規劃的證明。,4,0049,0049__I11-E01__01__訓練課程計畫配合業主、受訓者以及職能需求等調_可直接使用成品.docx,先不要勾為完整紀錄,正文仍有未提供或待填的主要紀錄；未確認本項已形成完整實際證據。,按該格官方要求取得真實原始資料與核定、執行或結果紀錄。,否；不能用合成示範當實績,擷取正文第4行：工作稿｜尚待填入真實原始資料及完成本會審議核定；不表示課程已核定、會議已召開、採購已發生、訪談已執行或已取得成果。；擷取正文第18行：規劃欄位 | 待填內容及證據要求,本次未逐頁核對,04_全部文件與歷次版本/TTQS_GPT6_ASTRA_FULL_HANDOFF_20260925/16/1586_0049__I11-E01__01__訓練課程計畫配合業主、受訓者以及職能需求等調_可直接使用成品.docx,https://github.com/PT-Original-Point/ttqs-one/blob/submission-20261005-222304/%E9%80%81%E5%AF%A9%E8%B3%87%E6%96%99/04_%E5%85%A8%E9%83%A8%E6%96%87%E4%BB%B6%E8%88%87%E6%AD%B7%E6%AC%A1%E7%89%88%E6%9C%AC/TTQS_GPT6_ASTRA_FULL_HANDOFF_20260925/16/1586_0049__I11-E01__01__%E8%A8%93%E7%B7%B4%E8%AA%B2%E7%A8%8B%E8%A8%88%E7%95%AB%E9%85%8D%E5%90%88%E6%A5%AD%E4%B8%BB%E3%80%81%E5%8F%97%E8%A8%93%E8%80%85%E4%BB%A5%E5%8F%8A%E8%81%B7%E8%83%BD%E9%9C%80%E6%B1%82%E7%AD%89%E8%AA%BF_%E5%8F%AF%E7%9B%B4%E6%8E%A5%E4%BD%BF%E7%94%A8%E6%88%90%E5%93%81.docx,https://docs.google.com/document/d/1WJsdzpCdjusHiHHQ2aoo27rCxo4t11qA/edit?usp=drivesdk&ouid=100902538427811382504&rtpof=true&sd=true,467099a6f743a228d0373203c118372c443d2df77ac4e560190d6660eeee07b6
11,I11-E02,各課程單元內容均能達成訓練規劃的目標。,4,0050,0050__各課程單元內容均能達成訓練規劃的目標_完整工作稿.docx,可補充看示範；先不要當成已完成佐證,單元目標、教學、練習、判準及3/3設計完整度的示例齊全。,情境偏資料分析課程、文字較專業；沒有實際課程核定或學員作品；畫面未重查。,否；不能用合成示範當實績,擷取正文第24行：承辦角色須從正式核定訓練計畫及課程文件摘錄實際目標、需求或職能差距、單元內容、教材和評量方式；原件尚未提供時，將該欄標明資料來源缺口並停止相關判讀，不得以示範文字代替。,本次未逐頁核對,04_全部文件與歷次版本/TTQS_ONE_CODEX_RUNTIME/21/2100_0050__各課程單元內容均能達成訓練規劃的目標_完整工作稿.docx,https://github.com/PT-Original-Point/ttqs-one/blob/submission-20261005-222304/%E9%80%81%E5%AF%A9%E8%B3%87%E6%96%99/04_%E5%85%A8%E9%83%A8%E6%96%87%E4%BB%B6%E8%88%87%E6%AD%B7%E6%AC%A1%E7%89%88%E6%9C%AC/TTQS_ONE_CODEX_RUNTIME/21/2100_0050__%E5%90%84%E8%AA%B2%E7%A8%8B%E5%96%AE%E5%85%83%E5%85%A7%E5%AE%B9%E5%9D%87%E8%83%BD%E9%81%94%E6%88%90%E8%A8%93%E7%B7%B4%E8%A6%8F%E5%8A%83%E7%9A%84%E7%9B%AE%E6%A8%99_%E5%AE%8C%E6%95%B4%E5%B7%A5%E4%BD%9C%E7%A8%BF.docx,https://docs.google.com/document/d/1wO_lEXQepwfLNrk2lpeS4lfrnj_K12BZ/edit?usp=drivesdk&ouid=100902538427811382504&rtpof=true&sd=true,91c49c02c5a5db4df298bc0ae91693e801765b25f3427bed3949d636ff69ff75
11,I11-E03,各項課程產出均經討論後確認，且留有完整紀錄與主管核定。,4,0051,0051__I11-E03__01__各項課程產出均經討論後確認，且留有完整紀錄與_可直接使用成品.docx,先不要勾為完整紀錄,正文仍有未提供或待填的主要紀錄；未確認本項已形成完整實際證據。,按該格官方要求取得真實原始資料與核定、執行或結果紀錄。,否；不能用合成示範當實績,擷取正文第4行：工作稿｜尚待填入本會真實資料並完成審議核定；不代表課程已辦理、流程已核准、聘任已成立、證明已取得或成果已發生。；擷取正文第10行：目前狀態 | 只有官方查核要求及空白工作稿；協會現行作法、紀錄、核定與成果均待查證或補入。,本次未逐頁核對,04_全部文件與歷次版本/TTQS_GPT6_ASTRA_FULL_HANDOFF_20260925/16/1588_0051__I11-E03__01__各項課程產出均經討論後確認，且留有完整紀錄與_可直接使用成品.docx,https://github.com/PT-Original-Point/ttqs-one/blob/submission-20261005-222304/%E9%80%81%E5%AF%A9%E8%B3%87%E6%96%99/04_%E5%85%A8%E9%83%A8%E6%96%87%E4%BB%B6%E8%88%87%E6%AD%B7%E6%AC%A1%E7%89%88%E6%9C%AC/TTQS_GPT6_ASTRA_FULL_HANDOFF_20260925/16/1588_0051__I11-E03__01__%E5%90%84%E9%A0%85%E8%AA%B2%E7%A8%8B%E7%94%A2%E5%87%BA%E5%9D%87%E7%B6%93%E8%A8%8E%E8%AB%96%E5%BE%8C%E7%A2%BA%E8%AA%8D%EF%BC%8C%E4%B8%94%E7%95%99%E6%9C%89%E5%AE%8C%E6%95%B4%E7%B4%80%E9%8C%84%E8%88%87_%E5%8F%AF%E7%9B%B4%E6%8E%A5%E4%BD%BF%E7%94%A8%E6%88%90%E5%93%81.docx,https://docs.google.com/document/d/1-gIACUD8RRvb9dcXG6Ph_PLo7kU1MQMr/edit?usp=drivesdk&ouid=100902538427811382504&rtpof=true&sd=true,1f39e35571113c8fe1c2602e3575740cb31a571747ed66e7fcb93cb69eaf95aa
11,I11-E04,規劃課程依學員及結訓學員意見訂定訓練課程，且流程有完整紀錄。,4,0052,0052__I11-E04__01__規劃課程依學員及結訓學員意見訂定訓練課程，且_可直接使用成品.docx,先不要勾為完整紀錄,正文仍有未提供或待填的主要紀錄；未確認本項已形成完整實際證據。,按該格官方要求取得真實原始資料與核定、執行或結果紀錄。,否；不能用合成示範當實績,擷取正文第5行：工作稿｜尚待填入本會真實資料並完成審議核定；不代表課程已辦理、流程已核准、聘任已成立、證明已取得或成果已發生。；擷取正文第11行：目前狀態 | 只有官方查核要求及空白工作稿；協會現行作法、紀錄、核定與成果均待查證或補入。,本次未逐頁核對,04_全部文件與歷次版本/TTQS_GPT6_ASTRA_FULL_HANDOFF_20260925/16/1589_0052__I11-E04__01__規劃課程依學員及結訓學員意見訂定訓練課程，且_可直接使用成品.docx,https://github.com/PT-Original-Point/ttqs-one/blob/submission-20261005-222304/%E9%80%81%E5%AF%A9%E8%B3%87%E6%96%99/04_%E5%85%A8%E9%83%A8%E6%96%87%E4%BB%B6%E8%88%87%E6%AD%B7%E6%AC%A1%E7%89%88%E6%9C%AC/TTQS_GPT6_ASTRA_FULL_HANDOFF_20260925/16/1589_0052__I11-E04__01__%E8%A6%8F%E5%8A%83%E8%AA%B2%E7%A8%8B%E4%BE%9D%E5%AD%B8%E5%93%A1%E5%8F%8A%E7%B5%90%E8%A8%93%E5%AD%B8%E5%93%A1%E6%84%8F%E8%A6%8B%E8%A8%82%E5%AE%9A%E8%A8%93%E7%B7%B4%E8%AA%B2%E7%A8%8B%EF%BC%8C%E4%B8%94_%E5%8F%AF%E7%9B%B4%E6%8E%A5%E4%BD%BF%E7%94%A8%E6%88%90%E5%93%81.docx,https://docs.google.com/document/d/1qaYqpojpPSr-J48kl5jWn_hxPnsluCmX/edit?usp=drivesdk&ouid=100902538427811382504&rtpof=true&sd=true,d61896fa2173618997afa3df6c64c6eb9f71ce6b190d731ed8520ccaae153683
12,I12-E01,近年針對訓練課程的切合性， 有檢討並調整遴選學員、教材、師資、教學方法與訓練設施的過程，或有完整文書手冊與紀錄分析相關資料並持續改善。,4,0053,0053__I12-E01__01__近年針對訓練課程的切合性，有檢討並調整遴選學_可直接使用成品.docx,先不要勾為完整紀錄,正文仍有未提供或待填的主要紀錄；未確認本項已形成完整實際證據。,按該格官方要求取得真實原始資料與核定、執行或結果紀錄。,否；不能用合成示範當實績,擷取正文第5行：工作稿｜尚待填入本會真實資料並完成審議核定；不代表課程已辦理、流程已核准、聘任已成立、證明已取得或成果已發生。；擷取正文第11行：目前狀態 | 只有官方查核要求及空白工作稿；協會現行作法、紀錄、核定與成果均待查證或補入。,本次未逐頁核對,04_全部文件與歷次版本/TTQS_GPT6_ASTRA_FULL_HANDOFF_20260925/16/1590_0053__I12-E01__01__近年針對訓練課程的切合性，有檢討並調整遴選學_可直接使用成品.docx,https://github.com/PT-Original-Point/ttqs-one/blob/submission-20261005-222304/%E9%80%81%E5%AF%A9%E8%B3%87%E6%96%99/04_%E5%85%A8%E9%83%A8%E6%96%87%E4%BB%B6%E8%88%87%E6%AD%B7%E6%AC%A1%E7%89%88%E6%9C%AC/TTQS_GPT6_ASTRA_FULL_HANDOFF_20260925/16/1590_0053__I12-E01__01__%E8%BF%91%E5%B9%B4%E9%87%9D%E5%B0%8D%E8%A8%93%E7%B7%B4%E8%AA%B2%E7%A8%8B%E7%9A%84%E5%88%87%E5%90%88%E6%80%A7%EF%BC%8C%E6%9C%89%E6%AA%A2%E8%A8%8E%E4%B8%A6%E8%AA%BF%E6%95%B4%E9%81%B4%E9%81%B8%E5%AD%B8_%E5%8F%AF%E7%9B%B4%E6%8E%A5%E4%BD%BF%E7%94%A8%E6%88%90%E5%93%81.docx,https://docs.google.com/document/d/128AFR1OB4pArwtFj2fXF29fTreFrVMux/edit?usp=drivesdk&ouid=100902538427811382504&rtpof=true&sd=true,5ff094890e33e0be6f795bb143d11d271d3a436abd8966e406ec1de56af7fb4e
12,I12-E02,依學員遴選標準及流程遴選， 教材由講師及顧問推薦須經訓練管理委員會通過。,4,0054,0054__I12-E02__01__依學員遴選標準及流程遴選，教材由講師及顧問推_完整工作稿.docx,先不要勾為完整紀錄,代表稿仍屬工作稿；先前修稿尚有未解決的來源與遴選規則問題，不能依檔名判定可用。,需已核定遴選條件、實際評分、同分處理、錄取決議及教材審查原件。,否；不能用合成示範當實績,擷取正文第5行：工作稿｜尚待填入本會真實資料並完成審議核定；不代表課程已辦理、流程已核准、聘任已成立、證明已取得或成果已發生。；擷取正文第11行：目前狀態 | 只有官方查核要求及空白工作稿；協會現行作法、紀錄、核定與成果均待查證或補入。,本次未逐頁核對,04_全部文件與歷次版本/TTQS_GPT6_ASTRA_FULL_HANDOFF_20260925/16/1592_0054__I12-E02__01__依學員遴選標準及流程遴選，教材由講師及顧問推_完整工作稿.docx,https://github.com/PT-Original-Point/ttqs-one/blob/submission-20261005-222304/%E9%80%81%E5%AF%A9%E8%B3%87%E6%96%99/04_%E5%85%A8%E9%83%A8%E6%96%87%E4%BB%B6%E8%88%87%E6%AD%B7%E6%AC%A1%E7%89%88%E6%9C%AC/TTQS_GPT6_ASTRA_FULL_HANDOFF_20260925/16/1592_0054__I12-E02__01__%E4%BE%9D%E5%AD%B8%E5%93%A1%E9%81%B4%E9%81%B8%E6%A8%99%E6%BA%96%E5%8F%8A%E6%B5%81%E7%A8%8B%E9%81%B4%E9%81%B8%EF%BC%8C%E6%95%99%E6%9D%90%E7%94%B1%E8%AC%9B%E5%B8%AB%E5%8F%8A%E9%A1%A7%E5%95%8F%E6%8E%A8_%E5%AE%8C%E6%95%B4%E5%B7%A5%E4%BD%9C%E7%A8%BF.docx,https://docs.google.com/document/d/1Utd4OIGrTibjGaLy3sT9zvabt2U1id4_/edit?usp=drivesdk&ouid=100902538427811382504&rtpof=true&sd=true,a5307175acece306bb7ae06833b9a263ee66cef52c1fc8e273519661b2115132
12,I12-E03,講師的遴聘依師資遴選標準及流程評選並經訓練管理委員會通過後發給聘書。,4,0055,0055__I12-E03__01__講師的遴聘依師資遴選標準及流程評選並經訓練管_可直接使用成品.docx,先不要勾為完整紀錄,正文仍有未提供或待填的主要紀錄；未確認本項已形成完整實際證據。,按該格官方要求取得真實原始資料與核定、執行或結果紀錄。,否；不能用合成示範當實績,擷取正文第5行：工作稿｜尚待填入本會真實資料並完成審議核定；不代表課程已辦理、流程已核准、聘任已成立、證明已取得或成果已發生。；擷取正文第11行：目前狀態 | 只有官方查核要求及空白工作稿；協會現行作法、紀錄、核定與成果均待查證或補入。,本次未逐頁核對,04_全部文件與歷次版本/TTQS_GPT6_ASTRA_FULL_HANDOFF_20260925/16/1591_0055__I12-E03__01__講師的遴聘依師資遴選標準及流程評選並經訓練管_可直接使用成品.docx,https://github.com/PT-Original-Point/ttqs-one/blob/submission-20261005-222304/%E9%80%81%E5%AF%A9%E8%B3%87%E6%96%99/04_%E5%85%A8%E9%83%A8%E6%96%87%E4%BB%B6%E8%88%87%E6%AD%B7%E6%AC%A1%E7%89%88%E6%9C%AC/TTQS_GPT6_ASTRA_FULL_HANDOFF_20260925/16/1591_0055__I12-E03__01__%E8%AC%9B%E5%B8%AB%E7%9A%84%E9%81%B4%E8%81%98%E4%BE%9D%E5%B8%AB%E8%B3%87%E9%81%B4%E9%81%B8%E6%A8%99%E6%BA%96%E5%8F%8A%E6%B5%81%E7%A8%8B%E8%A9%95%E9%81%B8%E4%B8%A6%E7%B6%93%E8%A8%93%E7%B7%B4%E7%AE%A1_%E5%8F%AF%E7%9B%B4%E6%8E%A5%E4%BD%BF%E7%94%A8%E6%88%90%E5%93%81.docx,https://docs.google.com/document/d/1JG5ihAFxTAmzMiVCtwTVlt4y2sMRqL7T/edit?usp=drivesdk&ouid=100902538427811382504&rtpof=true&sd=true,afb97e24d9941b79a759b2e15778c39a94e3e577b925c64c9aa2359dad9b4627
12,I12-E04,設備安檢或是場地投保證明。,4,0056,0056__I12-E04__01__設備安檢或是場地投保證明_可直接使用成品.docx,先不要勾為完整紀錄,正文仍有未提供或待填的主要紀錄；未確認本項已形成完整實際證據。,按該格官方要求取得真實原始資料與核定、執行或結果紀錄。,否；不能用合成示範當實績,擷取正文第18行：項目 | 適用設備／地址／課程 | 應取得原件 | 適用性判定與依據 | 目前狀態；擷取正文第21行：不適用項目 | 待填 | 不適用理由及覆核 | 須附適用性判斷來源 | 待覆核,本次未逐頁核對,04_全部文件與歷次版本/TTQS_GPT6_ASTRA_FULL_HANDOFF_20260925/16/1593_0056__I12-E04__01__設備安檢或是場地投保證明_可直接使用成品.docx,https://github.com/PT-Original-Point/ttqs-one/blob/submission-20261005-222304/%E9%80%81%E5%AF%A9%E8%B3%87%E6%96%99/04_%E5%85%A8%E9%83%A8%E6%96%87%E4%BB%B6%E8%88%87%E6%AD%B7%E6%AC%A1%E7%89%88%E6%9C%AC/TTQS_GPT6_ASTRA_FULL_HANDOFF_20260925/16/1593_0056__I12-E04__01__%E8%A8%AD%E5%82%99%E5%AE%89%E6%AA%A2%E6%88%96%E6%98%AF%E5%A0%B4%E5%9C%B0%E6%8A%95%E4%BF%9D%E8%AD%89%E6%98%8E_%E5%8F%AF%E7%9B%B4%E6%8E%A5%E4%BD%BF%E7%94%A8%E6%88%90%E5%93%81.docx,https://docs.google.com/document/d/1Nth3ZACPnhrXPsU5BOCFmKqLSanVDRg3/edit?usp=drivesdk&ouid=100902538427811382504&rtpof=true&sd=true,39eb3aac6d3a0bfc97922e2757b5bbd9b0ef2a1c110053cf9e381cc3696c17af
13,I13-E01,相關文件紀錄能證實近年來對訓練成果轉移及達成的檢討， 並有具體佐證資料。,4,0057,0057__I13-E01__01__相關文件紀錄能證實近年來對訓練成果轉移及達成_可直接使用成品.docx,先不要勾為完整紀錄,正文仍有未提供或待填的主要紀錄；未確認本項已形成完整實際證據。,按該格官方要求取得真實原始資料與核定、執行或結果紀錄。,否；不能用合成示範當實績,擷取正文第23行：待填 | 待真實課程版本 | 待界定：符合條件的結訓對象 | 30／60／90／180 日依課程核定 | 待核定；擷取正文第24行：待填 | 待真實課程版本 | 待界定：符合條件的結訓對象 | 30／60／90／180 日依課程核定 | 待核定,本次未逐頁核對,04_全部文件與歷次版本/TTQS_GPT6_ASTRA_FULL_HANDOFF_20260925/16/1594_0057__I13-E01__01__相關文件紀錄能證實近年來對訓練成果轉移及達成_可直接使用成品.docx,https://github.com/PT-Original-Point/ttqs-one/blob/submission-20261005-222304/%E9%80%81%E5%AF%A9%E8%B3%87%E6%96%99/04_%E5%85%A8%E9%83%A8%E6%96%87%E4%BB%B6%E8%88%87%E6%AD%B7%E6%AC%A1%E7%89%88%E6%9C%AC/TTQS_GPT6_ASTRA_FULL_HANDOFF_20260925/16/1594_0057__I13-E01__01__%E7%9B%B8%E9%97%9C%E6%96%87%E4%BB%B6%E7%B4%80%E9%8C%84%E8%83%BD%E8%AD%89%E5%AF%A6%E8%BF%91%E5%B9%B4%E4%BE%86%E5%B0%8D%E8%A8%93%E7%B7%B4%E6%88%90%E6%9E%9C%E8%BD%89%E7%A7%BB%E5%8F%8A%E9%81%94%E6%88%90_%E5%8F%AF%E7%9B%B4%E6%8E%A5%E4%BD%BF%E7%94%A8%E6%88%90%E5%93%81.docx,https://docs.google.com/document/d/1mjG1rltGgWTkg6OjMEqpD75wAGmmFgco/edit?usp=drivesdk&ouid=100902538427811382504&rtpof=true&sd=true,482cd57e5f60e31d8212a4d06dc1322d47a92580c6ccaa973c44606f3b4cd58d
13,I13-E02,具體明確紀錄展現提供受訓人員或客戶，如：課程所學運用於工作，以強化職能建立的建議或協助提供行動計畫，展現適當的競賽獎勵措施，促進訓練達個人、小組團隊及組織績效改善的成果。,4,0058,0058__I13-E02__01__具體明確紀錄展現提供受訓人員或客戶，如：課程_可直接使用成品.docx,先不要勾為完整紀錄,正文仍有未提供或待填的主要紀錄；未確認本項已形成完整實際證據。,按該格官方要求取得真實原始資料與核定、執行或結果紀錄。,否；不能用合成示範當實績,擷取正文第30行：待填 | 待取得／不可推估 | 待與本人確認 | 待確認是否提供 | 待核定 | 待填 | 待驗證；擷取正文第31行：待填 | 待取得／不可推估 | 待與本人確認 | 待確認是否提供 | 待核定 | 待填 | 待驗證,本次未逐頁核對,04_全部文件與歷次版本/TTQS_GPT6_ASTRA_FULL_HANDOFF_20260925/16/1595_0058__I13-E02__01__具體明確紀錄展現提供受訓人員或客戶，如：課程_可直接使用成品.docx,https://github.com/PT-Original-Point/ttqs-one/blob/submission-20261005-222304/%E9%80%81%E5%AF%A9%E8%B3%87%E6%96%99/04_%E5%85%A8%E9%83%A8%E6%96%87%E4%BB%B6%E8%88%87%E6%AD%B7%E6%AC%A1%E7%89%88%E6%9C%AC/TTQS_GPT6_ASTRA_FULL_HANDOFF_20260925/16/1595_0058__I13-E02__01__%E5%85%B7%E9%AB%94%E6%98%8E%E7%A2%BA%E7%B4%80%E9%8C%84%E5%B1%95%E7%8F%BE%E6%8F%90%E4%BE%9B%E5%8F%97%E8%A8%93%E4%BA%BA%E5%93%A1%E6%88%96%E5%AE%A2%E6%88%B6%EF%BC%8C%E5%A6%82%EF%BC%9A%E8%AA%B2%E7%A8%8B_%E5%8F%AF%E7%9B%B4%E6%8E%A5%E4%BD%BF%E7%94%A8%E6%88%90%E5%93%81.docx,https://docs.google.com/document/d/1fU0YSfFlmPJ2q-Gx0Sl8aqsejDh9ERgj/edit?usp=drivesdk&ouid=100902538427811382504&rtpof=true&sd=true,b90d3dbcfc3020455063755e38632eba7b92d86abdd4e5edf34dd8122c829e6c
13,I13-E03,業主提供回訓或相關機制、學習心得交流的平台、證照、實習或其他相關機制的建議或協助，展現訓練成果移轉的達成並展現連接性執行。,5,0059,0059__I13-E03__01__業主提供回訓或相關機制、學習心得交流的平台、_完整工作稿.docx,先不要勾為完整紀錄,正文仍有未提供或待填的主要紀錄；未確認本項已形成完整實際證據。,按該格官方要求取得真實原始資料與核定、執行或結果紀錄。,否；不能用合成示範當實績,擷取正文第39行：待編 | 待真實活動 | 待取得同意 | 待填 | 待填 | 逐項記錄 | 待填；擷取正文第40行：待編 | 待真實活動 | 待取得同意 | 待填 | 待填 | 逐項記錄 | 待填,本次未逐頁核對,04_全部文件與歷次版本/TTQS_GPT6_ASTRA_FULL_HANDOFF_20260925/16/1596_0059__I13-E03__01__業主提供回訓或相關機制、學習心得交流的平台、_完整工作稿.docx,https://github.com/PT-Original-Point/ttqs-one/blob/submission-20261005-222304/%E9%80%81%E5%AF%A9%E8%B3%87%E6%96%99/04_%E5%85%A8%E9%83%A8%E6%96%87%E4%BB%B6%E8%88%87%E6%AD%B7%E6%AC%A1%E7%89%88%E6%9C%AC/TTQS_GPT6_ASTRA_FULL_HANDOFF_20260925/16/1596_0059__I13-E03__01__%E6%A5%AD%E4%B8%BB%E6%8F%90%E4%BE%9B%E5%9B%9E%E8%A8%93%E6%88%96%E7%9B%B8%E9%97%9C%E6%A9%9F%E5%88%B6%E3%80%81%E5%AD%B8%E7%BF%92%E5%BF%83%E5%BE%97%E4%BA%A4%E6%B5%81%E7%9A%84%E5%B9%B3%E5%8F%B0%E3%80%81_%E5%AE%8C%E6%95%B4%E5%B7%A5%E4%BD%9C%E7%A8%BF.docx,https://docs.google.com/document/d/1wfv8QcZN1io6X4wY0DfU7-xImY2R_TcG/edit?usp=drivesdk&ouid=100902538427811382504&rtpof=true&sd=true,4eb091dfd4ad75840027ebca46c94bf485edc290b65bf69c2e6085586d18f9ce
14,I14-E01,訓練資料與訓練過程及成果的紀錄與分類，均有系統化歸納方法編碼。,5,0060,0060__I14-E01__01__訓練資料與訓練過程及成果的紀錄與分類，均有系_可直接使用成品.docx,先不要勾為完整紀錄,正文仍有未提供或待填的主要紀錄；未確認本項已形成完整實際證據。,按該格官方要求取得真實原始資料與核定、執行或結果紀錄。,否；不能用合成示範當實績,擷取正文第5行：工作稿｜尚待填入本會真實資料並完成審議核定；不代表課程已辦理、流程已核准、聘任已成立、證明已取得或成果已發生。；擷取正文第11行：目前狀態 | 只有官方查核要求及空白工作稿；協會現行作法、紀錄、核定與成果均待查證或補入。,本次未逐頁核對,04_全部文件與歷次版本/TTQS_GPT6_ASTRA_FULL_HANDOFF_20260925/16/1599_0060__I14-E01__01__訓練資料與訓練過程及成果的紀錄與分類，均有系_可直接使用成品.docx,https://github.com/PT-Original-Point/ttqs-one/blob/submission-20261005-222304/%E9%80%81%E5%AF%A9%E8%B3%87%E6%96%99/04_%E5%85%A8%E9%83%A8%E6%96%87%E4%BB%B6%E8%88%87%E6%AD%B7%E6%AC%A1%E7%89%88%E6%9C%AC/TTQS_GPT6_ASTRA_FULL_HANDOFF_20260925/16/1599_0060__I14-E01__01__%E8%A8%93%E7%B7%B4%E8%B3%87%E6%96%99%E8%88%87%E8%A8%93%E7%B7%B4%E9%81%8E%E7%A8%8B%E5%8F%8A%E6%88%90%E6%9E%9C%E7%9A%84%E7%B4%80%E9%8C%84%E8%88%87%E5%88%86%E9%A1%9E%EF%BC%8C%E5%9D%87%E6%9C%89%E7%B3%BB_%E5%8F%AF%E7%9B%B4%E6%8E%A5%E4%BD%BF%E7%94%A8%E6%88%90%E5%93%81.docx,https://docs.google.com/document/d/1XrvAGPhAAItsOUJHl9m1bMsOwUOPV64R/edit?usp=drivesdk&ouid=100902538427811382504&rtpof=true&sd=true,2742d42a9c3fe09e5b94674b89276eadd1646e445330015c149a0c0aa5c7799e
14,I14-E02,訓練檔案管理系統。,5,0061,0061__I14-E02__01__訓練檔案管理系統_完整工作稿.docx,先不要勾為完整紀錄,正文仍有未提供或待填的主要紀錄；未確認本項已形成完整實際證據。,按該格官方要求取得真實原始資料與核定、執行或結果紀錄。,否；不能用合成示範當實績,擷取正文第5行：工作稿｜尚待填入本會真實資料並完成審議核定；不代表課程已辦理、流程已核准、聘任已成立、證明已取得或成果已發生。；擷取正文第11行：目前狀態 | 只有官方查核要求及空白工作稿；協會現行作法、紀錄、核定與成果均待查證或補入。,本次未逐頁核對,04_全部文件與歷次版本/TTQS_GPT6_ASTRA_FULL_HANDOFF_20260925/16/1600_0061__I14-E02__01__訓練檔案管理系統_完整工作稿.docx,https://github.com/PT-Original-Point/ttqs-one/blob/submission-20261005-222304/%E9%80%81%E5%AF%A9%E8%B3%87%E6%96%99/04_%E5%85%A8%E9%83%A8%E6%96%87%E4%BB%B6%E8%88%87%E6%AD%B7%E6%AC%A1%E7%89%88%E6%9C%AC/TTQS_GPT6_ASTRA_FULL_HANDOFF_20260925/16/1600_0061__I14-E02__01__%E8%A8%93%E7%B7%B4%E6%AA%94%E6%A1%88%E7%AE%A1%E7%90%86%E7%B3%BB%E7%B5%B1_%E5%AE%8C%E6%95%B4%E5%B7%A5%E4%BD%9C%E7%A8%BF.docx,https://docs.google.com/document/d/1OUPYECTeuGsDE_cqB-ZhTySCNyI6owGj/edit?usp=drivesdk&ouid=100902538427811382504&rtpof=true&sd=true,3ddd062b7a8608795f872a9429890db73cf770f98677ffacf76767288aaa380d
14,I14-E03,完整的訓練文件建檔資料。,5,0062,0062__I14-E03__01__完整的訓練文件建檔資料_完整工作稿.docx,先不要勾為完整紀錄,正文仍有未提供或待填的主要紀錄；未確認本項已形成完整實際證據。,按該格官方要求取得真實原始資料與核定、執行或結果紀錄。,否；不能用合成示範當實績,擷取正文第5行：工作稿｜尚待填入本會真實資料並完成審議核定；不代表課程已辦理、流程已核准、聘任已成立、證明已取得或成果已發生。；擷取正文第11行：目前狀態 | 只有官方查核要求及空白工作稿；協會現行作法、紀錄、核定與成果均待查證或補入。,本次未逐頁核對,04_全部文件與歷次版本/TTQS_GPT6_ASTRA_FULL_HANDOFF_20260925/16/1598_0062__I14-E03__01__完整的訓練文件建檔資料_完整工作稿.docx,https://github.com/PT-Original-Point/ttqs-one/blob/submission-20261005-222304/%E9%80%81%E5%AF%A9%E8%B3%87%E6%96%99/04_%E5%85%A8%E9%83%A8%E6%96%87%E4%BB%B6%E8%88%87%E6%AD%B7%E6%AC%A1%E7%89%88%E6%9C%AC/TTQS_GPT6_ASTRA_FULL_HANDOFF_20260925/16/1598_0062__I14-E03__01__%E5%AE%8C%E6%95%B4%E7%9A%84%E8%A8%93%E7%B7%B4%E6%96%87%E4%BB%B6%E5%BB%BA%E6%AA%94%E8%B3%87%E6%96%99_%E5%AE%8C%E6%95%B4%E5%B7%A5%E4%BD%9C%E7%A8%BF.docx,https://docs.google.com/document/d/1cF1xS_TGPSaDmZ5O4RifqseSGZVgWuUx/edit?usp=drivesdk&ouid=100902538427811382504&rtpof=true&sd=true,fb9a987bb59e9f91e64b098e1b7ff888d6ba09e5b9aabdd2a4f01dbd4917b0bc
14,I14-E04,是否提供查詢功能，並具持續改善機制。,5,0063,0063__I14-E04__01__是否提供查詢功能，並具持續改善機制_完整工作稿.docx,先不要勾為完整紀錄,正文仍有未提供或待填的主要紀錄；未確認本項已形成完整實際證據。,按該格官方要求取得真實原始資料與核定、執行或結果紀錄。,否；不能用合成示範當實績,擷取正文第14行：工作稿 R12 | 待審議核定 | 待填 | 待填 | 待核定；擷取正文第34行：待編 | 待填 | 計畫／執行／評量／結案／改善／其他 | 待填 | 待核定 | 待填 | 依核定填 | 受控路徑待填 | 保存年限待核定,本次未逐頁核對,04_全部文件與歷次版本/TTQS_GPT6_ASTRA_FULL_HANDOFF_20260925/17/1601_0063__I14-E04__01__是否提供查詢功能，並具持續改善機制_完整工作稿.docx,https://github.com/PT-Original-Point/ttqs-one/blob/submission-20261005-222304/%E9%80%81%E5%AF%A9%E8%B3%87%E6%96%99/04_%E5%85%A8%E9%83%A8%E6%96%87%E4%BB%B6%E8%88%87%E6%AD%B7%E6%AC%A1%E7%89%88%E6%9C%AC/TTQS_GPT6_ASTRA_FULL_HANDOFF_20260925/17/1601_0063__I14-E04__01__%E6%98%AF%E5%90%A6%E6%8F%90%E4%BE%9B%E6%9F%A5%E8%A9%A2%E5%8A%9F%E8%83%BD%EF%BC%8C%E4%B8%A6%E5%85%B7%E6%8C%81%E7%BA%8C%E6%94%B9%E5%96%84%E6%A9%9F%E5%88%B6_%E5%AE%8C%E6%95%B4%E5%B7%A5%E4%BD%9C%E7%A8%BF.docx,https://docs.google.com/document/d/1jMDRu6VebGj8pzZ4WuBVVewS5Rxu6W5L/edit?usp=drivesdk&ouid=100902538427811382504&rtpof=true&sd=true,4978a4e87c15418909405460e47783da8ffb70b6f0f8d725d300d7c78c1a8df0
14,I14-E05,資訊系統化程度及檢索速度。,5,0064,0064__I14-E05__01__資訊系統化程度及檢索速度_完整工作稿.docx,先不要勾為完整紀錄,正文仍有未提供或待填的主要紀錄；未確認本項已形成完整實際證據。,按該格官方要求取得真實原始資料與核定、執行或結果紀錄。,否；不能用合成示範當實績,擷取正文第4行：工作稿｜尚待填入本會真實資料並完成審議核定；不代表課程已辦理、流程已核准、聘任已成立、證明已取得或成果已發生。；擷取正文第10行：目前狀態 | 只有官方查核要求及空白工作稿；協會現行作法、紀錄、核定與成果均待查證或補入。,本次未逐頁核對,04_全部文件與歷次版本/TTQS_GPT6_ASTRA_FULL_HANDOFF_20260925/16/1597_0064__I14-E05__01__資訊系統化程度及檢索速度_完整工作稿.docx,https://github.com/PT-Original-Point/ttqs-one/blob/submission-20261005-222304/%E9%80%81%E5%AF%A9%E8%B3%87%E6%96%99/04_%E5%85%A8%E9%83%A8%E6%96%87%E4%BB%B6%E8%88%87%E6%AD%B7%E6%AC%A1%E7%89%88%E6%9C%AC/TTQS_GPT6_ASTRA_FULL_HANDOFF_20260925/16/1597_0064__I14-E05__01__%E8%B3%87%E8%A8%8A%E7%B3%BB%E7%B5%B1%E5%8C%96%E7%A8%8B%E5%BA%A6%E5%8F%8A%E6%AA%A2%E7%B4%A2%E9%80%9F%E5%BA%A6_%E5%AE%8C%E6%95%B4%E5%B7%A5%E4%BD%9C%E7%A8%BF.docx,https://docs.google.com/document/d/124GFEoJ2pJvaLeS0K7IV_HRbAGJ3K8wy/edit?usp=drivesdk&ouid=100902538427811382504&rtpof=true&sd=true,5302c103cf028c00be38b5cebb55bc43a1e6bf2c80f9cc3bbb67e779d230deb3
15,I15-E01,訓後定期性綜合檢討或管理審查制度會議紀錄。,5,0065,0065__I15-E01__01__訓後定期性綜合檢討或管理審查制度會議紀錄_可直接使用成品.docx,先不要勾為完整紀錄,正文仍有未提供或待填的主要紀錄；未確認本項已形成完整實際證據。,按該格官方要求取得真實原始資料與核定、執行或結果紀錄。,否；不能用合成示範當實績,擷取正文第18行：待編 | 實際召開後填 | 待填 | 待填 | 待核定 | 待填；擷取正文第22行：待填 | 待填 | 待填 | 依規則填 | 待編 | 待填,本次未逐頁核對,04_全部文件與歷次版本/TTQS_GPT6_ASTRA_FULL_HANDOFF_20260925/17/1604_0065__I15-E01__01__訓後定期性綜合檢討或管理審查制度會議紀錄_可直接使用成品.docx,https://github.com/PT-Original-Point/ttqs-one/blob/submission-20261005-222304/%E9%80%81%E5%AF%A9%E8%B3%87%E6%96%99/04_%E5%85%A8%E9%83%A8%E6%96%87%E4%BB%B6%E8%88%87%E6%AD%B7%E6%AC%A1%E7%89%88%E6%9C%AC/TTQS_GPT6_ASTRA_FULL_HANDOFF_20260925/17/1604_0065__I15-E01__01__%E8%A8%93%E5%BE%8C%E5%AE%9A%E6%9C%9F%E6%80%A7%E7%B6%9C%E5%90%88%E6%AA%A2%E8%A8%8E%E6%88%96%E7%AE%A1%E7%90%86%E5%AF%A9%E6%9F%A5%E5%88%B6%E5%BA%A6%E6%9C%83%E8%AD%B0%E7%B4%80%E9%8C%84_%E5%8F%AF%E7%9B%B4%E6%8E%A5%E4%BD%BF%E7%94%A8%E6%88%90%E5%93%81.docx,https://docs.google.com/document/d/1U2sCRZwiPQk0dk-HkT09wrvSuNQ5jXGn/edit?usp=drivesdk&ouid=100902538427811382504&rtpof=true&sd=true,54cbb0671acd3d24e0d12a76b402877f017d421516cededa09c19ff548a0df38
15,I15-E02,訓練的結案報告，包括資源的運用、財務的支配、訓練成果的展現、檢討及改進的方法。,5,0066,0066__訓練班級完整結案報告.docx,可補充看示範；先不要當成已完成佐證,單班資源、預算24000元、支出23400元及成果、改善示例齊全，計算一致。,不是本會真實結案；12小時職場溝通課與本會小班示範需另作情境核對；缺名冊、憑證及原始評量；畫面未重查。,否；不能用合成示範當實績,擷取正文第121行：本件沒有可驗證的本班 REAL 資料。要把完整結案報告改為真實紀錄，須逐項取得下表原件並重算所有相關數值；表內「未提供」是本示例的證據狀態，不是待填空表。；擷取正文第125行：班期、課程與日期 | 正式課程及班期紀錄、實際開訓與結訓日期、課程時數。 | 未提供；與核定課程資料和實際執行紀錄逐項核對。,本次未逐頁核對,04_全部文件與歷次版本/TTQS_ONE_CODEX_RUNTIME/21/2093_0066__訓練班級完整結案報告.docx,https://github.com/PT-Original-Point/ttqs-one/blob/submission-20261005-222304/%E9%80%81%E5%AF%A9%E8%B3%87%E6%96%99/04_%E5%85%A8%E9%83%A8%E6%96%87%E4%BB%B6%E8%88%87%E6%AD%B7%E6%AC%A1%E7%89%88%E6%9C%AC/TTQS_ONE_CODEX_RUNTIME/21/2093_0066__%E8%A8%93%E7%B7%B4%E7%8F%AD%E7%B4%9A%E5%AE%8C%E6%95%B4%E7%B5%90%E6%A1%88%E5%A0%B1%E5%91%8A.docx,https://docs.google.com/document/d/1E_R5NYnyOAQtiISkPOXSGm13jlnQfbNQ/edit?usp=drivesdk&ouid=100902538427811382504&rtpof=true&sd=true,220f535cf3e53a51215f7b5b8afb880013ef3015162264ec8b50285821819884
15,I15-E03,訓練執行評估指標分析及相關統計分析。,5,0067,0067__訓練執行評估指標分析及相關統計分析_分析報告.docx,可補充看示範；先不要當成已完成佐證,6人邀請、6件回收、4件有效與逐人分數可重算，缺測及重複有區分。,文中稱有效率為「官方列示口徑」，在本次提供的官方查核資料表未找到此公式依據；另有專業用語及未確認的手冊引用；畫面未重查。,否；不能用合成示範當實績,,本次未逐頁核對,04_全部文件與歷次版本/TTQS_ONE_CODEX_RUNTIME/21/2091_0067__訓練執行評估指標分析及相關統計分析_分析報告.docx,https://github.com/PT-Original-Point/ttqs-one/blob/submission-20261005-222304/%E9%80%81%E5%AF%A9%E8%B3%87%E6%96%99/04_%E5%85%A8%E9%83%A8%E6%96%87%E4%BB%B6%E8%88%87%E6%AD%B7%E6%AC%A1%E7%89%88%E6%9C%AC/TTQS_ONE_CODEX_RUNTIME/21/2091_0067__%E8%A8%93%E7%B7%B4%E5%9F%B7%E8%A1%8C%E8%A9%95%E4%BC%B0%E6%8C%87%E6%A8%99%E5%88%86%E6%9E%90%E5%8F%8A%E7%9B%B8%E9%97%9C%E7%B5%B1%E8%A8%88%E5%88%86%E6%9E%90_%E5%88%86%E6%9E%90%E5%A0%B1%E5%91%8A.docx,https://docs.google.com/document/d/1a5ogJcFbxfeToJdGY019InPKP2JKdS36/edit?usp=drivesdk&ouid=100902538427811382504&rtpof=true&sd=true,a20342c25a00a6b6a9c3412b61e52a3c865cd8361ce6778d5eb99a9ac50e72d1
15,I15-E04,訓後改善建議追蹤報告。,5,0068,0068__I15-E04__01__訓後改善建議追蹤報告_分析報告.docx,先不要勾為完整紀錄,正文仍有未提供或待填的主要紀錄；未確認本項已形成完整實際證據。,按該格官方要求取得真實原始資料與核定、執行或結果紀錄。,否；不能用合成示範當實績,擷取正文第18行：待編 | 待真實來源 | 待抄錄原意，不改寫成已決議 | 待審議 | 待填 | 待核定；擷取正文第19行：待編 | 待真實來源 | 待抄錄原意，不改寫成已決議 | 待審議 | 待填 | 待核定,本次未逐頁核對,04_全部文件與歷次版本/TTQS_GPT6_ASTRA_FULL_HANDOFF_20260925/17/1605_0068__I15-E04__01__訓後改善建議追蹤報告_分析報告.docx,https://github.com/PT-Original-Point/ttqs-one/blob/submission-20261005-222304/%E9%80%81%E5%AF%A9%E8%B3%87%E6%96%99/04_%E5%85%A8%E9%83%A8%E6%96%87%E4%BB%B6%E8%88%87%E6%AD%B7%E6%AC%A1%E7%89%88%E6%9C%AC/TTQS_GPT6_ASTRA_FULL_HANDOFF_20260925/17/1605_0068__I15-E04__01__%E8%A8%93%E5%BE%8C%E6%94%B9%E5%96%84%E5%BB%BA%E8%AD%B0%E8%BF%BD%E8%B9%A4%E5%A0%B1%E5%91%8A_%E5%88%86%E6%9E%90%E5%A0%B1%E5%91%8A.docx,https://docs.google.com/document/d/1oRa7-S89zLglO92-e1lWrtkHCcF7TTx_/edit?usp=drivesdk&ouid=100902538427811382504&rtpof=true&sd=true,bcd25b3dd36742658b1e0dd2e082475ce4435735e9384c415929b355f090da3b
16,I16-E01,訓練流程的管控方法及紀錄。,5,0069,0069__I16-E01__01__訓練流程的管控方法及紀錄_可直接使用成品.docx,先不要勾為完整紀錄,正文明寫「只有官方查核要求及空白工作稿」；七階段紀錄仍待填。,需實際課程各階段管控表、檢查日期、負責人、異常與改善紀錄。,否；不能用合成示範當實績,擷取正文第4行：工作稿｜尚待填入本會真實資料並完成審議核定；不代表課程已辦理、流程已核准、聘任已成立、證明已取得或成果已發生。；擷取正文第10行：目前狀態 | 只有官方查核要求及空白工作稿；協會現行作法、紀錄、核定與成果均待查證或補入。,本次未逐頁核對,04_全部文件與歷次版本/TTQS_GPT6_ASTRA_FULL_HANDOFF_20260925/17/1606_0069__I16-E01__01__訓練流程的管控方法及紀錄_可直接使用成品.docx,https://github.com/PT-Original-Point/ttqs-one/blob/submission-20261005-222304/%E9%80%81%E5%AF%A9%E8%B3%87%E6%96%99/04_%E5%85%A8%E9%83%A8%E6%96%87%E4%BB%B6%E8%88%87%E6%AD%B7%E6%AC%A1%E7%89%88%E6%9C%AC/TTQS_GPT6_ASTRA_FULL_HANDOFF_20260925/17/1606_0069__I16-E01__01__%E8%A8%93%E7%B7%B4%E6%B5%81%E7%A8%8B%E7%9A%84%E7%AE%A1%E6%8E%A7%E6%96%B9%E6%B3%95%E5%8F%8A%E7%B4%80%E9%8C%84_%E5%8F%AF%E7%9B%B4%E6%8E%A5%E4%BD%BF%E7%94%A8%E6%88%90%E5%93%81.docx,https://docs.google.com/document/d/1U7Atm-755cQ-H5rtoZnBZg_P1nP35ZjZ/edit?usp=drivesdk&ouid=100902538427811382504&rtpof=true&sd=true,03f10fa2bba8da7ec7da9ce978d6a2d49ebdd17d1b29f275fb2aa352cfeaba6d
16,I16-E02,訓練異常處理方法、 紀錄與工具。,5,0070,0070__I16-E02__01__訓練異常處理程序與工具.docx,可補充看示範；先不要當成已完成佐證,異常處理步驟與資料匯入重複的合成案例完整。,8種角色及資料匯入等情境較複雜，部分操作表仍待填，未核定且無真實事件；可補充方法，優先看0071。,否；不能用合成示範當實績,擷取正文第3行：我們怎麼做？①受理異常並判斷影響；②先控制風險並記錄事實；③找出有證據支持的原因並安排改善；④檢查效果後由有權者結案。　責任：通報、處理、驗證及核准角色待協會核定。目前狀態：程序草案及合成案件示例；未核定，也沒有協會實際事件紀錄。；擷取正文第23行：發現／通報角色 | 描述發現時間、位置、實際觀察與初步證據；通知訓練作業承辦。 | 只記錄觀察事實；不自行推定根因或宣告結案。姓名、職務、日期待填。,本次未逐頁核對,04_全部文件與歷次版本/TTQS_GPT6_ASTRA_FULL_HANDOFF_20260925/17/1607_0070__I16-E02__01__訓練異常處理程序與工具.docx,https://github.com/PT-Original-Point/ttqs-one/blob/submission-20261005-222304/%E9%80%81%E5%AF%A9%E8%B3%87%E6%96%99/04_%E5%85%A8%E9%83%A8%E6%96%87%E4%BB%B6%E8%88%87%E6%AD%B7%E6%AC%A1%E7%89%88%E6%9C%AC/TTQS_GPT6_ASTRA_FULL_HANDOFF_20260925/17/1607_0070__I16-E02__01__%E8%A8%93%E7%B7%B4%E7%95%B0%E5%B8%B8%E8%99%95%E7%90%86%E7%A8%8B%E5%BA%8F%E8%88%87%E5%B7%A5%E5%85%B7.docx,https://docs.google.com/document/d/1AlomROw6FKOzlLwEitxhHsfGwyPv9jBH/edit?usp=drivesdk&ouid=100902538427811382504&rtpof=true&sd=true,a535521192864f8fc0a9d922918f454b983649fec52de83ba8a317de00765a17
16,I16-E02,訓練異常處理方法、 紀錄與工具。,5,0071,0071__異常通報暨CAPA矯正預防紀錄.docx,可優先看方法示範；不是實績勾選認證,有通報、原因、修正、預防、期限及再次確認的完整示例；12件核對及兩批追蹤可重算。,未取得真實異常案例或核定程序；本次正文核對完成，僅找到同版第3頁既有畫面核對紀錄，未完成7頁全部畫面重查。,否；不能用合成示範當實績,,僅同版第3頁既有核對；其餘頁未重查,04_全部文件與歷次版本/TTQS_ONE_CODEX_RUNTIME/21/2098_0071__異常通報暨CAPA矯正預防紀錄.docx,https://github.com/PT-Original-Point/ttqs-one/blob/submission-20261005-222304/%E9%80%81%E5%AF%A9%E8%B3%87%E6%96%99/04_%E5%85%A8%E9%83%A8%E6%96%87%E4%BB%B6%E8%88%87%E6%AD%B7%E6%AC%A1%E7%89%88%E6%9C%AC/TTQS_ONE_CODEX_RUNTIME/21/2098_0071__%E7%95%B0%E5%B8%B8%E9%80%9A%E5%A0%B1%E6%9A%A8CAPA%E7%9F%AF%E6%AD%A3%E9%A0%90%E9%98%B2%E7%B4%80%E9%8C%84.docx,https://docs.google.com/document/d/1vUHqhNj0W7cyhjKJoPnkEGfO0aDJ6xlj/edit?usp=drivesdk&ouid=100902538427811382504&rtpof=true&sd=true,334ed51f437331605fa291c153a6726c1fc05a74d29cf057ad66747512c43065
16,I16-E03,訓練的內外稽核流程與紀錄。,5,0072,0072__I16-E03__01__訓練的內外稽核流程與紀錄_可直接使用成品.docx,先不要勾為完整紀錄,有稽核流程文字，但計畫、稽核員、日期、發現與改善均待填。,需實際內部稽核計畫、查核表、缺失與再查結果；外部稽核須附實際外部報告。,否；不能用合成示範當實績,擷取正文第4行：工作稿｜真實資料與核定待補；空白不代表稽核、課程、問卷、回饋、改善或成果已發生，也不表示核准、聘任或證明已取得。；擷取正文第10行：目前狀態 | 只有官方查核要求及空白工作稿；協會現行作法、紀錄、核定與成果均待查證或補入。,本次未逐頁核對,04_全部文件與歷次版本/TTQS_GPT6_ASTRA_FULL_HANDOFF_20260925/17/1609_0072__I16-E03__01__訓練的內外稽核流程與紀錄_可直接使用成品.docx,https://github.com/PT-Original-Point/ttqs-one/blob/submission-20261005-222304/%E9%80%81%E5%AF%A9%E8%B3%87%E6%96%99/04_%E5%85%A8%E9%83%A8%E6%96%87%E4%BB%B6%E8%88%87%E6%AD%B7%E6%AC%A1%E7%89%88%E6%9C%AC/TTQS_GPT6_ASTRA_FULL_HANDOFF_20260925/17/1609_0072__I16-E03__01__%E8%A8%93%E7%B7%B4%E7%9A%84%E5%85%A7%E5%A4%96%E7%A8%BD%E6%A0%B8%E6%B5%81%E7%A8%8B%E8%88%87%E7%B4%80%E9%8C%84_%E5%8F%AF%E7%9B%B4%E6%8E%A5%E4%BD%BF%E7%94%A8%E6%88%90%E5%93%81.docx,https://docs.google.com/document/d/1w2315ioqrQAd7rGXH2OeJyG5QSSqkuB3/edit?usp=drivesdk&ouid=100902538427811382504&rtpof=true&sd=true,c215fc2671fff106c6d8cb41da1161f5218443b6d6b678c2c8a0429a2181f504
17,I17A-E01,課後滿意度調查分析與課後檢討講師、學員、人資、部門主管等利益關係人的建議回饋紀錄。,5,0073,0073__I17A-E01__01__課後滿意度調查分析與課後檢討講師、學員、人資_可直接使用成品.docx,先不要勾為完整紀錄,正文仍有未提供或待填的主要紀錄；未確認本項已形成完整實際證據。,按該格官方要求取得真實原始資料與核定、執行或結果紀錄。,否；不能用合成示範當實績,擷取正文第4行：工作稿｜尚待填入本會真實資料並完成審議核定；不代表課程已辦理、流程已核准、聘任已成立、證明已取得或成果已發生。；擷取正文第10行：目前狀態 | 只有官方查核要求及空白工作稿；協會現行作法、紀錄、核定與成果均待查證或補入。,本次未逐頁核對,04_全部文件與歷次版本/TTQS_GPT6_ASTRA_FULL_HANDOFF_20260925/17/1628_0073__I17A-E01__01__課後滿意度調查分析與課後檢討講師、學員、人資_可直接使用成品.docx,https://github.com/PT-Original-Point/ttqs-one/blob/submission-20261005-222304/%E9%80%81%E5%AF%A9%E8%B3%87%E6%96%99/04_%E5%85%A8%E9%83%A8%E6%96%87%E4%BB%B6%E8%88%87%E6%AD%B7%E6%AC%A1%E7%89%88%E6%9C%AC/TTQS_GPT6_ASTRA_FULL_HANDOFF_20260925/17/1628_0073__I17A-E01__01__%E8%AA%B2%E5%BE%8C%E6%BB%BF%E6%84%8F%E5%BA%A6%E8%AA%BF%E6%9F%A5%E5%88%86%E6%9E%90%E8%88%87%E8%AA%B2%E5%BE%8C%E6%AA%A2%E8%A8%8E%E8%AC%9B%E5%B8%AB%E3%80%81%E5%AD%B8%E5%93%A1%E3%80%81%E4%BA%BA%E8%B3%87_%E5%8F%AF%E7%9B%B4%E6%8E%A5%E4%BD%BF%E7%94%A8%E6%88%90%E5%93%81.docx,https://docs.google.com/document/d/1Za8TzFAja3a0TSkYpGAMXCQ2mtiIeefE/edit?usp=drivesdk&ouid=100902538427811382504&rtpof=true&sd=true,5ffce97e472c7bcd3e6b37f92a64a4973d791721472168fc246a31864c3bcb73
17,I17A-E02,課程結案報告（含問卷調查統計分析、課程規劃紀錄等含對後續課程的開課建議事項）。,5,0074,0074__I17A-E02__01__課程結案報告（含問卷調查統計分析、課程規劃紀_可直接使用成品.docx,先不要勾為完整紀錄,正文仍有未提供或待填的主要紀錄；未確認本項已形成完整實際證據。,按該格官方要求取得真實原始資料與核定、執行或結果紀錄。,否；不能用合成示範當實績,擷取正文第4行：工作稿｜尚待填入本會真實資料並完成審議核定；不代表課程已辦理、流程已核准、聘任已成立、證明已取得或成果已發生。；擷取正文第10行：目前狀態 | 只有官方查核要求及空白工作稿；協會現行作法、紀錄、核定與成果均待查證或補入。,本次未逐頁核對,04_全部文件與歷次版本/TTQS_GPT6_ASTRA_FULL_HANDOFF_20260925/17/1629_0074__I17A-E02__01__課程結案報告（含問卷調查統計分析、課程規劃紀_可直接使用成品.docx,https://github.com/PT-Original-Point/ttqs-one/blob/submission-20261005-222304/%E9%80%81%E5%AF%A9%E8%B3%87%E6%96%99/04_%E5%85%A8%E9%83%A8%E6%96%87%E4%BB%B6%E8%88%87%E6%AD%B7%E6%AC%A1%E7%89%88%E6%9C%AC/TTQS_GPT6_ASTRA_FULL_HANDOFF_20260925/17/1629_0074__I17A-E02__01__%E8%AA%B2%E7%A8%8B%E7%B5%90%E6%A1%88%E5%A0%B1%E5%91%8A%EF%BC%88%E5%90%AB%E5%95%8F%E5%8D%B7%E8%AA%BF%E6%9F%A5%E7%B5%B1%E8%A8%88%E5%88%86%E6%9E%90%E3%80%81%E8%AA%B2%E7%A8%8B%E8%A6%8F%E5%8A%83%E7%B4%80_%E5%8F%AF%E7%9B%B4%E6%8E%A5%E4%BD%BF%E7%94%A8%E6%88%90%E5%93%81.docx,https://docs.google.com/document/d/1Sf0IzDA6sI0c9mWU_c0v0Z8i0Hq3ZB4X/edit?usp=drivesdk&ouid=100902538427811382504&rtpof=true&sd=true,6b6754916307bfc756b6fa5cbeb196710d522baef1b2400d63bb6bd8eda7befb
17,I17A-E03,依反應評估進行課程改善的行動方案。）,5,0075,0075__I17A-E03__01__依反應評估進行課程改善的行動方案。）_分析報告.docx,先不要勾為完整紀錄,正文仍有未提供或待填的主要紀錄；未確認本項已形成完整實際證據。,按該格官方要求取得真實原始資料與核定、執行或結果紀錄。,否；不能用合成示範當實績,擷取正文第4行：工作稿｜尚待填入本會真實資料並完成審議核定；不代表課程已辦理、流程已核准、聘任已成立、證明已取得或成果已發生。；擷取正文第8行：怎麼使用 | 由具體回饋或問卷資料提出行動；沒有資料時保留待填，不預判成果。,本次未逐頁核對,04_全部文件與歷次版本/TTQS_GPT6_ASTRA_FULL_HANDOFF_20260925/17/1610_0075__I17A-E03__01__依反應評估進行課程改善的行動方案。）_分析報告.docx,https://github.com/PT-Original-Point/ttqs-one/blob/submission-20261005-222304/%E9%80%81%E5%AF%A9%E8%B3%87%E6%96%99/04_%E5%85%A8%E9%83%A8%E6%96%87%E4%BB%B6%E8%88%87%E6%AD%B7%E6%AC%A1%E7%89%88%E6%9C%AC/TTQS_GPT6_ASTRA_FULL_HANDOFF_20260925/17/1610_0075__I17A-E03__01__%E4%BE%9D%E5%8F%8D%E6%87%89%E8%A9%95%E4%BC%B0%E9%80%B2%E8%A1%8C%E8%AA%B2%E7%A8%8B%E6%94%B9%E5%96%84%E7%9A%84%E8%A1%8C%E5%8B%95%E6%96%B9%E6%A1%88%E3%80%82%EF%BC%89_%E5%88%86%E6%9E%90%E5%A0%B1%E5%91%8A.docx,https://docs.google.com/document/d/18ssgPa3SR8P_xcZeC6JNViVv39XBBOki/edit?usp=drivesdk&ouid=100902538427811382504&rtpof=true&sd=true,07e3f3d65dccaa56bb7b3ccfaf24ce58b344389460db4b2c7976b1080b78c7f1
17,I17B-E01,考試紀錄、學員心得報告、照片與紀錄、訓後學員職涯規劃建議表。,6,0076,0076__指標17b_考試暨實作評量紀錄.docx,可補充看示範；先不要當成已完成佐證,4人筆試及實作分项、判定和2/4雙項通過可重算。,設備操作課並非本會已確認課程；官方同一格還含心得、照片及職涯建議，本件不齊全且無真實試卷；畫面未重查。,否；不能用合成示範當實績,擷取正文第87行：心得是自陳摘要；未提供真實訓後追蹤，因此不能證明行為持續改變或帶來組織成果。；擷取正文第93行：第二階段課程調整 | 練習有幫助，異常示範仍可調整 | 3份樣例回覆提及操作步驟；2份提及放慢異常處置示範。 | 心得彙總分母4份；未提供逐人原文。 | 僅為自陳主題示例；沒有因果或訓後成效證據。,本次未逐頁核對,04_全部文件與歷次版本/TTQS_ONE_CODEX_RUNTIME/21/2092_0076__指標17b_考試暨實作評量紀錄.docx,https://github.com/PT-Original-Point/ttqs-one/blob/submission-20261005-222304/%E9%80%81%E5%AF%A9%E8%B3%87%E6%96%99/04_%E5%85%A8%E9%83%A8%E6%96%87%E4%BB%B6%E8%88%87%E6%AD%B7%E6%AC%A1%E7%89%88%E6%9C%AC/TTQS_ONE_CODEX_RUNTIME/21/2092_0076__%E6%8C%87%E6%A8%9917b_%E8%80%83%E8%A9%A6%E6%9A%A8%E5%AF%A6%E4%BD%9C%E8%A9%95%E9%87%8F%E7%B4%80%E9%8C%84.docx,https://docs.google.com/document/d/1vwkLrizwlw8PRAdOlolnWKTeIrR99LCx/edit?usp=drivesdk&ouid=100902538427811382504&rtpof=true&sd=true,f0099863f55cd9a180b502c1fc5d03b303aa8ea38b14b74f4783afdb2b8e4471
17,I17B-E01,考試紀錄、學員心得報告、照片與紀錄、訓後學員職涯規劃建議表。,6,0077,0077__I17B-E01__02__指標17b_學員學習心得報告.docx,先不要勾為完整紀錄,正文仍有未提供或待填的主要紀錄；未確認本項已形成完整實際證據。,按該格官方要求取得真實原始資料與核定、執行或結果紀錄。,否；不能用合成示範當實績,擷取正文第3行：我們怎麼做？①由學員本人填寫；②分清已發生的經驗與未來計畫；③附上可查的作品或評量位置；④由指定人員核對收件與完整性。　責任：心得由學員本人填寫；收件及覆核角色待指定。目前狀態：目前沒有學員本人填寫或確認；附頁文字只是合成情境示例。；擷取正文第7行：機構社團法人屏東縣原始點關懷協會 | 表單用途個別學員反思 | 狀態待填／待本人確認 | 核定／簽章尚未提供,本次未逐頁核對,04_全部文件與歷次版本/TTQS_GPT6_ASTRA_FULL_HANDOFF_20260925/17/1627_0077__I17B-E01__02__指標17b_學員學習心得報告.docx,https://github.com/PT-Original-Point/ttqs-one/blob/submission-20261005-222304/%E9%80%81%E5%AF%A9%E8%B3%87%E6%96%99/04_%E5%85%A8%E9%83%A8%E6%96%87%E4%BB%B6%E8%88%87%E6%AD%B7%E6%AC%A1%E7%89%88%E6%9C%AC/TTQS_GPT6_ASTRA_FULL_HANDOFF_20260925/17/1627_0077__I17B-E01__02__%E6%8C%87%E6%A8%9917b_%E5%AD%B8%E5%93%A1%E5%AD%B8%E7%BF%92%E5%BF%83%E5%BE%97%E5%A0%B1%E5%91%8A.docx,https://docs.google.com/document/d/1KegoojVSoqLq0u0mf9lm3Oq9ldykfT1G/edit?usp=drivesdk&ouid=100902538427811382504&rtpof=true&sd=true,3f7287b1e7cc23b8143b4fedadb75f27ba6eac96a35691d92016aab21bd7a6a7
17,I17B-E01,考試紀錄、學員心得報告、照片與紀錄、訓後學員職涯規劃建議表。,6,0078,0078__I17B-E01__03__指標17b_課程照片暨活動紀錄表.docx,先不要勾為完整紀錄,正文明寫尚未提供活動或照片原件，空白表不代表課程已發生。,需真實且可合法使用的照片、課程日期、說明、原始來源與活動紀錄。,否；不能用合成示範當實績,擷取正文第3行：我們怎麼做？①記錄真實活動與課程單元；②登錄原始照片或影片來源；③核對同意及個資處理範圍；④保存原件並記錄覆核結果。　責任：活動承辦、資料保管及影像覆核角色待指定。目前狀態：尚未提供協會活動原件或照片；空白表單不代表課程、拍攝或活動已發生。；擷取正文第5行：文件狀態：合成示範稿（空白工作稿；不含模擬班次、活動、人物、日期、影像、核准或結果）。原始影像狀態：尚待補入正式原始資料（待取得）。,本次未逐頁核對,04_全部文件與歷次版本/TTQS_GPT6_ASTRA_FULL_HANDOFF_20260925/17/1611_0078__I17B-E01__03__指標17b_課程照片暨活動紀錄表.docx,https://github.com/PT-Original-Point/ttqs-one/blob/submission-20261005-222304/%E9%80%81%E5%AF%A9%E8%B3%87%E6%96%99/04_%E5%85%A8%E9%83%A8%E6%96%87%E4%BB%B6%E8%88%87%E6%AD%B7%E6%AC%A1%E7%89%88%E6%9C%AC/TTQS_GPT6_ASTRA_FULL_HANDOFF_20260925/17/1611_0078__I17B-E01__03__%E6%8C%87%E6%A8%9917b_%E8%AA%B2%E7%A8%8B%E7%85%A7%E7%89%87%E6%9A%A8%E6%B4%BB%E5%8B%95%E7%B4%80%E9%8C%84%E8%A1%A8.docx,https://docs.google.com/document/d/1_m4xEXLNxnDrG4b_J2w0_uhK1KdAnyoB/edit?usp=drivesdk&ouid=100902538427811382504&rtpof=true&sd=true,e7f950b3db396532c43af2131d4b29f32f129864268e79f1c1ca83065f5e4ea1
17,I17B-E01,考試紀錄、學員心得報告、照片與紀錄、訓後學員職涯規劃建議表。,6,0079,0079__I17B-E01__04__指標17b_訓後學員職涯規劃建議表.docx,先不要勾為完整紀錄,正文仍有未提供或待填的主要紀錄；未確認本項已形成完整實際證據。,按該格官方要求取得真實原始資料與核定、執行或結果紀錄。,否；不能用合成示範當實績,擷取正文第5行：我們怎麼做？①由學員確認基線與目標；②討論核心方向或其他合適學習選項；③共同訂出可檢視的行動；④按約定時間記錄追蹤及調整。　責任：學員提供本人資料；規劃及追蹤角色待實際安排。目前狀態：可填寫工作稿；未提供真實學員資料，附示意案例不是協會學員成果。；擷取正文第26行：目前狀態 | [ ] 在職　[ ] 求職　[ ] 在學　[ ] 轉職準備　[ ] 其他：____ | 待本人確認,本次未逐頁核對,04_全部文件與歷次版本/TTQS_GPT6_ASTRA_FULL_HANDOFF_20260925/17/1612_0079__I17B-E01__04__指標17b_訓後學員職涯規劃建議表.docx,https://github.com/PT-Original-Point/ttqs-one/blob/submission-20261005-222304/%E9%80%81%E5%AF%A9%E8%B3%87%E6%96%99/04_%E5%85%A8%E9%83%A8%E6%96%87%E4%BB%B6%E8%88%87%E6%AD%B7%E6%AC%A1%E7%89%88%E6%9C%AC/TTQS_GPT6_ASTRA_FULL_HANDOFF_20260925/17/1612_0079__I17B-E01__04__%E6%8C%87%E6%A8%9917b_%E8%A8%93%E5%BE%8C%E5%AD%B8%E5%93%A1%E8%81%B7%E6%B6%AF%E8%A6%8F%E5%8A%83%E5%BB%BA%E8%AD%B0%E8%A1%A8.docx,https://docs.google.com/document/d/1zGpGuV_egBJBCWSeeuOb5nwEjd-ArlO2/edit?usp=drivesdk&ouid=100902538427811382504&rtpof=true&sd=true,4721aa76177012a2f27817ddb6f687f420febe1d9768d97670bf00d04d78fa26
17,I17B-E02,對課程評量及學員建議進行檢討與紀錄。,6,0080,0080__I17B-E02__01__對課程評量及學員建議進行檢討與紀錄_可直接使用成品.docx,先不要勾為完整紀錄,正文仍有未提供或待填的主要紀錄；未確認本項已形成完整實際證據。,按該格官方要求取得真實原始資料與核定、執行或結果紀錄。,否；不能用合成示範當實績,擷取正文第4行：工作稿｜尚待填入本會真實資料並完成審議核定；不代表課程已辦理、流程已核准、聘任已成立、證明已取得或成果已發生。；擷取正文第10行：目前狀態 | 只有官方查核要求及空白工作稿；協會現行作法、紀錄、核定與成果均待查證或補入。,本次未逐頁核對,04_全部文件與歷次版本/TTQS_GPT6_ASTRA_FULL_HANDOFF_20260925/17/1613_0080__I17B-E02__01__對課程評量及學員建議進行檢討與紀錄_可直接使用成品.docx,https://github.com/PT-Original-Point/ttqs-one/blob/submission-20261005-222304/%E9%80%81%E5%AF%A9%E8%B3%87%E6%96%99/04_%E5%85%A8%E9%83%A8%E6%96%87%E4%BB%B6%E8%88%87%E6%AD%B7%E6%AC%A1%E7%89%88%E6%9C%AC/TTQS_GPT6_ASTRA_FULL_HANDOFF_20260925/17/1613_0080__I17B-E02__01__%E5%B0%8D%E8%AA%B2%E7%A8%8B%E8%A9%95%E9%87%8F%E5%8F%8A%E5%AD%B8%E5%93%A1%E5%BB%BA%E8%AD%B0%E9%80%B2%E8%A1%8C%E6%AA%A2%E8%A8%8E%E8%88%87%E7%B4%80%E9%8C%84_%E5%8F%AF%E7%9B%B4%E6%8E%A5%E4%BD%BF%E7%94%A8%E6%88%90%E5%93%81.docx,https://docs.google.com/document/d/1O6_Bxe3aZs76cOcIj_DPW9c4o2v68_e8/edit?usp=drivesdk&ouid=100902538427811382504&rtpof=true&sd=true,20282680e784152a6e9fa338cac32905f153f226d149395a896c6b2f0511dbb3
17,I17B-E03,結案報告書、課後訓練機構的課程檢討行動計畫查核紀錄。,6,0081,0081__I17B-E03__01__結案報告書、課後訓練機構的課程檢討行動計畫查_可直接使用成品.docx,先不要勾為完整紀錄,正文仍有未提供或待填的主要紀錄；未確認本項已形成完整實際證據。,按該格官方要求取得真實原始資料與核定、執行或結果紀錄。,否；不能用合成示範當實績,擷取正文第10行：真實資料與待補 | 本會尚未提供可填入的班次、日期、學員、成績、收支或課後回饋。本稿是空白報告格式，不表示課程已辦理。；擷取正文第53行：核定計畫、目標與班次資料 | [待補原件] | [待填] | [待填] | [待補],本次未逐頁核對,04_全部文件與歷次版本/TTQS_GPT6_ASTRA_FULL_HANDOFF_20260925/17/1614_0081__I17B-E03__01__結案報告書、課後訓練機構的課程檢討行動計畫查_可直接使用成品.docx,https://github.com/PT-Original-Point/ttqs-one/blob/submission-20261005-222304/%E9%80%81%E5%AF%A9%E8%B3%87%E6%96%99/04_%E5%85%A8%E9%83%A8%E6%96%87%E4%BB%B6%E8%88%87%E6%AD%B7%E6%AC%A1%E7%89%88%E6%9C%AC/TTQS_GPT6_ASTRA_FULL_HANDOFF_20260925/17/1614_0081__I17B-E03__01__%E7%B5%90%E6%A1%88%E5%A0%B1%E5%91%8A%E6%9B%B8%E3%80%81%E8%AA%B2%E5%BE%8C%E8%A8%93%E7%B7%B4%E6%A9%9F%E6%A7%8B%E7%9A%84%E8%AA%B2%E7%A8%8B%E6%AA%A2%E8%A8%8E%E8%A1%8C%E5%8B%95%E8%A8%88%E7%95%AB%E6%9F%A5_%E5%8F%AF%E7%9B%B4%E6%8E%A5%E4%BD%BF%E7%94%A8%E6%88%90%E5%93%81.docx,https://docs.google.com/document/d/1mur_MTDa2JfZ2HbvF0yOzfKsFETFZ-ct/edit?usp=drivesdk&ouid=100902538427811382504&rtpof=true&sd=true,1ecd4cf90c6c09dfbb8bd821e8354b1ab184c4c70c215f3e56d900cd0b350133
17,I17C-E01,學員訓後動態調查表。,6,0082,0082__I17C-E01__01__學員訓後動態調查表_可直接使用成品.docx,先不要勾為完整紀錄,正文仍有未提供或待填的主要紀錄；未確認本項已形成完整實際證據。,按該格官方要求取得真實原始資料與核定、執行或結果紀錄。,否；不能用合成示範當實績,擷取正文第18行：追蹤時點 | □課後30日　□60日　□90日　□180日　□其他：[待填]；擷取正文第36行：最有幫助且已能應用的內容？ | [待填；可不回答],本次未逐頁核對,04_全部文件與歷次版本/TTQS_GPT6_ASTRA_FULL_HANDOFF_20260925/17/1615_0082__I17C-E01__01__學員訓後動態調查表_可直接使用成品.docx,https://github.com/PT-Original-Point/ttqs-one/blob/submission-20261005-222304/%E9%80%81%E5%AF%A9%E8%B3%87%E6%96%99/04_%E5%85%A8%E9%83%A8%E6%96%87%E4%BB%B6%E8%88%87%E6%AD%B7%E6%AC%A1%E7%89%88%E6%9C%AC/TTQS_GPT6_ASTRA_FULL_HANDOFF_20260925/17/1615_0082__I17C-E01__01__%E5%AD%B8%E5%93%A1%E8%A8%93%E5%BE%8C%E5%8B%95%E6%85%8B%E8%AA%BF%E6%9F%A5%E8%A1%A8_%E5%8F%AF%E7%9B%B4%E6%8E%A5%E4%BD%BF%E7%94%A8%E6%88%90%E5%93%81.docx,https://docs.google.com/document/d/1GzjhhO6nJrgPJQ7onyAZ3C83D3AOYAof/edit?usp=drivesdk&ouid=100902538427811382504&rtpof=true&sd=true,b39562e77310ee15dee690076530d50360ea866e49b1d115136c6caf8a057eae
17,I17C-E02,參訓學員的學習成果實施行動計畫表追蹤紀錄。,6,0083,0083__I17C-E02__01__參訓學員的學習成果實施行動計畫表追蹤紀錄_可直接使用成品.docx,先不要勾為完整紀錄,正文仍有未提供或待填的主要紀錄；未確認本項已形成完整實際證據。,按該格官方要求取得真實原始資料與核定、執行或結果紀錄。,否；不能用合成示範當實績,擷取正文第45行：行動目標與追蹤回覆 | [待補原件／同意範圍] | [待填] | [待填] | [待補]；擷取正文第46行：工作成果或其他佐證 | [待補；避免蒐集無關個資] | [待填] | [待填] | [待補],本次未逐頁核對,04_全部文件與歷次版本/TTQS_GPT6_ASTRA_FULL_HANDOFF_20260925/17/1616_0083__I17C-E02__01__參訓學員的學習成果實施行動計畫表追蹤紀錄_可直接使用成品.docx,https://github.com/PT-Original-Point/ttqs-one/blob/submission-20261005-222304/%E9%80%81%E5%AF%A9%E8%B3%87%E6%96%99/04_%E5%85%A8%E9%83%A8%E6%96%87%E4%BB%B6%E8%88%87%E6%AD%B7%E6%AC%A1%E7%89%88%E6%9C%AC/TTQS_GPT6_ASTRA_FULL_HANDOFF_20260925/17/1616_0083__I17C-E02__01__%E5%8F%83%E8%A8%93%E5%AD%B8%E5%93%A1%E7%9A%84%E5%AD%B8%E7%BF%92%E6%88%90%E6%9E%9C%E5%AF%A6%E6%96%BD%E8%A1%8C%E5%8B%95%E8%A8%88%E7%95%AB%E8%A1%A8%E8%BF%BD%E8%B9%A4%E7%B4%80%E9%8C%84_%E5%8F%AF%E7%9B%B4%E6%8E%A5%E4%BD%BF%E7%94%A8%E6%88%90%E5%93%81.docx,https://docs.google.com/document/d/1nUpGoLdcu7RQekXTbImk8eznjNo0JXQN/edit?usp=drivesdk&ouid=100902538427811382504&rtpof=true&sd=true,17d0278b05070d7ae8965951713d6b67632e277ad302a6e13ce69c1c3c54f926
17,I17C-E03,派訓單位主管對參訓學員的學習成效評估表。,6,0084,0084__I17C-E03__01__派訓單位主管對參訓學員的學習成效評估表_可直接使用成品.docx,先不要勾為完整紀錄,正文仍有未提供或待填的主要紀錄；未確認本項已形成完整實際證據。,按該格官方要求取得真實原始資料與核定、執行或結果紀錄。,否；不能用合成示範當實績,擷取正文第26行：理解工作相關知識並能說明 | □ | □ | □ | □ | □ | □ | [待填]；擷取正文第27行：依步驟完成相關工作任務 | □ | □ | □ | □ | □ | □ | [待填],本次未逐頁核對,04_全部文件與歷次版本/TTQS_GPT6_ASTRA_FULL_HANDOFF_20260925/17/1617_0084__I17C-E03__01__派訓單位主管對參訓學員的學習成效評估表_可直接使用成品.docx,https://github.com/PT-Original-Point/ttqs-one/blob/submission-20261005-222304/%E9%80%81%E5%AF%A9%E8%B3%87%E6%96%99/04_%E5%85%A8%E9%83%A8%E6%96%87%E4%BB%B6%E8%88%87%E6%AD%B7%E6%AC%A1%E7%89%88%E6%9C%AC/TTQS_GPT6_ASTRA_FULL_HANDOFF_20260925/17/1617_0084__I17C-E03__01__%E6%B4%BE%E8%A8%93%E5%96%AE%E4%BD%8D%E4%B8%BB%E7%AE%A1%E5%B0%8D%E5%8F%83%E8%A8%93%E5%AD%B8%E5%93%A1%E7%9A%84%E5%AD%B8%E7%BF%92%E6%88%90%E6%95%88%E8%A9%95%E4%BC%B0%E8%A1%A8_%E5%8F%AF%E7%9B%B4%E6%8E%A5%E4%BD%BF%E7%94%A8%E6%88%90%E5%93%81.docx,https://docs.google.com/document/d/1g8JA1Q04iiAnx1Aw8UoItuX9mFUZQRzZ/edit?usp=drivesdk&ouid=100902538427811382504&rtpof=true&sd=true,3d5819b067d92c04d2f6b54305f623c37e8b870b4ac0822549797d66a846d34c
17,I17C-E04,知識管理社群討論。,6,0085,0085__I17C-E04__01__知識管理社群討論.docx,先不要勾為完整紀錄,正文仍有未提供或待填的主要紀錄；未確認本項已形成完整實際證據。,按該格官方要求取得真實原始資料與核定、執行或結果紀錄。,否；不能用合成示範當實績,擷取正文第49行：社群討論與決議 | [待補：實際紀錄] | [待填] | [待填] | [待補]；擷取正文第50行：知識文件及版本 | [待補：原始檔案] | [待填] | [待填] | [待補],本次未逐頁核對,04_全部文件與歷次版本/TTQS_GPT6_ASTRA_FULL_HANDOFF_20260925/17/1618_0085__I17C-E04__01__知識管理社群討論.docx,https://github.com/PT-Original-Point/ttqs-one/blob/submission-20261005-222304/%E9%80%81%E5%AF%A9%E8%B3%87%E6%96%99/04_%E5%85%A8%E9%83%A8%E6%96%87%E4%BB%B6%E8%88%87%E6%AD%B7%E6%AC%A1%E7%89%88%E6%9C%AC/TTQS_GPT6_ASTRA_FULL_HANDOFF_20260925/17/1618_0085__I17C-E04__01__%E7%9F%A5%E8%AD%98%E7%AE%A1%E7%90%86%E7%A4%BE%E7%BE%A4%E8%A8%8E%E8%AB%96.docx,https://docs.google.com/document/d/1R7rVgnDueNy5XUgFZZeA1yrnoxSYvLkh/edit?usp=drivesdk&ouid=100902538427811382504&rtpof=true&sd=true,4a51b62512f6868d71bfe9568a4712b13fa52cdeaad8fd28bde8fcdde7fac577
17,I17C-E05,神秘客實地稽核（外部稽核）課後機制等。,6,0086,0086__I17C-E05__01__神秘客實地稽核（外部稽核）課後機制等.docx,先不要勾為完整紀錄,正文仍有未提供或待填的主要紀錄；未確認本項已形成完整實際證據。,按該格官方要求取得真實原始資料與核定、執行或結果紀錄。,否；不能用合成示範當實績,擷取正文第48行：核定計畫與外部報告 | [待補；未執行時註明未執行] | [待填] | [待填] | [待補]；擷取正文第49行：改善措施與驗證 | [待補原件] | [待填] | [待填] | [待補],本次未逐頁核對,04_全部文件與歷次版本/TTQS_GPT6_ASTRA_FULL_HANDOFF_20260925/17/1619_0086__I17C-E05__01__神秘客實地稽核（外部稽核）課後機制等.docx,https://github.com/PT-Original-Point/ttqs-one/blob/submission-20261005-222304/%E9%80%81%E5%AF%A9%E8%B3%87%E6%96%99/04_%E5%85%A8%E9%83%A8%E6%96%87%E4%BB%B6%E8%88%87%E6%AD%B7%E6%AC%A1%E7%89%88%E6%9C%AC/TTQS_GPT6_ASTRA_FULL_HANDOFF_20260925/17/1619_0086__I17C-E05__01__%E7%A5%9E%E7%A7%98%E5%AE%A2%E5%AF%A6%E5%9C%B0%E7%A8%BD%E6%A0%B8%EF%BC%88%E5%A4%96%E9%83%A8%E7%A8%BD%E6%A0%B8%EF%BC%89%E8%AA%B2%E5%BE%8C%E6%A9%9F%E5%88%B6%E7%AD%89.docx,https://docs.google.com/document/d/1Pv4tuoobM6C_i5Ze1U4YTBATtaBb-JgO/edit?usp=drivesdk&ouid=100902538427811382504&rtpof=true&sd=true,c1cc88b41c124bd3c8b1e6ef7da574582069086a2affa668b2dd598808d06d06
17,I17D-E01,訓後調查表。,6,0087,0087__訓後成果追蹤調查表.docx,可補充看示範；先不要當成已完成佐證,5人邀請、4份回覆、逐題分數及改善建議可重算。,數位表單課是通用合成案例；自述使用不能當成客觀成果，未附真實問卷或工作紀錄；畫面未重查。,否；不能用合成示範當實績,擷取正文第25行：使用界線：本例只呈現匿名角色與合成回答。未提供實際機構名稱、真實班次名冊、正式問卷回覆或工作成果原件；轉為 真實 前，請依第8節的替換清單逐項取得並覆核真實原件。；擷取正文第68行：開放題一　請描述一個訓後能力或行為改變的例子；若有可核對資料，說明其位置，沒有則如實填寫。 | 文字回答；只記錄學員自述。未提供原件時不得改稱已查證成果。,本次未逐頁核對,04_全部文件與歷次版本/TTQS_ONE_CODEX_RUNTIME/21/2096_0087__訓後成果追蹤調查表.docx,https://github.com/PT-Original-Point/ttqs-one/blob/submission-20261005-222304/%E9%80%81%E5%AF%A9%E8%B3%87%E6%96%99/04_%E5%85%A8%E9%83%A8%E6%96%87%E4%BB%B6%E8%88%87%E6%AD%B7%E6%AC%A1%E7%89%88%E6%9C%AC/TTQS_ONE_CODEX_RUNTIME/21/2096_0087__%E8%A8%93%E5%BE%8C%E6%88%90%E6%9E%9C%E8%BF%BD%E8%B9%A4%E8%AA%BF%E6%9F%A5%E8%A1%A8.docx,https://docs.google.com/document/d/1pCIfeCi7tPU0pdM6H5KymwXz5tBbgPWf/edit?usp=drivesdk&ouid=100902538427811382504&rtpof=true&sd=true,5409c06717ff75f65f1f24c1257a1bfe5795f8a82131acc0f4706180fa67db5a
17,I17D-E02,就業及考照追蹤紀錄。,6,0088,0088__I17D-E02__01__就業及考照追蹤紀錄_可直接使用成品.docx,先不要勾為完整紀錄,正文仍有未提供或待填的主要紀錄；未確認本項已形成完整實際證據。,按該格官方要求取得真實原始資料與核定、執行或結果紀錄。,否；不能用合成示範當實績,擷取正文第10行：真實資料與待補 | 本會尚未提供學員、就業、報考或證照原始資料。本表不表示已招生、就業、報考或考取。；擷取正文第18行：追蹤時點／追蹤日期 | □30日　□90日　□180日　□其他：[待填],本次未逐頁核對,04_全部文件與歷次版本/TTQS_GPT6_ASTRA_FULL_HANDOFF_20260925/17/1621_0088__I17D-E02__01__就業及考照追蹤紀錄_可直接使用成品.docx,https://github.com/PT-Original-Point/ttqs-one/blob/submission-20261005-222304/%E9%80%81%E5%AF%A9%E8%B3%87%E6%96%99/04_%E5%85%A8%E9%83%A8%E6%96%87%E4%BB%B6%E8%88%87%E6%AD%B7%E6%AC%A1%E7%89%88%E6%9C%AC/TTQS_GPT6_ASTRA_FULL_HANDOFF_20260925/17/1621_0088__I17D-E02__01__%E5%B0%B1%E6%A5%AD%E5%8F%8A%E8%80%83%E7%85%A7%E8%BF%BD%E8%B9%A4%E7%B4%80%E9%8C%84_%E5%8F%AF%E7%9B%B4%E6%8E%A5%E4%BD%BF%E7%94%A8%E6%88%90%E5%93%81.docx,https://docs.google.com/document/d/1sUZf2s9U5YklgwO1fIiHsf0zvlskEQlU/edit?usp=drivesdk&ouid=100902538427811382504&rtpof=true&sd=true,fb0d15f7039e6256bc6a9c737f414fccba51139b68be8748fb3c066321709c35
17,I17D-E03,品質不良率下降統計表。,6,0089,0089__I17D-E03__01__品質不良率下降統計表.docx,先不要勾為完整紀錄,正文仍有未提供或待填的主要紀錄；未確認本項已形成完整實際證據。,按該格官方要求取得真實原始資料與核定、執行或結果紀錄。,否；不能用合成示範當實績,擷取正文第44行：檢查紀錄及不良判定 | [待補原件] | [待填] | [待填] | [待補]；擷取正文第45行：改善措施與複查結果 | [待補原件] | [待填] | [待填] | [待補],本次未逐頁核對,04_全部文件與歷次版本/TTQS_GPT6_ASTRA_FULL_HANDOFF_20260925/17/1622_0089__I17D-E03__01__品質不良率下降統計表.docx,https://github.com/PT-Original-Point/ttqs-one/blob/submission-20261005-222304/%E9%80%81%E5%AF%A9%E8%B3%87%E6%96%99/04_%E5%85%A8%E9%83%A8%E6%96%87%E4%BB%B6%E8%88%87%E6%AD%B7%E6%AC%A1%E7%89%88%E6%9C%AC/TTQS_GPT6_ASTRA_FULL_HANDOFF_20260925/17/1622_0089__I17D-E03__01__%E5%93%81%E8%B3%AA%E4%B8%8D%E8%89%AF%E7%8E%87%E4%B8%8B%E9%99%8D%E7%B5%B1%E8%A8%88%E8%A1%A8.docx,https://docs.google.com/document/d/1ia7eJ--5-xbtP9hEsg6wxvJUEO9pikyg/edit?usp=drivesdk&ouid=100902538427811382504&rtpof=true&sd=true,da459a2ae9a6e33b940941d1031bafa36a84243e32876603776885a97d818db2
17,I17D-E04,派訓單位主管對參訓學員的學習成效評估表。,6,0090,0090__I17D-E04__01__派訓單位主管對參訓學員的學習成效評估表_可直接使用成品.docx,先不要勾為完整紀錄,正文仍有未提供或待填的主要紀錄；未確認本項已形成完整實際證據。,按該格官方要求取得真實原始資料與核定、執行或結果紀錄。,否；不能用合成示範當實績,擷取正文第34行：[引用表內面向] | [只記可觀察事實] | [待填] | [待填；不適用請說明] | □已核 □待補：[原因]；擷取正文第35行：[待填] | [待填] | [待填] | [待填] | □已核 □待補,本次未逐頁核對,04_全部文件與歷次版本/TTQS_GPT6_ASTRA_FULL_HANDOFF_20260925/17/1626_0090__I17D-E04__01__派訓單位主管對參訓學員的學習成效評估表_可直接使用成品.docx,https://github.com/PT-Original-Point/ttqs-one/blob/submission-20261005-222304/%E9%80%81%E5%AF%A9%E8%B3%87%E6%96%99/04_%E5%85%A8%E9%83%A8%E6%96%87%E4%BB%B6%E8%88%87%E6%AD%B7%E6%AC%A1%E7%89%88%E6%9C%AC/TTQS_GPT6_ASTRA_FULL_HANDOFF_20260925/17/1626_0090__I17D-E04__01__%E6%B4%BE%E8%A8%93%E5%96%AE%E4%BD%8D%E4%B8%BB%E7%AE%A1%E5%B0%8D%E5%8F%83%E8%A8%93%E5%AD%B8%E5%93%A1%E7%9A%84%E5%AD%B8%E7%BF%92%E6%88%90%E6%95%88%E8%A9%95%E4%BC%B0%E8%A1%A8_%E5%8F%AF%E7%9B%B4%E6%8E%A5%E4%BD%BF%E7%94%A8%E6%88%90%E5%93%81.docx,https://docs.google.com/document/d/1oD-kZQLs9ll4qe9uyJTA_5qxA0pB3bil/edit?usp=drivesdk&ouid=100902538427811382504&rtpof=true&sd=true,ba12597f709ebe6186410054663dd2426c14006b1088fae20db9bb96c3158b1f
17,I17D-E05,學員就業證明。,6,0091,0091__I17D-E05__01__學員就業證明_可直接使用成品.docx,先不要勾為完整紀錄,正文仍有未提供或待填的主要紀錄；未確認本項已形成完整實際證據。,按該格官方要求取得真實原始資料與核定、執行或結果紀錄。,否；不能用合成示範當實績,擷取正文第34行：欄位 | 待填內容；擷取正文第40行：聯絡與回覆期限 | [待填；不得倒填],本次未逐頁核對,04_全部文件與歷次版本/TTQS_GPT6_ASTRA_FULL_HANDOFF_20260925/17/1623_0091__I17D-E05__01__學員就業證明_可直接使用成品.docx,https://github.com/PT-Original-Point/ttqs-one/blob/submission-20261005-222304/%E9%80%81%E5%AF%A9%E8%B3%87%E6%96%99/04_%E5%85%A8%E9%83%A8%E6%96%87%E4%BB%B6%E8%88%87%E6%AD%B7%E6%AC%A1%E7%89%88%E6%9C%AC/TTQS_GPT6_ASTRA_FULL_HANDOFF_20260925/17/1623_0091__I17D-E05__01__%E5%AD%B8%E5%93%A1%E5%B0%B1%E6%A5%AD%E8%AD%89%E6%98%8E_%E5%8F%AF%E7%9B%B4%E6%8E%A5%E4%BD%BF%E7%94%A8%E6%88%90%E5%93%81.docx,https://docs.google.com/document/d/1ysrvKVChCZW-rWepnE5rvmT6lPEEEUQ3/edit?usp=drivesdk&ouid=100902538427811382504&rtpof=true&sd=true,f11e2e0e6134b017ffa93da82e1b89b6d75bd1178a5fe10358073979037f8057
17,I17D-E06,感謝函。,6,0092,0092__I17D-E06__01__第三方感謝函索取稿與證據驗證登錄表.docx,先不要勾為完整紀錄,正文仍有未提供或待填的主要紀錄；未確認本項已形成完整實際證據。,按該格官方要求取得真實原始資料與核定、執行或結果紀錄。,否；不能用合成示範當實績,擷取正文第28行：待填收件人／聯絡 | [待補；依實際對象填寫],本次未逐頁核對,04_全部文件與歷次版本/TTQS_GPT6_ASTRA_FULL_HANDOFF_20260925/17/1624_0092__I17D-E06__01__第三方感謝函索取稿與證據驗證登錄表.docx,https://github.com/PT-Original-Point/ttqs-one/blob/submission-20261005-222304/%E9%80%81%E5%AF%A9%E8%B3%87%E6%96%99/04_%E5%85%A8%E9%83%A8%E6%96%87%E4%BB%B6%E8%88%87%E6%AD%B7%E6%AC%A1%E7%89%88%E6%9C%AC/TTQS_GPT6_ASTRA_FULL_HANDOFF_20260925/17/1624_0092__I17D-E06__01__%E7%AC%AC%E4%B8%89%E6%96%B9%E6%84%9F%E8%AC%9D%E5%87%BD%E7%B4%A2%E5%8F%96%E7%A8%BF%E8%88%87%E8%AD%89%E6%93%9A%E9%A9%97%E8%AD%89%E7%99%BB%E9%8C%84%E8%A1%A8.docx,https://docs.google.com/document/d/1ZZnPO4OeWgMXMUhhTAs74w_UPFzAiZi5/edit?usp=drivesdk&ouid=100902538427811382504&rtpof=true&sd=true,94e801984238d2302c332bf097af0e4837786b8e43e427c8b0f630cd7529f7c7
17,I17D-E07,學員訓後雇主問卷調查表。,6,0093,0093__I17D-E07__01__學員訓後雇主問卷調查表_可直接使用成品.docx,先不要勾為完整紀錄,正文仍有未提供或待填的主要紀錄；未確認本項已形成完整實際證據。,按該格官方要求取得真實原始資料與核定、執行或結果紀錄。,否；不能用合成示範當實績,擷取正文第18行：雇主／主管職務 | [待填；可採單位代碼，避免不必要個資]；擷取正文第27行：工作任務與課程所學相關 | □ | □ | □ | □ | □ | □ | [待填],本次未逐頁核對,04_全部文件與歷次版本/TTQS_GPT6_ASTRA_FULL_HANDOFF_20260925/17/1625_0093__I17D-E07__01__學員訓後雇主問卷調查表_可直接使用成品.docx,https://github.com/PT-Original-Point/ttqs-one/blob/submission-20261005-222304/%E9%80%81%E5%AF%A9%E8%B3%87%E6%96%99/04_%E5%85%A8%E9%83%A8%E6%96%87%E4%BB%B6%E8%88%87%E6%AD%B7%E6%AC%A1%E7%89%88%E6%9C%AC/TTQS_GPT6_ASTRA_FULL_HANDOFF_20260925/17/1625_0093__I17D-E07__01__%E5%AD%B8%E5%93%A1%E8%A8%93%E5%BE%8C%E9%9B%87%E4%B8%BB%E5%95%8F%E5%8D%B7%E8%AA%BF%E6%9F%A5%E8%A1%A8_%E5%8F%AF%E7%9B%B4%E6%8E%A5%E4%BD%BF%E7%94%A8%E6%88%90%E5%93%81.docx,https://docs.google.com/document/d/1AlsFjUYX-apjs4tJykt3hAfB-CmjAD-U/edit?usp=drivesdk&ouid=100902538427811382504&rtpof=true&sd=true,7b1923a4f7eef35ed26e35c462581bb13db99cb4fe6105a1b315a0189f4b8a48
18,I18-E01,口述目標客戶及學員認為訓練有其功能，僅有滿意度調查，但未有具體紀錄及評量。,6,0094,0094__I18-E01__01__口述目標客戶及學員認為訓練有其功能，僅有滿意_可直接使用成品.docx,先不要勾為完整紀錄,正文仍有未提供或待填的主要紀錄；未確認本項已形成完整實際證據。,按該格官方要求取得真實原始資料與核定、執行或結果紀錄。,否；不能用合成示範當實績,擷取正文第19行：填答時點 | □課後 □追蹤 □其他：[待填]；擷取正文第42行：最有用途的一項內容及原因 | [待填；不要求正面回覆],本次未逐頁核對,04_全部文件與歷次版本/TTQS_GPT6_ASTRA_FULL_HANDOFF_20260925/17/1631_0094__I18-E01__01__口述目標客戶及學員認為訓練有其功能，僅有滿意_可直接使用成品.docx,https://github.com/PT-Original-Point/ttqs-one/blob/submission-20261005-222304/%E9%80%81%E5%AF%A9%E8%B3%87%E6%96%99/04_%E5%85%A8%E9%83%A8%E6%96%87%E4%BB%B6%E8%88%87%E6%AD%B7%E6%AC%A1%E7%89%88%E6%9C%AC/TTQS_GPT6_ASTRA_FULL_HANDOFF_20260925/17/1631_0094__I18-E01__01__%E5%8F%A3%E8%BF%B0%E7%9B%AE%E6%A8%99%E5%AE%A2%E6%88%B6%E5%8F%8A%E5%AD%B8%E5%93%A1%E8%AA%8D%E7%82%BA%E8%A8%93%E7%B7%B4%E6%9C%89%E5%85%B6%E5%8A%9F%E8%83%BD%EF%BC%8C%E5%83%85%E6%9C%89%E6%BB%BF%E6%84%8F_%E5%8F%AF%E7%9B%B4%E6%8E%A5%E4%BD%BF%E7%94%A8%E6%88%90%E5%93%81.docx,https://docs.google.com/document/d/1SL4NSxpQfc3s7xxz9SjMoGTzNMT2gttx/edit?usp=drivesdk&ouid=100902538427811382504&rtpof=true&sd=true,ce07d1afbcafb3ea1f1169e197924e81fe25b3ce7b27e0b5e18f0898250274a3
18,I18-E02,建立目標客戶及學員滿意度調查機制（系統及流程面）。,6,0095,0095__I18-E02__01__建立目標客戶及學員滿意度調查機制（系統及流程.docx,先不要勾為完整紀錄,正文仍有未提供或待填的主要紀錄；未確認本項已形成完整實際證據。,按該格官方要求取得真實原始資料與核定、執行或結果紀錄。,否；不能用合成示範當實績,擷取正文第10行：真實資料與待補 | 目前未提供已核定的調查制度或執行紀錄。本文件是待核定程序草案，不表示已執行調查。；擷取正文第58行：程序核定及公告 | 尚未提供 | [待補；未核定前不宣稱實施] | [待補] | □核對 □待補,本次未逐頁核對,04_全部文件與歷次版本/TTQS_GPT6_ASTRA_FULL_HANDOFF_20260925/17/1632_0095__I18-E02__01__建立目標客戶及學員滿意度調查機制（系統及流程.docx,https://github.com/PT-Original-Point/ttqs-one/blob/submission-20261005-222304/%E9%80%81%E5%AF%A9%E8%B3%87%E6%96%99/04_%E5%85%A8%E9%83%A8%E6%96%87%E4%BB%B6%E8%88%87%E6%AD%B7%E6%AC%A1%E7%89%88%E6%9C%AC/TTQS_GPT6_ASTRA_FULL_HANDOFF_20260925/17/1632_0095__I18-E02__01__%E5%BB%BA%E7%AB%8B%E7%9B%AE%E6%A8%99%E5%AE%A2%E6%88%B6%E5%8F%8A%E5%AD%B8%E5%93%A1%E6%BB%BF%E6%84%8F%E5%BA%A6%E8%AA%BF%E6%9F%A5%E6%A9%9F%E5%88%B6%EF%BC%88%E7%B3%BB%E7%B5%B1%E5%8F%8A%E6%B5%81%E7%A8%8B.docx,https://docs.google.com/document/d/1JrTZIB97cdmDd5vJVJa0z73Z8WMMirCb/edit?usp=drivesdk&ouid=100902538427811382504&rtpof=true&sd=true,4e7cc76add9033ec61766425f93e1a03a53b85a9a2162293ab69508cb3bbefb1
18,I18-E03,感謝函。,6,0096,0096__I18-E03__01__感謝函_可直接使用成品.docx,先不要勾為已取得感謝函,目前是文件工作稿，不能當作外部出具的感謝函原件。,取得真正出具者的原函，核對日期、課程及出具單位。,否；不能用合成示範當實績,,本次未逐頁核對,04_全部文件與歷次版本/TTQS_GPT6_ASTRA_FULL_HANDOFF_20260925/17/1633_0096__I18-E03__01__感謝函_可直接使用成品.docx,https://github.com/PT-Original-Point/ttqs-one/blob/submission-20261005-222304/%E9%80%81%E5%AF%A9%E8%B3%87%E6%96%99/04_%E5%85%A8%E9%83%A8%E6%96%87%E4%BB%B6%E8%88%87%E6%AD%B7%E6%AC%A1%E7%89%88%E6%9C%AC/TTQS_GPT6_ASTRA_FULL_HANDOFF_20260925/17/1633_0096__I18-E03__01__%E6%84%9F%E8%AC%9D%E5%87%BD_%E5%8F%AF%E7%9B%B4%E6%8E%A5%E4%BD%BF%E7%94%A8%E6%88%90%E5%93%81.docx,https://docs.google.com/document/d/1-1GlJK-SPzBaObajHBKUvB1qNLUvsnEV/edit?usp=drivesdk&ouid=100902538427811382504&rtpof=true&sd=true,7a5ffe7f524e1bbe7a1ec40c0e20c3616b1eec60e558cc376bedab25c3ace91d
18,I18-E05,問卷調查等顯示目標客戶及學員認為訓練有達成能力提升的效果。,7,0097,0097__I18-E05__01__問卷調查等顯示目標客戶及學員認為訓練有達成能.docx,先不要勾為完整紀錄,正文仍有未提供或待填的主要紀錄；未確認本項已形成完整實際證據。,按該格官方要求取得真實原始資料與核定、執行或結果紀錄。,否；不能用合成示範當實績,擷取正文第26行：[待填：引用課程職能] | □1 □2 □3 □4 □5 □NA | □1 □2 □3 □4 □5 □NA | [待補] | □自評 □客戶 □主管；擷取正文第27行：[待填] | □1 □2 □3 □4 □5 □NA | □1 □2 □3 □4 □5 □NA | [待補] | □自評 □客戶 □主管,本次未逐頁核對,04_全部文件與歷次版本/TTQS_GPT6_ASTRA_FULL_HANDOFF_20260925/17/1634_0097__I18-E05__01__問卷調查等顯示目標客戶及學員認為訓練有達成能.docx,https://github.com/PT-Original-Point/ttqs-one/blob/submission-20261005-222304/%E9%80%81%E5%AF%A9%E8%B3%87%E6%96%99/04_%E5%85%A8%E9%83%A8%E6%96%87%E4%BB%B6%E8%88%87%E6%AD%B7%E6%AC%A1%E7%89%88%E6%9C%AC/TTQS_GPT6_ASTRA_FULL_HANDOFF_20260925/17/1634_0097__I18-E05__01__%E5%95%8F%E5%8D%B7%E8%AA%BF%E6%9F%A5%E7%AD%89%E9%A1%AF%E7%A4%BA%E7%9B%AE%E6%A8%99%E5%AE%A2%E6%88%B6%E5%8F%8A%E5%AD%B8%E5%93%A1%E8%AA%8D%E7%82%BA%E8%A8%93%E7%B7%B4%E6%9C%89%E9%81%94%E6%88%90%E8%83%BD.docx,https://docs.google.com/document/d/1T90oHZN3r7ZgeAjfGrCWB3DiDWPAFCMf/edit?usp=drivesdk&ouid=100902538427811382504&rtpof=true&sd=true,24b7ea852091a0ec573936cd3852d265b2e23af1f3046e04b46ba9cbbb340ff6
18,I18-E06,執行目標客戶及學員滿意度調查及分析（系統及流程面）。,7,0098,0098__I18-E06__01__執行目標客戶及學員滿意度調查及分析（系統及流.docx,先不要勾為完整紀錄,尚未確認此版本內容足以支持本項；檔名、檔案存在或舊檢查通過不代表實際完成。,按該格官方要求取得真實原始資料與核定、執行或結果紀錄。,否；不能用合成示範當實績,,本次未逐頁核對,04_全部文件與歷次版本/TTQS_GPT6_ASTRA_FULL_HANDOFF_20260925/17/1635_0098__I18-E06__01__執行目標客戶及學員滿意度調查及分析（系統及流.docx,https://github.com/PT-Original-Point/ttqs-one/blob/submission-20261005-222304/%E9%80%81%E5%AF%A9%E8%B3%87%E6%96%99/04_%E5%85%A8%E9%83%A8%E6%96%87%E4%BB%B6%E8%88%87%E6%AD%B7%E6%AC%A1%E7%89%88%E6%9C%AC/TTQS_GPT6_ASTRA_FULL_HANDOFF_20260925/17/1635_0098__I18-E06__01__%E5%9F%B7%E8%A1%8C%E7%9B%AE%E6%A8%99%E5%AE%A2%E6%88%B6%E5%8F%8A%E5%AD%B8%E5%93%A1%E6%BB%BF%E6%84%8F%E5%BA%A6%E8%AA%BF%E6%9F%A5%E5%8F%8A%E5%88%86%E6%9E%90%EF%BC%88%E7%B3%BB%E7%B5%B1%E5%8F%8A%E6%B5%81.docx,https://docs.google.com/document/d/18CD7RBxguJ5sr4Dv7ZrY1ZhXRlNVzq6_/edit?usp=drivesdk&ouid=100902538427811382504&rtpof=true&sd=true,d5f6977c12b9b0e805c2636611bca9da9ccf104f8222cd735f58b8e95b6e89f0
18,I18-E07,提出目標客戶及學員對訓練達能力提升之說明（學習技能面）。,7,0099,0099__I18-E07__01__提出目標客戶及學員對訓練達能力提升之說明（學.docx,先不要勾為完整紀錄,正文仍有未提供或待填的主要紀錄；未確認本項已形成完整實際證據。,按該格官方要求取得真實原始資料與核定、執行或結果紀錄。,否；不能用合成示範當實績,擷取正文第25行：能力／任務 | [待補；引用正式標準] | [待填；當事人原話或主管觀察] | [待補]；擷取正文第26行：實際應用情境 | [待補；若無基準註明] | [待填；未應用亦照實記錄] | [待補],本次未逐頁核對,04_全部文件與歷次版本/TTQS_GPT6_ASTRA_FULL_HANDOFF_20260925/17/1636_0099__I18-E07__01__提出目標客戶及學員對訓練達能力提升之說明（學.docx,https://github.com/PT-Original-Point/ttqs-one/blob/submission-20261005-222304/%E9%80%81%E5%AF%A9%E8%B3%87%E6%96%99/04_%E5%85%A8%E9%83%A8%E6%96%87%E4%BB%B6%E8%88%87%E6%AD%B7%E6%AC%A1%E7%89%88%E6%9C%AC/TTQS_GPT6_ASTRA_FULL_HANDOFF_20260925/17/1636_0099__I18-E07__01__%E6%8F%90%E5%87%BA%E7%9B%AE%E6%A8%99%E5%AE%A2%E6%88%B6%E5%8F%8A%E5%AD%B8%E5%93%A1%E5%B0%8D%E8%A8%93%E7%B7%B4%E9%81%94%E8%83%BD%E5%8A%9B%E6%8F%90%E5%8D%87%E4%B9%8B%E8%AA%AA%E6%98%8E%EF%BC%88%E5%AD%B8.docx,https://docs.google.com/document/d/19DKmtGUr8osWT8_dBRZS6Fm5Neo8P7gi/edit?usp=drivesdk&ouid=100902538427811382504&rtpof=true&sd=true,e4db9b762f79dabd91c526f55251a650f7bbedfe42234a66481463c89a3f3236
18,I18-E08,學員培訓前後自我評量表及雷達分析圖呈現提升效果。,7,0100,0100__學員培訓前後自我評量表.docx,可優先看方法示範；不是實績勾選認證,四項自評、具體分級、完整成對數值、缺答規則與兩張比較圖齊全；7頁已查看，圖表與正文相符。,25%到75%增加50個百分點只是合成自評；不是實際能力、醫療效果或全體學員成效。,否；不能用合成示範當實績,,同版全部頁面已查看,04_全部文件與歷次版本/TTQS_ONE_CODEX_RUNTIME/23/2259_0100__學員培訓前後自我評量表.docx,https://github.com/PT-Original-Point/ttqs-one/blob/submission-20261005-222304/%E9%80%81%E5%AF%A9%E8%B3%87%E6%96%99/04_%E5%85%A8%E9%83%A8%E6%96%87%E4%BB%B6%E8%88%87%E6%AD%B7%E6%AC%A1%E7%89%88%E6%9C%AC/TTQS_ONE_CODEX_RUNTIME/23/2259_0100__%E5%AD%B8%E5%93%A1%E5%9F%B9%E8%A8%93%E5%89%8D%E5%BE%8C%E8%87%AA%E6%88%91%E8%A9%95%E9%87%8F%E8%A1%A8.docx,完整備份四包內；依原始清單定位,dca2eae69d6e26e7172f0ae1edaa10e2f85a1e71385ee3eee7dd8d6cade95627
18,I18-E08,學員培訓前後自我評量表及雷達分析圖呈現提升效果。,7,0101,0101__I18-E08__02__能力提升雷達分析報告.docx,先不要勾為完整紀錄,正文仍有未提供或待填的主要紀錄；未確認本項已形成完整實際證據。,按該格官方要求取得真實原始資料與核定、執行或結果紀錄。,否；不能用合成示範當實績,擷取正文第56行：學員培訓前後自我評量表及雷達分析圖呈現提升效果。 | 核定能力指標與同版問卷 | 配對分數／有效 N／差異 | [待取得；待填頁次] | [待覆核],本次未逐頁核對,04_全部文件與歷次版本/TTQS_GPT6_ASTRA_FULL_HANDOFF_20260925/17/1637_0101__I18-E08__02__能力提升雷達分析報告.docx,https://github.com/PT-Original-Point/ttqs-one/blob/submission-20261005-222304/%E9%80%81%E5%AF%A9%E8%B3%87%E6%96%99/04_%E5%85%A8%E9%83%A8%E6%96%87%E4%BB%B6%E8%88%87%E6%AD%B7%E6%AC%A1%E7%89%88%E6%9C%AC/TTQS_GPT6_ASTRA_FULL_HANDOFF_20260925/17/1637_0101__I18-E08__02__%E8%83%BD%E5%8A%9B%E6%8F%90%E5%8D%87%E9%9B%B7%E9%81%94%E5%88%86%E6%9E%90%E5%A0%B1%E5%91%8A.docx,https://docs.google.com/document/d/1NuEEPGd4IdLGumTPTUnl8-2P9LV-YCk-/edit?usp=drivesdk&ouid=100902538427811382504&rtpof=true&sd=true,be47c09b53a08a090828ec635e0140e787ce92999f2e67001650a11928250d05
18,I18-E09,指導學員參加技能競賽獲獎。,7,0102,0102__I18-E09__01__指導學員參加技能競賽獲獎.docx,先不要勾為完整紀錄,正文仍有未提供或待填的主要紀錄；未確認本項已形成完整實際證據。,按該格官方要求取得真實原始資料與核定、執行或結果紀錄。,否；不能用合成示範當實績,擷取正文第22行：目前狀態 | □待確認事件　□待取得　□已收件待核　□已核驗　□不適用；擷取正文第25行：欄位 | 待填內容,本次未逐頁核對,04_全部文件與歷次版本/TTQS_GPT6_ASTRA_FULL_HANDOFF_20260925/17/1638_0102__I18-E09__01__指導學員參加技能競賽獲獎.docx,https://github.com/PT-Original-Point/ttqs-one/blob/submission-20261005-222304/%E9%80%81%E5%AF%A9%E8%B3%87%E6%96%99/04_%E5%85%A8%E9%83%A8%E6%96%87%E4%BB%B6%E8%88%87%E6%AD%B7%E6%AC%A1%E7%89%88%E6%9C%AC/TTQS_GPT6_ASTRA_FULL_HANDOFF_20260925/17/1638_0102__I18-E09__01__%E6%8C%87%E5%B0%8E%E5%AD%B8%E5%93%A1%E5%8F%83%E5%8A%A0%E6%8A%80%E8%83%BD%E7%AB%B6%E8%B3%BD%E7%8D%B2%E7%8D%8E.docx,https://docs.google.com/document/d/1QaQCCMMXJLYuQMys6WHPlPXSJ57I0i75/edit?usp=drivesdk&ouid=100902538427811382504&rtpof=true&sd=true,bdaeb97815a495223ed631abee7a7ca189921501d48fa0f1e1995275e07b2b2c
18,I18-E10,感謝函。,7,0103,0103__I18-E10__01__感謝函_可直接使用成品.docx,先不要勾為完整紀錄,正文仍有未提供或待填的主要紀錄；未確認本項已形成完整實際證據。,按該格官方要求取得真實原始資料與核定、執行或結果紀錄。,否；不能用合成示範當實績,擷取正文第22行：目前狀態 | □待確認事件　□待取得　□已收件待核　□已核驗　□不適用；擷取正文第25行：欄位 | 待填內容,本次未逐頁核對,04_全部文件與歷次版本/TTQS_GPT6_ASTRA_FULL_HANDOFF_20260925/17/1639_0103__I18-E10__01__感謝函_可直接使用成品.docx,https://github.com/PT-Original-Point/ttqs-one/blob/submission-20261005-222304/%E9%80%81%E5%AF%A9%E8%B3%87%E6%96%99/04_%E5%85%A8%E9%83%A8%E6%96%87%E4%BB%B6%E8%88%87%E6%AD%B7%E6%AC%A1%E7%89%88%E6%9C%AC/TTQS_GPT6_ASTRA_FULL_HANDOFF_20260925/17/1639_0103__I18-E10__01__%E6%84%9F%E8%AC%9D%E5%87%BD_%E5%8F%AF%E7%9B%B4%E6%8E%A5%E4%BD%BF%E7%94%A8%E6%88%90%E5%93%81.docx,https://docs.google.com/document/d/1uycK7OCGeYAdsJ_Uj5FfAXUkWrgIycMf/edit?usp=drivesdk&ouid=100902538427811382504&rtpof=true&sd=true,115fc3d6bb442583c0d51db327be2e9333397a3096f5af0bfbdacbc5a465a009
18,I18-E11,證照獲取率。,7,0104,0104__I18-E11__01__證照獲取率.docx,先不要勾為完整紀錄,尚未確認此版本內容足以支持本項；檔名、檔案存在或舊檢查通過不代表實際完成。,按該格官方要求取得真實原始資料與核定、執行或結果紀錄。,否；不能用合成示範當實績,,本次未逐頁核對,04_全部文件與歷次版本/TTQS_GPT6_ASTRA_FULL_HANDOFF_20260925/17/1640_0104__I18-E11__01__證照獲取率.docx,https://github.com/PT-Original-Point/ttqs-one/blob/submission-20261005-222304/%E9%80%81%E5%AF%A9%E8%B3%87%E6%96%99/04_%E5%85%A8%E9%83%A8%E6%96%87%E4%BB%B6%E8%88%87%E6%AD%B7%E6%AC%A1%E7%89%88%E6%9C%AC/TTQS_GPT6_ASTRA_FULL_HANDOFF_20260925/17/1640_0104__I18-E11__01__%E8%AD%89%E7%85%A7%E7%8D%B2%E5%8F%96%E7%8E%87.docx,https://docs.google.com/document/d/1rVIFS7hwwRqZH9gJWWsXOOYcBRL5lEp8/edit?usp=drivesdk&ouid=100902538427811382504&rtpof=true&sd=true,bdc025366c97ac018fbe1a784c0e4052d092bddd1a7ad05d4bc6c3d94b33f79e
18,I18-E13,問卷調查及課後行動計畫評估表等顯示目標客戶及學員認為訓練有績效改善的效果。,7,0105,0105__I18-E13__01__問卷調查及課後行動計畫評估表等顯示目標客戶及_可直接使用成品.docx,先不要勾為完整紀錄,正文仍有未提供或待填的主要紀錄；未確認本項已形成完整實際證據。,按該格官方要求取得真實原始資料與核定、執行或結果紀錄。,否；不能用合成示範當實績,擷取正文第36行：預定應用任務 | [待填：實際工作情境],本次未逐頁核對,04_全部文件與歷次版本/TTQS_GPT6_ASTRA_FULL_HANDOFF_20260925/17/1641_0105__I18-E13__01__問卷調查及課後行動計畫評估表等顯示目標客戶及_可直接使用成品.docx,https://github.com/PT-Original-Point/ttqs-one/blob/submission-20261005-222304/%E9%80%81%E5%AF%A9%E8%B3%87%E6%96%99/04_%E5%85%A8%E9%83%A8%E6%96%87%E4%BB%B6%E8%88%87%E6%AD%B7%E6%AC%A1%E7%89%88%E6%9C%AC/TTQS_GPT6_ASTRA_FULL_HANDOFF_20260925/17/1641_0105__I18-E13__01__%E5%95%8F%E5%8D%B7%E8%AA%BF%E6%9F%A5%E5%8F%8A%E8%AA%B2%E5%BE%8C%E8%A1%8C%E5%8B%95%E8%A8%88%E7%95%AB%E8%A9%95%E4%BC%B0%E8%A1%A8%E7%AD%89%E9%A1%AF%E7%A4%BA%E7%9B%AE%E6%A8%99%E5%AE%A2%E6%88%B6%E5%8F%8A_%E5%8F%AF%E7%9B%B4%E6%8E%A5%E4%BD%BF%E7%94%A8%E6%88%90%E5%93%81.docx,https://docs.google.com/document/d/1_zA5DjwdXu7DB0FIGyENUA5R6hvk5mpa/edit?usp=drivesdk&ouid=100902538427811382504&rtpof=true&sd=true,1a6deaf800c8df4853837c7a78104be9bd17e062d302f8e373354f8d7a4c0604
18,I18-E14,提出目標客戶及學員對訓練達組織績效改善之說明（財務面）。,7,0106,0106__I18-E14__01__提出目標客戶及學員對訓練達組織績效改善之說明.docx,先不要勾為完整紀錄,尚未確認此版本內容足以支持本項；檔名、檔案存在或舊檢查通過不代表實際完成。,按該格官方要求取得真實原始資料與核定、執行或結果紀錄。,否；不能用合成示範當實績,,本次未逐頁核對,04_全部文件與歷次版本/TTQS_GPT6_ASTRA_FULL_HANDOFF_20260925/17/1642_0106__I18-E14__01__提出目標客戶及學員對訓練達組織績效改善之說明.docx,https://github.com/PT-Original-Point/ttqs-one/blob/submission-20261005-222304/%E9%80%81%E5%AF%A9%E8%B3%87%E6%96%99/04_%E5%85%A8%E9%83%A8%E6%96%87%E4%BB%B6%E8%88%87%E6%AD%B7%E6%AC%A1%E7%89%88%E6%9C%AC/TTQS_GPT6_ASTRA_FULL_HANDOFF_20260925/17/1642_0106__I18-E14__01__%E6%8F%90%E5%87%BA%E7%9B%AE%E6%A8%99%E5%AE%A2%E6%88%B6%E5%8F%8A%E5%AD%B8%E5%93%A1%E5%B0%8D%E8%A8%93%E7%B7%B4%E9%81%94%E7%B5%84%E7%B9%94%E7%B8%BE%E6%95%88%E6%94%B9%E5%96%84%E4%B9%8B%E8%AA%AA%E6%98%8E.docx,https://docs.google.com/document/d/1wyeIgGOMfy196Jjscoyx0mPCAreWuudo/edit?usp=drivesdk&ouid=100902538427811382504&rtpof=true&sd=true,59a745eef63486e9b87705ed635fa517467f3857ad8d49cf162dc1ac9d48aa49
18,I18-E15,高證照通過率之證明資料。,7,0107,0107__I18-E15__01__高證照通過率之證明資料_可直接使用成品.docx,先不要勾為完整紀錄,正文仍有未提供或待填的主要紀錄；未確認本項已形成完整實際證據。,按該格官方要求取得真實原始資料與核定、執行或結果紀錄。,否；不能用合成示範當實績,擷取正文第22行：目前狀態 | □待確認事件　□待取得　□已收件待核　□已核驗　□不適用；擷取正文第25行：欄位 | 待填內容,本次未逐頁核對,04_全部文件與歷次版本/TTQS_GPT6_ASTRA_FULL_HANDOFF_20260925/17/1643_0107__I18-E15__01__高證照通過率之證明資料_可直接使用成品.docx,https://github.com/PT-Original-Point/ttqs-one/blob/submission-20261005-222304/%E9%80%81%E5%AF%A9%E8%B3%87%E6%96%99/04_%E5%85%A8%E9%83%A8%E6%96%87%E4%BB%B6%E8%88%87%E6%AD%B7%E6%AC%A1%E7%89%88%E6%9C%AC/TTQS_GPT6_ASTRA_FULL_HANDOFF_20260925/17/1643_0107__I18-E15__01__%E9%AB%98%E8%AD%89%E7%85%A7%E9%80%9A%E9%81%8E%E7%8E%87%E4%B9%8B%E8%AD%89%E6%98%8E%E8%B3%87%E6%96%99_%E5%8F%AF%E7%9B%B4%E6%8E%A5%E4%BD%BF%E7%94%A8%E6%88%90%E5%93%81.docx,https://docs.google.com/document/d/106-0v1HQrrpJFyLUubJW3zpmK65R3YXX/edit?usp=drivesdk&ouid=100902538427811382504&rtpof=true&sd=true,4c2ade230a39ae33bd7f40fb7c04aef0514b48fe1f756855350120d7d035b5d3
18,I18-E16,提高薪資紀錄。,7,0108,0108__I18-E16__01__提高薪資紀錄_可直接使用成品.docx,先不要勾為完整紀錄,正文仍有未提供或待填的主要紀錄；未確認本項已形成完整實際證據。,按該格官方要求取得真實原始資料與核定、執行或結果紀錄。,否；不能用合成示範當實績,擷取正文第22行：目前狀態 | □待確認事件　□待取得　□已收件待核　□已核驗　□不適用；擷取正文第25行：欄位 | 待填內容,本次未逐頁核對,04_全部文件與歷次版本/TTQS_GPT6_ASTRA_FULL_HANDOFF_20260925/17/1644_0108__I18-E16__01__提高薪資紀錄_可直接使用成品.docx,https://github.com/PT-Original-Point/ttqs-one/blob/submission-20261005-222304/%E9%80%81%E5%AF%A9%E8%B3%87%E6%96%99/04_%E5%85%A8%E9%83%A8%E6%96%87%E4%BB%B6%E8%88%87%E6%AD%B7%E6%AC%A1%E7%89%88%E6%9C%AC/TTQS_GPT6_ASTRA_FULL_HANDOFF_20260925/17/1644_0108__I18-E16__01__%E6%8F%90%E9%AB%98%E8%96%AA%E8%B3%87%E7%B4%80%E9%8C%84_%E5%8F%AF%E7%9B%B4%E6%8E%A5%E4%BD%BF%E7%94%A8%E6%88%90%E5%93%81.docx,https://docs.google.com/document/d/1RYxojcQCNuzO3QgAyEi8RyjeUXNpV2r4/edit?usp=drivesdk&ouid=100902538427811382504&rtpof=true&sd=true,2dd79ae989de73dd9db712d8498e48825c9d618f1abfad500b09c3d0bfa65854
18,I18-E17,社群網站知識討論區，人員使用網站頻率高。,7,0109,0109__I18-E17__01__社群網站知識討論區，人員使用網站頻率高.docx,先不要勾為完整紀錄,尚未確認此版本內容足以支持本項；檔名、檔案存在或舊檢查通過不代表實際完成。,按該格官方要求取得真實原始資料與核定、執行或結果紀錄。,否；不能用合成示範當實績,,本次未逐頁核對,04_全部文件與歷次版本/TTQS_GPT6_ASTRA_FULL_HANDOFF_20260925/17/1645_0109__I18-E17__01__社群網站知識討論區，人員使用網站頻率高.docx,https://github.com/PT-Original-Point/ttqs-one/blob/submission-20261005-222304/%E9%80%81%E5%AF%A9%E8%B3%87%E6%96%99/04_%E5%85%A8%E9%83%A8%E6%96%87%E4%BB%B6%E8%88%87%E6%AD%B7%E6%AC%A1%E7%89%88%E6%9C%AC/TTQS_GPT6_ASTRA_FULL_HANDOFF_20260925/17/1645_0109__I18-E17__01__%E7%A4%BE%E7%BE%A4%E7%B6%B2%E7%AB%99%E7%9F%A5%E8%AD%98%E8%A8%8E%E8%AB%96%E5%8D%80%EF%BC%8C%E4%BA%BA%E5%93%A1%E4%BD%BF%E7%94%A8%E7%B6%B2%E7%AB%99%E9%A0%BB%E7%8E%87%E9%AB%98.docx,https://docs.google.com/document/d/14oOzaK7xu0C4YuOtBJJ1t022ANsQloo7/edit?usp=drivesdk&ouid=100902538427811382504&rtpof=true&sd=true,75db58a467e9ce2ce7046dfb0fa50d486ab70a712646d6e76bc20198671667e3
18,I18-E19,問卷調查及課後行動計畫評估表等顯示目標客戶及學員認為訓練對組織績效的改善及提升均有顯著的效果。,7,0110,0110__I18-E19__01__問卷調查及課後行動計畫評估表等顯示目標客戶及_可直接使用成品.docx,先不要勾為完整紀錄,尚未確認此版本內容足以支持本項；檔名、檔案存在或舊檢查通過不代表實際完成。,按該格官方要求取得真實原始資料與核定、執行或結果紀錄。,否；不能用合成示範當實績,,本次未逐頁核對,04_全部文件與歷次版本/TTQS_GPT6_ASTRA_FULL_HANDOFF_20260925/17/1646_0110__I18-E19__01__問卷調查及課後行動計畫評估表等顯示目標客戶及_可直接使用成品.docx,https://github.com/PT-Original-Point/ttqs-one/blob/submission-20261005-222304/%E9%80%81%E5%AF%A9%E8%B3%87%E6%96%99/04_%E5%85%A8%E9%83%A8%E6%96%87%E4%BB%B6%E8%88%87%E6%AD%B7%E6%AC%A1%E7%89%88%E6%9C%AC/TTQS_GPT6_ASTRA_FULL_HANDOFF_20260925/17/1646_0110__I18-E19__01__%E5%95%8F%E5%8D%B7%E8%AA%BF%E6%9F%A5%E5%8F%8A%E8%AA%B2%E5%BE%8C%E8%A1%8C%E5%8B%95%E8%A8%88%E7%95%AB%E8%A9%95%E4%BC%B0%E8%A1%A8%E7%AD%89%E9%A1%AF%E7%A4%BA%E7%9B%AE%E6%A8%99%E5%AE%A2%E6%88%B6%E5%8F%8A_%E5%8F%AF%E7%9B%B4%E6%8E%A5%E4%BD%BF%E7%94%A8%E6%88%90%E5%93%81.docx,https://docs.google.com/document/d/1ATQL26sgrHomn8BBQiRtkxCrQITjp8WU/edit?usp=drivesdk&ouid=100902538427811382504&rtpof=true&sd=true,a28a594a94e3eb26ecea979c97119ad00c07f4532739a2290c4bd766f6b2d0f7
18,I18-E20,提出目標客戶及學員對訓練達特殊績效之說明（社會面、其他）。,7,0111,0111__I18-E20__01__特殊績效及社會面成果證據登錄表.docx,先不要勾為完整紀錄,正文仍有未提供或待填的主要紀錄；未確認本項已形成完整實際證據。,按該格官方要求取得真實原始資料與核定、執行或結果紀錄。,否；不能用合成示範當實績,擷取正文第23行：欄位 | 實際資料／待填；擷取正文第54行：資料完整性：□完整 □待補 | 個資／授權：□已核 □待核 □不適用 | 後續行動：[待填],本次未逐頁核對,04_全部文件與歷次版本/TTQS_GPT6_ASTRA_FULL_HANDOFF_20260925/17/1647_0111__I18-E20__01__特殊績效及社會面成果證據登錄表.docx,https://github.com/PT-Original-Point/ttqs-one/blob/submission-20261005-222304/%E9%80%81%E5%AF%A9%E8%B3%87%E6%96%99/04_%E5%85%A8%E9%83%A8%E6%96%87%E4%BB%B6%E8%88%87%E6%AD%B7%E6%AC%A1%E7%89%88%E6%9C%AC/TTQS_GPT6_ASTRA_FULL_HANDOFF_20260925/17/1647_0111__I18-E20__01__%E7%89%B9%E6%AE%8A%E7%B8%BE%E6%95%88%E5%8F%8A%E7%A4%BE%E6%9C%83%E9%9D%A2%E6%88%90%E6%9E%9C%E8%AD%89%E6%93%9A%E7%99%BB%E9%8C%84%E8%A1%A8.docx,https://docs.google.com/document/d/1MMlWGSLcV5PrXXP3DPFJy5GjtRh06XSH/edit?usp=drivesdk&ouid=100902538427811382504&rtpof=true&sd=true,0fc42cf8bb47f8139d87b4ab015c82dbdf807d50214369fb93a631d1f9762c68
18,I18-E21,輔導考照及學員回訓率持續提高。,7,0112,0112__I18-E21__01__輔導考照及學員回訓率追蹤分析表.docx,先不要勾為完整紀錄,正文仍有未提供或待填的主要紀錄；未確認本項已形成完整實際證據。,按該格官方要求取得真實原始資料與核定、執行或結果紀錄。,否；不能用合成示範當實績,擷取正文第52行：資料完整性：□完整 □待補 | 個資／授權：□已核 □待核 □不適用 | 後續行動：[待填],本次未逐頁核對,04_全部文件與歷次版本/TTQS_GPT6_ASTRA_FULL_HANDOFF_20260925/17/1648_0112__I18-E21__01__輔導考照及學員回訓率追蹤分析表.docx,https://github.com/PT-Original-Point/ttqs-one/blob/submission-20261005-222304/%E9%80%81%E5%AF%A9%E8%B3%87%E6%96%99/04_%E5%85%A8%E9%83%A8%E6%96%87%E4%BB%B6%E8%88%87%E6%AD%B7%E6%AC%A1%E7%89%88%E6%9C%AC/TTQS_GPT6_ASTRA_FULL_HANDOFF_20260925/17/1648_0112__I18-E21__01__%E8%BC%94%E5%B0%8E%E8%80%83%E7%85%A7%E5%8F%8A%E5%AD%B8%E5%93%A1%E5%9B%9E%E8%A8%93%E7%8E%87%E8%BF%BD%E8%B9%A4%E5%88%86%E6%9E%90%E8%A1%A8.docx,https://docs.google.com/document/d/15ReN58UhH6r2NPJ50OLSHSpiP-Hb0EKW/edit?usp=drivesdk&ouid=100902538427811382504&rtpof=true&sd=true,57fe0b9a17812cbcb240246935787de627e51407522c6d3359567ec4eb5247f8
18,I18-E22,會員人數逐年增加。,7,0113,0113__I18-E22__01__會員人數年度變化追蹤分析表.docx,先不要勾為完整紀錄,正文仍有未提供或待填的主要紀錄；未確認本項已形成完整實際證據。,按該格官方要求取得真實原始資料與核定、執行或結果紀錄。,否；不能用合成示範當實績,擷取正文第32行：抽核欄位 | 核對結果／待填；擷取正文第54行：資料完整性：□完整 □待補 | 個資／授權：□已核 □待核 □不適用 | 後續行動：[待填],本次未逐頁核對,04_全部文件與歷次版本/TTQS_GPT6_ASTRA_FULL_HANDOFF_20260925/17/1649_0113__I18-E22__01__會員人數年度變化追蹤分析表.docx,https://github.com/PT-Original-Point/ttqs-one/blob/submission-20261005-222304/%E9%80%81%E5%AF%A9%E8%B3%87%E6%96%99/04_%E5%85%A8%E9%83%A8%E6%96%87%E4%BB%B6%E8%88%87%E6%AD%B7%E6%AC%A1%E7%89%88%E6%9C%AC/TTQS_GPT6_ASTRA_FULL_HANDOFF_20260925/17/1649_0113__I18-E22__01__%E6%9C%83%E5%93%A1%E4%BA%BA%E6%95%B8%E5%B9%B4%E5%BA%A6%E8%AE%8A%E5%8C%96%E8%BF%BD%E8%B9%A4%E5%88%86%E6%9E%90%E8%A1%A8.docx,https://docs.google.com/document/d/1aZcz7CLIYx-o9RrJVmoqGGzvokscOUVL/edit?usp=drivesdk&ouid=100902538427811382504&rtpof=true&sd=true,a0dc3be32d6feb59249f56cccbccd67fa14faaa3e4fe263433716a1942d97732
19,I19-E01,目標市場及顧客價值均有提升， 然而未有具體紀錄及評量。,7,0114,0114__I19-E01__01__目標市場及顧客價值改善紀錄與評量表.docx,先不要勾為完整紀錄,正文仍有未提供或待填的主要紀錄；未確認本項已形成完整實際證據。,按該格官方要求取得真實原始資料與核定、執行或結果紀錄。,否；不能用合成示範當實績,擷取正文第23行：市場需求符合度：[待核定] | [待填] | [待填] | [待填] | [問卷／訪談位置]；擷取正文第24行：目標族群觸及：[待核定] | [待填] | [待填] | [待填] | [名冊／紀錄位置],本次未逐頁核對,04_全部文件與歷次版本/TTQS_GPT6_ASTRA_FULL_HANDOFF_20260925/17/1651_0114__I19-E01__01__目標市場及顧客價值改善紀錄與評量表.docx,https://github.com/PT-Original-Point/ttqs-one/blob/submission-20261005-222304/%E9%80%81%E5%AF%A9%E8%B3%87%E6%96%99/04_%E5%85%A8%E9%83%A8%E6%96%87%E4%BB%B6%E8%88%87%E6%AD%B7%E6%AC%A1%E7%89%88%E6%9C%AC/TTQS_GPT6_ASTRA_FULL_HANDOFF_20260925/17/1651_0114__I19-E01__01__%E7%9B%AE%E6%A8%99%E5%B8%82%E5%A0%B4%E5%8F%8A%E9%A1%A7%E5%AE%A2%E5%83%B9%E5%80%BC%E6%94%B9%E5%96%84%E7%B4%80%E9%8C%84%E8%88%87%E8%A9%95%E9%87%8F%E8%A1%A8.docx,https://docs.google.com/document/d/1wTXi2U1xVep_Ty9F1n6OQV5roDnYdVK2/edit?usp=drivesdk&ouid=100902538427811382504&rtpof=true&sd=true,b66b28271f9edeb36e5928f9089ff4a8f46ed0fd69f3e14a37e82527877512ea
19,I19-E02,提出心得與知識分享執行成效 （系統及流程面）。,7,0115,0115__I19-E02__01__心得與知識分享執行成效分析表.docx,先不要勾為完整紀錄,正文仍有未提供或待填的主要紀錄；未確認本項已形成完整實際證據。,按該格官方要求取得真實原始資料與核定、執行或結果紀錄。,否；不能用合成示範當實績,擷取正文第38行：問題 | 結論／待填；擷取正文第41行：下一期改善重點 | [待填：責任角色、期限、驗證紀錄],本次未逐頁核對,04_全部文件與歷次版本/TTQS_GPT6_ASTRA_FULL_HANDOFF_20260925/17/1652_0115__I19-E02__01__心得與知識分享執行成效分析表.docx,https://github.com/PT-Original-Point/ttqs-one/blob/submission-20261005-222304/%E9%80%81%E5%AF%A9%E8%B3%87%E6%96%99/04_%E5%85%A8%E9%83%A8%E6%96%87%E4%BB%B6%E8%88%87%E6%AD%B7%E6%AC%A1%E7%89%88%E6%9C%AC/TTQS_GPT6_ASTRA_FULL_HANDOFF_20260925/17/1652_0115__I19-E02__01__%E5%BF%83%E5%BE%97%E8%88%87%E7%9F%A5%E8%AD%98%E5%88%86%E4%BA%AB%E5%9F%B7%E8%A1%8C%E6%88%90%E6%95%88%E5%88%86%E6%9E%90%E8%A1%A8.docx,https://docs.google.com/document/d/1YepPfKrq0EkQbSLzqEguFnHXLrntZbyJ/edit?usp=drivesdk&ouid=100902538427811382504&rtpof=true&sd=true,f09f2bb703cdadb0e8eeb15a39dadafc352580e96c5e63e51f691cd381791954
19,I19-E03,口頭說明學員訓後就業狀況，但未有具體紀錄及評量。,7,0116,0116__I19-E03__01__學員訓後就業狀況追蹤調查表.docx,先不要勾為完整紀錄,正文仍有未提供或待填的主要紀錄；未確認本項已形成完整實際證據。,按該格官方要求取得真實原始資料與核定、執行或結果紀錄。,否；不能用合成示範當實績,擷取正文第30行：目前狀態 | □受僱 □自營／接案 □求職 □在學 □暫無工作 □不願回答 □其他：[自願填寫]；擷取正文第55行：填寫確認 | 待實際填寫 | 承辦人／日期：[待補]；覆核人／日期：[待補]；核定依據／紀錄位置：[待核定] | 待填,本次未逐頁核對,04_全部文件與歷次版本/TTQS_GPT6_ASTRA_FULL_HANDOFF_20260925/17/1677_0116__I19-E03__01__學員訓後就業狀況追蹤調查表.docx,https://github.com/PT-Original-Point/ttqs-one/blob/submission-20261005-222304/%E9%80%81%E5%AF%A9%E8%B3%87%E6%96%99/04_%E5%85%A8%E9%83%A8%E6%96%87%E4%BB%B6%E8%88%87%E6%AD%B7%E6%AC%A1%E7%89%88%E6%9C%AC/TTQS_GPT6_ASTRA_FULL_HANDOFF_20260925/17/1677_0116__I19-E03__01__%E5%AD%B8%E5%93%A1%E8%A8%93%E5%BE%8C%E5%B0%B1%E6%A5%AD%E7%8B%80%E6%B3%81%E8%BF%BD%E8%B9%A4%E8%AA%BF%E6%9F%A5%E8%A1%A8.docx,https://docs.google.com/document/d/12F9n_e1B50XmAF8dPO3egbhgQiUoDWo2/edit?usp=drivesdk&ouid=100902538427811382504&rtpof=true&sd=true,70dcb7ff6acb3f7f7ccf699ddddda73dff186532ecbfb30685e6a92b3903951f
19,I19-E04,學員考照通過率有增加，但未有具體紀錄及評量。,7,0117,0117__I19-E04__01__學員考照通過率追蹤及分析表.docx,先不要勾為完整紀錄,正文仍有未提供或待填的主要紀錄；未確認本項已形成完整實際證據。,按該格官方要求取得真實原始資料與核定、執行或結果紀錄。,否；不能用合成示範當實績,擷取正文第36行：比較項目 | 判讀規則／待填；擷取正文第40行：改善行動 | [待填：依差異提出輔導內容、承辦角色、期限及下一期驗證方式]。,本次未逐頁核對,04_全部文件與歷次版本/TTQS_GPT6_ASTRA_FULL_HANDOFF_20260925/17/1653_0117__I19-E04__01__學員考照通過率追蹤及分析表.docx,https://github.com/PT-Original-Point/ttqs-one/blob/submission-20261005-222304/%E9%80%81%E5%AF%A9%E8%B3%87%E6%96%99/04_%E5%85%A8%E9%83%A8%E6%96%87%E4%BB%B6%E8%88%87%E6%AD%B7%E6%AC%A1%E7%89%88%E6%9C%AC/TTQS_GPT6_ASTRA_FULL_HANDOFF_20260925/17/1653_0117__I19-E04__01__%E5%AD%B8%E5%93%A1%E8%80%83%E7%85%A7%E9%80%9A%E9%81%8E%E7%8E%87%E8%BF%BD%E8%B9%A4%E5%8F%8A%E5%88%86%E6%9E%90%E8%A1%A8.docx,https://docs.google.com/document/d/1bwnHW2pb7SX5-WflkCwwN2mTN41nwrrw/edit?usp=drivesdk&ouid=100902538427811382504&rtpof=true&sd=true,368a2e7c8f2601da2635948c826f14aa51a417db728f447698e98455777c5f62
19,I19-E05,感謝函。,8,0118,0118__I19-E05__01__感謝函原件收存與核驗登錄表.docx,先不要勾為完整紀錄,正文仍有未提供或待填的主要紀錄；未確認本項已形成完整實際證據。,按該格官方要求取得真實原始資料與核定、執行或結果紀錄。,否；不能用合成示範當實績,擷取正文第52行：填寫確認 | 待實際填寫 | 承辦人／日期：[待補]；覆核人／日期：[待補]；核定依據／紀錄位置：[待核定] | 待填,本次未逐頁核對,04_全部文件與歷次版本/TTQS_GPT6_ASTRA_FULL_HANDOFF_20260925/17/1654_0118__I19-E05__01__感謝函原件收存與核驗登錄表.docx,https://github.com/PT-Original-Point/ttqs-one/blob/submission-20261005-222304/%E9%80%81%E5%AF%A9%E8%B3%87%E6%96%99/04_%E5%85%A8%E9%83%A8%E6%96%87%E4%BB%B6%E8%88%87%E6%AD%B7%E6%AC%A1%E7%89%88%E6%9C%AC/TTQS_GPT6_ASTRA_FULL_HANDOFF_20260925/17/1654_0118__I19-E05__01__%E6%84%9F%E8%AC%9D%E5%87%BD%E5%8E%9F%E4%BB%B6%E6%94%B6%E5%AD%98%E8%88%87%E6%A0%B8%E9%A9%97%E7%99%BB%E9%8C%84%E8%A1%A8.docx,https://docs.google.com/document/d/1zey5juwRdWYEWk3A2PkxQp_vZZy5RPVC/edit?usp=drivesdk&ouid=100902538427811382504&rtpof=true&sd=true,c07a092680d20bccf2234c069fdec82a490e6ee0291645f5b4591fd9adea34a8
19,I19-E07,有具體紀錄可辨識目標市場及顧客價值均有部份提升效果。,8,0119,0119__I19-E07__01__目標市場及顧客價值部分提升證據分析表.docx,先不要勾為完整紀錄,正文仍有未提供或待填的主要紀錄；未確認本項已形成完整實際證據。,按該格官方要求取得真實原始資料與核定、執行或結果紀錄。,否；不能用合成示範當實績,擷取正文第34行：是否支持結論 | □市場支持 □顧客價值支持 □兩者皆支持 □尚不能判定；理由：[待填]；擷取正文第41行：改善行動 | [待填：責任人、期限、下一期指標及驗證資料]。,本次未逐頁核對,04_全部文件與歷次版本/TTQS_GPT6_ASTRA_FULL_HANDOFF_20260925/17/1655_0119__I19-E07__01__目標市場及顧客價值部分提升證據分析表.docx,https://github.com/PT-Original-Point/ttqs-one/blob/submission-20261005-222304/%E9%80%81%E5%AF%A9%E8%B3%87%E6%96%99/04_%E5%85%A8%E9%83%A8%E6%96%87%E4%BB%B6%E8%88%87%E6%AD%B7%E6%AC%A1%E7%89%88%E6%9C%AC/TTQS_GPT6_ASTRA_FULL_HANDOFF_20260925/17/1655_0119__I19-E07__01__%E7%9B%AE%E6%A8%99%E5%B8%82%E5%A0%B4%E5%8F%8A%E9%A1%A7%E5%AE%A2%E5%83%B9%E5%80%BC%E9%83%A8%E5%88%86%E6%8F%90%E5%8D%87%E8%AD%89%E6%93%9A%E5%88%86%E6%9E%90%E8%A1%A8.docx,https://docs.google.com/document/d/1OLxvsKW4CbWPKWmzDdp0L3znCWwKyrOv/edit?usp=drivesdk&ouid=100902538427811382504&rtpof=true&sd=true,3d5362acb7cb39db5d4356bee5e2d310585806ea5e4df6dd2cd3031d56e2bc2f
19,I19-E08,相關證據顯示有初步訓練成果， 且有部份佐證資料。,8,0120,0120__I19-E08__01__訓練成果初步證據彙整與評量表.docx,先不要勾為完整紀錄,正文仍有未提供或待填的主要紀錄；未確認本項已形成完整實際證據。,按該格官方要求取得真實原始資料與核定、執行或結果紀錄。,否；不能用合成示範當實績,擷取正文第42行：後續處理 | [待填：補件或下一期追蹤項目、承辦角色及預定日期]。；擷取正文第53行：資料完整性：□完整 □待補 | 個資／授權：□已核 □待核 □不適用 | 後續行動：[待填],本次未逐頁核對,04_全部文件與歷次版本/TTQS_GPT6_ASTRA_FULL_HANDOFF_20260925/17/1656_0120__I19-E08__01__訓練成果初步證據彙整與評量表.docx,https://github.com/PT-Original-Point/ttqs-one/blob/submission-20261005-222304/%E9%80%81%E5%AF%A9%E8%B3%87%E6%96%99/04_%E5%85%A8%E9%83%A8%E6%96%87%E4%BB%B6%E8%88%87%E6%AD%B7%E6%AC%A1%E7%89%88%E6%9C%AC/TTQS_GPT6_ASTRA_FULL_HANDOFF_20260925/17/1656_0120__I19-E08__01__%E8%A8%93%E7%B7%B4%E6%88%90%E6%9E%9C%E5%88%9D%E6%AD%A5%E8%AD%89%E6%93%9A%E5%BD%99%E6%95%B4%E8%88%87%E8%A9%95%E9%87%8F%E8%A1%A8.docx,https://docs.google.com/document/d/1GzCkGSZ8ad-15vxqpnkK5sValu0spdDR/edit?usp=drivesdk&ouid=100902538427811382504&rtpof=true&sd=true,be9d5f79b1cb9b5a23e5c714deddc8de3f000e806d057811f4feb7cf3a460c03
19,I19-E09,提出學員滿意度、考試測驗或心得報告（學習技能面）。,8,0121,0121__I19-E09__01__學員滿意度與學習評量報告.docx,先不要勾為完整紀錄,正文仍有未提供或待填的主要紀錄；未確認本項已形成完整實際證據。,按該格官方要求取得真實原始資料與核定、執行或結果紀錄。,否；不能用合成示範當實績,擷取正文第14行：欄位 | 實際資料／待填；擷取正文第22行：課程內容符合您原先學習需求的程度？ | □1 □2 □3 □4 □5 □不適用；意見：[待填],本次未逐頁核對,04_全部文件與歷次版本/TTQS_GPT6_ASTRA_FULL_HANDOFF_20260925/17/1657_0121__I19-E09__01__學員滿意度與學習評量報告.docx,https://github.com/PT-Original-Point/ttqs-one/blob/submission-20261005-222304/%E9%80%81%E5%AF%A9%E8%B3%87%E6%96%99/04_%E5%85%A8%E9%83%A8%E6%96%87%E4%BB%B6%E8%88%87%E6%AD%B7%E6%AC%A1%E7%89%88%E6%9C%AC/TTQS_GPT6_ASTRA_FULL_HANDOFF_20260925/17/1657_0121__I19-E09__01__%E5%AD%B8%E5%93%A1%E6%BB%BF%E6%84%8F%E5%BA%A6%E8%88%87%E5%AD%B8%E7%BF%92%E8%A9%95%E9%87%8F%E5%A0%B1%E5%91%8A.docx,https://docs.google.com/document/d/1Ux4bPhpKsoPXnSNMX8BWrTzD-jZdYelo/edit?usp=drivesdk&ouid=100902538427811382504&rtpof=true&sd=true,42103f322aae5e42a45982ba2d631c1720a01f66bde1113e74a960f4af174e41
19,I19-E10,提出課後追蹤調查與分析結果、 證照通過情形（學習技能面）。,8,0122,0122__I19-E10__01__課後追蹤與證照通過分析表.docx,先不要勾為完整紀錄,正文仍有未提供或待填的主要紀錄；未確認本項已形成完整實際證據。,按該格官方要求取得真實原始資料與核定、執行或結果紀錄。,否；不能用合成示範當實績,擷取正文第9行：目前資料狀態 | 目前未取得本會追蹤名冊、考照資料或證照查驗原件；下表待填。；擷取正文第14行：欄位 | 實際資料／待填,本次未逐頁核對,04_全部文件與歷次版本/TTQS_GPT6_ASTRA_FULL_HANDOFF_20260925/17/1658_0122__I19-E10__01__課後追蹤與證照通過分析表.docx,https://github.com/PT-Original-Point/ttqs-one/blob/submission-20261005-222304/%E9%80%81%E5%AF%A9%E8%B3%87%E6%96%99/04_%E5%85%A8%E9%83%A8%E6%96%87%E4%BB%B6%E8%88%87%E6%AD%B7%E6%AC%A1%E7%89%88%E6%9C%AC/TTQS_GPT6_ASTRA_FULL_HANDOFF_20260925/17/1658_0122__I19-E10__01__%E8%AA%B2%E5%BE%8C%E8%BF%BD%E8%B9%A4%E8%88%87%E8%AD%89%E7%85%A7%E9%80%9A%E9%81%8E%E5%88%86%E6%9E%90%E8%A1%A8.docx,https://docs.google.com/document/d/1C7LlCQ9ySpw3lV3-eJONRjLpEDwSdCHX/edit?usp=drivesdk&ouid=100902538427811382504&rtpof=true&sd=true,72d092067e5c0d69e177a2c3651075fd9cb898a14cbf88058bbb2709119f5321
19,I19-E11,部份會員透過訓練後，事業成就上突破原有格局。,8,0123,0123__I19-E11__01__會員訓後事業成就個案紀錄.docx,先不要勾為完整紀錄,正文仍有未提供或待填的主要紀錄；未確認本項已形成完整實際證據。,按該格官方要求取得真實原始資料與核定、執行或結果紀錄。,否；不能用合成示範當實績,擷取正文第14行：欄位 | 實際資料／待填；擷取正文第29行：說明欄位 | 實際資料／待填,本次未逐頁核對,04_全部文件與歷次版本/TTQS_GPT6_ASTRA_FULL_HANDOFF_20260925/17/1659_0123__I19-E11__01__會員訓後事業成就個案紀錄.docx,https://github.com/PT-Original-Point/ttqs-one/blob/submission-20261005-222304/%E9%80%81%E5%AF%A9%E8%B3%87%E6%96%99/04_%E5%85%A8%E9%83%A8%E6%96%87%E4%BB%B6%E8%88%87%E6%AD%B7%E6%AC%A1%E7%89%88%E6%9C%AC/TTQS_GPT6_ASTRA_FULL_HANDOFF_20260925/17/1659_0123__I19-E11__01__%E6%9C%83%E5%93%A1%E8%A8%93%E5%BE%8C%E4%BA%8B%E6%A5%AD%E6%88%90%E5%B0%B1%E5%80%8B%E6%A1%88%E7%B4%80%E9%8C%84.docx,https://docs.google.com/document/d/1MWyF06zqbqqTYA2wWVLBfXjVQYgqC7kT/edit?usp=drivesdk&ouid=100902538427811382504&rtpof=true&sd=true,7d04b0ecbbd65b15f40312d1bfd6f747138ebfd78ff92806d71bbf08d5d3b495
19,I19-E12,企業主雇用結訓後學員，肯定機構訓練的成效。,8,0124,0124__I19-E12__01__結訓學員雇用與雇主回饋佐證表.docx,先不要勾為完整紀錄,正文仍有未提供或待填的主要紀錄；未確認本項已形成完整實際證據。,按該格官方要求取得真實原始資料與核定、執行或結果紀錄。,否；不能用合成示範當實績,擷取正文第17行：傳送方式及回覆期限 | [待填；以實際通知為準，不預設日期]；擷取正文第24行：雇用關係及到職日期 | □受僱 □其他；到職日：[待填]；佐證：[待填],本次未逐頁核對,04_全部文件與歷次版本/TTQS_GPT6_ASTRA_FULL_HANDOFF_20260925/17/1660_0124__I19-E12__01__結訓學員雇用與雇主回饋佐證表.docx,https://github.com/PT-Original-Point/ttqs-one/blob/submission-20261005-222304/%E9%80%81%E5%AF%A9%E8%B3%87%E6%96%99/04_%E5%85%A8%E9%83%A8%E6%96%87%E4%BB%B6%E8%88%87%E6%AD%B7%E6%AC%A1%E7%89%88%E6%9C%AC/TTQS_GPT6_ASTRA_FULL_HANDOFF_20260925/17/1660_0124__I19-E12__01__%E7%B5%90%E8%A8%93%E5%AD%B8%E5%93%A1%E9%9B%87%E7%94%A8%E8%88%87%E9%9B%87%E4%B8%BB%E5%9B%9E%E9%A5%8B%E4%BD%90%E8%AD%89%E8%A1%A8.docx,https://docs.google.com/document/d/1lPUCs0BYcbyuk7QnUOf3RGIKgaXlXZD_/edit?usp=drivesdk&ouid=100902538427811382504&rtpof=true&sd=true,257b40ef3798efc0ab4125905494d691fdd18d138a884f0dd0850c924f0f1aee
19,I19-E13,部份學員能運用所學於職務中。,8,0125,0125__I19-E13__01__學員職務運用追蹤紀錄.docx,先不要勾為完整紀錄,正文仍有未提供或待填的主要紀錄；未確認本項已形成完整實際證據。,按該格官方要求取得真實原始資料與核定、執行或結果紀錄。,否；不能用合成示範當實績,擷取正文第14行：欄位 | 實際資料／待填；擷取正文第21行：記錄項目 | 實際情形／待填,本次未逐頁核對,04_全部文件與歷次版本/TTQS_GPT6_ASTRA_FULL_HANDOFF_20260925/17/1661_0125__I19-E13__01__學員職務運用追蹤紀錄.docx,https://github.com/PT-Original-Point/ttqs-one/blob/submission-20261005-222304/%E9%80%81%E5%AF%A9%E8%B3%87%E6%96%99/04_%E5%85%A8%E9%83%A8%E6%96%87%E4%BB%B6%E8%88%87%E6%AD%B7%E6%AC%A1%E7%89%88%E6%9C%AC/TTQS_GPT6_ASTRA_FULL_HANDOFF_20260925/17/1661_0125__I19-E13__01__%E5%AD%B8%E5%93%A1%E8%81%B7%E5%8B%99%E9%81%8B%E7%94%A8%E8%BF%BD%E8%B9%A4%E7%B4%80%E9%8C%84.docx,https://docs.google.com/document/d/1SArr2eIKpN9pkeEIAyrXvNp5ZixWyIcN/edit?usp=drivesdk&ouid=100902538427811382504&rtpof=true&sd=true,ada704355cddfb4667fda8f7f66c9d3fb6a235034ceed498c8e518cb025a5da8
19,I19-E14,進行訓後薪資調查，部份訓後學員微幅調薪。,8,0126,0126__I19-E14__01__訓後薪資變化調查與分析表.docx,先不要勾為完整紀錄,正文仍有未提供或待填的主要紀錄；未確認本項已形成完整實際證據。,按該格官方要求取得真實原始資料與核定、執行或結果紀錄。,否；不能用合成示範當實績,擷取正文第14行：欄位 | 實際資料／待填；擷取正文第37行：檢核項目 | 狀態／待填,本次未逐頁核對,04_全部文件與歷次版本/TTQS_GPT6_ASTRA_FULL_HANDOFF_20260925/17/1662_0126__I19-E14__01__訓後薪資變化調查與分析表.docx,https://github.com/PT-Original-Point/ttqs-one/blob/submission-20261005-222304/%E9%80%81%E5%AF%A9%E8%B3%87%E6%96%99/04_%E5%85%A8%E9%83%A8%E6%96%87%E4%BB%B6%E8%88%87%E6%AD%B7%E6%AC%A1%E7%89%88%E6%9C%AC/TTQS_GPT6_ASTRA_FULL_HANDOFF_20260925/17/1662_0126__I19-E14__01__%E8%A8%93%E5%BE%8C%E8%96%AA%E8%B3%87%E8%AE%8A%E5%8C%96%E8%AA%BF%E6%9F%A5%E8%88%87%E5%88%86%E6%9E%90%E8%A1%A8.docx,https://docs.google.com/document/d/1k5QVdqLuOsKV1zNAnuwl1DgwOh3FuNmo/edit?usp=drivesdk&ouid=100902538427811382504&rtpof=true&sd=true,14b0cd010606b9f609b829c525378c14c00cf73d510ec7370bc6dc7bae13ae45
19,I19-E16,有量化之效益可呈現目標市場及顧客價值均有一定程度提升的效果。,8,0127,0127__I19-E16__01__目標市場與顧客價值量化效益分析表.docx,先不要勾為完整紀錄,正文仍有未提供或待填的主要紀錄；未確認本項已形成完整實際證據。,按該格官方要求取得真實原始資料與核定、執行或結果紀錄。,否；不能用合成示範當實績,擷取正文第14行：欄位 | 實際資料／待填；擷取正文第37行：欄位 | 待填內容,本次未逐頁核對,04_全部文件與歷次版本/TTQS_GPT6_ASTRA_FULL_HANDOFF_20260925/17/1663_0127__I19-E16__01__目標市場與顧客價值量化效益分析表.docx,https://github.com/PT-Original-Point/ttqs-one/blob/submission-20261005-222304/%E9%80%81%E5%AF%A9%E8%B3%87%E6%96%99/04_%E5%85%A8%E9%83%A8%E6%96%87%E4%BB%B6%E8%88%87%E6%AD%B7%E6%AC%A1%E7%89%88%E6%9C%AC/TTQS_GPT6_ASTRA_FULL_HANDOFF_20260925/17/1663_0127__I19-E16__01__%E7%9B%AE%E6%A8%99%E5%B8%82%E5%A0%B4%E8%88%87%E9%A1%A7%E5%AE%A2%E5%83%B9%E5%80%BC%E9%87%8F%E5%8C%96%E6%95%88%E7%9B%8A%E5%88%86%E6%9E%90%E8%A1%A8.docx,https://docs.google.com/document/d/1oQAXnHycV73mfrjSQLQK9V0zo9_5XMXX/edit?usp=drivesdk&ouid=100902538427811382504&rtpof=true&sd=true,21bdec6f358cc2bb596c25cccebf6d91c1932edb0371f4a3c08bfc9a51440495
19,I19-E17,相關證據顯示個人訓練後之績效改善成果。,8,0128,0128__I19-E17__01__個人訓後績效改善個案分析表.docx,先不要勾為完整紀錄,正文仍有未提供或待填的主要紀錄；未確認本項已形成完整實際證據。,按該格官方要求取得真實原始資料與核定、執行或結果紀錄。,否；不能用合成示範當實績,擷取正文第14行：欄位 | 實際資料／待填；擷取正文第29行：問題 | 實際資料／待填,本次未逐頁核對,04_全部文件與歷次版本/TTQS_GPT6_ASTRA_FULL_HANDOFF_20260925/17/1664_0128__I19-E17__01__個人訓後績效改善個案分析表.docx,https://github.com/PT-Original-Point/ttqs-one/blob/submission-20261005-222304/%E9%80%81%E5%AF%A9%E8%B3%87%E6%96%99/04_%E5%85%A8%E9%83%A8%E6%96%87%E4%BB%B6%E8%88%87%E6%AD%B7%E6%AC%A1%E7%89%88%E6%9C%AC/TTQS_GPT6_ASTRA_FULL_HANDOFF_20260925/17/1664_0128__I19-E17__01__%E5%80%8B%E4%BA%BA%E8%A8%93%E5%BE%8C%E7%B8%BE%E6%95%88%E6%94%B9%E5%96%84%E5%80%8B%E6%A1%88%E5%88%86%E6%9E%90%E8%A1%A8.docx,https://docs.google.com/document/d/1RapACqNaTuhgeFV7S5K6OcbJUew9Xo9G/edit?usp=drivesdk&ouid=100902538427811382504&rtpof=true&sd=true,266dcb738b0ccec553dc4bf950a226d52981b720390a1fe0e2966d52c9ef0359
19,I19-E18,提出市場競爭力、營業額、工作流程、成本控制或客訴率等營運表現（財務面）。,8,0129,0129__I19-E18__01__營運表現前後比較分析表.docx,先不要勾為完整紀錄,正文仍有未提供或待填的主要紀錄；未確認本項已形成完整實際證據。,按該格官方要求取得真實原始資料與核定、執行或結果紀錄。,否；不能用合成示範當實績,擷取正文第37行：欄位 | 實際資料／待填,本次未逐頁核對,04_全部文件與歷次版本/TTQS_GPT6_ASTRA_FULL_HANDOFF_20260925/17/1665_0129__I19-E18__01__營運表現前後比較分析表.docx,https://github.com/PT-Original-Point/ttqs-one/blob/submission-20261005-222304/%E9%80%81%E5%AF%A9%E8%B3%87%E6%96%99/04_%E5%85%A8%E9%83%A8%E6%96%87%E4%BB%B6%E8%88%87%E6%AD%B7%E6%AC%A1%E7%89%88%E6%9C%AC/TTQS_GPT6_ASTRA_FULL_HANDOFF_20260925/17/1665_0129__I19-E18__01__%E7%87%9F%E9%81%8B%E8%A1%A8%E7%8F%BE%E5%89%8D%E5%BE%8C%E6%AF%94%E8%BC%83%E5%88%86%E6%9E%90%E8%A1%A8.docx,https://docs.google.com/document/d/11xPHDjCrMsylMjhEBRD7SNGbF_K9-3nl/edit?usp=drivesdk&ouid=100902538427811382504&rtpof=true&sd=true,e8bc347e5b16f2d83187b55a5c37bb613abb0711bc51ceda2e401280e2f2a790
19,I19-E19,學員訓後創業案例。,8,0130,0130__I19-E19__01__學員訓後創業案例紀錄與佐證表.docx,先不要勾為完整紀錄,正文仍有未提供或待填的主要紀錄；未確認本項已形成完整實際證據。,按該格官方要求取得真實原始資料與核定、執行或結果紀錄。,否；不能用合成示範當實績,擷取正文第14行：欄位 | 實際資料／待填；擷取正文第30行：問題 | 實際資料／待填,本次未逐頁核對,04_全部文件與歷次版本/TTQS_GPT6_ASTRA_FULL_HANDOFF_20260925/17/1666_0130__I19-E19__01__學員訓後創業案例紀錄與佐證表.docx,https://github.com/PT-Original-Point/ttqs-one/blob/submission-20261005-222304/%E9%80%81%E5%AF%A9%E8%B3%87%E6%96%99/04_%E5%85%A8%E9%83%A8%E6%96%87%E4%BB%B6%E8%88%87%E6%AD%B7%E6%AC%A1%E7%89%88%E6%9C%AC/TTQS_GPT6_ASTRA_FULL_HANDOFF_20260925/17/1666_0130__I19-E19__01__%E5%AD%B8%E5%93%A1%E8%A8%93%E5%BE%8C%E5%89%B5%E6%A5%AD%E6%A1%88%E4%BE%8B%E7%B4%80%E9%8C%84%E8%88%87%E4%BD%90%E8%AD%89%E8%A1%A8.docx,https://docs.google.com/document/d/1P_kGmpN5EcNRRbkgZmtsgHhcraD6yE7i/edit?usp=drivesdk&ouid=100902538427811382504&rtpof=true&sd=true,44899c3a8c4d0897430473c3d447710d31221966ca4b1a869e4b1bc8cbdbd3a1
19,I19-E20,學員證照通過、就業率高。,8,0131,0131__I19-E20__01__學員證照通過與就業追蹤統計表.docx,先不要勾為完整紀錄,正文仍有未提供或待填的主要紀錄；未確認本項已形成完整實際證據。,按該格官方要求取得真實原始資料與核定、執行或結果紀錄。,否；不能用合成示範當實績,擷取正文第14行：項目 | 實際資料／待填；擷取正文第35行：判讀項目 | 實際資料／待填,本次未逐頁核對,04_全部文件與歷次版本/TTQS_GPT6_ASTRA_FULL_HANDOFF_20260925/17/1667_0131__I19-E20__01__學員證照通過與就業追蹤統計表.docx,https://github.com/PT-Original-Point/ttqs-one/blob/submission-20261005-222304/%E9%80%81%E5%AF%A9%E8%B3%87%E6%96%99/04_%E5%85%A8%E9%83%A8%E6%96%87%E4%BB%B6%E8%88%87%E6%AD%B7%E6%AC%A1%E7%89%88%E6%9C%AC/TTQS_GPT6_ASTRA_FULL_HANDOFF_20260925/17/1667_0131__I19-E20__01__%E5%AD%B8%E5%93%A1%E8%AD%89%E7%85%A7%E9%80%9A%E9%81%8E%E8%88%87%E5%B0%B1%E6%A5%AD%E8%BF%BD%E8%B9%A4%E7%B5%B1%E8%A8%88%E8%A1%A8.docx,https://docs.google.com/document/d/11R7VGfZ_h8laJqfLWgWCygtCP6oyLdc0/edit?usp=drivesdk&ouid=100902538427811382504&rtpof=true&sd=true,f4faed2e99d1d2b4ea79fff1db2ee3357e25f1ca013b8be70f781e470371081d
19,I19-E21,個人產品不良件數有下降趨勢。,8,0132,0132__I19-E21__01__個人產品不良件數與訓後改善分析表.docx,先不要勾為完整紀錄,正文仍有未提供或待填的主要紀錄；未確認本項已形成完整實際證據。,按該格官方要求取得真實原始資料與核定、執行或結果紀錄。,否；不能用合成示範當實績,擷取正文第14行：判定問題 | 實際資料／待填；擷取正文第22行：欄位 | 實際資料／待填,本次未逐頁核對,04_全部文件與歷次版本/TTQS_GPT6_ASTRA_FULL_HANDOFF_20260925/17/1668_0132__I19-E21__01__個人產品不良件數與訓後改善分析表.docx,https://github.com/PT-Original-Point/ttqs-one/blob/submission-20261005-222304/%E9%80%81%E5%AF%A9%E8%B3%87%E6%96%99/04_%E5%85%A8%E9%83%A8%E6%96%87%E4%BB%B6%E8%88%87%E6%AD%B7%E6%AC%A1%E7%89%88%E6%9C%AC/TTQS_GPT6_ASTRA_FULL_HANDOFF_20260925/17/1668_0132__I19-E21__01__%E5%80%8B%E4%BA%BA%E7%94%A2%E5%93%81%E4%B8%8D%E8%89%AF%E4%BB%B6%E6%95%B8%E8%88%87%E8%A8%93%E5%BE%8C%E6%94%B9%E5%96%84%E5%88%86%E6%9E%90%E8%A1%A8.docx,https://docs.google.com/document/d/1UX5EbkykSSeRArSOEUujCvKm-f4KqcbX/edit?usp=drivesdk&ouid=100902538427811382504&rtpof=true&sd=true,c76fe95606a3cedaa13a093f0233af45332b5c97c9d59fe726e2e117d6771f87
19,I19-E22,每年訓練班次、人次均持續成長。,8,0133,0133__I19-E22__01__年度訓練班次與參訓人次趨勢表.docx,先不要勾為完整紀錄,正文仍有未提供或待填的主要紀錄；未確認本項已形成完整實際證據。,按該格官方要求取得真實原始資料與核定、執行或結果紀錄。,否；不能用合成示範當實績,擷取正文第15行：欄位 | 實際資料／待填；擷取正文第36行：項目 | 實際資料／待填,本次未逐頁核對,04_全部文件與歷次版本/TTQS_GPT6_ASTRA_FULL_HANDOFF_20260925/17/1678_0133__I19-E22__01__年度訓練班次與參訓人次趨勢表.docx,https://github.com/PT-Original-Point/ttqs-one/blob/submission-20261005-222304/%E9%80%81%E5%AF%A9%E8%B3%87%E6%96%99/04_%E5%85%A8%E9%83%A8%E6%96%87%E4%BB%B6%E8%88%87%E6%AD%B7%E6%AC%A1%E7%89%88%E6%9C%AC/TTQS_GPT6_ASTRA_FULL_HANDOFF_20260925/17/1678_0133__I19-E22__01__%E5%B9%B4%E5%BA%A6%E8%A8%93%E7%B7%B4%E7%8F%AD%E6%AC%A1%E8%88%87%E5%8F%83%E8%A8%93%E4%BA%BA%E6%AC%A1%E8%B6%A8%E5%8B%A2%E8%A1%A8.docx,https://docs.google.com/document/d/17pWPf7sSwSqgvbHzLMo8VxuF430jea-Z/edit?usp=drivesdk&ouid=100902538427811382504&rtpof=true&sd=true,c1ec97eb04e913beb7373c0e7c5593f2b7908024e277250f9f2121ca97f0d312
19,I19-E23,會員人數及會費收入均逐年增加。,8,0134,0134__I19-E23__會員人數及會費收入逐年變化分析報告_R03.docx,先不要勾為完整紀錄,正文仍有未提供或待填的主要紀錄；未確認本項已形成完整實際證據。,按該格官方要求取得真實原始資料與核定、執行或結果紀錄。,否；不能用合成示範當實績,擷取正文第20行：比較年度 | [待填：至少三個連續且已結帳／完成名冊核對的會計年度；期間起訖與年度末日]；擷取正文第21行：會員母體 | [待填：依章程及本會核定規則，逐年末仍具有效會員資格者；列示會員類別及納入條件],本次未逐頁核對,04_全部文件與歷次版本/TTQS_GPT6_ASTRA_FULL_HANDOFF_20260925/17/1679_0134__I19-E23__會員人數及會費收入逐年變化分析報告_R03.docx,https://github.com/PT-Original-Point/ttqs-one/blob/submission-20261005-222304/%E9%80%81%E5%AF%A9%E8%B3%87%E6%96%99/04_%E5%85%A8%E9%83%A8%E6%96%87%E4%BB%B6%E8%88%87%E6%AD%B7%E6%AC%A1%E7%89%88%E6%9C%AC/TTQS_GPT6_ASTRA_FULL_HANDOFF_20260925/17/1679_0134__I19-E23__%E6%9C%83%E5%93%A1%E4%BA%BA%E6%95%B8%E5%8F%8A%E6%9C%83%E8%B2%BB%E6%94%B6%E5%85%A5%E9%80%90%E5%B9%B4%E8%AE%8A%E5%8C%96%E5%88%86%E6%9E%90%E5%A0%B1%E5%91%8A_R03.docx,https://docs.google.com/document/d/1kO6EG4paol-acAzGEscK8odz8dYy-gR0/edit?usp=drivesdk&ouid=100902538427811382504&rtpof=true&sd=true,2c102133c647bb80ea745a4503857f1211855e46cda621f3bc769763b288538f
19,I19-E25,經營績效中之數據呈現目標市場及顧客價值均有顯著具體的提升績效。,8,0135,0135__I19-E25__01__目標市場與顧客價值具體提升成效分析報告.docx,先不要勾為完整紀錄,正文仍有未提供或待填的主要紀錄；未確認本項已形成完整實際證據。,按該格官方要求取得真實原始資料與核定、執行或結果紀錄。,否；不能用合成示範當實績,擷取正文第14行：欄位 | 實際資料／待填；擷取正文第22行：目標市場表現 | [待填期間、n及分子／分母／實績] | [待填期間、n及分子／分母／實績] | [待算] | [待填來源、事前核定目標及覆核],本次未逐頁核對,04_全部文件與歷次版本/TTQS_GPT6_ASTRA_FULL_HANDOFF_20260925/17/1669_0135__I19-E25__01__目標市場與顧客價值具體提升成效分析報告.docx,https://github.com/PT-Original-Point/ttqs-one/blob/submission-20261005-222304/%E9%80%81%E5%AF%A9%E8%B3%87%E6%96%99/04_%E5%85%A8%E9%83%A8%E6%96%87%E4%BB%B6%E8%88%87%E6%AD%B7%E6%AC%A1%E7%89%88%E6%9C%AC/TTQS_GPT6_ASTRA_FULL_HANDOFF_20260925/17/1669_0135__I19-E25__01__%E7%9B%AE%E6%A8%99%E5%B8%82%E5%A0%B4%E8%88%87%E9%A1%A7%E5%AE%A2%E5%83%B9%E5%80%BC%E5%85%B7%E9%AB%94%E6%8F%90%E5%8D%87%E6%88%90%E6%95%88%E5%88%86%E6%9E%90%E5%A0%B1%E5%91%8A.docx,https://docs.google.com/document/d/14UalnJ1Bkqwnr5ZVJmAdpIbBl36M8153/edit?usp=drivesdk&ouid=100902538427811382504&rtpof=true&sd=true,3cae7e6b717dbf09b953fcd74fa2549f3593c94f6d8dd13a913321161e434337
19,I19-E26,提出參與社會公益活動、獲頒公民營單位獎項、結合學校單位產學或研發成果社會面。,8,0136,0136__I19-E26__01__公益活動、獎項與學校合作原件驗證登錄表.docx,先不要勾為完整紀錄,正文仍有未提供或待填的主要紀錄；未確認本項已形成完整實際證據。,按該格官方要求取得真實原始資料與核定、執行或結果紀錄。,否；不能用合成示範當實績,擷取正文第14行：欄位 | 實際資料／待填；擷取正文第22行：[待補] | [待填出具單位、窗口及取得管道] | □未取得 □待驗 □已驗 | [待填索取日、回覆期限、回覆日及核驗方式／日期] | [待補],本次未逐頁核對,04_全部文件與歷次版本/TTQS_GPT6_ASTRA_FULL_HANDOFF_20260925/17/1670_0136__I19-E26__01__公益活動、獎項與學校合作原件驗證登錄表.docx,https://github.com/PT-Original-Point/ttqs-one/blob/submission-20261005-222304/%E9%80%81%E5%AF%A9%E8%B3%87%E6%96%99/04_%E5%85%A8%E9%83%A8%E6%96%87%E4%BB%B6%E8%88%87%E6%AD%B7%E6%AC%A1%E7%89%88%E6%9C%AC/TTQS_GPT6_ASTRA_FULL_HANDOFF_20260925/17/1670_0136__I19-E26__01__%E5%85%AC%E7%9B%8A%E6%B4%BB%E5%8B%95%E3%80%81%E7%8D%8E%E9%A0%85%E8%88%87%E5%AD%B8%E6%A0%A1%E5%90%88%E4%BD%9C%E5%8E%9F%E4%BB%B6%E9%A9%97%E8%AD%89%E7%99%BB%E9%8C%84%E8%A1%A8.docx,https://docs.google.com/document/d/1tM-lBOSa390yDNuAy0D3a1js0h0Ngm3w/edit?usp=drivesdk&ouid=100902538427811382504&rtpof=true&sd=true,f056251a6bf97b9e2cd9d68698b96aeac71a8229ee03dcddb2de079ee4bb034e
19,I19-E27,提出報章雜誌採訪或電子媒體訪問之正面消息（其他）。,9,0137,0137__I19-E27__01__媒體採訪與正面報導原件查驗表.docx,先不要勾為完整紀錄,正文仍有未提供或待填的主要紀錄；未確認本項已形成完整實際證據。,按該格官方要求取得真實原始資料與核定、執行或結果紀錄。,否；不能用合成示範當實績,擷取正文第14行：欄位 | 實際資料／待填；擷取正文第25行：取得追蹤 | [聯繫管道／窗口、聯繫日期、回覆期限、回覆狀態及未取得處理：[待填]；不得填成已聯繫。,本次未逐頁核對,04_全部文件與歷次版本/TTQS_GPT6_ASTRA_FULL_HANDOFF_20260925/17/1671_0137__I19-E27__01__媒體採訪與正面報導原件查驗表.docx,https://github.com/PT-Original-Point/ttqs-one/blob/submission-20261005-222304/%E9%80%81%E5%AF%A9%E8%B3%87%E6%96%99/04_%E5%85%A8%E9%83%A8%E6%96%87%E4%BB%B6%E8%88%87%E6%AD%B7%E6%AC%A1%E7%89%88%E6%9C%AC/TTQS_GPT6_ASTRA_FULL_HANDOFF_20260925/17/1671_0137__I19-E27__01__%E5%AA%92%E9%AB%94%E6%8E%A1%E8%A8%AA%E8%88%87%E6%AD%A3%E9%9D%A2%E5%A0%B1%E5%B0%8E%E5%8E%9F%E4%BB%B6%E6%9F%A5%E9%A9%97%E8%A1%A8.docx,https://docs.google.com/document/d/1iIKqPq2_wSCJJl8DWyNU38opv-_FT41K/edit?usp=drivesdk&ouid=100902538427811382504&rtpof=true&sd=true,99030b45fa4e09cd5292f63283ef63c5e392fbc7dba8ea88388f97debce5f15b
19,I19-E28,個人績效提升（薪資提升或獎勵升遷之紀錄）。,9,0138,0138__I19-E28__01__學員訓後薪資與獎勵升遷第三方驗證表.docx,先不要勾為完整紀錄,正文仍有未提供或待填的主要紀錄；未確認本項已形成完整實際證據。,按該格官方要求取得真實原始資料與核定、執行或結果紀錄。,否；不能用合成示範當實績,擷取正文第14行：欄位 | 實際資料／待填；擷取正文第28行：核對項目 | 實際資料／待填,本次未逐頁核對,04_全部文件與歷次版本/TTQS_GPT6_ASTRA_FULL_HANDOFF_20260925/17/1672_0138__I19-E28__01__學員訓後薪資與獎勵升遷第三方驗證表.docx,https://github.com/PT-Original-Point/ttqs-one/blob/submission-20261005-222304/%E9%80%81%E5%AF%A9%E8%B3%87%E6%96%99/04_%E5%85%A8%E9%83%A8%E6%96%87%E4%BB%B6%E8%88%87%E6%AD%B7%E6%AC%A1%E7%89%88%E6%9C%AC/TTQS_GPT6_ASTRA_FULL_HANDOFF_20260925/17/1672_0138__I19-E28__01__%E5%AD%B8%E5%93%A1%E8%A8%93%E5%BE%8C%E8%96%AA%E8%B3%87%E8%88%87%E7%8D%8E%E5%8B%B5%E5%8D%87%E9%81%B7%E7%AC%AC%E4%B8%89%E6%96%B9%E9%A9%97%E8%AD%89%E8%A1%A8.docx,https://docs.google.com/document/d/1EcX-2TQ61fHQEZFjuiDZCIVse2NUtz71/edit?usp=drivesdk&ouid=100902538427811382504&rtpof=true&sd=true,02900e5f6f120791430824e3aa33e0a4ce6f8f232810dd519bab5ffa11cfa75d
19,I19-E29,證照通過率高及就業率大幅提升。,9,0139,0139__I19-E29__01__證照通過率與就業率跨年度改善分析報告.docx,先不要勾為完整紀錄,正文仍有未提供或待填的主要紀錄；未確認本項已形成完整實際證據。,按該格官方要求取得真實原始資料與核定、執行或結果紀錄。,否；不能用合成示範當實績,擷取正文第14行：欄位 | 實際資料／待填,本次未逐頁核對,04_全部文件與歷次版本/TTQS_GPT6_ASTRA_FULL_HANDOFF_20260925/17/1673_0139__I19-E29__01__證照通過率與就業率跨年度改善分析報告.docx,https://github.com/PT-Original-Point/ttqs-one/blob/submission-20261005-222304/%E9%80%81%E5%AF%A9%E8%B3%87%E6%96%99/04_%E5%85%A8%E9%83%A8%E6%96%87%E4%BB%B6%E8%88%87%E6%AD%B7%E6%AC%A1%E7%89%88%E6%9C%AC/TTQS_GPT6_ASTRA_FULL_HANDOFF_20260925/17/1673_0139__I19-E29__01__%E8%AD%89%E7%85%A7%E9%80%9A%E9%81%8E%E7%8E%87%E8%88%87%E5%B0%B1%E6%A5%AD%E7%8E%87%E8%B7%A8%E5%B9%B4%E5%BA%A6%E6%94%B9%E5%96%84%E5%88%86%E6%9E%90%E5%A0%B1%E5%91%8A.docx,https://docs.google.com/document/d/14c_j5USWu4DMjfGRK9FfyygsLjHgNmyO/edit?usp=drivesdk&ouid=100902538427811382504&rtpof=true&sd=true,dba8afd468850e5e7fef1726d3245f5bd6ee7d9fc480192e6201a044a1b7afb1
19,I19-E30,運用資訊系統普及率。,9,0140,0140__I19-E30__01__訓練資訊系統使用普及率盤點與分析表.docx,先不要勾為完整紀錄,正文仍有未提供或待填的主要紀錄；未確認本項已形成完整實際證據。,按該格官方要求取得真實原始資料與核定、執行或結果紀錄。,否；不能用合成示範當實績,擷取正文第20行：欄位 | 實際資料／待填,本次未逐頁核對,04_全部文件與歷次版本/TTQS_GPT6_ASTRA_FULL_HANDOFF_20260925/17/1674_0140__I19-E30__01__訓練資訊系統使用普及率盤點與分析表.docx,https://github.com/PT-Original-Point/ttqs-one/blob/submission-20261005-222304/%E9%80%81%E5%AF%A9%E8%B3%87%E6%96%99/04_%E5%85%A8%E9%83%A8%E6%96%87%E4%BB%B6%E8%88%87%E6%AD%B7%E6%AC%A1%E7%89%88%E6%9C%AC/TTQS_GPT6_ASTRA_FULL_HANDOFF_20260925/17/1674_0140__I19-E30__01__%E8%A8%93%E7%B7%B4%E8%B3%87%E8%A8%8A%E7%B3%BB%E7%B5%B1%E4%BD%BF%E7%94%A8%E6%99%AE%E5%8F%8A%E7%8E%87%E7%9B%A4%E9%BB%9E%E8%88%87%E5%88%86%E6%9E%90%E8%A1%A8.docx,https://docs.google.com/document/d/1gwGv3KqNyjuoV5A-SUBByXOdxbgu837j/edit?usp=drivesdk&ouid=100902538427811382504&rtpof=true&sd=true,f866be7da12682c833cbbd6434f124c02420f0428693fa14388f7ccec9ec2786
19,I19-E31,顧客滿意度提升。,9,0141,0141__I19-E31__01__顧客滿意度趨勢調查與分析報告.docx,先不要勾為完整紀錄,正文仍有未提供或待填的主要紀錄；未確認本項已形成完整實際證據。,按該格官方要求取得真實原始資料與核定、執行或結果紀錄。,否；不能用合成示範當實績,擷取正文第14行：欄位 | 實際資料／待填；擷取正文第22行：服務內容符合您原先需求的程度？ | □1 □2 □3 □4 □5 □不適用；說明：[待填],本次未逐頁核對,04_全部文件與歷次版本/TTQS_GPT6_ASTRA_FULL_HANDOFF_20260925/17/1675_0141__I19-E31__01__顧客滿意度趨勢調查與分析報告.docx,https://github.com/PT-Original-Point/ttqs-one/blob/submission-20261005-222304/%E9%80%81%E5%AF%A9%E8%B3%87%E6%96%99/04_%E5%85%A8%E9%83%A8%E6%96%87%E4%BB%B6%E8%88%87%E6%AD%B7%E6%AC%A1%E7%89%88%E6%9C%AC/TTQS_GPT6_ASTRA_FULL_HANDOFF_20260925/17/1675_0141__I19-E31__01__%E9%A1%A7%E5%AE%A2%E6%BB%BF%E6%84%8F%E5%BA%A6%E8%B6%A8%E5%8B%A2%E8%AA%BF%E6%9F%A5%E8%88%87%E5%88%86%E6%9E%90%E5%A0%B1%E5%91%8A.docx,https://docs.google.com/document/d/1Q4oOSsCYZ-5JKRyqL7s476bKibgDfkWz/edit?usp=drivesdk&ouid=100902538427811382504&rtpof=true&sd=true,600f9c089253dab62008d69daecfab15ea8576ff812a1e27ce36e331fa4fee7b
19,I19-E32,組織近三年營業額持續成長。,9,0142,0142__組織近三年營業額與收入趨勢核對報告.docx,可補充看示範；先不要當成已完成佐證,三年度金額、年增率10%、累積21%與其他收入分列正確。,120萬元起的服務收入只是示範；未取得協會財報，非營利協會科目是否適用尚需確認，不能勾成營業額持續成長。,否；不能用合成示範當實績,擷取正文第4行：示範資料｜非本會實際紀錄。組織財務原件尚未提供，實際營業額趨勢目前未判定。；擷取正文第50行：2023 | 第4節表5第2列（示例資料集 A；僅為合成示例）。覆核欄位：營業額與總收入按表列值算術勾稽；本年為基準年，年增率不適用。真實原件覆核：正式財報、收入明細／總帳原件及真實附件未提供。,本次未逐頁核對,04_全部文件與歷次版本/TTQS_ONE_CODEX_RUNTIME/21/2097_0142__組織近三年營業額與收入趨勢核對報告.docx,https://github.com/PT-Original-Point/ttqs-one/blob/submission-20261005-222304/%E9%80%81%E5%AF%A9%E8%B3%87%E6%96%99/04_%E5%85%A8%E9%83%A8%E6%96%87%E4%BB%B6%E8%88%87%E6%AD%B7%E6%AC%A1%E7%89%88%E6%9C%AC/TTQS_ONE_CODEX_RUNTIME/21/2097_0142__%E7%B5%84%E7%B9%94%E8%BF%91%E4%B8%89%E5%B9%B4%E7%87%9F%E6%A5%AD%E9%A1%8D%E8%88%87%E6%94%B6%E5%85%A5%E8%B6%A8%E5%8B%A2%E6%A0%B8%E5%B0%8D%E5%A0%B1%E5%91%8A.docx,https://docs.google.com/document/d/1oF4UID-LN34-t_93XNKANQaT3ZwAo-xZ/edit?usp=drivesdk&ouid=100902538427811382504&rtpof=true&sd=true,59f9b500eafd0b283a6df898d337e888da37cb6bcfc98cb180a6fd452b8034a6
