序號,文件名稱,原始位置,存放位置,驗收狀態,檔案大小,SHA256
1,B02_0001_REPAGINATE_TEST.docx,B02_0001_REPAGINATE_TEST.docx,04_全部文件與歷次版本/根目錄文件/01/0001_B02_0001_REPAGINATE_TEST.docx,原樣保留；本次尚未確認完成驗收,49098,5602df51f2090863002a38d3665b1b00d3391a8a776b5727b2f3b0d5a6ec0322
2,report_qa_r01.docx,report_qa_r01.docx,04_全部文件與歷次版本/根目錄文件/01/0002_report_qa_r01.docx,原樣保留；本次尚未確認完成驗收,50671,991efcc352243bf78fddb6d3e19909d7dbcc630604d510aa831ed1556380e72b
3,社團法人屏東縣原始點關懷協會_中長程業務發展規劃與策略地圖.docx,人才發展品質管理全量文件製作任務包_20260923/人才發展品質管理全量文件製作任務包_20260923/協會既有文稿與定位資料/社團法人屏東縣原始點關懷協會_中長程業務發展規劃與策略地圖.docx,04_全部文件與歷次版本/人才發展品質管理全量文件製作任務包_20260923/01/0003_社團法人屏東縣原始點關懷協會_中長程業務發展規劃與策略地圖.docx,原樣保留；本次尚未確認完成驗收,42371,bc71a454663382f9a60346ad6923dae252a75e4f33ad4dfefd5856dae1ba653b
4,001_指標1_中長程的業務發展規劃策略地圖.docx,人才發展品質管理全量文件製作任務包_20260923/人才發展品質管理全量文件製作任務包_20260923/交付/個別主檔/001_指標1_中長程的業務發展規劃策略地圖.docx,04_全部文件與歷次版本/人才發展品質管理全量文件製作任務包_20260923/01/0004_001_指標1_中長程的業務發展規劃策略地圖.docx,原樣保留；本次尚未確認完成驗收,40371,c4dd2fdbd1111434e7f1e08fdf7d49124d673d38082f2fdecc70dd41917abac2
5,002_指標1_目標市場需求調查.docx,人才發展品質管理全量文件製作任務包_20260923/人才發展品質管理全量文件製作任務包_20260923/交付/個別主檔/002_指標1_目標市場需求調查.docx,04_全部文件與歷次版本/人才發展品質管理全量文件製作任務包_20260923/01/0005_002_指標1_目標市場需求調查.docx,原樣保留；本次尚未確認完成驗收,39401,59bc4e53f6cd664b3bcb98420dd24468ebb651e35c56e9085a4f835e4ecba7f5
6,003_指標1_業務發展計畫（包括人力資源的發展與訓練規劃內容、.docx,人才發展品質管理全量文件製作任務包_20260923/人才發展品質管理全量文件製作任務包_20260923/交付/個別主檔/003_指標1_業務發展計畫（包括人力資源的發展與訓練規劃內容、.docx,04_全部文件與歷次版本/人才發展品質管理全量文件製作任務包_20260923/01/0006_003_指標1_業務發展計畫（包括人力資源的發展與訓練規劃內容、.docx,原樣保留；本次尚未確認完成驗收,39507,84705a36b5e9cdb61484cabe107e51d471e1527bed8b1cd725f64fcb7fb583d7
7,004_指標1_課程產品及流程的檢討分析.docx,人才發展品質管理全量文件製作任務包_20260923/人才發展品質管理全量文件製作任務包_20260923/交付/個別主檔/004_指標1_課程產品及流程的檢討分析.docx,04_全部文件與歷次版本/人才發展品質管理全量文件製作任務包_20260923/01/0007_004_指標1_課程產品及流程的檢討分析.docx,原樣保留；本次尚未確認完成驗收,39398,0f5b92f5fb9d84e2a437fbbbbc91eeae8350ba2b297aff0f3ed39cc32858d641
8,005_指標1_各類別訓練課程年度成長計畫.docx,人才發展品質管理全量文件製作任務包_20260923/人才發展品質管理全量文件製作任務包_20260923/交付/個別主檔/005_指標1_各類別訓練課程年度成長計畫.docx,04_全部文件與歷次版本/人才發展品質管理全量文件製作任務包_20260923/01/0008_005_指標1_各類別訓練課程年度成長計畫.docx,原樣保留；本次尚未確認完成驗收,39439,0d2c57d9c2c18a87c1a0fcdcb36c444a7f9d3a117f56cc59c841c08a73f080bc
9,006_指標1_單位工作達成年度績效目標的訂定及目標分析等佐證資.docx,人才發展品質管理全量文件製作任務包_20260923/人才發展品質管理全量文件製作任務包_20260923/交付/個別主檔/006_指標1_單位工作達成年度績效目標的訂定及目標分析等佐證資.docx,04_全部文件與歷次版本/人才發展品質管理全量文件製作任務包_20260923/01/0009_006_指標1_單位工作達成年度績效目標的訂定及目標分析等佐證資.docx,原樣保留；本次尚未確認完成驗收,39456,e947f1b56a8da840ca6cba821f66bb28d44874cd6be42fd88074bd842fe34589
10,008_指標2_對學員訓練成果有評核標準的訂定及說明.docx,人才發展品質管理全量文件製作任務包_20260923/人才發展品質管理全量文件製作任務包_20260923/交付/個別主檔/008_指標2_對學員訓練成果有評核標準的訂定及說明.docx,04_全部文件與歷次版本/人才發展品質管理全量文件製作任務包_20260923/01/0010_008_指標2_對學員訓練成果有評核標準的訂定及說明.docx,原樣保留；本次尚未確認完成驗收,39449,a412f4781883a203f0176c192b1fdb2336e6a530eecf6200a80d64c605c28c6e
11,009_指標2_與訓練政策有關之訓練產品與市場定位.docx,人才發展品質管理全量文件製作任務包_20260923/人才發展品質管理全量文件製作任務包_20260923/交付/個別主檔/009_指標2_與訓練政策有關之訓練產品與市場定位.docx,04_全部文件與歷次版本/人才發展品質管理全量文件製作任務包_20260923/01/0011_009_指標2_與訓練政策有關之訓練產品與市場定位.docx,原樣保留；本次尚未確認完成驗收,39484,983224ffff2f782e0240773d8e3dd537d4dc92c83c9de37e1e10a8a4d966372f
12,010_指標2_補助參與機構公開招生課程或進階課程優惠辦法之規定.docx,人才發展品質管理全量文件製作任務包_20260923/人才發展品質管理全量文件製作任務包_20260923/交付/個別主檔/010_指標2_補助參與機構公開招生課程或進階課程優惠辦法之規定.docx,04_全部文件與歷次版本/人才發展品質管理全量文件製作任務包_20260923/01/0012_010_指標2_補助參與機構公開招生課程或進階課程優惠辦法之規定.docx,原樣保留；本次尚未確認完成驗收,39447,73888c867acf5234c66ea5fff6baecaf0e6a60dbe65fba4aab15b700c9bc9d7f
13,011_指標2_公開公布訓練機構年度訓練課程.docx,人才發展品質管理全量文件製作任務包_20260923/人才發展品質管理全量文件製作任務包_20260923/交付/個別主檔/011_指標2_公開公布訓練機構年度訓練課程.docx,04_全部文件與歷次版本/人才發展品質管理全量文件製作任務包_20260923/01/0013_011_指標2_公開公布訓練機構年度訓練課程.docx,原樣保留；本次尚未確認完成驗收,39416,c998b57f123cbb26f478226886ff9422ad48e0f6893e36232990d2bff6fccf0c
14,012_指標2_客戶提出的課程需求的相關表單（文件），而揭露的呈.docx,人才發展品質管理全量文件製作任務包_20260923/人才發展品質管理全量文件製作任務包_20260923/交付/個別主檔/012_指標2_客戶提出的課程需求的相關表單（文件），而揭露的呈.docx,04_全部文件與歷次版本/人才發展品質管理全量文件製作任務包_20260923/01/0014_012_指標2_客戶提出的課程需求的相關表單（文件），而揭露的呈.docx,原樣保留；本次尚未確認完成驗收,39491,9075d7a18b1aa447d17d8b9ac73aed201da34b0aaf5aafbe9fa1aa2ddf658eaf
15,014_指標3_訓練體系圖解及核心訓練類別名稱.docx,人才發展品質管理全量文件製作任務包_20260923/人才發展品質管理全量文件製作任務包_20260923/交付/個別主檔/014_指標3_訓練體系圖解及核心訓練類別名稱.docx,04_全部文件與歷次版本/人才發展品質管理全量文件製作任務包_20260923/01/0015_014_指標3_訓練體系圖解及核心訓練類別名稱.docx,原樣保留；本次尚未確認完成驗收,39433,ab69293b0d1a35a786822d5a07aa75243d95ed47ad7d750d3b22c0d9816c0453
16,015_指標3_學員訓練及訓練機構事業發展相關的證明.docx,人才發展品質管理全量文件製作任務包_20260923/人才發展品質管理全量文件製作任務包_20260923/交付/個別主檔/015_指標3_學員訓練及訓練機構事業發展相關的證明.docx,04_全部文件與歷次版本/人才發展品質管理全量文件製作任務包_20260923/01/0016_015_指標3_學員訓練及訓練機構事業發展相關的證明.docx,原樣保留；本次尚未確認完成驗收,39433,5ab4070ee4885fa2fca5397085a5311b42407c3d726c1d4e32fe00d4ccb72bf5
17,016_指標3_學員訓練類型及促進關鍵績效指標（KPI）.docx,人才發展品質管理全量文件製作任務包_20260923/人才發展品質管理全量文件製作任務包_20260923/交付/個別主檔/016_指標3_學員訓練類型及促進關鍵績效指標（KPI）.docx,04_全部文件與歷次版本/人才發展品質管理全量文件製作任務包_20260923/01/0017_016_指標3_學員訓練類型及促進關鍵績效指標（KPI）.docx,原樣保留；本次尚未確認完成驗收,39452,cca9f2a603f0ba9b2dc15c533be4536d433bfe78aaf1101d9f8947c0b4f0b9b1
18,017_指標3_學員訓練及學員職務相稱的證明.docx,人才發展品質管理全量文件製作任務包_20260923/人才發展品質管理全量文件製作任務包_20260923/交付/個別主檔/017_指標3_學員訓練及學員職務相稱的證明.docx,04_全部文件與歷次版本/人才發展品質管理全量文件製作任務包_20260923/01/0018_017_指標3_學員訓練及學員職務相稱的證明.docx,原樣保留；本次尚未確認完成驗收,39455,7fc824506d4955cee9a259a3f09de52a83eb593a2eb175c4e0d4718567211ff7
19,019_指標4_訓練需求的定期調查與分析.docx,人才發展品質管理全量文件製作任務包_20260923/人才發展品質管理全量文件製作任務包_20260923/交付/個別主檔/019_指標4_訓練需求的定期調查與分析.docx,04_全部文件與歷次版本/人才發展品質管理全量文件製作任務包_20260923/01/0019_019_指標4_訓練需求的定期調查與分析.docx,原樣保留；本次尚未確認完成驗收,39415,b35da2aeb904c228386f0bf9027ed9db24dab3e5c99c833bf7b24b1e71b4b02f
20,020_指標4_不同訓練課程的設計與規劃方向.docx,人才發展品質管理全量文件製作任務包_20260923/人才發展品質管理全量文件製作任務包_20260923/交付/個別主檔/020_指標4_不同訓練課程的設計與規劃方向.docx,04_全部文件與歷次版本/人才發展品質管理全量文件製作任務包_20260923/01/0020_020_指標4_不同訓練課程的設計與規劃方向.docx,原樣保留；本次尚未確認完成驗收,39474,0383651572544c8cf620262d9d7acd9f459545ba3f48d1d9714d42e187bd9e28
21,021_指標4_訓練的提供方式及選擇的指標.docx,人才發展品質管理全量文件製作任務包_20260923/人才發展品質管理全量文件製作任務包_20260923/交付/個別主檔/021_指標4_訓練的提供方式及選擇的指標.docx,04_全部文件與歷次版本/人才發展品質管理全量文件製作任務包_20260923/01/0021_021_指標4_訓練的提供方式及選擇的指標.docx,原樣保留；本次尚未確認完成驗收,39425,4c201a3f001ff49a31bf5ddf259464c76d0e235c14c87ec8287c813b587acaee
22,022_指標4_訓練結果的評估、訓練實施的依據及標準化作業流程（.docx,人才發展品質管理全量文件製作任務包_20260923/人才發展品質管理全量文件製作任務包_20260923/交付/個別主檔/022_指標4_訓練結果的評估、訓練實施的依據及標準化作業流程（.docx,04_全部文件與歷次版本/人才發展品質管理全量文件製作任務包_20260923/01/0022_022_指標4_訓練結果的評估、訓練實施的依據及標準化作業流程（.docx,原樣保留；本次尚未確認完成驗收,39464,0a7ac567d51a93b304ca8fae8ed871692de4cb9e086c68a36f677290b27bf73d
23,023_指標4_機構如何運作TTQS管理系統及如何核准、公告、更.docx,人才發展品質管理全量文件製作任務包_20260923/人才發展品質管理全量文件製作任務包_20260923/交付/個別主檔/023_指標4_機構如何運作TTQS管理系統及如何核准、公告、更.docx,04_全部文件與歷次版本/人才發展品質管理全量文件製作任務包_20260923/01/0023_023_指標4_機構如何運作TTQS管理系統及如何核准、公告、更.docx,原樣保留；本次尚未確認完成驗收,39503,8fe302b5470fb49325c133674ef3f8d8197bbbbe698ce65d037341def81a4a35
24,025_指標5_學員訓練及訓練機構年度事業計畫的相關資料.docx,人才發展品質管理全量文件製作任務包_20260923/人才發展品質管理全量文件製作任務包_20260923/交付/個別主檔/025_指標5_學員訓練及訓練機構年度事業計畫的相關資料.docx,04_全部文件與歷次版本/人才發展品質管理全量文件製作任務包_20260923/01/0024_025_指標5_學員訓練及訓練機構年度事業計畫的相關資料.docx,原樣保留；本次尚未確認完成驗收,39481,096664e98e7fde67f343069ad59e51ab7f06bb42536d03209087504bee32f9fe
25,026_指標5_訓練課程體系及訓練機構業務策略方向的相關資料.docx,人才發展品質管理全量文件製作任務包_20260923/人才發展品質管理全量文件製作任務包_20260923/交付/個別主檔/026_指標5_訓練課程體系及訓練機構業務策略方向的相關資料.docx,04_全部文件與歷次版本/人才發展品質管理全量文件製作任務包_20260923/01/0025_026_指標5_訓練課程體系及訓練機構業務策略方向的相關資料.docx,原樣保留；本次尚未確認完成驗收,39482,a51af9c420621364db24961a6048cd30d11138bf628ac312ab7cf9eedab98cef
26,027_指標5_訓練規劃及達到客戶課程績效目標的證明資料.docx,人才發展品質管理全量文件製作任務包_20260923/人才發展品質管理全量文件製作任務包_20260923/交付/個別主檔/027_指標5_訓練規劃及達到客戶課程績效目標的證明資料.docx,04_全部文件與歷次版本/人才發展品質管理全量文件製作任務包_20260923/01/0026_027_指標5_訓練規劃及達到客戶課程績效目標的證明資料.docx,原樣保留；本次尚未確認完成驗收,39448,632c6e3a77c40cb47ee55c74e36d51f72e33eab9a725f153af7926c1ac5c2f88
27,029_指標6_工作經驗的相關受訓證明.docx,人才發展品質管理全量文件製作任務包_20260923/人才發展品質管理全量文件製作任務包_20260923/交付/個別主檔/029_指標6_工作經驗的相關受訓證明.docx,04_全部文件與歷次版本/人才發展品質管理全量文件製作任務包_20260923/01/0027_029_指標6_工作經驗的相關受訓證明.docx,原樣保留；本次尚未確認完成驗收,39455,8d3814c7ced7027041e65bd053784fde8f65b1110f0e0a7d5997cf31a94ac465
28,030_指標6_專業訓練人員職能評估方法等證明.docx,人才發展品質管理全量文件製作任務包_20260923/人才發展品質管理全量文件製作任務包_20260923/交付/個別主檔/030_指標6_專業訓練人員職能評估方法等證明.docx,04_全部文件與歷次版本/人才發展品質管理全量文件製作任務包_20260923/01/0028_030_指標6_專業訓練人員職能評估方法等證明.docx,原樣保留；本次尚未確認完成驗收,39462,aa5c3e43f2c594375c5a3dea0b6ee14413a141b2c952d972354e8ce4d963344c
29,031_指標6_訓練機構具備執行訓練業務相關職能的說明.docx,人才發展品質管理全量文件製作任務包_20260923/人才發展品質管理全量文件製作任務包_20260923/交付/個別主檔/031_指標6_訓練機構具備執行訓練業務相關職能的說明.docx,04_全部文件與歷次版本/人才發展品質管理全量文件製作任務包_20260923/01/0029_031_指標6_訓練機構具備執行訓練業務相關職能的說明.docx,原樣保留；本次尚未確認完成驗收,39465,bfc2b5554f5033a47b001cba4efce3bd049b09fb04d96372891e6595ac8b1d4a
30,033_指標7_訓練課程計畫配合客戶及受訓者需求、職能需求的調查.docx,人才發展品質管理全量文件製作任務包_20260923/人才發展品質管理全量文件製作任務包_20260923/交付/個別主檔/033_指標7_訓練課程計畫配合客戶及受訓者需求、職能需求的調查.docx,04_全部文件與歷次版本/人才發展品質管理全量文件製作任務包_20260923/01/0030_033_指標7_訓練課程計畫配合客戶及受訓者需求、職能需求的調查.docx,原樣保留；本次尚未確認完成驗收,39491,2112355e93db9e3d83c04deb3cc6a386dc1a4ff7f7108d0e9452387d66a42987
31,034_指標7_針對學員做職能盤點或職能分析並據以規劃適切課程的.docx,人才發展品質管理全量文件製作任務包_20260923/人才發展品質管理全量文件製作任務包_20260923/交付/個別主檔/034_指標7_針對學員做職能盤點或職能分析並據以規劃適切課程的.docx,04_全部文件與歷次版本/人才發展品質管理全量文件製作任務包_20260923/01/0031_034_指標7_針對學員做職能盤點或職能分析並據以規劃適切課程的.docx,原樣保留；本次尚未確認完成驗收,39489,55ee824458384260a1c0f487903f10db9a1fd5a3bbe201a9a6a79a5b1b804114
32,035_指標7_對相關職能分析及運用的方法均能適時檢討隨時改進.docx,人才發展品質管理全量文件製作任務包_20260923/人才發展品質管理全量文件製作任務包_20260923/交付/個別主檔/035_指標7_對相關職能分析及運用的方法均能適時檢討隨時改進.docx,04_全部文件與歷次版本/人才發展品質管理全量文件製作任務包_20260923/01/0032_035_指標7_對相關職能分析及運用的方法均能適時檢討隨時改進.docx,原樣保留；本次尚未確認完成驗收,39490,26b99f9ad78b9de5677be6b90c51583d4cb51f9894648f1830f8345ca934465d
33,036_指標7_有課程設計進度表、課程規劃流程圖說明、訓練規劃書.docx,人才發展品質管理全量文件製作任務包_20260923/人才發展品質管理全量文件製作任務包_20260923/交付/個別主檔/036_指標7_有課程設計進度表、課程規劃流程圖說明、訓練規劃書.docx,04_全部文件與歷次版本/人才發展品質管理全量文件製作任務包_20260923/01/0033_036_指標7_有課程設計進度表、課程規劃流程圖說明、訓練規劃書.docx,原樣保留；本次尚未確認完成驗收,39499,a16a2d3f51a2899d413ba921ff9190ba2166198a89e194af46642c2e6e401064
34,038_指標8_相關文件紀錄能顯示近年來訓練目標、訓練方法、課程.docx,人才發展品質管理全量文件製作任務包_20260923/人才發展品質管理全量文件製作任務包_20260923/交付/個別主檔/038_指標8_相關文件紀錄能顯示近年來訓練目標、訓練方法、課程.docx,04_全部文件與歷次版本/人才發展品質管理全量文件製作任務包_20260923/01/0034_038_指標8_相關文件紀錄能顯示近年來訓練目標、訓練方法、課程.docx,原樣保留；本次尚未確認完成驗收,39529,c000ebb7717a4ac89c0c11d683362711aa79c2a00ae4dc50d1c1477c4ec3d420
35,039_指標8_針對訓練方案的系統設計能適時檢討及改善，執行後有.docx,人才發展品質管理全量文件製作任務包_20260923/人才發展品質管理全量文件製作任務包_20260923/交付/個別主檔/039_指標8_針對訓練方案的系統設計能適時檢討及改善，執行後有.docx,04_全部文件與歷次版本/人才發展品質管理全量文件製作任務包_20260923/01/0035_039_指標8_針對訓練方案的系統設計能適時檢討及改善，執行後有.docx,原樣保留；本次尚未確認完成驗收,39523,0fbf6cee0894e3b1add7cc0ddcbb43f5ce59c8cbeb189d96c9f6e8e509ac188e
36,040_指標8_課程規劃會議紀錄展現訓練課程設計流程，擬定訓練評.docx,人才發展品質管理全量文件製作任務包_20260923/人才發展品質管理全量文件製作任務包_20260923/交付/個別主檔/040_指標8_課程規劃會議紀錄展現訓練課程設計流程，擬定訓練評.docx,04_全部文件與歷次版本/人才發展品質管理全量文件製作任務包_20260923/01/0036_040_指標8_課程規劃會議紀錄展現訓練課程設計流程，擬定訓練評.docx,原樣保留；本次尚未確認完成驗收,39518,ea8ddbda45083ae8e4065e0c5872afa6a004aabecf33482c8e731ec26d19e10a
37,042_指標9_課程規劃書（能顯示包含講師、行政、企業學員、用人.docx,人才發展品質管理全量文件製作任務包_20260923/人才發展品質管理全量文件製作任務包_20260923/交付/個別主檔/042_指標9_課程規劃書（能顯示包含講師、行政、企業學員、用人.docx,04_全部文件與歷次版本/人才發展品質管理全量文件製作任務包_20260923/01/0037_042_指標9_課程規劃書（能顯示包含講師、行政、企業學員、用人.docx,原樣保留；本次尚未確認完成驗收,39511,8c12d983290d36dee597d52ef5bb11e1908f65a3947d0d59446bf3b758a55735
38,043_指標9_執行本項目與作業流程相關文件資料（展現利益關係人.docx,人才發展品質管理全量文件製作任務包_20260923/人才發展品質管理全量文件製作任務包_20260923/交付/個別主檔/043_指標9_執行本項目與作業流程相關文件資料（展現利益關係人.docx,04_全部文件與歷次版本/人才發展品質管理全量文件製作任務包_20260923/01/0038_043_指標9_執行本項目與作業流程相關文件資料（展現利益關係人.docx,原樣保留；本次尚未確認完成驗收,39558,38601ee10e63ff617a3c6b195b737718c4833d6fcf2027510ea9a02236f1574d
39,044_指標9_針對需求單位進行訪談並留有紀錄與統計分析.docx,人才發展品質管理全量文件製作任務包_20260923/人才發展品質管理全量文件製作任務包_20260923/交付/個別主檔/044_指標9_針對需求單位進行訪談並留有紀錄與統計分析.docx,04_全部文件與歷次版本/人才發展品質管理全量文件製作任務包_20260923/01/0039_044_指標9_針對需求單位進行訪談並留有紀錄與統計分析.docx,原樣保留；本次尚未確認完成驗收,39432,2b231da2ee23146719ad76777df523bc5032210461ad77764e14c840d437f8cb
40,045_指標9_所有的討論、會議或E-mail均留有完整紀錄並經.docx,人才發展品質管理全量文件製作任務包_20260923/人才發展品質管理全量文件製作任務包_20260923/交付/個別主檔/045_指標9_所有的討論、會議或E-mail均留有完整紀錄並經.docx,04_全部文件與歷次版本/人才發展品質管理全量文件製作任務包_20260923/01/0040_045_指標9_所有的討論、會議或E-mail均留有完整紀錄並經.docx,原樣保留；本次尚未確認完成驗收,39484,d5ef11155f01abce7acff2a3f701d6409e6d199756c21984cf39d3d12f3c1a25
41,047_指標10_完整文書手冊與紀錄分析相關資料（具體明確紀錄展現.docx,人才發展品質管理全量文件製作任務包_20260923/人才發展品質管理全量文件製作任務包_20260923/交付/個別主檔/047_指標10_完整文書手冊與紀錄分析相關資料（具體明確紀錄展現.docx,04_全部文件與歷次版本/人才發展品質管理全量文件製作任務包_20260923/01/0041_047_指標10_完整文書手冊與紀錄分析相關資料（具體明確紀錄展現.docx,原樣保留；本次尚未確認完成驗收,39568,4131368532b52421bcea51d3d89a1789d0ea6eac3ffa36f533f2a0dc24a67165
42,048_指標10_相關文件能記錄近年來對於課程之評估、採購、簽約與.docx,人才發展品質管理全量文件製作任務包_20260923/人才發展品質管理全量文件製作任務包_20260923/交付/個別主檔/048_指標10_相關文件能記錄近年來對於課程之評估、採購、簽約與.docx,04_全部文件與歷次版本/人才發展品質管理全量文件製作任務包_20260923/01/0042_048_指標10_相關文件能記錄近年來對於課程之評估、採購、簽約與.docx,原樣保留；本次尚未確認完成驗收,39487,eb4e6b32d51eeeffb2abb9e615a85473ef81cc28917f8b44f56d312247481495
43,049_指標10_大型採購均辦理會議通過、師資遴聘後亦經過會議或審.docx,人才發展品質管理全量文件製作任務包_20260923/人才發展品質管理全量文件製作任務包_20260923/交付/個別主檔/049_指標10_大型採購均辦理會議通過、師資遴聘後亦經過會議或審.docx,04_全部文件與歷次版本/人才發展品質管理全量文件製作任務包_20260923/01/0043_049_指標10_大型採購均辦理會議通過、師資遴聘後亦經過會議或審.docx,原樣保留；本次尚未確認完成驗收,39488,45ccb36df9f4641d687ea5cf25d1a1211c03e8f96a78cfc5642cd940bb02c966
44,051_指標11_訓練課程計畫配合業主、受訓者以及職能需求等調查規.docx,人才發展品質管理全量文件製作任務包_20260923/人才發展品質管理全量文件製作任務包_20260923/交付/個別主檔/051_指標11_訓練課程計畫配合業主、受訓者以及職能需求等調查規.docx,04_全部文件與歷次版本/人才發展品質管理全量文件製作任務包_20260923/01/0044_051_指標11_訓練課程計畫配合業主、受訓者以及職能需求等調查規.docx,原樣保留；本次尚未確認完成驗收,39494,4c7d31cdec1184694f2654248e372ebcb158a98fec4de8ee91da9024f547aa3f
45,052_指標11_各課程單元內容均能達成訓練規劃的目標.docx,人才發展品質管理全量文件製作任務包_20260923/人才發展品質管理全量文件製作任務包_20260923/交付/個別主檔/052_指標11_各課程單元內容均能達成訓練規劃的目標.docx,04_全部文件與歷次版本/人才發展品質管理全量文件製作任務包_20260923/01/0045_052_指標11_各課程單元內容均能達成訓練規劃的目標.docx,原樣保留；本次尚未確認完成驗收,39484,d28b8cf500312fb7b23d344852179dc1f63cee4e703f9d17c9b33faacbc42a51
46,053_指標11_各項課程產出均經討論後確認，且留有完整紀錄與主管.docx,人才發展品質管理全量文件製作任務包_20260923/人才發展品質管理全量文件製作任務包_20260923/交付/個別主檔/053_指標11_各項課程產出均經討論後確認，且留有完整紀錄與主管.docx,04_全部文件與歷次版本/人才發展品質管理全量文件製作任務包_20260923/01/0046_053_指標11_各項課程產出均經討論後確認，且留有完整紀錄與主管.docx,原樣保留；本次尚未確認完成驗收,39489,787a8d1309c1fd432a3660337f6a7f0978fb5ebc9c6ebd3e8a313fc89940326c
47,054_指標11_規劃課程依學員及結訓學員意見訂定訓練課程，且流程.docx,人才發展品質管理全量文件製作任務包_20260923/人才發展品質管理全量文件製作任務包_20260923/交付/個別主檔/054_指標11_規劃課程依學員及結訓學員意見訂定訓練課程，且流程.docx,04_全部文件與歷次版本/人才發展品質管理全量文件製作任務包_20260923/01/0047_054_指標11_規劃課程依學員及結訓學員意見訂定訓練課程，且流程.docx,原樣保留；本次尚未確認完成驗收,39487,e5901cbf9809d4169f5c013de8307952d27f0760fdc64266f2bc63157cc7074d
48,056_指標12_近年針對訓練課程的切合性，有檢討並調整遴選學員、.docx,人才發展品質管理全量文件製作任務包_20260923/人才發展品質管理全量文件製作任務包_20260923/交付/個別主檔/056_指標12_近年針對訓練課程的切合性，有檢討並調整遴選學員、.docx,04_全部文件與歷次版本/人才發展品質管理全量文件製作任務包_20260923/01/0048_056_指標12_近年針對訓練課程的切合性，有檢討並調整遴選學員、.docx,原樣保留；本次尚未確認完成驗收,39547,610df85e3c62787b990b6c236b2d3ed8d5dd06c1b2a6b6c6ccc03e9d3b278f4a
49,057_指標12_依學員遴選標準及流程遴選，教材由講師及顧問推薦須.docx,人才發展品質管理全量文件製作任務包_20260923/人才發展品質管理全量文件製作任務包_20260923/交付/個別主檔/057_指標12_依學員遴選標準及流程遴選，教材由講師及顧問推薦須.docx,04_全部文件與歷次版本/人才發展品質管理全量文件製作任務包_20260923/01/0049_057_指標12_依學員遴選標準及流程遴選，教材由講師及顧問推薦須.docx,原樣保留；本次尚未確認完成驗收,39490,2d72566415344f3e8e7515056cf72872cfec7c84287ac061d8ca2dbdfefb1816
50,058_指標12_講師的遴聘依師資遴選標準及流程評選並經訓練管理委.docx,人才發展品質管理全量文件製作任務包_20260923/人才發展品質管理全量文件製作任務包_20260923/交付/個別主檔/058_指標12_講師的遴聘依師資遴選標準及流程評選並經訓練管理委.docx,04_全部文件與歷次版本/人才發展品質管理全量文件製作任務包_20260923/01/0050_058_指標12_講師的遴聘依師資遴選標準及流程評選並經訓練管理委.docx,原樣保留；本次尚未確認完成驗收,39483,0ae3a38234054bd3f0cf646c17a375cb44020006b5508e6195f43a903ee68acd
51,059_指標12_設備安檢或是場地投保證明.docx,人才發展品質管理全量文件製作任務包_20260923/人才發展品質管理全量文件製作任務包_20260923/交付/個別主檔/059_指標12_設備安檢或是場地投保證明.docx,04_全部文件與歷次版本/人才發展品質管理全量文件製作任務包_20260923/01/0051_059_指標12_設備安檢或是場地投保證明.docx,原樣保留；本次尚未確認完成驗收,39502,8d9c4c4c9bf6137493e0175663733b69128983208a2094e87b631aedc6161edf
52,061_指標13_相關文件紀錄能證實近年來對訓練成果轉移及達成的檢.docx,人才發展品質管理全量文件製作任務包_20260923/人才發展品質管理全量文件製作任務包_20260923/交付/個別主檔/061_指標13_相關文件紀錄能證實近年來對訓練成果轉移及達成的檢.docx,04_全部文件與歷次版本/人才發展品質管理全量文件製作任務包_20260923/01/0052_061_指標13_相關文件紀錄能證實近年來對訓練成果轉移及達成的檢.docx,原樣保留；本次尚未確認完成驗收,39500,57fa119d68c949f00ca8c17007b6ed1862fcbe55fe5084350350b092ef11911a
53,062_指標13_具體明確紀錄展現提供受訓人員或客戶，如：課程所學.docx,人才發展品質管理全量文件製作任務包_20260923/人才發展品質管理全量文件製作任務包_20260923/交付/個別主檔/062_指標13_具體明確紀錄展現提供受訓人員或客戶，如：課程所學.docx,04_全部文件與歷次版本/人才發展品質管理全量文件製作任務包_20260923/01/0053_062_指標13_具體明確紀錄展現提供受訓人員或客戶，如：課程所學.docx,原樣保留；本次尚未確認完成驗收,39609,7db072c8dde7d7d54d512fac12b61b45d04335ccba46d2e77d9c53386581119d
54,063_指標13_業主提供回訓或相關機制、學習心得交流的平台、證照.docx,人才發展品質管理全量文件製作任務包_20260923/人才發展品質管理全量文件製作任務包_20260923/交付/個別主檔/063_指標13_業主提供回訓或相關機制、學習心得交流的平台、證照.docx,04_全部文件與歷次版本/人才發展品質管理全量文件製作任務包_20260923/01/0054_063_指標13_業主提供回訓或相關機制、學習心得交流的平台、證照.docx,原樣保留；本次尚未確認完成驗收,39575,2c2ee68a851328b29e245e475d0677e773369c8b90db5599c144e707cb176586
55,065_指標14_訓練資料與訓練過程及成果的紀錄與分類，均有系統化.docx,人才發展品質管理全量文件製作任務包_20260923/人才發展品質管理全量文件製作任務包_20260923/交付/個別主檔/065_指標14_訓練資料與訓練過程及成果的紀錄與分類，均有系統化.docx,04_全部文件與歷次版本/人才發展品質管理全量文件製作任務包_20260923/01/0055_065_指標14_訓練資料與訓練過程及成果的紀錄與分類，均有系統化.docx,原樣保留；本次尚未確認完成驗收,39494,c5c4afe8d658e0d8305c0dac8cb1530e538f21f800d6ba0dc78a45d76a8662e8
56,066_指標14_訓練檔案管理系統.docx,人才發展品質管理全量文件製作任務包_20260923/人才發展品質管理全量文件製作任務包_20260923/交付/個別主檔/066_指標14_訓練檔案管理系統.docx,04_全部文件與歷次版本/人才發展品質管理全量文件製作任務包_20260923/01/0056_066_指標14_訓練檔案管理系統.docx,原樣保留；本次尚未確認完成驗收,39469,651b806c82c468f6ad32957b1a97cec02ddf9a39f60bd20d8d1052886ae480f2
57,067_指標14_完整的訓練文件建檔資料.docx,人才發展品質管理全量文件製作任務包_20260923/人才發展品質管理全量文件製作任務包_20260923/交付/個別主檔/067_指標14_完整的訓練文件建檔資料.docx,04_全部文件與歷次版本/人才發展品質管理全量文件製作任務包_20260923/01/0057_067_指標14_完整的訓練文件建檔資料.docx,原樣保留；本次尚未確認完成驗收,39473,147b7c09a625fce92fdfd208a4fa4a90489468838ca2452a3061a278b58a960c
58,068_指標14_是否提供查詢功能，並具持續改善機制.docx,人才發展品質管理全量文件製作任務包_20260923/人才發展品質管理全量文件製作任務包_20260923/交付/個別主檔/068_指標14_是否提供查詢功能，並具持續改善機制.docx,04_全部文件與歷次版本/人才發展品質管理全量文件製作任務包_20260923/01/0058_068_指標14_是否提供查詢功能，並具持續改善機制.docx,原樣保留；本次尚未確認完成驗收,39497,9739c1a33efbca82ce00a9f7b68608ffd4ad76ec7d952ff2497d0cdbbde4d1be
59,069_指標14_資訊系統化程度及檢索速度.docx,人才發展品質管理全量文件製作任務包_20260923/人才發展品質管理全量文件製作任務包_20260923/交付/個別主檔/069_指標14_資訊系統化程度及檢索速度.docx,04_全部文件與歷次版本/人才發展品質管理全量文件製作任務包_20260923/01/0059_069_指標14_資訊系統化程度及檢索速度.docx,原樣保留；本次尚未確認完成驗收,39483,aa0a4a2a91203e3965d1c14430c5f6238757267a5689df07d1704c68c49babc8
60,071_指標15_訓後定期性綜合檢討或管理審查制度會議紀錄.docx,人才發展品質管理全量文件製作任務包_20260923/人才發展品質管理全量文件製作任務包_20260923/交付/個別主檔/071_指標15_訓後定期性綜合檢討或管理審查制度會議紀錄.docx,04_全部文件與歷次版本/人才發展品質管理全量文件製作任務包_20260923/01/0060_071_指標15_訓後定期性綜合檢討或管理審查制度會議紀錄.docx,原樣保留；本次尚未確認完成驗收,39481,6c41f82169cba63cc63644d026d3d6eab837ce3cbb66f286be90db82abfaec25
61,072_指標15_訓練的結案報告，包括資源的運用、財務的支配、訓練.docx,人才發展品質管理全量文件製作任務包_20260923/人才發展品質管理全量文件製作任務包_20260923/交付/個別主檔/072_指標15_訓練的結案報告，包括資源的運用、財務的支配、訓練.docx,04_全部文件與歷次版本/人才發展品質管理全量文件製作任務包_20260923/01/0061_072_指標15_訓練的結案報告，包括資源的運用、財務的支配、訓練.docx,原樣保留；本次尚未確認完成驗收,39517,d7ed75da0e25554b88fb12753d74e8434254216689d9038d1a23e5cfc29daa64
62,073_指標15_訓練執行評估指標分析及相關統計分析.docx,人才發展品質管理全量文件製作任務包_20260923/人才發展品質管理全量文件製作任務包_20260923/交付/個別主檔/073_指標15_訓練執行評估指標分析及相關統計分析.docx,04_全部文件與歷次版本/人才發展品質管理全量文件製作任務包_20260923/01/0062_073_指標15_訓練執行評估指標分析及相關統計分析.docx,原樣保留；本次尚未確認完成驗收,39436,7b1447a195e59b6ecdefdd8f97441d2eaece59e7cdfa728dcde6bc3fb54bfb7d
63,074_指標15_訓後改善建議追蹤報告.docx,人才發展品質管理全量文件製作任務包_20260923/人才發展品質管理全量文件製作任務包_20260923/交付/個別主檔/074_指標15_訓後改善建議追蹤報告.docx,04_全部文件與歷次版本/人才發展品質管理全量文件製作任務包_20260923/01/0063_074_指標15_訓後改善建議追蹤報告.docx,原樣保留；本次尚未確認完成驗收,39480,92c35ab387f379ad5c3edf74d2cab1e120a6c714e1345e36e53de3039c243d82
64,076_指標16_訓練流程的管控方法及紀錄.docx,人才發展品質管理全量文件製作任務包_20260923/人才發展品質管理全量文件製作任務包_20260923/交付/個別主檔/076_指標16_訓練流程的管控方法及紀錄.docx,04_全部文件與歷次版本/人才發展品質管理全量文件製作任務包_20260923/01/0064_076_指標16_訓練流程的管控方法及紀錄.docx,原樣保留；本次尚未確認完成驗收,39461,7d23ebd5d62ddb660ce2dd13d574e2ee3f1480c18bfee997d269ffbb854a5639
65,077_指標16_訓練異常處理方法、紀錄與工具.docx,人才發展品質管理全量文件製作任務包_20260923/人才發展品質管理全量文件製作任務包_20260923/交付/個別主檔/077_指標16_訓練異常處理方法、紀錄與工具.docx,04_全部文件與歷次版本/人才發展品質管理全量文件製作任務包_20260923/01/0065_077_指標16_訓練異常處理方法、紀錄與工具.docx,原樣保留；本次尚未確認完成驗收,39465,d08b47990025a50dc7f8af51ee6afa6f64a2680ba98e0f74fefcaa93bd1c6742
66,078_指標16_訓練的內外稽核流程與紀錄.docx,人才發展品質管理全量文件製作任務包_20260923/人才發展品質管理全量文件製作任務包_20260923/交付/個別主檔/078_指標16_訓練的內外稽核流程與紀錄.docx,04_全部文件與歷次版本/人才發展品質管理全量文件製作任務包_20260923/01/0066_078_指標16_訓練的內外稽核流程與紀錄.docx,原樣保留；本次尚未確認完成驗收,39462,f4486e2568dff7dd18c484dcfb3f5bbf454c0cbaa320090da518575766366bb4
67,080_指標17a_課後滿意度調查分析與課後檢討講師、學員、人資、部.docx,人才發展品質管理全量文件製作任務包_20260923/人才發展品質管理全量文件製作任務包_20260923/交付/個別主檔/080_指標17a_課後滿意度調查分析與課後檢討講師、學員、人資、部.docx,04_全部文件與歷次版本/人才發展品質管理全量文件製作任務包_20260923/01/0067_080_指標17a_課後滿意度調查分析與課後檢討講師、學員、人資、部.docx,原樣保留；本次尚未確認完成驗收,39506,c9721533d3cc93b01eaf102a74062975dda3a98f3e7f74be5598c1b8783f0d5b
68,081_指標17a_課程結案報告（含問卷調查統計分析、課程規劃紀錄等.docx,人才發展品質管理全量文件製作任務包_20260923/人才發展品質管理全量文件製作任務包_20260923/交付/個別主檔/081_指標17a_課程結案報告（含問卷調查統計分析、課程規劃紀錄等.docx,04_全部文件與歷次版本/人才發展品質管理全量文件製作任務包_20260923/01/0068_081_指標17a_課程結案報告（含問卷調查統計分析、課程規劃紀錄等.docx,原樣保留；本次尚未確認完成驗收,39470,f225b950317379de27c150849635f0198ed3d4f9fe2007b89fd6e8b85b9f9ce7
69,082_指標17a_依反應評估進行課程改善的行動方案.docx,人才發展品質管理全量文件製作任務包_20260923/人才發展品質管理全量文件製作任務包_20260923/交付/個別主檔/082_指標17a_依反應評估進行課程改善的行動方案.docx,04_全部文件與歷次版本/人才發展品質管理全量文件製作任務包_20260923/01/0069_082_指標17a_依反應評估進行課程改善的行動方案.docx,原樣保留；本次尚未確認完成驗收,39410,e0ab44058eadaa96bfd746083969c296bb5c98424003f435411fb55b0ab2bda1
70,084_指標17b_考試紀錄、學員心得報告、照片與紀錄、訓後學員職涯.docx,人才發展品質管理全量文件製作任務包_20260923/人才發展品質管理全量文件製作任務包_20260923/交付/個別主檔/084_指標17b_考試紀錄、學員心得報告、照片與紀錄、訓後學員職涯.docx,04_全部文件與歷次版本/人才發展品質管理全量文件製作任務包_20260923/01/0070_084_指標17b_考試紀錄、學員心得報告、照片與紀錄、訓後學員職涯.docx,原樣保留；本次尚未確認完成驗收,39500,6b7644500e435e5e4283761e3550371be99c95f009ca90030a9ae082995045af
71,085_指標17b_對課程評量及學員建議進行檢討與紀錄.docx,人才發展品質管理全量文件製作任務包_20260923/人才發展品質管理全量文件製作任務包_20260923/交付/個別主檔/085_指標17b_對課程評量及學員建議進行檢討與紀錄.docx,04_全部文件與歷次版本/人才發展品質管理全量文件製作任務包_20260923/01/0071_085_指標17b_對課程評量及學員建議進行檢討與紀錄.docx,原樣保留；本次尚未確認完成驗收,39476,522d2e2c616dd9f8ea8feabc973cddbe40946631b23e0892141e9f48dc66868f
72,086_指標17b_結案報告書、課後訓練機構的課程檢討行動計畫查核紀.docx,人才發展品質管理全量文件製作任務包_20260923/人才發展品質管理全量文件製作任務包_20260923/交付/個別主檔/086_指標17b_結案報告書、課後訓練機構的課程檢討行動計畫查核紀.docx,04_全部文件與歷次版本/人才發展品質管理全量文件製作任務包_20260923/01/0072_086_指標17b_結案報告書、課後訓練機構的課程檢討行動計畫查核紀.docx,原樣保留；本次尚未確認完成驗收,39485,2c2becaff014d731298d0ca1018651c08f70d4fd87dfe59436332248404184f2
73,088_指標17c_學員訓後動態調查表.docx,人才發展品質管理全量文件製作任務包_20260923/人才發展品質管理全量文件製作任務包_20260923/交付/個別主檔/088_指標17c_學員訓後動態調查表.docx,04_全部文件與歷次版本/人才發展品質管理全量文件製作任務包_20260923/01/0073_088_指標17c_學員訓後動態調查表.docx,原樣保留；本次尚未確認完成驗收,39482,86d1cb26f288e702bcc0098682e563317069e5c45d5c0bc90582bb52d93d3d73
74,089_指標17c_參訓學員的學習成果實施行動計畫表追蹤紀錄.docx,人才發展品質管理全量文件製作任務包_20260923/人才發展品質管理全量文件製作任務包_20260923/交付/個別主檔/089_指標17c_參訓學員的學習成果實施行動計畫表追蹤紀錄.docx,04_全部文件與歷次版本/人才發展品質管理全量文件製作任務包_20260923/01/0074_089_指標17c_參訓學員的學習成果實施行動計畫表追蹤紀錄.docx,原樣保留；本次尚未確認完成驗收,39486,4793af512006eb952206bbbec6967dbb902c95c8c42770f4147241c112b50b24
75,090_指標17c_派訓單位主管對參訓學員的學習成效評估表.docx,人才發展品質管理全量文件製作任務包_20260923/人才發展品質管理全量文件製作任務包_20260923/交付/個別主檔/090_指標17c_派訓單位主管對參訓學員的學習成效評估表.docx,04_全部文件與歷次版本/人才發展品質管理全量文件製作任務包_20260923/01/0075_090_指標17c_派訓單位主管對參訓學員的學習成效評估表.docx,原樣保留；本次尚未確認完成驗收,39503,63c23510267d273cf02a69e7ecd4187b7c99f93d4d1702fe08477cbe984f8d99
76,091_指標17c_知識管理社群討論.docx,人才發展品質管理全量文件製作任務包_20260923/人才發展品質管理全量文件製作任務包_20260923/交付/個別主檔/091_指標17c_知識管理社群討論.docx,04_全部文件與歷次版本/人才發展品質管理全量文件製作任務包_20260923/01/0076_091_指標17c_知識管理社群討論.docx,原樣保留；本次尚未確認完成驗收,39457,baf272b145a8921a0861fac3a5d5f44404021fb637945da58627d89df4914ac3
77,092_指標17c_神秘客實地稽核（外部稽核）課後機制等.docx,人才發展品質管理全量文件製作任務包_20260923/人才發展品質管理全量文件製作任務包_20260923/交付/個別主檔/092_指標17c_神秘客實地稽核（外部稽核）課後機制等.docx,04_全部文件與歷次版本/人才發展品質管理全量文件製作任務包_20260923/01/0077_092_指標17c_神秘客實地稽核（外部稽核）課後機制等.docx,原樣保留；本次尚未確認完成驗收,39504,21b6fd40145553ec12a9f3798b0cfe7c67cc2824674f7826a6e12b8c255d6089
78,094_指標17d_訓後調查表.docx,人才發展品質管理全量文件製作任務包_20260923/人才發展品質管理全量文件製作任務包_20260923/交付/個別主檔/094_指標17d_訓後調查表.docx,04_全部文件與歷次版本/人才發展品質管理全量文件製作任務包_20260923/01/0078_094_指標17d_訓後調查表.docx,原樣保留；本次尚未確認完成驗收,39476,60682d124cc1d37c16186cbf09acb2eb4dccd41229365819dd3d63d0e213a2a3
79,095_指標17d_就業及考照追蹤紀錄.docx,人才發展品質管理全量文件製作任務包_20260923/人才發展品質管理全量文件製作任務包_20260923/交付/個別主檔/095_指標17d_就業及考照追蹤紀錄.docx,04_全部文件與歷次版本/人才發展品質管理全量文件製作任務包_20260923/01/0079_095_指標17d_就業及考照追蹤紀錄.docx,原樣保留；本次尚未確認完成驗收,39461,8d01fbe6619781669565affbc3df168eb9ca6d63f18d0515668ebfe0b05398ef
80,096_指標17d_品質不良率下降統計表.docx,人才發展品質管理全量文件製作任務包_20260923/人才發展品質管理全量文件製作任務包_20260923/交付/個別主檔/096_指標17d_品質不良率下降統計表.docx,04_全部文件與歷次版本/人才發展品質管理全量文件製作任務包_20260923/01/0080_096_指標17d_品質不良率下降統計表.docx,原樣保留；本次尚未確認完成驗收,39439,28a7ad4b57e11ef3663615b0c7b79cc23eb035ea6a98e169ca74294f91010b51
81,097_指標17d_派訓單位主管對參訓學員的學習成效評估表.docx,人才發展品質管理全量文件製作任務包_20260923/人才發展品質管理全量文件製作任務包_20260923/交付/個別主檔/097_指標17d_派訓單位主管對參訓學員的學習成效評估表.docx,04_全部文件與歷次版本/人才發展品質管理全量文件製作任務包_20260923/01/0081_097_指標17d_派訓單位主管對參訓學員的學習成效評估表.docx,原樣保留；本次尚未確認完成驗收,39502,683c528320b3d8195b669668de7d7692885e707a0f955459ab0445962cb411f9
82,098_指標17d_學員就業證明.docx,人才發展品質管理全量文件製作任務包_20260923/人才發展品質管理全量文件製作任務包_20260923/交付/個別主檔/098_指標17d_學員就業證明.docx,04_全部文件與歷次版本/人才發展品質管理全量文件製作任務包_20260923/01/0082_098_指標17d_學員就業證明.docx,原樣保留；本次尚未確認完成驗收,39474,66e8e2bff4e8126c920930c7b33e7b71400853e59124d908d047df144fdae86a
83,099_指標17d_感謝函.docx,人才發展品質管理全量文件製作任務包_20260923/人才發展品質管理全量文件製作任務包_20260923/交付/個別主檔/099_指標17d_感謝函.docx,04_全部文件與歷次版本/人才發展品質管理全量文件製作任務包_20260923/01/0083_099_指標17d_感謝函.docx,原樣保留；本次尚未確認完成驗收,39486,5ade699072bef1d788d84027906e5a9497e058cf8a0ca4ee3aed55b8e23c1e30
84,100_指標17d_學員訓後雇主問卷調查表.docx,人才發展品質管理全量文件製作任務包_20260923/人才發展品質管理全量文件製作任務包_20260923/交付/個別主檔/100_指標17d_學員訓後雇主問卷調查表.docx,04_全部文件與歷次版本/人才發展品質管理全量文件製作任務包_20260923/01/0084_100_指標17d_學員訓後雇主問卷調查表.docx,原樣保留；本次尚未確認完成驗收,39422,6eef379871afbf5c96ca893e101f99198ab93de51d952f51bcb707f14ea6585d
85,102_指標18_1分_口述目標客戶及學員認為訓練有其功能，僅有滿意度調.docx,人才發展品質管理全量文件製作任務包_20260923/人才發展品質管理全量文件製作任務包_20260923/交付/個別主檔/102_指標18_1分_口述目標客戶及學員認為訓練有其功能，僅有滿意度調.docx,04_全部文件與歷次版本/人才發展品質管理全量文件製作任務包_20260923/01/0085_102_指標18_1分_口述目標客戶及學員認為訓練有其功能，僅有滿意度調.docx,原樣保留；本次尚未確認完成驗收,39537,1a8bd3588349e84ce4c389d1f6dde3cfe3d52a9a089cfccd9080e1e139ed592f
86,103_指標18_1分_建立目標客戶及學員滿意度調查機制（系統及流程面）.docx,人才發展品質管理全量文件製作任務包_20260923/人才發展品質管理全量文件製作任務包_20260923/交付/個別主檔/103_指標18_1分_建立目標客戶及學員滿意度調查機制（系統及流程面）.docx,04_全部文件與歷次版本/人才發展品質管理全量文件製作任務包_20260923/01/0086_103_指標18_1分_建立目標客戶及學員滿意度調查機制（系統及流程面）.docx,原樣保留；本次尚未確認完成驗收,39535,4012981ef270b9f6e74425300444c85087e70dc932c71fdef09f6cba01df9ea5
87,104_指標18_1分_感謝函.docx,人才發展品質管理全量文件製作任務包_20260923/人才發展品質管理全量文件製作任務包_20260923/交付/個別主檔/104_指標18_1分_感謝函.docx,04_全部文件與歷次版本/人才發展品質管理全量文件製作任務包_20260923/01/0087_104_指標18_1分_感謝函.docx,原樣保留；本次尚未確認完成驗收,39498,8096475010bb9b7b070037f94f472a3e7b577bcda50445e1101dd1825e385b2b
88,106_指標18_2分_問卷調查等顯示目標客戶及學員認為訓練有達成能力提.docx,人才發展品質管理全量文件製作任務包_20260923/人才發展品質管理全量文件製作任務包_20260923/交付/個別主檔/106_指標18_2分_問卷調查等顯示目標客戶及學員認為訓練有達成能力提.docx,04_全部文件與歷次版本/人才發展品質管理全量文件製作任務包_20260923/01/0088_106_指標18_2分_問卷調查等顯示目標客戶及學員認為訓練有達成能力提.docx,原樣保留；本次尚未確認完成驗收,39475,e373ea88cdfec458c13053d3bed3fecf74b332bee68b5e9dfbb98c70bf03ae26
89,107_指標18_2分_執行目標客戶及學員滿意度調查及分析（系統及流程面.docx,人才發展品質管理全量文件製作任務包_20260923/人才發展品質管理全量文件製作任務包_20260923/交付/個別主檔/107_指標18_2分_執行目標客戶及學員滿意度調查及分析（系統及流程面.docx,04_全部文件與歷次版本/人才發展品質管理全量文件製作任務包_20260923/01/0089_107_指標18_2分_執行目標客戶及學員滿意度調查及分析（系統及流程面.docx,原樣保留；本次尚未確認完成驗收,39535,eedf8f12c9b8bccd3f004f9a766f60dbdd32411084d259ec51b71a64eb25ede9
90,108_指標18_2分_提出目標客戶及學員對訓練達能力提升之說明（學習技.docx,人才發展品質管理全量文件製作任務包_20260923/人才發展品質管理全量文件製作任務包_20260923/交付/個別主檔/108_指標18_2分_提出目標客戶及學員對訓練達能力提升之說明（學習技.docx,04_全部文件與歷次版本/人才發展品質管理全量文件製作任務包_20260923/01/0090_108_指標18_2分_提出目標客戶及學員對訓練達能力提升之說明（學習技.docx,原樣保留；本次尚未確認完成驗收,39484,dd952d4021ed765ec7858cad8edfb7f32df115c584812082064da4939298eb17
91,109_指標18_2分_學員培訓前後自我評量表及雷達分析圖呈現提升效果.docx,人才發展品質管理全量文件製作任務包_20260923/人才發展品質管理全量文件製作任務包_20260923/交付/個別主檔/109_指標18_2分_學員培訓前後自我評量表及雷達分析圖呈現提升效果.docx,04_全部文件與歷次版本/人才發展品質管理全量文件製作任務包_20260923/01/0091_109_指標18_2分_學員培訓前後自我評量表及雷達分析圖呈現提升效果.docx,原樣保留；本次尚未確認完成驗收,39476,ad5598ca3f754d5d8384b58707bcbf2c75432b213e1de6c8204fae12611acdb6
92,110_指標18_2分_指導學員參加技能競賽獲獎.docx,人才發展品質管理全量文件製作任務包_20260923/人才發展品質管理全量文件製作任務包_20260923/交付/個別主檔/110_指標18_2分_指導學員參加技能競賽獲獎.docx,04_全部文件與歷次版本/人才發展品質管理全量文件製作任務包_20260923/01/0092_110_指標18_2分_指導學員參加技能競賽獲獎.docx,原樣保留；本次尚未確認完成驗收,39455,ad73d7e0baa77a5a17cd3e292b5158a3e7ff12522f6aeb416d4fd7b2eab6c503
93,111_指標18_2分_感謝函.docx,人才發展品質管理全量文件製作任務包_20260923/人才發展品質管理全量文件製作任務包_20260923/交付/個別主檔/111_指標18_2分_感謝函.docx,04_全部文件與歷次版本/人才發展品質管理全量文件製作任務包_20260923/01/0093_111_指標18_2分_感謝函.docx,原樣保留；本次尚未確認完成驗收,39497,3357ed8e4e6b8ffc10ef7db4228be6140bacd2879017fb0a47c373d158acad45
94,112_指標18_2分_證照獲取率.docx,人才發展品質管理全量文件製作任務包_20260923/人才發展品質管理全量文件製作任務包_20260923/交付/個別主檔/112_指標18_2分_證照獲取率.docx,04_全部文件與歷次版本/人才發展品質管理全量文件製作任務包_20260923/01/0094_112_指標18_2分_證照獲取率.docx,原樣保留；本次尚未確認完成驗收,39483,ab996cbc6854a6f8b1c3438542e8e129e72f9323b6be66e9cfd0725d73069321
95,114_指標18_3分_問卷調查及課後行動計畫評估表等顯示目標客戶及學員.docx,人才發展品質管理全量文件製作任務包_20260923/人才發展品質管理全量文件製作任務包_20260923/交付/個別主檔/114_指標18_3分_問卷調查及課後行動計畫評估表等顯示目標客戶及學員.docx,04_全部文件與歷次版本/人才發展品質管理全量文件製作任務包_20260923/01/0095_114_指標18_3分_問卷調查及課後行動計畫評估表等顯示目標客戶及學員.docx,原樣保留；本次尚未確認完成驗收,39491,fc2bbecbb425ede7de7147a4e9181ce30d26e53631abecc36c49756deb5203d3
96,115_指標18_3分_提出目標客戶及學員對訓練達組織績效改善之說明（財.docx,人才發展品質管理全量文件製作任務包_20260923/人才發展品質管理全量文件製作任務包_20260923/交付/個別主檔/115_指標18_3分_提出目標客戶及學員對訓練達組織績效改善之說明（財.docx,04_全部文件與歷次版本/人才發展品質管理全量文件製作任務包_20260923/01/0096_115_指標18_3分_提出目標客戶及學員對訓練達組織績效改善之說明（財.docx,原樣保留；本次尚未確認完成驗收,39512,53e6689c3a344bfd71cb1fda6e50136ac03f5bd56b54571fab52625a2382b5dc
97,116_指標18_3分_高證照通過率之證明資料.docx,人才發展品質管理全量文件製作任務包_20260923/人才發展品質管理全量文件製作任務包_20260923/交付/個別主檔/116_指標18_3分_高證照通過率之證明資料.docx,04_全部文件與歷次版本/人才發展品質管理全量文件製作任務包_20260923/01/0097_116_指標18_3分_高證照通過率之證明資料.docx,原樣保留；本次尚未確認完成驗收,39493,f3a8b38d03cc292b223e86a5541beef15611778928ae4e68c8da757614143d19
98,117_指標18_3分_提高薪資紀錄.docx,人才發展品質管理全量文件製作任務包_20260923/人才發展品質管理全量文件製作任務包_20260923/交付/個別主檔/117_指標18_3分_提高薪資紀錄.docx,04_全部文件與歷次版本/人才發展品質管理全量文件製作任務包_20260923/01/0098_117_指標18_3分_提高薪資紀錄.docx,原樣保留；本次尚未確認完成驗收,39471,2f1cf56e79382022cffcfc5c4c92488e27ceb43823c6ebb08d0d98a22141fe5c
99,118_指標18_3分_社群網站知識討論區，人員使用網站頻率高.docx,人才發展品質管理全量文件製作任務包_20260923/人才發展品質管理全量文件製作任務包_20260923/交付/個別主檔/118_指標18_3分_社群網站知識討論區，人員使用網站頻率高.docx,04_全部文件與歷次版本/人才發展品質管理全量文件製作任務包_20260923/01/0099_118_指標18_3分_社群網站知識討論區，人員使用網站頻率高.docx,原樣保留；本次尚未確認完成驗收,39495,4a26530629ec631f4208be42da37c5a0d5b853371c1c9bbf1669936d561b28ca
100,120_指標18_4分_問卷調查及課後行動計畫評估表等顯示目標客戶及學員.docx,人才發展品質管理全量文件製作任務包_20260923/人才發展品質管理全量文件製作任務包_20260923/交付/個別主檔/120_指標18_4分_問卷調查及課後行動計畫評估表等顯示目標客戶及學員.docx,04_全部文件與歷次版本/人才發展品質管理全量文件製作任務包_20260923/01/0100_120_指標18_4分_問卷調查及課後行動計畫評估表等顯示目標客戶及學員.docx,原樣保留；本次尚未確認完成驗收,39516,60ae3c0e8e6d79a66ed8ace621ba7c45ab6150a070cd2a3e7b30376cc84410cc
101,121_指標18_4分_提出目標客戶及學員對訓練達特殊績效之說明（社會面.docx,人才發展品質管理全量文件製作任務包_20260923/人才發展品質管理全量文件製作任務包_20260923/交付/個別主檔/121_指標18_4分_提出目標客戶及學員對訓練達特殊績效之說明（社會面.docx,04_全部文件與歷次版本/人才發展品質管理全量文件製作任務包_20260923/02/0101_121_指標18_4分_提出目標客戶及學員對訓練達特殊績效之說明（社會面.docx,原樣保留；本次尚未確認完成驗收,39488,35e6306e6e74dc141169b0c9d9c26eddac3b0c835fa89f6110e143fa5bc33afe
102,122_指標18_4分_輔導考照及學員回訓率持續提高.docx,人才發展品質管理全量文件製作任務包_20260923/人才發展品質管理全量文件製作任務包_20260923/交付/個別主檔/122_指標18_4分_輔導考照及學員回訓率持續提高.docx,04_全部文件與歷次版本/人才發展品質管理全量文件製作任務包_20260923/02/0102_122_指標18_4分_輔導考照及學員回訓率持續提高.docx,原樣保留；本次尚未確認完成驗收,39498,4a7f8b0b93f9a9cf174018d01c5bfa3f3379cfdce3ee6801ee89ffdb15c258bf
103,123_指標18_4分_會員人數逐年增加.docx,人才發展品質管理全量文件製作任務包_20260923/人才發展品質管理全量文件製作任務包_20260923/交付/個別主檔/123_指標18_4分_會員人數逐年增加.docx,04_全部文件與歷次版本/人才發展品質管理全量文件製作任務包_20260923/02/0103_123_指標18_4分_會員人數逐年增加.docx,原樣保留；本次尚未確認完成驗收,39443,09333340b164987055a4c05c3cbe320e0cdfe200e3234c066dc4753d5235e220
104,125_指標19_1分_目標市場及顧客價值均有提升，然而未有具體紀錄及評.docx,人才發展品質管理全量文件製作任務包_20260923/人才發展品質管理全量文件製作任務包_20260923/交付/個別主檔/125_指標19_1分_目標市場及顧客價值均有提升，然而未有具體紀錄及評.docx,04_全部文件與歷次版本/人才發展品質管理全量文件製作任務包_20260923/02/0104_125_指標19_1分_目標市場及顧客價值均有提升，然而未有具體紀錄及評.docx,原樣保留；本次尚未確認完成驗收,39516,4bc9c8144eacf63fc04b965c9891ef4453c33741c3ebf684c535a7c2ae27e73e
105,126_指標19_1分_提出心得與知識分享執行成效（系統及流程面）.docx,人才發展品質管理全量文件製作任務包_20260923/人才發展品質管理全量文件製作任務包_20260923/交付/個別主檔/126_指標19_1分_提出心得與知識分享執行成效（系統及流程面）.docx,04_全部文件與歷次版本/人才發展品質管理全量文件製作任務包_20260923/02/0105_126_指標19_1分_提出心得與知識分享執行成效（系統及流程面）.docx,原樣保留；本次尚未確認完成驗收,39526,9ba005548fc410a4a43dc51164e4147c50dfc9dd662a8244953c5143ce606c12
106,127_指標19_1分_口頭說明學員訓後就業狀況，但未有具體紀錄及評量.docx,人才發展品質管理全量文件製作任務包_20260923/人才發展品質管理全量文件製作任務包_20260923/交付/個別主檔/127_指標19_1分_口頭說明學員訓後就業狀況，但未有具體紀錄及評量.docx,04_全部文件與歷次版本/人才發展品質管理全量文件製作任務包_20260923/02/0106_127_指標19_1分_口頭說明學員訓後就業狀況，但未有具體紀錄及評量.docx,原樣保留；本次尚未確認完成驗收,39509,9e48cee58c2448859275e0beb842fbfaf1561f9b731484c034592d8a1f4e6ec3
107,128_指標19_1分_學員考照通過率有增加，但未有具體紀錄及評量。.docx,人才發展品質管理全量文件製作任務包_20260923/人才發展品質管理全量文件製作任務包_20260923/交付/個別主檔/128_指標19_1分_學員考照通過率有增加，但未有具體紀錄及評量。.docx,04_全部文件與歷次版本/人才發展品質管理全量文件製作任務包_20260923/02/0107_128_指標19_1分_學員考照通過率有增加，但未有具體紀錄及評量。.docx,原樣保留；本次尚未確認完成驗收,39511,3dc75919f1ca3b5ccc0d34aa520f4ac574d2e6168bf7e04d8eb58fdc08e49b41
108,129_指標19_1分_感謝函.docx,人才發展品質管理全量文件製作任務包_20260923/人才發展品質管理全量文件製作任務包_20260923/交付/個別主檔/129_指標19_1分_感謝函.docx,04_全部文件與歷次版本/人才發展品質管理全量文件製作任務包_20260923/02/0108_129_指標19_1分_感謝函.docx,原樣保留；本次尚未確認完成驗收,39497,c78ce0ff49ff417fafad5207a990d1ece5c545a6474c2398b318d140ed768e92
109,131_指標19_2分_有具體紀錄可辨識目標市場及顧客價值均有部份提升效.docx,人才發展品質管理全量文件製作任務包_20260923/人才發展品質管理全量文件製作任務包_20260923/交付/個別主檔/131_指標19_2分_有具體紀錄可辨識目標市場及顧客價值均有部份提升效.docx,04_全部文件與歷次版本/人才發展品質管理全量文件製作任務包_20260923/02/0109_131_指標19_2分_有具體紀錄可辨識目標市場及顧客價值均有部份提升效.docx,原樣保留；本次尚未確認完成驗收,39517,067c0fc90bdc493e912c67ddc14de535cc903a044548cf8c6d75798fcf705efb
110,132_指標19_2分_相關證據顯示有初步訓練成果，且有部份佐證資料.docx,人才發展品質管理全量文件製作任務包_20260923/人才發展品質管理全量文件製作任務包_20260923/交付/個別主檔/132_指標19_2分_相關證據顯示有初步訓練成果，且有部份佐證資料.docx,04_全部文件與歷次版本/人才發展品質管理全量文件製作任務包_20260923/02/0110_132_指標19_2分_相關證據顯示有初步訓練成果，且有部份佐證資料.docx,原樣保留；本次尚未確認完成驗收,39457,7b9b15b2aac5207b2b41a38275c8851e6c545c441445c579807117b2d759f81a
111,133_指標19_2分_提出學員滿意度、考試測驗或心得報告（學習技能面）.docx,人才發展品質管理全量文件製作任務包_20260923/人才發展品質管理全量文件製作任務包_20260923/交付/個別主檔/133_指標19_2分_提出學員滿意度、考試測驗或心得報告（學習技能面）.docx,04_全部文件與歷次版本/人才發展品質管理全量文件製作任務包_20260923/02/0111_133_指標19_2分_提出學員滿意度、考試測驗或心得報告（學習技能面）.docx,原樣保留；本次尚未確認完成驗收,39547,f3b73ef48a40bb693b0ac71cdbe708e764edecc7796fa17c7cf4d0d1f979b25f
112,134_指標19_2分_提出課後追蹤調查與分析結果、證照通過情形（學習技.docx,人才發展品質管理全量文件製作任務包_20260923/人才發展品質管理全量文件製作任務包_20260923/交付/個別主檔/134_指標19_2分_提出課後追蹤調查與分析結果、證照通過情形（學習技.docx,04_全部文件與歷次版本/人才發展品質管理全量文件製作任務包_20260923/02/0112_134_指標19_2分_提出課後追蹤調查與分析結果、證照通過情形（學習技.docx,原樣保留；本次尚未確認完成驗收,39518,b5b6ca303332b148b1b2a8ff0d9f5df8191e8b7a2cadd362319b50368297d3c1
113,135_指標19_2分_部份會員透過訓練後，事業成就上突破原有格局.docx,人才發展品質管理全量文件製作任務包_20260923/人才發展品質管理全量文件製作任務包_20260923/交付/個別主檔/135_指標19_2分_部份會員透過訓練後，事業成就上突破原有格局.docx,04_全部文件與歷次版本/人才發展品質管理全量文件製作任務包_20260923/02/0113_135_指標19_2分_部份會員透過訓練後，事業成就上突破原有格局.docx,原樣保留；本次尚未確認完成驗收,39467,cdda55fc413367f650af05181de7058417450e39bbc578f608c4b92c917a8207
114,136_指標19_2分_企業主雇用結訓後學員，肯定機構訓練的成效.docx,人才發展品質管理全量文件製作任務包_20260923/人才發展品質管理全量文件製作任務包_20260923/交付/個別主檔/136_指標19_2分_企業主雇用結訓後學員，肯定機構訓練的成效.docx,04_全部文件與歷次版本/人才發展品質管理全量文件製作任務包_20260923/02/0114_136_指標19_2分_企業主雇用結訓後學員，肯定機構訓練的成效.docx,原樣保留；本次尚未確認完成驗收,39511,a7104a4ce91e16177356be61a1d8d4b4a3185ea4590766cde03c03e8e1120ded
115,137_指標19_2分_部份學員能運用所學於職務中.docx,人才發展品質管理全量文件製作任務包_20260923/人才發展品質管理全量文件製作任務包_20260923/交付/個別主檔/137_指標19_2分_部份學員能運用所學於職務中.docx,04_全部文件與歷次版本/人才發展品質管理全量文件製作任務包_20260923/02/0115_137_指標19_2分_部份學員能運用所學於職務中.docx,原樣保留；本次尚未確認完成驗收,39456,9646ec61140a1038ef2a04b8b6b0376ac1d6c5461d6a018281c1f72ba0454565
116,138_指標19_2分_進行訓後薪資調查，部份訓後學員微幅調薪.docx,人才發展品質管理全量文件製作任務包_20260923/人才發展品質管理全量文件製作任務包_20260923/交付/個別主檔/138_指標19_2分_進行訓後薪資調查，部份訓後學員微幅調薪.docx,04_全部文件與歷次版本/人才發展品質管理全量文件製作任務包_20260923/02/0116_138_指標19_2分_進行訓後薪資調查，部份訓後學員微幅調薪.docx,原樣保留；本次尚未確認完成驗收,39505,264177ddb39eb2433612a3dd82c177d26c57d445c7bf0f0f2e6b3f357d88e839
117,140_指標19_3分_有量化之效益可呈現目標市場及顧客價值均有一定程度.docx,人才發展品質管理全量文件製作任務包_20260923/人才發展品質管理全量文件製作任務包_20260923/交付/個別主檔/140_指標19_3分_有量化之效益可呈現目標市場及顧客價值均有一定程度.docx,04_全部文件與歷次版本/人才發展品質管理全量文件製作任務包_20260923/02/0117_140_指標19_3分_有量化之效益可呈現目標市場及顧客價值均有一定程度.docx,原樣保留；本次尚未確認完成驗收,39491,1dc5cfe8250f08ef87fc72a7ec91ae5659604f395ce7f9ae93958a50070f9ba5
118,141_指標19_3分_相關證據顯示個人訓練後之績效改善成果.docx,人才發展品質管理全量文件製作任務包_20260923/人才發展品質管理全量文件製作任務包_20260923/交付/個別主檔/141_指標19_3分_相關證據顯示個人訓練後之績效改善成果.docx,04_全部文件與歷次版本/人才發展品質管理全量文件製作任務包_20260923/02/0118_141_指標19_3分_相關證據顯示個人訓練後之績效改善成果.docx,原樣保留；本次尚未確認完成驗收,39431,b3022c3c4cc273355f35f93170ace6323dd1515874df4eb28c784981854cc698
119,142_指標19_3分_提出市場競爭力、營業額、工作流程、成本控制或客訴.docx,人才發展品質管理全量文件製作任務包_20260923/人才發展品質管理全量文件製作任務包_20260923/交付/個別主檔/142_指標19_3分_提出市場競爭力、營業額、工作流程、成本控制或客訴.docx,04_全部文件與歷次版本/人才發展品質管理全量文件製作任務包_20260923/02/0119_142_指標19_3分_提出市場競爭力、營業額、工作流程、成本控制或客訴.docx,原樣保留；本次尚未確認完成驗收,39526,e431b948ddeb367b1c6ec5372e2b86dc18f7703c1ef694cc8c6cdac0f91b498b
120,143_指標19_3分_學員訓後創業案例.docx,人才發展品質管理全量文件製作任務包_20260923/人才發展品質管理全量文件製作任務包_20260923/交付/個別主檔/143_指標19_3分_學員訓後創業案例.docx,04_全部文件與歷次版本/人才發展品質管理全量文件製作任務包_20260923/02/0120_143_指標19_3分_學員訓後創業案例.docx,原樣保留；本次尚未確認完成驗收,39485,bac8ab6b31b6fa14f34c7b5dfb505e764a485b88319a1c1992ef171636e28ba0
121,144_指標19_3分_學員證照通過、就業率高.docx,人才發展品質管理全量文件製作任務包_20260923/人才發展品質管理全量文件製作任務包_20260923/交付/個別主檔/144_指標19_3分_學員證照通過、就業率高.docx,04_全部文件與歷次版本/人才發展品質管理全量文件製作任務包_20260923/02/0121_144_指標19_3分_學員證照通過、就業率高.docx,原樣保留；本次尚未確認完成驗收,39492,3618c675375797fb651c345cf23823548a246e14fcc7477a109cbe4ceb4c8a69
122,145_指標19_3分_個人產品不良件數有下降趨勢.docx,人才發展品質管理全量文件製作任務包_20260923/人才發展品質管理全量文件製作任務包_20260923/交付/個別主檔/145_指標19_3分_個人產品不良件數有下降趨勢.docx,04_全部文件與歷次版本/人才發展品質管理全量文件製作任務包_20260923/02/0122_145_指標19_3分_個人產品不良件數有下降趨勢.docx,原樣保留；本次尚未確認完成驗收,39456,276ca952624c7fb7cc445f6842a182bbf2b65b5f562293c23683430fe050f668
123,146_指標19_3分_每年訓練班次、人次均持續成長.docx,人才發展品質管理全量文件製作任務包_20260923/人才發展品質管理全量文件製作任務包_20260923/交付/個別主檔/146_指標19_3分_每年訓練班次、人次均持續成長.docx,04_全部文件與歷次版本/人才發展品質管理全量文件製作任務包_20260923/02/0123_146_指標19_3分_每年訓練班次、人次均持續成長.docx,原樣保留；本次尚未確認完成驗收,39456,14c67a410af713b392df6d8b2569f0bb5373e296c4fb00f486a9ef3c3d428609
124,147_指標19_3分_會員人數及會費收入均逐年增加.docx,人才發展品質管理全量文件製作任務包_20260923/人才發展品質管理全量文件製作任務包_20260923/交付/個別主檔/147_指標19_3分_會員人數及會費收入均逐年增加.docx,04_全部文件與歷次版本/人才發展品質管理全量文件製作任務包_20260923/02/0124_147_指標19_3分_會員人數及會費收入均逐年增加.docx,原樣保留；本次尚未確認完成驗收,39481,93348fd4b8abc0f585b153addb730162ecd541fdc7ebbbc969635914fadfb6f5
125,149_指標19_4分_經營績效中之數據呈現目標市場及顧客價值均有顯著具.docx,人才發展品質管理全量文件製作任務包_20260923/人才發展品質管理全量文件製作任務包_20260923/交付/個別主檔/149_指標19_4分_經營績效中之數據呈現目標市場及顧客價值均有顯著具.docx,04_全部文件與歷次版本/人才發展品質管理全量文件製作任務包_20260923/02/0125_149_指標19_4分_經營績效中之數據呈現目標市場及顧客價值均有顯著具.docx,原樣保留；本次尚未確認完成驗收,39495,e49a31a658c10831c92a44bbf7f11e6bb6c67df71282c59196a8215d178a3013
126,150_指標19_4分_提出參與社會公益活動、獲頒公民營單位獎項、結合學.docx,人才發展品質管理全量文件製作任務包_20260923/人才發展品質管理全量文件製作任務包_20260923/交付/個別主檔/150_指標19_4分_提出參與社會公益活動、獲頒公民營單位獎項、結合學.docx,04_全部文件與歷次版本/人才發展品質管理全量文件製作任務包_20260923/02/0126_150_指標19_4分_提出參與社會公益活動、獲頒公民營單位獎項、結合學.docx,原樣保留；本次尚未確認完成驗收,39603,8ce85f1b623eedc33d38449a56066b92c35fafdba9d98bfd16a60e750579884a
127,151_指標19_4分_提出報章雜誌採訪或電子媒體訪問之正面消息（其他）.docx,人才發展品質管理全量文件製作任務包_20260923/人才發展品質管理全量文件製作任務包_20260923/交付/個別主檔/151_指標19_4分_提出報章雜誌採訪或電子媒體訪問之正面消息（其他）.docx,04_全部文件與歷次版本/人才發展品質管理全量文件製作任務包_20260923/02/0127_151_指標19_4分_提出報章雜誌採訪或電子媒體訪問之正面消息（其他）.docx,原樣保留；本次尚未確認完成驗收,39589,bb9c035fb8c9ebf0bf708c989e9974ca94ea52bd466491b91c521dda594c66e9
128,152_指標19_4分_個人績效提升（薪資提升或獎勵升遷之紀錄）.docx,人才發展品質管理全量文件製作任務包_20260923/人才發展品質管理全量文件製作任務包_20260923/交付/個別主檔/152_指標19_4分_個人績效提升（薪資提升或獎勵升遷之紀錄）.docx,04_全部文件與歷次版本/人才發展品質管理全量文件製作任務包_20260923/02/0128_152_指標19_4分_個人績效提升（薪資提升或獎勵升遷之紀錄）.docx,原樣保留；本次尚未確認完成驗收,39501,f71f8349a6ce3003887c9cad2d9d01ed5b0384ff0087f9d52ff5afb6fe022597
129,153_指標19_4分_證照通過率高及就業率大幅提升.docx,人才發展品質管理全量文件製作任務包_20260923/人才發展品質管理全量文件製作任務包_20260923/交付/個別主檔/153_指標19_4分_證照通過率高及就業率大幅提升.docx,04_全部文件與歷次版本/人才發展品質管理全量文件製作任務包_20260923/02/0129_153_指標19_4分_證照通過率高及就業率大幅提升.docx,原樣保留；本次尚未確認完成驗收,39503,d3134619ff5b94ba5c480a50d84066bdcc23876c13c6bd320754d2d460be93d9
130,154_指標19_4分_運用資訊系統普及率.docx,人才發展品質管理全量文件製作任務包_20260923/人才發展品質管理全量文件製作任務包_20260923/交付/個別主檔/154_指標19_4分_運用資訊系統普及率.docx,04_全部文件與歷次版本/人才發展品質管理全量文件製作任務包_20260923/02/0130_154_指標19_4分_運用資訊系統普及率.docx,原樣保留；本次尚未確認完成驗收,39499,992fe8a00627a315e35d4f50f9494553d2ee7cdfbfbd8896b7327f2018ae928b
131,155_指標19_4分_顧客滿意度提升.docx,人才發展品質管理全量文件製作任務包_20260923/人才發展品質管理全量文件製作任務包_20260923/交付/個別主檔/155_指標19_4分_顧客滿意度提升.docx,04_全部文件與歷次版本/人才發展品質管理全量文件製作任務包_20260923/02/0131_155_指標19_4分_顧客滿意度提升.docx,原樣保留；本次尚未確認完成驗收,39502,1aebeccf18960f0a2594ed0a43c69d1bae0530ef1b0372609338a6ed0fcc289d
132,156_指標19_4分_組織近三年營業額持續成長.docx,人才發展品質管理全量文件製作任務包_20260923/人才發展品質管理全量文件製作任務包_20260923/交付/個別主檔/156_指標19_4分_組織近三年營業額持續成長.docx,04_全部文件與歷次版本/人才發展品質管理全量文件製作任務包_20260923/02/0132_156_指標19_4分_組織近三年營業額持續成長.docx,原樣保留；本次尚未確認完成驗收,39478,07eff5deb8a5f200d8c99054b7284b026a8c82a4236a4b006a8dbd6b552d25a7
133,OFR-001-D01_I01_中長程策略地圖_中長程的業務發展規劃策略地圖p13OOO手冊中第O頁官網首頁_D1.docx,TTQS_FULL_REBUILD_V4_0_20260924/01_PRODUCTION_DOCX/P_PLAN/OFR-001-D01_I01_中長程策略地圖_中長程的業務發展規劃策略地圖p13OOO手冊中第O頁官網首頁_D1.docx,04_全部文件與歷次版本/TTQS_FULL_REBUILD_V4_0_20260924/02/0133_OFR-001-D01_I01_中長程策略地圖_中長程的業務發展規劃策略地圖p13OOO手冊中第O頁官網首頁_D1.docx,原樣保留；本次尚未確認完成驗收,42989,313c091811a41525924f47298786ea5b2c008ff2a8771691b16efc80fcf16f27
134,OFR-002-D01_I01_市場需求調查問卷_目標市場需求調查_D1.docx,TTQS_FULL_REBUILD_V4_0_20260924/01_PRODUCTION_DOCX/P_PLAN/OFR-002-D01_I01_市場需求調查問卷_目標市場需求調查_D1.docx,04_全部文件與歷次版本/TTQS_FULL_REBUILD_V4_0_20260924/02/0134_OFR-002-D01_I01_市場需求調查問卷_目標市場需求調查_D1.docx,原樣保留；本次尚未確認完成驗收,42781,32a811d93b60f4ff4505235785fd9456c4207ef5d4799d882cac57baf08dd1fb
135,OFR-002-D02_I01_目標市場需求調查分析報告_D2.docx,TTQS_FULL_REBUILD_V4_0_20260924/01_PRODUCTION_DOCX/P_PLAN/OFR-002-D02_I01_目標市場需求調查分析報告_D2.docx,04_全部文件與歷次版本/TTQS_FULL_REBUILD_V4_0_20260924/02/0135_OFR-002-D02_I01_目標市場需求調查分析報告_D2.docx,原樣保留；本次尚未確認完成驗收,42687,2a3afc89be9e88a605bfaba710be3effbd0c44da2ac7fc37ba434dd9b1d8b094
136,OFR-007-D01_I01_其他補充佐證規劃與核實紀錄.docx,TTQS_FULL_REBUILD_V4_0_20260924/01_PRODUCTION_DOCX/P_PLAN/OFR-007-D01_I01_其他補充佐證規劃與核實紀錄.docx,04_全部文件與歷次版本/TTQS_FULL_REBUILD_V4_0_20260924/02/0136_OFR-007-D01_I01_其他補充佐證規劃與核實紀錄.docx,原樣保留；本次尚未確認完成驗收,41820,1ae4b60f9967a7b41263c84d7f86fdb77e633c4bdea05d5c8cdd993f5389d6bd
137,OFR-011-D01_I02_對外訓練政策_公開公布訓練機構年度訓練課程_D1.docx,TTQS_FULL_REBUILD_V4_0_20260924/01_PRODUCTION_DOCX/P_PLAN/OFR-011-D01_I02_對外訓練政策_公開公布訓練機構年度訓練課程_D1.docx,04_全部文件與歷次版本/TTQS_FULL_REBUILD_V4_0_20260924/02/0137_OFR-011-D01_I02_對外訓練政策_公開公布訓練機構年度訓練課程_D1.docx,原樣保留；本次尚未確認完成驗收,42126,9fea63980df7ccd048fdf18cfceac5c4726029c803086c904c4bdf060fffa1c9
138,OFR-020-D01_I04_課程規劃書_不同訓練課程的設計與規劃方向_D1.docx,TTQS_FULL_REBUILD_V4_0_20260924/01_PRODUCTION_DOCX/P_PLAN/OFR-020-D01_I04_課程規劃書_不同訓練課程的設計與規劃方向_D1.docx,04_全部文件與歷次版本/TTQS_FULL_REBUILD_V4_0_20260924/02/0138_OFR-020-D01_I04_課程規劃書_不同訓練課程的設計與規劃方向_D1.docx,原樣保留；本次尚未確認完成驗收,43546,3ff6334baf05e15e9b1e773adda37043680d2dea19dbf0f083afdcd3490d4f7c
139,OFR-022-D01_I04_標準作業程序書_訓練結果的評估訓練實施的依據及標準化作業流程SOP_D1.docx,TTQS_FULL_REBUILD_V4_0_20260924/01_PRODUCTION_DOCX/P_PLAN/OFR-022-D01_I04_標準作業程序書_訓練結果的評估訓練實施的依據及標準化作業流程SOP_D1.docx,04_全部文件與歷次版本/TTQS_FULL_REBUILD_V4_0_20260924/02/0139_OFR-022-D01_I04_標準作業程序書_訓練結果的評估訓練實施的依據及標準化作業流程SOP_D1.docx,原樣保留；本次尚未確認完成驗收,42085,7a5d57f23bc4424b9dfaa13c5cdcf15002109375ba3b8ebcd736f8d215d59606
140,OFR-003-D01_I01_年度發展計畫_業務發展計畫包括人力資源的發展與訓練規劃內容主題或方向_D1.docx,TTQS_FULL_REBUILD_V4_0_20260924/01_PRODUCTION_DOCX/P_PLAN/OFR-003-D01_I01_年度發展計畫_業務發展計畫包括人力資源的發展與訓練規劃內容主題或方向_D1.docx,04_全部文件與歷次版本/TTQS_FULL_REBUILD_V4_0_20260924/02/0140_OFR-003-D01_I01_年度發展計畫_業務發展計畫包括人力資源的發展與訓練規劃內容主題或方向_D1.docx,原樣保留；本次尚未確認完成驗收,42763,1b10f395cd26c4175e3b6604accbb2e1b968eb9149530ce464a95d3939c8668f
141,OFR-003-D02_I01_人力資源發展與訓練規劃_D2.docx,TTQS_FULL_REBUILD_V4_0_20260924/01_PRODUCTION_DOCX/P_PLAN/OFR-003-D02_I01_人力資源發展與訓練規劃_D2.docx,04_全部文件與歷次版本/TTQS_FULL_REBUILD_V4_0_20260924/02/0141_OFR-003-D02_I01_人力資源發展與訓練規劃_D2.docx,原樣保留；本次尚未確認完成驗收,42764,ed7777735bea408f3a2b4247bde6c61709ea4e24f052e027931d926980457d34
142,OFR-004-D01_I01_市場需求分析報告_課程產品及流程的檢討分析_D1.docx,TTQS_FULL_REBUILD_V4_0_20260924/01_PRODUCTION_DOCX/P_PLAN/OFR-004-D01_I01_市場需求分析報告_課程產品及流程的檢討分析_D1.docx,04_全部文件與歷次版本/TTQS_FULL_REBUILD_V4_0_20260924/02/0142_OFR-004-D01_I01_市場需求分析報告_課程產品及流程的檢討分析_D1.docx,原樣保留；本次尚未確認完成驗收,42705,4904a5e068eb694195cbcd56ea0a3763130e0aeed9b986b96a95d1347b0e7175
143,OFR-004-D02_I01_訓練流程檢討分析報告_D2.docx,TTQS_FULL_REBUILD_V4_0_20260924/01_PRODUCTION_DOCX/P_PLAN/OFR-004-D02_I01_訓練流程檢討分析報告_D2.docx,04_全部文件與歷次版本/TTQS_FULL_REBUILD_V4_0_20260924/02/0143_OFR-004-D02_I01_訓練流程檢討分析報告_D2.docx,原樣保留；本次尚未確認完成驗收,42211,41bf9e84eec566c4aadef7d81d3717bf74036df2cdd163a2f2e8a7188fe720b3
144,OFR-005-D01_I01_年度發展計畫_各類別訓練課程年度成長計畫_D1.docx,TTQS_FULL_REBUILD_V4_0_20260924/01_PRODUCTION_DOCX/P_PLAN/OFR-005-D01_I01_年度發展計畫_各類別訓練課程年度成長計畫_D1.docx,04_全部文件與歷次版本/TTQS_FULL_REBUILD_V4_0_20260924/02/0144_OFR-005-D01_I01_年度發展計畫_各類別訓練課程年度成長計畫_D1.docx,原樣保留；本次尚未確認完成驗收,42742,600cd8c3cdb695deffec91fadca53871ddbac0555d7d018d5ef520a242d91f7a
145,OFR-006-D01_I01_年度發展計畫_單位工作達成年度績效目標的訂定及目標分析等佐證資料_D1.docx,TTQS_FULL_REBUILD_V4_0_20260924/01_PRODUCTION_DOCX/P_PLAN/OFR-006-D01_I01_年度發展計畫_單位工作達成年度績效目標的訂定及目標分析等佐證資料_D1.docx,04_全部文件與歷次版本/TTQS_FULL_REBUILD_V4_0_20260924/02/0145_OFR-006-D01_I01_年度發展計畫_單位工作達成年度績效目標的訂定及目標分析等佐證資料_D1.docx,原樣保留；本次尚未確認完成驗收,42759,6ce8b5d7e29904c8e7d643318fba8691ac396e955f3e928c4680423eba6e2f10
146,OFR-006-D02_I01_年度績效目標分析報告_D2.docx,TTQS_FULL_REBUILD_V4_0_20260924/01_PRODUCTION_DOCX/P_PLAN/OFR-006-D02_I01_年度績效目標分析報告_D2.docx,04_全部文件與歷次版本/TTQS_FULL_REBUILD_V4_0_20260924/02/0146_OFR-006-D02_I01_年度績效目標分析報告_D2.docx,原樣保留；本次尚未確認完成驗收,43342,a8135855145cc3bc29a2aa2856664be137240c16ed97ff9b3cd5f19c5f2e023d
147,OFR-008-D01_I02_學習評估報告_對學員訓練成果有評核標準的訂定及說明_D1.docx,TTQS_FULL_REBUILD_V4_0_20260924/01_PRODUCTION_DOCX/P_PLAN/OFR-008-D01_I02_學習評估報告_對學員訓練成果有評核標準的訂定及說明_D1.docx,04_全部文件與歷次版本/TTQS_FULL_REBUILD_V4_0_20260924/02/0147_OFR-008-D01_I02_學習評估報告_對學員訓練成果有評核標準的訂定及說明_D1.docx,原樣保留；本次尚未確認完成驗收,42509,f55068792db9dab423a8b8861c4d3b93882929055705e49b1850f7b7a1079e58
148,OFR-009-D01_I02_顧客價值分析報告_與訓練政策有關之訓練產品與市場定位_D1.docx,TTQS_FULL_REBUILD_V4_0_20260924/01_PRODUCTION_DOCX/P_PLAN/OFR-009-D01_I02_顧客價值分析報告_與訓練政策有關之訓練產品與市場定位_D1.docx,04_全部文件與歷次版本/TTQS_FULL_REBUILD_V4_0_20260924/02/0148_OFR-009-D01_I02_顧客價值分析報告_與訓練政策有關之訓練產品與市場定位_D1.docx,原樣保留；本次尚未確認完成驗收,42302,e9737a29cbee6254b371d5028abf6015101392337a37c6941a72ea57de71d5f7
149,OFR-010-D01_I02_管理辦法_補助參與機構公開招生課程或進階課程優惠辦法之規定_D1.docx,TTQS_FULL_REBUILD_V4_0_20260924/01_PRODUCTION_DOCX/P_PLAN/OFR-010-D01_I02_管理辦法_補助參與機構公開招生課程或進階課程優惠辦法之規定_D1.docx,04_全部文件與歷次版本/TTQS_FULL_REBUILD_V4_0_20260924/02/0149_OFR-010-D01_I02_管理辦法_補助參與機構公開招生課程或進階課程優惠辦法之規定_D1.docx,原樣保留；本次尚未確認完成驗收,41679,070722c68b0fb8626625430da7ede67d5e787420fec8dddd495137e8590eb4ec
150,OFR-011-D02_I02_公開課程資訊內容稿_D2.docx,TTQS_FULL_REBUILD_V4_0_20260924/01_PRODUCTION_DOCX/P_PLAN/OFR-011-D02_I02_公開課程資訊內容稿_D2.docx,04_全部文件與歷次版本/TTQS_FULL_REBUILD_V4_0_20260924/02/0150_OFR-011-D02_I02_公開課程資訊內容稿_D2.docx,原樣保留；本次尚未確認完成驗收,42552,27b0b50c068627fde6dd53bf873aaafeba4af21411c1cb5f65e82d1217102cd4
151,OFR-012-D01_I02_可填寫表單_客戶提出的課程需求的相關表單文件而揭露的呈現方式可以為EDM_D1.docx,TTQS_FULL_REBUILD_V4_0_20260924/01_PRODUCTION_DOCX/P_PLAN/OFR-012-D01_I02_可填寫表單_客戶提出的課程需求的相關表單文件而揭露的呈現方式可以為EDM_D1.docx,04_全部文件與歷次版本/TTQS_FULL_REBUILD_V4_0_20260924/02/0151_OFR-012-D01_I02_可填寫表單_客戶提出的課程需求的相關表單文件而揭露的呈現方式可以為EDM_D1.docx,原樣保留；本次尚未確認完成驗收,41883,2e16bf9c079322fa9a659771c3e033b43a53e14d86ef4b759830e91831e4c1a3
152,OFR-012-D02_I02_客戶需求揭露內容稿_EDM網站_D2.docx,TTQS_FULL_REBUILD_V4_0_20260924/01_PRODUCTION_DOCX/P_PLAN/OFR-012-D02_I02_客戶需求揭露內容稿_EDM網站_D2.docx,04_全部文件與歷次版本/TTQS_FULL_REBUILD_V4_0_20260924/02/0152_OFR-012-D02_I02_客戶需求揭露內容稿_EDM網站_D2.docx,原樣保留；本次尚未確認完成驗收,42622,d2c1948922bb42b81aa98e9d307ae509af48a4c1bec65ba0e0e959d690dbcb67
153,OFR-012-D03_I02_I02_可填寫表單_客戶提出的課程需求的相關表單文件而揭露的呈現方式_示範填寫版_D3.docx,TTQS_FULL_REBUILD_V4_0_20260924/01_PRODUCTION_DOCX/P_PLAN/OFR-012-D03_I02_I02_可填寫表單_客戶提出的課程需求的相關表單文件而揭露的呈現方式_示範填寫版_D3.docx,04_全部文件與歷次版本/TTQS_FULL_REBUILD_V4_0_20260924/02/0153_OFR-012-D03_I02_I02_可填寫表單_客戶提出的課程需求的相關表單文件而揭露的呈現方式_示範填寫版_D3.docx,原樣保留；本次尚未確認完成驗收,41512,a14f59bdc1a9a76c343d6c6d1bb9a16e9359c012269f68df8089ed0ec9167046
154,OFR-013-D01_I02_其他補充佐證規劃與核實紀錄.docx,TTQS_FULL_REBUILD_V4_0_20260924/01_PRODUCTION_DOCX/P_PLAN/OFR-013-D01_I02_其他補充佐證規劃與核實紀錄.docx,04_全部文件與歷次版本/TTQS_FULL_REBUILD_V4_0_20260924/02/0154_OFR-013-D01_I02_其他補充佐證規劃與核實紀錄.docx,原樣保留；本次尚未確認完成驗收,41705,4a063160cfabf9672a22430d9c2979555012a1a3a0e2c170692a71016d4c3c71
155,OFR-014-D01_I03_流程圖與責任矩陣_訓練體系圖解及核心訓練類別名稱_D1.docx,TTQS_FULL_REBUILD_V4_0_20260924/01_PRODUCTION_DOCX/P_PLAN/OFR-014-D01_I03_流程圖與責任矩陣_訓練體系圖解及核心訓練類別名稱_D1.docx,04_全部文件與歷次版本/TTQS_FULL_REBUILD_V4_0_20260924/02/0155_OFR-014-D01_I03_流程圖與責任矩陣_訓練體系圖解及核心訓練類別名稱_D1.docx,原樣保留；本次尚未確認完成驗收,41969,cddf6eaa66178f4703a1958da66a626102f5113e965cc20639ebdeeb699ff642
156,OFR-015-D01_I03_第三方或官方原件索取與驗證包_學員訓練及訓練機構事業發展相關的證明_D1.docx,TTQS_FULL_REBUILD_V4_0_20260924/01_PRODUCTION_DOCX/P_PLAN/OFR-015-D01_I03_第三方或官方原件索取與驗證包_學員訓練及訓練機構事業發展相關的證明_D1.docx,04_全部文件與歷次版本/TTQS_FULL_REBUILD_V4_0_20260924/02/0156_OFR-015-D01_I03_第三方或官方原件索取與驗證包_學員訓練及訓練機構事業發展相關的證明_D1.docx,原樣保留；本次尚未確認完成驗收,41735,327abd11076a8750deef922897ba63c614488158e9aa6399d7681f1fca4c41f6
157,OFR-016-D01_I03_年度發展計畫_學員訓練類型及促進關鍵績效指標KPI_D1.docx,TTQS_FULL_REBUILD_V4_0_20260924/01_PRODUCTION_DOCX/P_PLAN/OFR-016-D01_I03_年度發展計畫_學員訓練類型及促進關鍵績效指標KPI_D1.docx,04_全部文件與歷次版本/TTQS_FULL_REBUILD_V4_0_20260924/02/0157_OFR-016-D01_I03_年度發展計畫_學員訓練類型及促進關鍵績效指標KPI_D1.docx,原樣保留；本次尚未確認完成驗收,42593,65f1de2ed939de63656b9cb97911d4979df6b813176f3a7720edcb602a648f7e
158,OFR-017-D01_I03_第三方或官方原件索取與驗證包_學員訓練及學員職務相稱的證明_D1.docx,TTQS_FULL_REBUILD_V4_0_20260924/01_PRODUCTION_DOCX/P_PLAN/OFR-017-D01_I03_第三方或官方原件索取與驗證包_學員訓練及學員職務相稱的證明_D1.docx,04_全部文件與歷次版本/TTQS_FULL_REBUILD_V4_0_20260924/02/0158_OFR-017-D01_I03_第三方或官方原件索取與驗證包_學員訓練及學員職務相稱的證明_D1.docx,原樣保留；本次尚未確認完成驗收,41729,3a0f903acd9c8a7c90cc9f16a02661c452000b684a7ed338403f1fb5d85d728d
159,OFR-018-D01_I03_其他補充佐證規劃與核實紀錄.docx,TTQS_FULL_REBUILD_V4_0_20260924/01_PRODUCTION_DOCX/P_PLAN/OFR-018-D01_I03_其他補充佐證規劃與核實紀錄.docx,04_全部文件與歷次版本/TTQS_FULL_REBUILD_V4_0_20260924/02/0159_OFR-018-D01_I03_其他補充佐證規劃與核實紀錄.docx,原樣保留；本次尚未確認完成驗收,41616,0c596a80ba6fa3bd48fef09398413bce1dd7cdae227a13ec6fe8c922960031ae
160,OFR-019-D01_I04_市場需求調查問卷_訓練需求的定期調查與分析_D1.docx,TTQS_FULL_REBUILD_V4_0_20260924/01_PRODUCTION_DOCX/P_PLAN/OFR-019-D01_I04_市場需求調查問卷_訓練需求的定期調查與分析_D1.docx,04_全部文件與歷次版本/TTQS_FULL_REBUILD_V4_0_20260924/02/0160_OFR-019-D01_I04_市場需求調查問卷_訓練需求的定期調查與分析_D1.docx,原樣保留；本次尚未確認完成驗收,42645,d37fa284390506394343f91999217f4c96efc24b0b26f92f67acde866e9cbeda
161,OFR-019-D02_I04_訓練需求分析報告_D2.docx,TTQS_FULL_REBUILD_V4_0_20260924/01_PRODUCTION_DOCX/P_PLAN/OFR-019-D02_I04_訓練需求分析報告_D2.docx,04_全部文件與歷次版本/TTQS_FULL_REBUILD_V4_0_20260924/02/0161_OFR-019-D02_I04_訓練需求分析報告_D2.docx,原樣保留；本次尚未確認完成驗收,42540,4d5384aee7f739da08e40b82d52d65b6fce1afa6ea030a8d0865cd20a105c297
162,OFR-022-D02_I04_訓練結果評估與標準化流程_D2.docx,TTQS_FULL_REBUILD_V4_0_20260924/01_PRODUCTION_DOCX/P_PLAN/OFR-022-D02_I04_訓練結果評估與標準化流程_D2.docx,04_全部文件與歷次版本/TTQS_FULL_REBUILD_V4_0_20260924/02/0162_OFR-022-D02_I04_訓練結果評估與標準化流程_D2.docx,原樣保留；本次尚未確認完成驗收,42085,d7909f862bf58cfbc1b514a05ecbaf982c6f013e13465fb10b521c90d71882fc
163,OFR-023-D01_I04_管理辦法_機構如何運作TTQS管理系統及如何核准公告更新保存紀錄的證明_D1.docx,TTQS_FULL_REBUILD_V4_0_20260924/01_PRODUCTION_DOCX/P_PLAN/OFR-023-D01_I04_管理辦法_機構如何運作TTQS管理系統及如何核准公告更新保存紀錄的證明_D1.docx,04_全部文件與歷次版本/TTQS_FULL_REBUILD_V4_0_20260924/02/0163_OFR-023-D01_I04_管理辦法_機構如何運作TTQS管理系統及如何核准公告更新保存紀錄的證明_D1.docx,原樣保留；本次尚未確認完成驗收,41658,53eab52b770cdc020567b81d3dfe3fa5244686204e95c2c25836686880189cdf
164,OFR-023-D02_I04_核准公告更新保存流程與版本紀錄_D2.docx,TTQS_FULL_REBUILD_V4_0_20260924/01_PRODUCTION_DOCX/P_PLAN/OFR-023-D02_I04_核准公告更新保存流程與版本紀錄_D2.docx,04_全部文件與歷次版本/TTQS_FULL_REBUILD_V4_0_20260924/02/0164_OFR-023-D02_I04_核准公告更新保存流程與版本紀錄_D2.docx,原樣保留；本次尚未確認完成驗收,42077,f78d539490747f00b4c85c0b52fdbf755c38013f9733f9b6d73a403152392b35
165,OFR-024-D01_I04_其他補充佐證規劃與核實紀錄.docx,TTQS_FULL_REBUILD_V4_0_20260924/01_PRODUCTION_DOCX/P_PLAN/OFR-024-D01_I04_其他補充佐證規劃與核實紀錄.docx,04_全部文件與歷次版本/TTQS_FULL_REBUILD_V4_0_20260924/02/0165_OFR-024-D01_I04_其他補充佐證規劃與核實紀錄.docx,原樣保留；本次尚未確認完成驗收,41665,034ccc1b78d8954f82ca3412c5445d3a6a884b6745f31b00ac708d0f95292d75
166,OFR-025-D01_I05_年度發展計畫_學員訓練及訓練機構年度事業計畫的相關資料_D1.docx,TTQS_FULL_REBUILD_V4_0_20260924/01_PRODUCTION_DOCX/P_PLAN/OFR-025-D01_I05_年度發展計畫_學員訓練及訓練機構年度事業計畫的相關資料_D1.docx,04_全部文件與歷次版本/TTQS_FULL_REBUILD_V4_0_20260924/02/0166_OFR-025-D01_I05_年度發展計畫_學員訓練及訓練機構年度事業計畫的相關資料_D1.docx,原樣保留；本次尚未確認完成驗收,42587,228fa9066fa41135f19195f5062efef7f68a05910085c853db1d3049a094ec68
167,OFR-026-D01_I05_中長程策略地圖_訓練課程體系及訓練機構業務策略方向的相關資料_D1.docx,TTQS_FULL_REBUILD_V4_0_20260924/01_PRODUCTION_DOCX/P_PLAN/OFR-026-D01_I05_中長程策略地圖_訓練課程體系及訓練機構業務策略方向的相關資料_D1.docx,04_全部文件與歷次版本/TTQS_FULL_REBUILD_V4_0_20260924/02/0167_OFR-026-D01_I05_中長程策略地圖_訓練課程體系及訓練機構業務策略方向的相關資料_D1.docx,原樣保留；本次尚未確認完成驗收,42808,81f3c3a4979e19002e7c557693502f422cf848a451a2bc99f3a2593442750f4d
168,OFR-027-D01_I05_課程規劃書_訓練規劃及達到客戶課程績效目標的證明資料_D1.docx,TTQS_FULL_REBUILD_V4_0_20260924/01_PRODUCTION_DOCX/P_PLAN/OFR-027-D01_I05_課程規劃書_訓練規劃及達到客戶課程績效目標的證明資料_D1.docx,04_全部文件與歷次版本/TTQS_FULL_REBUILD_V4_0_20260924/02/0168_OFR-027-D01_I05_課程規劃書_訓練規劃及達到客戶課程績效目標的證明資料_D1.docx,原樣保留；本次尚未確認完成驗收,43590,dd190d377dca3dbdcecfe7f93aa3867515c2318b5829f3759f8c5734cc6ff8a8
169,OFR-027-D02_I05_客戶課程績效目標對照與驗證_D2.docx,TTQS_FULL_REBUILD_V4_0_20260924/01_PRODUCTION_DOCX/P_PLAN/OFR-027-D02_I05_客戶課程績效目標對照與驗證_D2.docx,04_全部文件與歷次版本/TTQS_FULL_REBUILD_V4_0_20260924/02/0169_OFR-027-D02_I05_客戶課程績效目標對照與驗證_D2.docx,原樣保留；本次尚未確認完成驗收,42345,1b6dcf17dff4ff8389c9c6b17dd07fbd8d3bdc14b944b2e703ec244ae03b7798
170,OFR-028-D01_I05_其他補充佐證規劃與核實紀錄.docx,TTQS_FULL_REBUILD_V4_0_20260924/01_PRODUCTION_DOCX/P_PLAN/OFR-028-D01_I05_其他補充佐證規劃與核實紀錄.docx,04_全部文件與歷次版本/TTQS_FULL_REBUILD_V4_0_20260924/02/0170_OFR-028-D01_I05_其他補充佐證規劃與核實紀錄.docx,原樣保留；本次尚未確認完成驗收,41607,cf99eac466a102c1fd309aa2359e6ba95ba08961d46c2359a26cb3d2093fae7f
171,OFR-029-D01_I06_第三方或官方原件索取與驗證包_工作經驗的相關受訓證明_D1.docx,TTQS_FULL_REBUILD_V4_0_20260924/01_PRODUCTION_DOCX/P_PLAN/OFR-029-D01_I06_第三方或官方原件索取與驗證包_工作經驗的相關受訓證明_D1.docx,04_全部文件與歷次版本/TTQS_FULL_REBUILD_V4_0_20260924/02/0171_OFR-029-D01_I06_第三方或官方原件索取與驗證包_工作經驗的相關受訓證明_D1.docx,原樣保留；本次尚未確認完成驗收,41727,fd624721e77b47dcf0fde8a13274537713b993329c513160c569952cd0428fbe
172,OFR-030-D01_I06_學習評估報告_專業訓練人員職能評估方法等證明_D1.docx,TTQS_FULL_REBUILD_V4_0_20260924/01_PRODUCTION_DOCX/P_PLAN/OFR-030-D01_I06_學習評估報告_專業訓練人員職能評估方法等證明_D1.docx,04_全部文件與歷次版本/TTQS_FULL_REBUILD_V4_0_20260924/02/0172_OFR-030-D01_I06_學習評估報告_專業訓練人員職能評估方法等證明_D1.docx,原樣保留；本次尚未確認完成驗收,42540,48dc6c87a43fd331c24c6025bbf39a88fb96033c80728176a90082ef468fba7e
173,OFR-030-D02_I06_專業訓練人員職能評量量規_D2.docx,TTQS_FULL_REBUILD_V4_0_20260924/01_PRODUCTION_DOCX/P_PLAN/OFR-030-D02_I06_專業訓練人員職能評量量規_D2.docx,04_全部文件與歷次版本/TTQS_FULL_REBUILD_V4_0_20260924/02/0173_OFR-030-D02_I06_專業訓練人員職能評量量規_D2.docx,原樣保留；本次尚未確認完成驗收,42543,a0b9da0c4ab7c74437893c126fbff3adb2cede64bf17dbc1c2b197187e02a35d
174,OFR-032-D01_I06_其他補充佐證規劃與核實紀錄.docx,TTQS_FULL_REBUILD_V4_0_20260924/01_PRODUCTION_DOCX/P_PLAN/OFR-032-D01_I06_其他補充佐證規劃與核實紀錄.docx,04_全部文件與歷次版本/TTQS_FULL_REBUILD_V4_0_20260924/02/0174_OFR-032-D01_I06_其他補充佐證規劃與核實紀錄.docx,原樣保留；本次尚未確認完成驗收,41592,d12f360d1f738046f3027776bc4d2ce620a63f45d566ae7f64c797e9f39a8404
175,OFR-021-D01_I04_年度分析與管理審查_訓練的提供方式及選擇的指標_D1.docx,TTQS_FULL_REBUILD_V4_0_20260924/01_PRODUCTION_DOCX/P_PLAN/OFR-021-D01_I04_年度分析與管理審查_訓練的提供方式及選擇的指標_D1.docx,04_全部文件與歷次版本/TTQS_FULL_REBUILD_V4_0_20260924/02/0175_OFR-021-D01_I04_年度分析與管理審查_訓練的提供方式及選擇的指標_D1.docx,原樣保留；本次尚未確認完成驗收,43177,5884e57fa274798d237cf7cfb29c01bf6e3d605cce5fd26bcd1f3dda4383b0f7
176,OFR-031-D01_I06_年度分析與管理審查_訓練機構具備執行訓練業務相關職能的說明_D1.docx,TTQS_FULL_REBUILD_V4_0_20260924/01_PRODUCTION_DOCX/P_PLAN/OFR-031-D01_I06_年度分析與管理審查_訓練機構具備執行訓練業務相關職能的說明_D1.docx,04_全部文件與歷次版本/TTQS_FULL_REBUILD_V4_0_20260924/02/0176_OFR-031-D01_I06_年度分析與管理審查_訓練機構具備執行訓練業務相關職能的說明_D1.docx,原樣保留；本次尚未確認完成驗收,43187,975c8893af120e5871fa14a7acf89613cc66d5f6785192a4e8f8f7c07787ac09
177,OFR-040-D01_I08_利害關係人會議紀錄_課程規劃會議紀錄展現訓練課程設計流程擬定訓練評估方法並作為訓_D1.docx,TTQS_FULL_REBUILD_V4_0_20260924/01_PRODUCTION_DOCX/D_DESIGN/OFR-040-D01_I08_利害關係人會議紀錄_課程規劃會議紀錄展現訓練課程設計流程擬定訓練評估方法並作為訓_D1.docx,04_全部文件與歷次版本/TTQS_FULL_REBUILD_V4_0_20260924/02/0177_OFR-040-D01_I08_利害關係人會議紀錄_課程規劃會議紀錄展現訓練課程設計流程擬定訓練評估方法並作為訓_D1.docx,原樣保留；本次尚未確認完成驗收,42089,6b321dfd4f48e64bb82d9e1dbf32df655fe92a92e9cf5cd6da5c015d5b22dd02
178,OFR-033-D01_I07_市場需求調查問卷_訓練課程計畫配合客戶及受訓者需求職能需求的調查規劃的證明_D1.docx,TTQS_FULL_REBUILD_V4_0_20260924/01_PRODUCTION_DOCX/D_DESIGN/OFR-033-D01_I07_市場需求調查問卷_訓練課程計畫配合客戶及受訓者需求職能需求的調查規劃的證明_D1.docx,04_全部文件與歷次版本/TTQS_FULL_REBUILD_V4_0_20260924/02/0178_OFR-033-D01_I07_市場需求調查問卷_訓練課程計畫配合客戶及受訓者需求職能需求的調查規劃的證明_D1.docx,原樣保留；本次尚未確認完成驗收,42644,aad0ac1024cee879507023caec488a60b6977fcb874cf5ceea784450d83e3407
179,OFR-033-D02_I07_客戶受訓者職能需求分析報告_D2.docx,TTQS_FULL_REBUILD_V4_0_20260924/01_PRODUCTION_DOCX/D_DESIGN/OFR-033-D02_I07_客戶受訓者職能需求分析報告_D2.docx,04_全部文件與歷次版本/TTQS_FULL_REBUILD_V4_0_20260924/02/0179_OFR-033-D02_I07_客戶受訓者職能需求分析報告_D2.docx,原樣保留；本次尚未確認完成驗收,42626,c28cb1cff2ca4b99e67fb30b92eef54ca1caca21b776534dd30c9e01e77e91fa
180,OFR-034-D01_I07_學員遴選文件_針對學員做職能盤點或職能分析並據以規劃適切課程的證明資料_D1.docx,TTQS_FULL_REBUILD_V4_0_20260924/01_PRODUCTION_DOCX/D_DESIGN/OFR-034-D01_I07_學員遴選文件_針對學員做職能盤點或職能分析並據以規劃適切課程的證明資料_D1.docx,04_全部文件與歷次版本/TTQS_FULL_REBUILD_V4_0_20260924/02/0180_OFR-034-D01_I07_學員遴選文件_針對學員做職能盤點或職能分析並據以規劃適切課程的證明資料_D1.docx,原樣保留；本次尚未確認完成驗收,41797,7a78f3b38069701d5ebbc98739ed267c21fc8d3a8cafe9e50e7f4a3ea6daf702
181,OFR-034-D02_I07_職能落差到課程配置對照表_D2.docx,TTQS_FULL_REBUILD_V4_0_20260924/01_PRODUCTION_DOCX/D_DESIGN/OFR-034-D02_I07_職能落差到課程配置對照表_D2.docx,04_全部文件與歷次版本/TTQS_FULL_REBUILD_V4_0_20260924/02/0181_OFR-034-D02_I07_職能落差到課程配置對照表_D2.docx,原樣保留；本次尚未確認完成驗收,43166,793e11cf8a410fe053a63c65facd24d0090e9bf08d711c143ad3eb454340e2ab
182,OFR-036-D01_I07_課程設計書_有課程設計進度表課程規劃流程圖說明訓練規劃書等佐證資料_D1.docx,TTQS_FULL_REBUILD_V4_0_20260924/01_PRODUCTION_DOCX/D_DESIGN/OFR-036-D01_I07_課程設計書_有課程設計進度表課程規劃流程圖說明訓練規劃書等佐證資料_D1.docx,04_全部文件與歷次版本/TTQS_FULL_REBUILD_V4_0_20260924/02/0182_OFR-036-D01_I07_課程設計書_有課程設計進度表課程規劃流程圖說明訓練規劃書等佐證資料_D1.docx,原樣保留；本次尚未確認完成驗收,43135,aaf10667b96c0d5405a0d728cc2d6b8601b737b0012dcf16696c4303c441aa20
183,OFR-036-D02_I07_課程規劃流程圖_D2.docx,TTQS_FULL_REBUILD_V4_0_20260924/01_PRODUCTION_DOCX/D_DESIGN/OFR-036-D02_I07_課程規劃流程圖_D2.docx,04_全部文件與歷次版本/TTQS_FULL_REBUILD_V4_0_20260924/02/0183_OFR-036-D02_I07_課程規劃流程圖_D2.docx,原樣保留；本次尚未確認完成驗收,41995,867cbdd2e2de82b18269f6b0a94286e72247a1cafa128778e15c258a9260abe2
184,OFR-036-D03_I07_課程規劃書示範稿_D3.docx,TTQS_FULL_REBUILD_V4_0_20260924/01_PRODUCTION_DOCX/D_DESIGN/OFR-036-D03_I07_課程規劃書示範稿_D3.docx,04_全部文件與歷次版本/TTQS_FULL_REBUILD_V4_0_20260924/02/0184_OFR-036-D03_I07_課程規劃書示範稿_D3.docx,原樣保留；本次尚未確認完成驗收,43570,34dfb0026e77d357180f05c6d1a3ccbd7c5fcf40cdb3084b6e107f0b6ac3d7d5
185,OFR-037-D01_I07_其他補充佐證規劃與核實紀錄.docx,TTQS_FULL_REBUILD_V4_0_20260924/01_PRODUCTION_DOCX/D_DESIGN/OFR-037-D01_I07_其他補充佐證規劃與核實紀錄.docx,04_全部文件與歷次版本/TTQS_FULL_REBUILD_V4_0_20260924/02/0185_OFR-037-D01_I07_其他補充佐證規劃與核實紀錄.docx,原樣保留；本次尚未確認完成驗收,41711,26f7244f8bc37520b190ae27f5b6701d843fe6bfa98d4b3140d0c52fa1d43def
186,OFR-039-D01_I08_課程設計書_針對訓練方案的系統設計能適時檢討及改善執行後有良好效果_D1.docx,TTQS_FULL_REBUILD_V4_0_20260924/01_PRODUCTION_DOCX/D_DESIGN/OFR-039-D01_I08_課程設計書_針對訓練方案的系統設計能適時檢討及改善執行後有良好效果_D1.docx,04_全部文件與歷次版本/TTQS_FULL_REBUILD_V4_0_20260924/02/0186_OFR-039-D01_I08_課程設計書_針對訓練方案的系統設計能適時檢討及改善執行後有良好效果_D1.docx,原樣保留；本次尚未確認完成驗收,43151,66b6ddc93f6d84d0147d918ae9f8118086c9a8fc68e8b9418797511ab5883e0b
187,OFR-040-D02_I08_訓練成效評量藍圖_D2.docx,TTQS_FULL_REBUILD_V4_0_20260924/01_PRODUCTION_DOCX/D_DESIGN/OFR-040-D02_I08_訓練成效評量藍圖_D2.docx,04_全部文件與歷次版本/TTQS_FULL_REBUILD_V4_0_20260924/02/0187_OFR-040-D02_I08_訓練成效評量藍圖_D2.docx,原樣保留；本次尚未確認完成驗收,42568,3e00dcce89afb7ae6d7e854a4bdfdacecae4e5d108a2fd00b5ba04fdda801359
188,OFR-041-D01_I08_其他補充佐證規劃與核實紀錄.docx,TTQS_FULL_REBUILD_V4_0_20260924/01_PRODUCTION_DOCX/D_DESIGN/OFR-041-D01_I08_其他補充佐證規劃與核實紀錄.docx,04_全部文件與歷次版本/TTQS_FULL_REBUILD_V4_0_20260924/02/0188_OFR-041-D01_I08_其他補充佐證規劃與核實紀錄.docx,原樣保留；本次尚未確認完成驗收,41742,343cecee0e30477add65e6845730776e4791e56d46dcbcf620b7e0681c807f82
189,OFR-042-D01_I09_課程規劃書_課程規劃書能顯示包含講師行政企業學員用人之主管之意見納入課程_D1.docx,TTQS_FULL_REBUILD_V4_0_20260924/01_PRODUCTION_DOCX/D_DESIGN/OFR-042-D01_I09_課程規劃書_課程規劃書能顯示包含講師行政企業學員用人之主管之意見納入課程_D1.docx,04_全部文件與歷次版本/TTQS_FULL_REBUILD_V4_0_20260924/02/0189_OFR-042-D01_I09_課程規劃書_課程規劃書能顯示包含講師行政企業學員用人之主管之意見納入課程_D1.docx,原樣保留；本次尚未確認完成驗收,43616,1da683a5a4645136d1b89a6f5af8918cb606082e79bbe5438b5ae7be0978bbab
190,OFR-042-D02_I09_利害關係人意見納入對照表_D2.docx,TTQS_FULL_REBUILD_V4_0_20260924/01_PRODUCTION_DOCX/D_DESIGN/OFR-042-D02_I09_利害關係人意見納入對照表_D2.docx,04_全部文件與歷次版本/TTQS_FULL_REBUILD_V4_0_20260924/02/0190_OFR-042-D02_I09_利害關係人意見納入對照表_D2.docx,原樣保留；本次尚未確認完成驗收,41893,304303a2ab71d903cb2e23abcee03d3a939c89bfe9a20e77dc7216703bf2f598
191,OFR-042-D03_I09_I09_利害關係人意見納入對照表_D2_示範填寫版_D3.docx,TTQS_FULL_REBUILD_V4_0_20260924/01_PRODUCTION_DOCX/D_DESIGN/OFR-042-D03_I09_I09_利害關係人意見納入對照表_D2_示範填寫版_D3.docx,04_全部文件與歷次版本/TTQS_FULL_REBUILD_V4_0_20260924/02/0191_OFR-042-D03_I09_I09_利害關係人意見納入對照表_D2_示範填寫版_D3.docx,原樣保留；本次尚未確認完成驗收,41516,1346f9a86dcc38759e95ac02f4422b615478a52b4a823bd7185a2f51111c6a5b
192,OFR-043-D01_I09_流程圖與責任矩陣_執行本項目與作業流程相關文件資料展現利益關係人參與課程設計與_D1.docx,TTQS_FULL_REBUILD_V4_0_20260924/01_PRODUCTION_DOCX/D_DESIGN/OFR-043-D01_I09_流程圖與責任矩陣_執行本項目與作業流程相關文件資料展現利益關係人參與課程設計與_D1.docx,04_全部文件與歷次版本/TTQS_FULL_REBUILD_V4_0_20260924/02/0192_OFR-043-D01_I09_流程圖與責任矩陣_執行本項目與作業流程相關文件資料展現利益關係人參與課程設計與_D1.docx,原樣保留；本次尚未確認完成驗收,42070,9b576cad4b58a6bc903490cb529789a1c4cb860e739d4932caffcf2c7dd82093
193,OFR-043-D02_I09_參與紀錄與審查回應表_D2.docx,TTQS_FULL_REBUILD_V4_0_20260924/01_PRODUCTION_DOCX/D_DESIGN/OFR-043-D02_I09_參與紀錄與審查回應表_D2.docx,04_全部文件與歷次版本/TTQS_FULL_REBUILD_V4_0_20260924/02/0193_OFR-043-D02_I09_參與紀錄與審查回應表_D2.docx,原樣保留；本次尚未確認完成驗收,41895,3c2b13da1c71f018af1346725c7df63bbd72ec99cbdf7b8d774bbb7b740a7ea2
194,OFR-043-D03_I09_I09_參與紀錄與審查回應表_D2_示範填寫版_D3.docx,TTQS_FULL_REBUILD_V4_0_20260924/01_PRODUCTION_DOCX/D_DESIGN/OFR-043-D03_I09_I09_參與紀錄與審查回應表_D2_示範填寫版_D3.docx,04_全部文件與歷次版本/TTQS_FULL_REBUILD_V4_0_20260924/02/0194_OFR-043-D03_I09_I09_參與紀錄與審查回應表_D2_示範填寫版_D3.docx,原樣保留；本次尚未確認完成驗收,41549,0a57bb810133ed35efa3e3271b31f697bc41086e40f6e69ade46dd2ba7cb1e5e
195,OFR-044-D01_I09_訪談紀錄與統計分析_針對需求單位進行訪談並留有紀錄與統計分析_D1.docx,TTQS_FULL_REBUILD_V4_0_20260924/01_PRODUCTION_DOCX/D_DESIGN/OFR-044-D01_I09_訪談紀錄與統計分析_針對需求單位進行訪談並留有紀錄與統計分析_D1.docx,04_全部文件與歷次版本/TTQS_FULL_REBUILD_V4_0_20260924/02/0195_OFR-044-D01_I09_訪談紀錄與統計分析_針對需求單位進行訪談並留有紀錄與統計分析_D1.docx,原樣保留；本次尚未確認完成驗收,41932,a5d1434b8dcd61b5134c9ce28fd5788dcca6292a952643bbf4b3d792c9ee86a4
196,OFR-044-D02_I09_需求單位訪談統計分析報告_D2.docx,TTQS_FULL_REBUILD_V4_0_20260924/01_PRODUCTION_DOCX/D_DESIGN/OFR-044-D02_I09_需求單位訪談統計分析報告_D2.docx,04_全部文件與歷次版本/TTQS_FULL_REBUILD_V4_0_20260924/02/0196_OFR-044-D02_I09_需求單位訪談統計分析報告_D2.docx,原樣保留；本次尚未確認完成驗收,42566,2e106ad4c2ca486c6ef55afb5e10a08da3cf60de29a86a3ce63c776d44d5a8a3
197,OFR-045-D01_I09_管理辦法_所有的討論會議或E-mail均留有完整紀錄並經簽核後存檔_D1.docx,TTQS_FULL_REBUILD_V4_0_20260924/01_PRODUCTION_DOCX/D_DESIGN/OFR-045-D01_I09_管理辦法_所有的討論會議或E-mail均留有完整紀錄並經簽核後存檔_D1.docx,04_全部文件與歷次版本/TTQS_FULL_REBUILD_V4_0_20260924/02/0197_OFR-045-D01_I09_管理辦法_所有的討論會議或E-mail均留有完整紀錄並經簽核後存檔_D1.docx,原樣保留；本次尚未確認完成驗收,41687,1dc95d231421b4ae0b173f5e20a9f918c3b9ac9a41f0b4b72515d1e0d7851989
198,OFR-045-D02_I09_會議與電子往來簽核歸檔程序_D2.docx,TTQS_FULL_REBUILD_V4_0_20260924/01_PRODUCTION_DOCX/D_DESIGN/OFR-045-D02_I09_會議與電子往來簽核歸檔程序_D2.docx,04_全部文件與歷次版本/TTQS_FULL_REBUILD_V4_0_20260924/02/0198_OFR-045-D02_I09_會議與電子往來簽核歸檔程序_D2.docx,原樣保留；本次尚未確認完成驗收,42083,f933eb06f7bee8047e83aa8b8756f00e737bc02340123b3947f29d9e07988da1
199,OFR-046-D01_I09_其他補充佐證規劃與核實紀錄.docx,TTQS_FULL_REBUILD_V4_0_20260924/01_PRODUCTION_DOCX/D_DESIGN/OFR-046-D01_I09_其他補充佐證規劃與核實紀錄.docx,04_全部文件與歷次版本/TTQS_FULL_REBUILD_V4_0_20260924/02/0199_OFR-046-D01_I09_其他補充佐證規劃與核實紀錄.docx,原樣保留；本次尚未確認完成驗收,41805,0bd50febe4e4a27f2c9e1835c53afc9fa04f6e77c3a6e01dd8b00b62d3c4493b
200,OFR-047-D01_I10_甄選與採購文件_完整文書手冊與紀錄分析相關資料具體明確紀錄展現課程設計時有適_D1.docx,TTQS_FULL_REBUILD_V4_0_20260924/01_PRODUCTION_DOCX/D_DESIGN/OFR-047-D01_I10_甄選與採購文件_完整文書手冊與紀錄分析相關資料具體明確紀錄展現課程設計時有適_D1.docx,04_全部文件與歷次版本/TTQS_FULL_REBUILD_V4_0_20260924/02/0200_OFR-047-D01_I10_甄選與採購文件_完整文書手冊與紀錄分析相關資料具體明確紀錄展現課程設計時有適_D1.docx,原樣保留；本次尚未確認完成驗收,42054,789a9c18bd241489f21dccc10ae17f9e3a7e82a3940f597bf64ac46c176421d3
201,OFR-047-D02_I10_師資教材廠商評選與契約控制程序_D2.docx,TTQS_FULL_REBUILD_V4_0_20260924/01_PRODUCTION_DOCX/D_DESIGN/OFR-047-D02_I10_師資教材廠商評選與契約控制程序_D2.docx,04_全部文件與歷次版本/TTQS_FULL_REBUILD_V4_0_20260924/03/0201_OFR-047-D02_I10_師資教材廠商評選與契約控制程序_D2.docx,原樣保留；本次尚未確認完成驗收,42183,89c4134b57a89b7747eca787d60b97f0f98e3419bdfc3c537f314c8e1cc3222d
202,OFR-047-D03_I10_評選履約表單與示範案例_D3.docx,TTQS_FULL_REBUILD_V4_0_20260924/01_PRODUCTION_DOCX/D_DESIGN/OFR-047-D03_I10_評選履約表單與示範案例_D3.docx,04_全部文件與歷次版本/TTQS_FULL_REBUILD_V4_0_20260924/03/0202_OFR-047-D03_I10_評選履約表單與示範案例_D3.docx,原樣保留；本次尚未確認完成驗收,41955,68dcda07e4c5f7ee1017574f6b8f45c63441ddcda5dc9eeccc5949191bc387d1
203,OFR-047-D04_I10_I10_評選履約表單與示範案例_D3_示範填寫版_D4.docx,TTQS_FULL_REBUILD_V4_0_20260924/01_PRODUCTION_DOCX/D_DESIGN/OFR-047-D04_I10_I10_評選履約表單與示範案例_D3_示範填寫版_D4.docx,04_全部文件與歷次版本/TTQS_FULL_REBUILD_V4_0_20260924/03/0203_OFR-047-D04_I10_I10_評選履約表單與示範案例_D3_示範填寫版_D4.docx,原樣保留；本次尚未確認完成驗收,41587,9eba4bbdd9cfe1da71a7518f6ef2781c1eb9a20d581e527b0b01dfba46ad158e
204,OFR-049-D01_I10_利害關係人會議紀錄_大型採購均辦理會議通過師資遴聘後亦經過會議或審查通過並留有紀_D1.docx,TTQS_FULL_REBUILD_V4_0_20260924/01_PRODUCTION_DOCX/D_DESIGN/OFR-049-D01_I10_利害關係人會議紀錄_大型採購均辦理會議通過師資遴聘後亦經過會議或審查通過並留有紀_D1.docx,04_全部文件與歷次版本/TTQS_FULL_REBUILD_V4_0_20260924/03/0204_OFR-049-D01_I10_利害關係人會議紀錄_大型採購均辦理會議通過師資遴聘後亦經過會議或審查通過並留有紀_D1.docx,原樣保留；本次尚未確認完成驗收,42067,9e14965f3659701cc4f5e7d6ab78c643f865110fcf58aba33e9f93e89617986c
205,OFR-049-D02_I10_師資遴聘審查會議紀錄草案_D2.docx,TTQS_FULL_REBUILD_V4_0_20260924/01_PRODUCTION_DOCX/D_DESIGN/OFR-049-D02_I10_師資遴聘審查會議紀錄草案_D2.docx,04_全部文件與歷次版本/TTQS_FULL_REBUILD_V4_0_20260924/03/0205_OFR-049-D02_I10_師資遴聘審查會議紀錄草案_D2.docx,原樣保留；本次尚未確認完成驗收,42067,b5363e17959bd1906d34dbb220c61ef47cb99b4371044804c9c6216419cf9f2a
206,OFR-050-D01_I10_其他補充佐證規劃與核實紀錄.docx,TTQS_FULL_REBUILD_V4_0_20260924/01_PRODUCTION_DOCX/D_DESIGN/OFR-050-D01_I10_其他補充佐證規劃與核實紀錄.docx,04_全部文件與歷次版本/TTQS_FULL_REBUILD_V4_0_20260924/03/0206_OFR-050-D01_I10_其他補充佐證規劃與核實紀錄.docx,原樣保留；本次尚未確認完成驗收,41773,010f8865d04d468075428e0e7c0c401522bed3c081d41b6846521e7087ed5814
207,OFR-051-D01_I11_市場需求調查問卷_訓練課程計畫配合業主受訓者以及職能需求等調查規劃的證明_D1.docx,TTQS_FULL_REBUILD_V4_0_20260924/01_PRODUCTION_DOCX/D_DESIGN/OFR-051-D01_I11_市場需求調查問卷_訓練課程計畫配合業主受訓者以及職能需求等調查規劃的證明_D1.docx,04_全部文件與歷次版本/TTQS_FULL_REBUILD_V4_0_20260924/03/0207_OFR-051-D01_I11_市場需求調查問卷_訓練課程計畫配合業主受訓者以及職能需求等調查規劃的證明_D1.docx,原樣保留；本次尚未確認完成驗收,42644,b3de719fee3450114a494edd933d8bebefbf417ec553e2c7767d1c636d3123d9
208,OFR-051-D02_I11_客戶目標需求對照分析_D2.docx,TTQS_FULL_REBUILD_V4_0_20260924/01_PRODUCTION_DOCX/D_DESIGN/OFR-051-D02_I11_客戶目標需求對照分析_D2.docx,04_全部文件與歷次版本/TTQS_FULL_REBUILD_V4_0_20260924/03/0208_OFR-051-D02_I11_客戶目標需求對照分析_D2.docx,原樣保留；本次尚未確認完成驗收,42629,de2d1714f4c7b41ed63a6704d65d1251492e75b334cec0750a1831ea65c4ba84
209,OFR-052-D01_I11_課程設計書_各課程單元內容均能達成訓練規劃的目標_D1.docx,TTQS_FULL_REBUILD_V4_0_20260924/01_PRODUCTION_DOCX/D_DESIGN/OFR-052-D01_I11_課程設計書_各課程單元內容均能達成訓練規劃的目標_D1.docx,04_全部文件與歷次版本/TTQS_FULL_REBUILD_V4_0_20260924/03/0209_OFR-052-D01_I11_課程設計書_各課程單元內容均能達成訓練規劃的目標_D1.docx,原樣保留；本次尚未確認完成驗收,43121,ff0767c66120511bb3ea6d7b1e0e6f995a43fd50937c0bf88720d7d8d07933d8
210,OFR-053-D01_I11_利害關係人會議紀錄_各項課程產出均經討論後確認且留有完整紀錄與主管核定_D1.docx,TTQS_FULL_REBUILD_V4_0_20260924/01_PRODUCTION_DOCX/D_DESIGN/OFR-053-D01_I11_利害關係人會議紀錄_各項課程產出均經討論後確認且留有完整紀錄與主管核定_D1.docx,04_全部文件與歷次版本/TTQS_FULL_REBUILD_V4_0_20260924/03/0210_OFR-053-D01_I11_利害關係人會議紀錄_各項課程產出均經討論後確認且留有完整紀錄與主管核定_D1.docx,原樣保留；本次尚未確認完成驗收,42075,1925ee1e06e4ea0297de6f7f04fe3f035071295b86cac4ff6e8e55b201b21e15
211,OFR-053-D02_I11_課程產出核對清單與核定欄_D2.docx,TTQS_FULL_REBUILD_V4_0_20260924/01_PRODUCTION_DOCX/D_DESIGN/OFR-053-D02_I11_課程產出核對清單與核定欄_D2.docx,04_全部文件與歷次版本/TTQS_FULL_REBUILD_V4_0_20260924/03/0211_OFR-053-D02_I11_課程產出核對清單與核定欄_D2.docx,原樣保留；本次尚未確認完成驗收,41807,b4b7dca08204589680bd10c6d3408f29ea32d1c9f0a51c5dd3018944729880e4
212,OFR-053-D03_I11_I11_課程產出核對清單與核定欄_D2_示範填寫版_D3.docx,TTQS_FULL_REBUILD_V4_0_20260924/01_PRODUCTION_DOCX/D_DESIGN/OFR-053-D03_I11_I11_課程產出核對清單與核定欄_D2_示範填寫版_D3.docx,04_全部文件與歷次版本/TTQS_FULL_REBUILD_V4_0_20260924/03/0212_OFR-053-D03_I11_I11_課程產出核對清單與核定欄_D2_示範填寫版_D3.docx,原樣保留；本次尚未確認完成驗收,41481,9b1616c3d08658fd25e0259767a9112801dc055d6ac3697e4d704343b925e360
213,OFR-054-D01_I11_課程規劃書_規劃課程依學員及結訓學員意見訂定訓練課程且流程有完整紀錄_D1.docx,TTQS_FULL_REBUILD_V4_0_20260924/01_PRODUCTION_DOCX/D_DESIGN/OFR-054-D01_I11_課程規劃書_規劃課程依學員及結訓學員意見訂定訓練課程且流程有完整紀錄_D1.docx,04_全部文件與歷次版本/TTQS_FULL_REBUILD_V4_0_20260924/03/0213_OFR-054-D01_I11_課程規劃書_規劃課程依學員及結訓學員意見訂定訓練課程且流程有完整紀錄_D1.docx,原樣保留；本次尚未確認完成驗收,43576,2220bf144dadf664bb416164cb9a0201b9c12e42a1569846c60b06a20bd5a4cb
214,OFR-055-D01_I11_其他補充佐證規劃與核實紀錄.docx,TTQS_FULL_REBUILD_V4_0_20260924/01_PRODUCTION_DOCX/D_DESIGN/OFR-055-D01_I11_其他補充佐證規劃與核實紀錄.docx,04_全部文件與歷次版本/TTQS_FULL_REBUILD_V4_0_20260924/03/0214_OFR-055-D01_I11_其他補充佐證規劃與核實紀錄.docx,原樣保留；本次尚未確認完成驗收,41683,1babca0f343154f7c68eb78e11ff963172729c68cb35f653a924412977bf18d1
215,OFR-035-D01_I07_年度分析與管理審查_對相關職能分析及運用的方法均能適時檢討隨時改進_D1.docx,TTQS_FULL_REBUILD_V4_0_20260924/01_PRODUCTION_DOCX/D_DESIGN/OFR-035-D01_I07_年度分析與管理審查_對相關職能分析及運用的方法均能適時檢討隨時改進_D1.docx,04_全部文件與歷次版本/TTQS_FULL_REBUILD_V4_0_20260924/03/0215_OFR-035-D01_I07_年度分析與管理審查_對相關職能分析及運用的方法均能適時檢討隨時改進_D1.docx,原樣保留；本次尚未確認完成驗收,43202,7c9119fc373cc414cd01e37d19eb9da43484650e11aba09341476e41de62879a
216,OFR-038-D01_I08_年度分析與管理審查_相關文件紀錄能顯示近年來訓練目標訓練方法課程時程安排師資遴選_D1.docx,TTQS_FULL_REBUILD_V4_0_20260924/01_PRODUCTION_DOCX/D_DESIGN/OFR-038-D01_I08_年度分析與管理審查_相關文件紀錄能顯示近年來訓練目標訓練方法課程時程安排師資遴選_D1.docx,04_全部文件與歷次版本/TTQS_FULL_REBUILD_V4_0_20260924/03/0216_OFR-038-D01_I08_年度分析與管理審查_相關文件紀錄能顯示近年來訓練目標訓練方法課程時程安排師資遴選_D1.docx,原樣保留；本次尚未確認完成驗收,43274,fb460542a7b1deb68c465b8ec1dd35f5ee4d92b25b20ee47414f103f9f3b88f8
217,OFR-048-D01_I10_年度分析與管理審查_相關文件能記錄近年來對於課程之評估採購簽約與後續管理作業的檢_D1.docx,TTQS_FULL_REBUILD_V4_0_20260924/01_PRODUCTION_DOCX/D_DESIGN/OFR-048-D01_I10_年度分析與管理審查_相關文件能記錄近年來對於課程之評估採購簽約與後續管理作業的檢_D1.docx,04_全部文件與歷次版本/TTQS_FULL_REBUILD_V4_0_20260924/03/0217_OFR-048-D01_I10_年度分析與管理審查_相關文件能記錄近年來對於課程之評估採購簽約與後續管理作業的檢_D1.docx,原樣保留；本次尚未確認完成驗收,43227,f65d74613107ff40dc5fe2c34ba6af621b8e48c3d5a859c26b06f5b123aeb670
218,OFR-048-D02_I10_採購履約檢討與改善分析_D2.docx,TTQS_FULL_REBUILD_V4_0_20260924/01_PRODUCTION_DOCX/D_DESIGN/OFR-048-D02_I10_採購履約檢討與改善分析_D2.docx,04_全部文件與歷次版本/TTQS_FULL_REBUILD_V4_0_20260924/03/0218_OFR-048-D02_I10_採購履約檢討與改善分析_D2.docx,原樣保留；本次尚未確認完成驗收,43227,5e1b9c33cc8dfe53086ed5517a2355feffb136d9d60229c919720cc371a3436d
219,OFR-054-D02_I11_學員回饋課程修訂分析_D2.docx,TTQS_FULL_REBUILD_V4_0_20260924/01_PRODUCTION_DOCX/D_DESIGN/OFR-054-D02_I11_學員回饋課程修訂分析_D2.docx,04_全部文件與歷次版本/TTQS_FULL_REBUILD_V4_0_20260924/03/0219_OFR-054-D02_I11_學員回饋課程修訂分析_D2.docx,原樣保留；本次尚未確認完成驗收,43202,b764dad132c52505bd4bb4614939a0a1f995b29a7ee5e1105e380b188af036bf
220,OFR-058-D01_I12_甄選與採購文件_講師的遴聘依師資遴選標準及流程評選並經訓練管理委員會通過後發_D1.docx,TTQS_FULL_REBUILD_V4_0_20260924/01_PRODUCTION_DOCX/D_DO/OFR-058-D01_I12_甄選與採購文件_講師的遴聘依師資遴選標準及流程評選並經訓練管理委員會通過後發_D1.docx,04_全部文件與歷次版本/TTQS_FULL_REBUILD_V4_0_20260924/03/0220_OFR-058-D01_I12_甄選與採購文件_講師的遴聘依師資遴選標準及流程評選並經訓練管理委員會通過後發_D1.docx,原樣保留；本次尚未確認完成驗收,42222,8c6c8842f13563d3e11840dbc37d62736f45c1ff88a32441cb71fcdc2a8de6b9
221,OFR-056-D01_I12_年度分析與管理審查_近年針對訓練課程的切合性有檢討並調整遴選學員教材師資教學方法_D1.docx,TTQS_FULL_REBUILD_V4_0_20260924/01_PRODUCTION_DOCX/D_DO/OFR-056-D01_I12_年度分析與管理審查_近年針對訓練課程的切合性有檢討並調整遴選學員教材師資教學方法_D1.docx,04_全部文件與歷次版本/TTQS_FULL_REBUILD_V4_0_20260924/03/0221_OFR-056-D01_I12_年度分析與管理審查_近年針對訓練課程的切合性有檢討並調整遴選學員教材師資教學方法_D1.docx,原樣保留；本次尚未確認完成驗收,43490,b445dc240c7f812392301de882b22538053a6b8c750f92aed90849f4ffe70583
222,OFR-056-D02_I12_12d教學方法切合性設計與驗證_D2.docx,TTQS_FULL_REBUILD_V4_0_20260924/01_PRODUCTION_DOCX/D_DO/OFR-056-D02_I12_12d教學方法切合性設計與驗證_D2.docx,04_全部文件與歷次版本/TTQS_FULL_REBUILD_V4_0_20260924/03/0222_OFR-056-D02_I12_12d教學方法切合性設計與驗證_D2.docx,原樣保留；本次尚未確認完成驗收,43193,b3b856df989e30fd122989dfd19438dc8bbe8c718f09c74310e44de578880007
223,OFR-057-D01_I12_學員遴選文件_依學員遴選標準及流程遴選教材由講師及顧問推薦須經訓練管理委員_D1.docx,TTQS_FULL_REBUILD_V4_0_20260924/01_PRODUCTION_DOCX/D_DO/OFR-057-D01_I12_學員遴選文件_依學員遴選標準及流程遴選教材由講師及顧問推薦須經訓練管理委員_D1.docx,04_全部文件與歷次版本/TTQS_FULL_REBUILD_V4_0_20260924/03/0223_OFR-057-D01_I12_學員遴選文件_依學員遴選標準及流程遴選教材由講師及顧問推薦須經訓練管理委員_D1.docx,原樣保留；本次尚未確認完成驗收,42015,579f1e304e72638e9570543728a9f57883b6b8868c06ad18e788c56cc723ee2e
224,OFR-057-D02_I12_12b教材評選與目標對照_D2.docx,TTQS_FULL_REBUILD_V4_0_20260924/01_PRODUCTION_DOCX/D_DO/OFR-057-D02_I12_12b教材評選與目標對照_D2.docx,04_全部文件與歷次版本/TTQS_FULL_REBUILD_V4_0_20260924/03/0224_OFR-057-D02_I12_12b教材評選與目標對照_D2.docx,原樣保留；本次尚未確認完成驗收,42206,728121b6b60ac29b91da804eb9881ef5d1e2742156411585fdd315371c0f5216
225,OFR-058-D02_I12_講師聘任通知與核准草案_D2.docx,TTQS_FULL_REBUILD_V4_0_20260924/01_PRODUCTION_DOCX/D_DO/OFR-058-D02_I12_講師聘任通知與核准草案_D2.docx,04_全部文件與歷次版本/TTQS_FULL_REBUILD_V4_0_20260924/03/0225_OFR-058-D02_I12_講師聘任通知與核准草案_D2.docx,原樣保留；本次尚未確認完成驗收,41495,eb14e63781c10eb7f99d32cacd50ccb5a2e46a94a7cd1a14bb549c637e018bcb
226,OFR-059-D01_I12_第三方或官方原件索取與驗證包_設備安檢或是場地投保證明_D1.docx,TTQS_FULL_REBUILD_V4_0_20260924/01_PRODUCTION_DOCX/D_DO/OFR-059-D01_I12_第三方或官方原件索取與驗證包_設備安檢或是場地投保證明_D1.docx,04_全部文件與歷次版本/TTQS_FULL_REBUILD_V4_0_20260924/03/0226_OFR-059-D01_I12_第三方或官方原件索取與驗證包_設備安檢或是場地投保證明_D1.docx,原樣保留；本次尚未確認完成驗收,41977,7867811c2ac25e4fdc1c8cfeba51b4e6ef92fa4e3434c0e26f4b61ce9d5c7975
227,OFR-059-D02_I12_場地安全檢查原件索取包_D2.docx,TTQS_FULL_REBUILD_V4_0_20260924/01_PRODUCTION_DOCX/D_DO/OFR-059-D02_I12_場地安全檢查原件索取包_D2.docx,04_全部文件與歷次版本/TTQS_FULL_REBUILD_V4_0_20260924/03/0227_OFR-059-D02_I12_場地安全檢查原件索取包_D2.docx,原樣保留；本次尚未確認完成驗收,41977,134131590128c3b5c0310a89cb29d69106079ed96eb594aa066681979d04615a
228,OFR-060-D01_I12_其他補充佐證規劃與核實紀錄.docx,TTQS_FULL_REBUILD_V4_0_20260924/01_PRODUCTION_DOCX/D_DO/OFR-060-D01_I12_其他補充佐證規劃與核實紀錄.docx,04_全部文件與歷次版本/TTQS_FULL_REBUILD_V4_0_20260924/03/0228_OFR-060-D01_I12_其他補充佐證規劃與核實紀錄.docx,原樣保留；本次尚未確認完成驗收,42009,eb22c62f0a96c8f477b19813ef0108938b7749e6d4e6119666165d08d822cfa2
229,OFR-061-D01_I13_年度分析與管理審查_相關文件紀錄能證實近年來對訓練成果轉移及達成的檢討並有具體佐_D1.docx,TTQS_FULL_REBUILD_V4_0_20260924/01_PRODUCTION_DOCX/D_DO/OFR-061-D01_I13_年度分析與管理審查_相關文件紀錄能證實近年來對訓練成果轉移及達成的檢討並有具體佐_D1.docx,04_全部文件與歷次版本/TTQS_FULL_REBUILD_V4_0_20260924/03/0229_OFR-061-D01_I13_年度分析與管理審查_相關文件紀錄能證實近年來對訓練成果轉移及達成的檢討並有具體佐_D1.docx,原樣保留；本次尚未確認完成驗收,43399,0bf57d84b69ad3e9578de2fd341837b7f81f626a86d74e097a9369a74ec573b4
230,OFR-062-D01_I13_行為移轉與訓後追蹤_具體明確紀錄展現提供受訓人員或客戶如課程所學運用於工作以強化_D1.docx,TTQS_FULL_REBUILD_V4_0_20260924/01_PRODUCTION_DOCX/D_DO/OFR-062-D01_I13_行為移轉與訓後追蹤_具體明確紀錄展現提供受訓人員或客戶如課程所學運用於工作以強化_D1.docx,04_全部文件與歷次版本/TTQS_FULL_REBUILD_V4_0_20260924/03/0230_OFR-062-D01_I13_行為移轉與訓後追蹤_具體明確紀錄展現提供受訓人員或客戶如課程所學運用於工作以強化_D1.docx,原樣保留；本次尚未確認完成驗收,42198,1eff10735a7787ff15299569bf07acd26da11e4b364e6c8fc866b384a00fb194
231,OFR-062-D02_I13_學習行動計畫追蹤表與示範_D2.docx,TTQS_FULL_REBUILD_V4_0_20260924/01_PRODUCTION_DOCX/D_DO/OFR-062-D02_I13_學習行動計畫追蹤表與示範_D2.docx,04_全部文件與歷次版本/TTQS_FULL_REBUILD_V4_0_20260924/03/0231_OFR-062-D02_I13_學習行動計畫追蹤表與示範_D2.docx,原樣保留；本次尚未確認完成驗收,42197,d56194599bbc2144f1c1478ed52ce53d7e3af1200d86a508a16458cc6dcc8db5
232,OFR-062-D03_I13_競賽與獎勵機制決策草案_D3.docx,TTQS_FULL_REBUILD_V4_0_20260924/01_PRODUCTION_DOCX/D_DO/OFR-062-D03_I13_競賽與獎勵機制決策草案_D3.docx,04_全部文件與歷次版本/TTQS_FULL_REBUILD_V4_0_20260924/03/0232_OFR-062-D03_I13_競賽與獎勵機制決策草案_D3.docx,原樣保留；本次尚未確認完成驗收,41596,6f214ab0ae15592fbc77ef988b1bb2f7eb09dbdc2e596f5f081b30f73540cd1e
233,OFR-063-D01_I13_行為移轉與訓後追蹤_業主提供回訓或相關機制學習心得交流的平台證照實習或其他相關機_D1.docx,TTQS_FULL_REBUILD_V4_0_20260924/01_PRODUCTION_DOCX/D_DO/OFR-063-D01_I13_行為移轉與訓後追蹤_業主提供回訓或相關機制學習心得交流的平台證照實習或其他相關機_D1.docx,04_全部文件與歷次版本/TTQS_FULL_REBUILD_V4_0_20260924/03/0233_OFR-063-D01_I13_行為移轉與訓後追蹤_業主提供回訓或相關機制學習心得交流的平台證照實習或其他相關機_D1.docx,原樣保留；本次尚未確認完成驗收,42157,0850cdc8a61f60a1b521f90d547c74471cf6195eab7bb89fe7b331ddc8e63bba
234,OFR-063-D02_I13_學習心得交流平台規劃_D2.docx,TTQS_FULL_REBUILD_V4_0_20260924/01_PRODUCTION_DOCX/D_DO/OFR-063-D02_I13_學習心得交流平台規劃_D2.docx,04_全部文件與歷次版本/TTQS_FULL_REBUILD_V4_0_20260924/03/0234_OFR-063-D02_I13_學習心得交流平台規劃_D2.docx,原樣保留；本次尚未確認完成驗收,41538,47a67cde359e63b142de520e47fac04e0b11d9bdb8bd2a9ecf8b5758637eafc1
235,OFR-063-D03_I13_證照資訊與驗證流程_D3.docx,TTQS_FULL_REBUILD_V4_0_20260924/01_PRODUCTION_DOCX/D_DO/OFR-063-D03_I13_證照資訊與驗證流程_D3.docx,04_全部文件與歷次版本/TTQS_FULL_REBUILD_V4_0_20260924/03/0235_OFR-063-D03_I13_證照資訊與驗證流程_D3.docx,原樣保留；本次尚未確認完成驗收,42053,130a35bf12b70d0ad4997d3e8b3e670ef7304b41d0fa1d4e69ca21d7da94462d
236,OFR-063-D04_I13_實習合作對象邀請與核實包_D4.docx,TTQS_FULL_REBUILD_V4_0_20260924/01_PRODUCTION_DOCX/D_DO/OFR-063-D04_I13_實習合作對象邀請與核實包_D4.docx,04_全部文件與歷次版本/TTQS_FULL_REBUILD_V4_0_20260924/03/0236_OFR-063-D04_I13_實習合作對象邀請與核實包_D4.docx,原樣保留；本次尚未確認完成驗收,42056,08cf834a8723d29e2940755ab2282e7922effb20b989aa1dfa8555e8f15ae64a
237,OFR-064-D01_I13_其他補充佐證規劃與核實紀錄.docx,TTQS_FULL_REBUILD_V4_0_20260924/01_PRODUCTION_DOCX/D_DO/OFR-064-D01_I13_其他補充佐證規劃與核實紀錄.docx,04_全部文件與歷次版本/TTQS_FULL_REBUILD_V4_0_20260924/03/0237_OFR-064-D01_I13_其他補充佐證規劃與核實紀錄.docx,原樣保留；本次尚未確認完成驗收,42064,d0be1ee898dc813615fc97ea668f24e33f8f77e4782d3e7ed064bdb223e2be7e
238,OFR-065-D01_I14_資訊系統評估與管理文件_訓練資料與訓練過程及成果的紀錄與分類均有系統化歸納方法編碼_D1.docx,TTQS_FULL_REBUILD_V4_0_20260924/01_PRODUCTION_DOCX/D_DO/OFR-065-D01_I14_資訊系統評估與管理文件_訓練資料與訓練過程及成果的紀錄與分類均有系統化歸納方法編碼_D1.docx,04_全部文件與歷次版本/TTQS_FULL_REBUILD_V4_0_20260924/03/0238_OFR-065-D01_I14_資訊系統評估與管理文件_訓練資料與訓練過程及成果的紀錄與分類均有系統化歸納方法編碼_D1.docx,原樣保留；本次尚未確認完成驗收,42145,f831f0dbd2d8a2143992668e37d7684f5ff805187e3f0f217067dac8aaf05584
239,OFR-066-D01_I14_資訊系統評估與管理文件_訓練檔案管理系統_D1.docx,TTQS_FULL_REBUILD_V4_0_20260924/01_PRODUCTION_DOCX/D_DO/OFR-066-D01_I14_資訊系統評估與管理文件_訓練檔案管理系統_D1.docx,04_全部文件與歷次版本/TTQS_FULL_REBUILD_V4_0_20260924/03/0239_OFR-066-D01_I14_資訊系統評估與管理文件_訓練檔案管理系統_D1.docx,原樣保留；本次尚未確認完成驗收,42100,31f7a4b1bd5335d646044071adcb906fdd0f30781877dc62873cae40d9ad89c6
240,OFR-067-D01_I14_完整示範填寫版_完整的訓練文件建檔資料_D1.docx,TTQS_FULL_REBUILD_V4_0_20260924/01_PRODUCTION_DOCX/D_DO/OFR-067-D01_I14_完整示範填寫版_完整的訓練文件建檔資料_D1.docx,04_全部文件與歷次版本/TTQS_FULL_REBUILD_V4_0_20260924/03/0240_OFR-067-D01_I14_完整示範填寫版_完整的訓練文件建檔資料_D1.docx,原樣保留；本次尚未確認完成驗收,41684,1a763eeec4575371debb409ace4a464275988e6a996795c42ec4dc1c855c2470
241,OFR-068-D01_I14_資訊系統評估與管理文件_是否提供查詢功能並具持續改善機制_D1.docx,TTQS_FULL_REBUILD_V4_0_20260924/01_PRODUCTION_DOCX/D_DO/OFR-068-D01_I14_資訊系統評估與管理文件_是否提供查詢功能並具持續改善機制_D1.docx,04_全部文件與歷次版本/TTQS_FULL_REBUILD_V4_0_20260924/03/0241_OFR-068-D01_I14_資訊系統評估與管理文件_是否提供查詢功能並具持續改善機制_D1.docx,原樣保留；本次尚未確認完成驗收,42127,6d4eeb2fa780bfd5d8178482cc899c7337590845d42811f788dddd773ba512a4
242,OFR-068-D02_I14_查詢功能測試與分析_D2.docx,TTQS_FULL_REBUILD_V4_0_20260924/01_PRODUCTION_DOCX/D_DO/OFR-068-D02_I14_查詢功能測試與分析_D2.docx,04_全部文件與歷次版本/TTQS_FULL_REBUILD_V4_0_20260924/03/0242_OFR-068-D02_I14_查詢功能測試與分析_D2.docx,原樣保留；本次尚未確認完成驗收,42127,79564831809145e2bafa86bb10ef41615c1e1948e1e37fe50225444b24f86d7b
243,OFR-069-D01_I14_年度分析與管理審查_資訊系統化程度及檢索速度_D1.docx,TTQS_FULL_REBUILD_V4_0_20260924/01_PRODUCTION_DOCX/D_DO/OFR-069-D01_I14_年度分析與管理審查_資訊系統化程度及檢索速度_D1.docx,04_全部文件與歷次版本/TTQS_FULL_REBUILD_V4_0_20260924/03/0243_OFR-069-D01_I14_年度分析與管理審查_資訊系統化程度及檢索速度_D1.docx,原樣保留；本次尚未確認完成驗收,43395,43c8eae9262210fb1e55ce3d6b4eba17d764772e541ddcdd4caa530fca0ba976
244,OFR-070-D01_I14_其他補充佐證規劃與核實紀錄.docx,TTQS_FULL_REBUILD_V4_0_20260924/01_PRODUCTION_DOCX/D_DO/OFR-070-D01_I14_其他補充佐證規劃與核實紀錄.docx,04_全部文件與歷次版本/TTQS_FULL_REBUILD_V4_0_20260924/03/0244_OFR-070-D01_I14_其他補充佐證規劃與核實紀錄.docx,原樣保留；本次尚未確認完成驗收,41856,95be77b7baf96b761eddff28aa4074b101818689cd7c8a1ff94f5704d893280e
245,OFR-072-D01_I15_班級結案報告_訓練的結案報告包括資源的運用財務的支配訓練成果的展現檢討及改_D1.docx,TTQS_FULL_REBUILD_V4_0_20260924/01_PRODUCTION_DOCX/R_REVIEW/OFR-072-D01_I15_班級結案報告_訓練的結案報告包括資源的運用財務的支配訓練成果的展現檢討及改_D1.docx,04_全部文件與歷次版本/TTQS_FULL_REBUILD_V4_0_20260924/03/0245_OFR-072-D01_I15_班級結案報告_訓練的結案報告包括資源的運用財務的支配訓練成果的展現檢討及改_D1.docx,原樣保留；本次尚未確認完成驗收,45170,02bb670fa86ba584e09a63d4c59867be824721833df7b19d9da8c0b8b068012e
246,OFR-077-D01_I16_異常處理與改善追蹤_訓練異常處理方法紀錄與工具_D1.docx,TTQS_FULL_REBUILD_V4_0_20260924/01_PRODUCTION_DOCX/R_REVIEW/OFR-077-D01_I16_異常處理與改善追蹤_訓練異常處理方法紀錄與工具_D1.docx,04_全部文件與歷次版本/TTQS_FULL_REBUILD_V4_0_20260924/03/0246_OFR-077-D01_I16_異常處理與改善追蹤_訓練異常處理方法紀錄與工具_D1.docx,原樣保留；本次尚未確認完成驗收,41996,b123d20e22de3eda910b3143f935b947f7300ce8bec1ed12e407b110eedacfff
247,OFR-071-D01_I15_利害關係人會議紀錄_訓後定期性綜合檢討或管理審查制度會議紀錄_D1.docx,TTQS_FULL_REBUILD_V4_0_20260924/01_PRODUCTION_DOCX/R_REVIEW/OFR-071-D01_I15_利害關係人會議紀錄_訓後定期性綜合檢討或管理審查制度會議紀錄_D1.docx,04_全部文件與歷次版本/TTQS_FULL_REBUILD_V4_0_20260924/03/0247_OFR-071-D01_I15_利害關係人會議紀錄_訓後定期性綜合檢討或管理審查制度會議紀錄_D1.docx,原樣保留；本次尚未確認完成驗收,42217,e6d54f89b9c841b526e1cf76f842fd191e211af401821384c347347fb83a1402
248,OFR-073-D01_I15_年度分析與管理審查_訓練執行評估指標分析及相關統計分析_D1.docx,TTQS_FULL_REBUILD_V4_0_20260924/01_PRODUCTION_DOCX/R_REVIEW/OFR-073-D01_I15_年度分析與管理審查_訓練執行評估指標分析及相關統計分析_D1.docx,04_全部文件與歷次版本/TTQS_FULL_REBUILD_V4_0_20260924/03/0248_OFR-073-D01_I15_年度分析與管理審查_訓練執行評估指標分析及相關統計分析_D1.docx,原樣保留；本次尚未確認完成驗收,43308,75ef542a9c778bc1a2716b00634aff8a9afab6692f6708d7a59c7999ddbdc68b
249,OFR-074-D01_I15_異常處理與改善追蹤_訓後改善建議追蹤報告_D1.docx,TTQS_FULL_REBUILD_V4_0_20260924/01_PRODUCTION_DOCX/R_REVIEW/OFR-074-D01_I15_異常處理與改善追蹤_訓後改善建議追蹤報告_D1.docx,04_全部文件與歷次版本/TTQS_FULL_REBUILD_V4_0_20260924/03/0249_OFR-074-D01_I15_異常處理與改善追蹤_訓後改善建議追蹤報告_D1.docx,原樣保留；本次尚未確認完成驗收,42163,1ac9de63bb4d844e0e49bd8ca3f7f529dc4a081fe843503040c1c5ec8f31ce01
250,OFR-075-D01_I15_其他補充佐證規劃與核實紀錄.docx,TTQS_FULL_REBUILD_V4_0_20260924/01_PRODUCTION_DOCX/R_REVIEW/OFR-075-D01_I15_其他補充佐證規劃與核實紀錄.docx,04_全部文件與歷次版本/TTQS_FULL_REBUILD_V4_0_20260924/03/0250_OFR-075-D01_I15_其他補充佐證規劃與核實紀錄.docx,原樣保留；本次尚未確認完成驗收,41842,7b0703704467d029459f71e57360025f8db280a08b7a05c462c02d9408697100
251,OFR-076-D01_I16_標準作業程序書_訓練流程的管控方法及紀錄_D1.docx,TTQS_FULL_REBUILD_V4_0_20260924/01_PRODUCTION_DOCX/R_REVIEW/OFR-076-D01_I16_標準作業程序書_訓練流程的管控方法及紀錄_D1.docx,04_全部文件與歷次版本/TTQS_FULL_REBUILD_V4_0_20260924/03/0251_OFR-076-D01_I16_標準作業程序書_訓練流程的管控方法及紀錄_D1.docx,原樣保留；本次尚未確認完成驗收,42061,72d99a235eab654b60f76429bc7bf3be45f099e282c293dffa98c2f3e26cf238
252,OFR-076-D02_I16_訓練流程控制檢核表與示範_D2.docx,TTQS_FULL_REBUILD_V4_0_20260924/01_PRODUCTION_DOCX/R_REVIEW/OFR-076-D02_I16_訓練流程控制檢核表與示範_D2.docx,04_全部文件與歷次版本/TTQS_FULL_REBUILD_V4_0_20260924/03/0252_OFR-076-D02_I16_訓練流程控制檢核表與示範_D2.docx,原樣保留；本次尚未確認完成驗收,41821,a7902032d5cc3687a3d71c4f721657023c9e929547b7137e996e8ad3b6934229
253,OFR-076-D03_I16_I16_訓練流程控制檢核表與示範_D2_示範填寫版_D3.docx,TTQS_FULL_REBUILD_V4_0_20260924/01_PRODUCTION_DOCX/R_REVIEW/OFR-076-D03_I16_I16_訓練流程控制檢核表與示範_D2_示範填寫版_D3.docx,04_全部文件與歷次版本/TTQS_FULL_REBUILD_V4_0_20260924/03/0253_OFR-076-D03_I16_I16_訓練流程控制檢核表與示範_D2_示範填寫版_D3.docx,原樣保留；本次尚未確認完成驗收,41445,55169c74567434eeeae778fe369a569b9f1617b30f89a65c131002c158c2c23f
254,OFR-077-D02_I16_訓練異常事件紀錄與示範_D2.docx,TTQS_FULL_REBUILD_V4_0_20260924/01_PRODUCTION_DOCX/R_REVIEW/OFR-077-D02_I16_訓練異常事件紀錄與示範_D2.docx,04_全部文件與歷次版本/TTQS_FULL_REBUILD_V4_0_20260924/03/0254_OFR-077-D02_I16_訓練異常事件紀錄與示範_D2.docx,原樣保留；本次尚未確認完成驗收,41996,82ac52f5c2e244ebeb940c7b3b5dc2a1bdc070ee5621b65fe18e4df38af3e566
255,OFR-077-D03_I16_矯正改善有效性追蹤表_D3.docx,TTQS_FULL_REBUILD_V4_0_20260924/01_PRODUCTION_DOCX/R_REVIEW/OFR-077-D03_I16_矯正改善有效性追蹤表_D3.docx,04_全部文件與歷次版本/TTQS_FULL_REBUILD_V4_0_20260924/03/0255_OFR-077-D03_I16_矯正改善有效性追蹤表_D3.docx,原樣保留；本次尚未確認完成驗收,41817,a9094c79d9d640e4cf25f8e1e6ca58a124d82a6160e667ff2f2f2778f241e817
256,OFR-077-D04_I16_I16_矯正改善有效性追蹤表_D3_示範填寫版_D4.docx,TTQS_FULL_REBUILD_V4_0_20260924/01_PRODUCTION_DOCX/R_REVIEW/OFR-077-D04_I16_I16_矯正改善有效性追蹤表_D3_示範填寫版_D4.docx,04_全部文件與歷次版本/TTQS_FULL_REBUILD_V4_0_20260924/03/0256_OFR-077-D04_I16_I16_矯正改善有效性追蹤表_D3_示範填寫版_D4.docx,原樣保留；本次尚未確認完成驗收,41457,c7f16c68f90c9620247704c6e7e4add0bd08ae5f1459d1accab065c3cb02304d
257,OFR-078-D01_I16_標準作業程序書_訓練的內外稽核流程與紀錄_D1.docx,TTQS_FULL_REBUILD_V4_0_20260924/01_PRODUCTION_DOCX/R_REVIEW/OFR-078-D01_I16_標準作業程序書_訓練的內外稽核流程與紀錄_D1.docx,04_全部文件與歷次版本/TTQS_FULL_REBUILD_V4_0_20260924/03/0257_OFR-078-D01_I16_標準作業程序書_訓練的內外稽核流程與紀錄_D1.docx,原樣保留；本次尚未確認完成驗收,42063,eea5a6e4c753cfc5b83dff4fcdd61113a69572702bfab244b09f2738da255f71
258,OFR-078-D02_I16_外部稽核需求與查核紀錄包_D2.docx,TTQS_FULL_REBUILD_V4_0_20260924/01_PRODUCTION_DOCX/R_REVIEW/OFR-078-D02_I16_外部稽核需求與查核紀錄包_D2.docx,04_全部文件與歷次版本/TTQS_FULL_REBUILD_V4_0_20260924/03/0258_OFR-078-D02_I16_外部稽核需求與查核紀錄包_D2.docx,原樣保留；本次尚未確認完成驗收,41732,cfb26f9d12b81ed453e0111a3da1508c795f909eeeef5dfc8db278e1c2329913
259,OFR-079-D01_I16_其他補充佐證規劃與核實紀錄.docx,TTQS_FULL_REBUILD_V4_0_20260924/01_PRODUCTION_DOCX/R_REVIEW/OFR-079-D01_I16_其他補充佐證規劃與核實紀錄.docx,04_全部文件與歷次版本/TTQS_FULL_REBUILD_V4_0_20260924/03/0259_OFR-079-D01_I16_其他補充佐證規劃與核實紀錄.docx,原樣保留；本次尚未確認完成驗收,41581,1078123574765d87fecd4988eb17c3b4c12969c66397bd3e62b7fc6ecba55437
260,OFR-080-D01_I17_反應評估與滿意度分析_課後滿意度調查分析與課後檢討講師學員人資部門主管等利益關係人_D1.docx,TTQS_FULL_REBUILD_V4_0_20260924/01_PRODUCTION_DOCX/O_OUTCOME/OFR-080-D01_I17_反應評估與滿意度分析_課後滿意度調查分析與課後檢討講師學員人資部門主管等利益關係人_D1.docx,04_全部文件與歷次版本/TTQS_FULL_REBUILD_V4_0_20260924/03/0260_OFR-080-D01_I17_反應評估與滿意度分析_課後滿意度調查分析與課後檢討講師學員人資部門主管等利益關係人_D1.docx,原樣保留；本次尚未確認完成驗收,41806,c079bc3447b65bd9649572794fc018716362ba9caab4ca8f7edde3a49a283a98
261,OFR-085-D01_I17_學習評估報告_對課程評量及學員建議進行檢討與紀錄_D1.docx,TTQS_FULL_REBUILD_V4_0_20260924/01_PRODUCTION_DOCX/O_OUTCOME/OFR-085-D01_I17_學習評估報告_對課程評量及學員建議進行檢討與紀錄_D1.docx,04_全部文件與歷次版本/TTQS_FULL_REBUILD_V4_0_20260924/03/0261_OFR-085-D01_I17_學習評估報告_對課程評量及學員建議進行檢討與紀錄_D1.docx,原樣保留；本次尚未確認完成驗收,42518,fdef238f40a677b9240cc699dd2d3ca72b7aabdbe940985250df9ffda5d094a4
262,OFR-088-D01_I17_行為移轉與訓後追蹤_學員訓後動態調查表_D1.docx,TTQS_FULL_REBUILD_V4_0_20260924/01_PRODUCTION_DOCX/O_OUTCOME/OFR-088-D01_I17_行為移轉與訓後追蹤_學員訓後動態調查表_D1.docx,04_全部文件與歷次版本/TTQS_FULL_REBUILD_V4_0_20260924/03/0262_OFR-088-D01_I17_行為移轉與訓後追蹤_學員訓後動態調查表_D1.docx,原樣保留；本次尚未確認完成驗收,41794,bec86d952d0c1933fa4ddf60c3e2a15059eff3f840bfa21fd3239a540c39a252
263,OFR-094-D01_I17_成果評估報告_訓後調查表_D1.docx,TTQS_FULL_REBUILD_V4_0_20260924/01_PRODUCTION_DOCX/O_OUTCOME/OFR-094-D01_I17_成果評估報告_訓後調查表_D1.docx,04_全部文件與歷次版本/TTQS_FULL_REBUILD_V4_0_20260924/03/0263_OFR-094-D01_I17_成果評估報告_訓後調查表_D1.docx,原樣保留；本次尚未確認完成驗收,42306,2c7990e35872469f832a3925f462104311a50135030411f3742d3d276c684944
264,OFR-098-D01_I17_第三方或官方原件索取與驗證包_學員就業證明_D1.docx,TTQS_FULL_REBUILD_V4_0_20260924/01_PRODUCTION_DOCX/O_OUTCOME/OFR-098-D01_I17_第三方或官方原件索取與驗證包_學員就業證明_D1.docx,04_全部文件與歷次版本/TTQS_FULL_REBUILD_V4_0_20260924/03/0264_OFR-098-D01_I17_第三方或官方原件索取與驗證包_學員就業證明_D1.docx,原樣保留；本次尚未確認完成驗收,41723,713d3d5716b3b86453cea706c067df1d4891a49bb9ea2b50d5bf9127b692bb2a
265,OFR-100-D01_I17_可填寫表單_學員訓後雇主問卷調查表_D1.docx,TTQS_FULL_REBUILD_V4_0_20260924/01_PRODUCTION_DOCX/O_OUTCOME/OFR-100-D01_I17_可填寫表單_學員訓後雇主問卷調查表_D1.docx,04_全部文件與歷次版本/TTQS_FULL_REBUILD_V4_0_20260924/03/0265_OFR-100-D01_I17_可填寫表單_學員訓後雇主問卷調查表_D1.docx,原樣保留；本次尚未確認完成驗收,41776,67b921c2e2a450b8d04ae76684275677e4726bc28898494adde88f71c726a332
266,OFR-100-D03_I17_I17_可填寫表單_學員訓後雇主問卷調查表_D1_示範填寫版_D3.docx,TTQS_FULL_REBUILD_V4_0_20260924/01_PRODUCTION_DOCX/O_OUTCOME/OFR-100-D03_I17_I17_可填寫表單_學員訓後雇主問卷調查表_D1_示範填寫版_D3.docx,04_全部文件與歷次版本/TTQS_FULL_REBUILD_V4_0_20260924/03/0266_OFR-100-D03_I17_I17_可填寫表單_學員訓後雇主問卷調查表_D1_示範填寫版_D3.docx,原樣保留；本次尚未確認完成驗收,41455,950992ce5d1397dd4da9d47561889fa67c61d1a14c1aff7f2699ea9d84e0eec5
267,OFR-080-D02_I17_反應評估問卷空白版_D2.docx,TTQS_FULL_REBUILD_V4_0_20260924/01_PRODUCTION_DOCX/O_OUTCOME/OFR-080-D02_I17_反應評估問卷空白版_D2.docx,04_全部文件與歷次版本/TTQS_FULL_REBUILD_V4_0_20260924/03/0267_OFR-080-D02_I17_反應評估問卷空白版_D2.docx,原樣保留；本次尚未確認完成驗收,41873,c39335b2da88cbbbf0ea1a5488c3660af9bb438099de8fc1780de3a4cdf1b2fb
268,OFR-080-D03_I17_I17_反應評估問卷空白版_D2_示範填寫版_D3.docx,TTQS_FULL_REBUILD_V4_0_20260924/01_PRODUCTION_DOCX/O_OUTCOME/OFR-080-D03_I17_I17_反應評估問卷空白版_D2_示範填寫版_D3.docx,04_全部文件與歷次版本/TTQS_FULL_REBUILD_V4_0_20260924/03/0268_OFR-080-D03_I17_I17_反應評估問卷空白版_D2_示範填寫版_D3.docx,原樣保留；本次尚未確認完成驗收,41513,3688852c7ef668313850f0ee7459ab4757eaae38f8fa54eb766eec56d0b39a1c
269,OFR-081-D01_I17_班級結案報告_課程結案報告含問卷調查統計分析課程規劃紀錄等含對後續課程的開_D1.docx,TTQS_FULL_REBUILD_V4_0_20260924/01_PRODUCTION_DOCX/O_OUTCOME/OFR-081-D01_I17_班級結案報告_課程結案報告含問卷調查統計分析課程規劃紀錄等含對後續課程的開_D1.docx,04_全部文件與歷次版本/TTQS_FULL_REBUILD_V4_0_20260924/03/0269_OFR-081-D01_I17_班級結案報告_課程結案報告含問卷調查統計分析課程規劃紀錄等含對後續課程的開_D1.docx,原樣保留；本次尚未確認完成驗收,45035,bc25b2307e91c23ff9118bbc601d44d05304603c83a9f49a9095401643cad74f
270,OFR-082-D01_I17_異常處理與改善追蹤_依反應評估進行課程改善的行動方案_D1.docx,TTQS_FULL_REBUILD_V4_0_20260924/01_PRODUCTION_DOCX/O_OUTCOME/OFR-082-D01_I17_異常處理與改善追蹤_依反應評估進行課程改善的行動方案_D1.docx,04_全部文件與歷次版本/TTQS_FULL_REBUILD_V4_0_20260924/03/0270_OFR-082-D01_I17_異常處理與改善追蹤_依反應評估進行課程改善的行動方案_D1.docx,原樣保留；本次尚未確認完成驗收,41996,c2f756f28f5ff47d0d8160b99a89be7a0c22dcc0dbab27a7c93b1f29f423e79a
271,OFR-083-D01_I17_其他補充佐證規劃與核實紀錄.docx,TTQS_FULL_REBUILD_V4_0_20260924/01_PRODUCTION_DOCX/O_OUTCOME/OFR-083-D01_I17_其他補充佐證規劃與核實紀錄.docx,04_全部文件與歷次版本/TTQS_FULL_REBUILD_V4_0_20260924/03/0271_OFR-083-D01_I17_其他補充佐證規劃與核實紀錄.docx,原樣保留；本次尚未確認完成驗收,41611,cabdc627e8c1b571ac1aa0817114fb800081475768755b11f7b19b14b58ffb8a
272,OFR-084-D01_I17_出勤與評量紀錄_考試紀錄學員心得報告照片與紀錄訓後學員職涯規劃建議表_D1.docx,TTQS_FULL_REBUILD_V4_0_20260924/01_PRODUCTION_DOCX/O_OUTCOME/OFR-084-D01_I17_出勤與評量紀錄_考試紀錄學員心得報告照片與紀錄訓後學員職涯規劃建議表_D1.docx,04_全部文件與歷次版本/TTQS_FULL_REBUILD_V4_0_20260924/03/0272_OFR-084-D01_I17_出勤與評量紀錄_考試紀錄學員心得報告照片與紀錄訓後學員職涯規劃建議表_D1.docx,原樣保留；本次尚未確認完成驗收,42445,6783165eddc605059ce48e8d07b954fc537f86e24c720d7f8a6b27c39dc699a3
273,OFR-084-D02_I17_學員心得報告示範_D2.docx,TTQS_FULL_REBUILD_V4_0_20260924/01_PRODUCTION_DOCX/O_OUTCOME/OFR-084-D02_I17_學員心得報告示範_D2.docx,04_全部文件與歷次版本/TTQS_FULL_REBUILD_V4_0_20260924/03/0273_OFR-084-D02_I17_學員心得報告示範_D2.docx,原樣保留；本次尚未確認完成驗收,41490,a97f02f6b9a56d3bb8e2aa99b77b41604c0453c403aaa42319b6c252510f91fc
274,OFR-084-D03_I17_影像紀錄與授權核實包_D3.docx,TTQS_FULL_REBUILD_V4_0_20260924/01_PRODUCTION_DOCX/O_OUTCOME/OFR-084-D03_I17_影像紀錄與授權核實包_D3.docx,04_全部文件與歷次版本/TTQS_FULL_REBUILD_V4_0_20260924/03/0274_OFR-084-D03_I17_影像紀錄與授權核實包_D3.docx,原樣保留；本次尚未確認完成驗收,41771,eeb21a5637a13a73957490b79e7dc04611a21b9147f671ccd313a41613229b66
275,OFR-084-D04_I17_訓後職涯規劃建議表_D4.docx,TTQS_FULL_REBUILD_V4_0_20260924/01_PRODUCTION_DOCX/O_OUTCOME/OFR-084-D04_I17_訓後職涯規劃建議表_D4.docx,04_全部文件與歷次版本/TTQS_FULL_REBUILD_V4_0_20260924/03/0275_OFR-084-D04_I17_訓後職涯規劃建議表_D4.docx,原樣保留；本次尚未確認完成驗收,41843,b3a8d99974a5161191d92a1920625fd8fc71d5ca6df1205aee32356fb829deb2
276,OFR-084-D05_I17_I17_訓後職涯規劃建議表_D4_示範填寫版_D5.docx,TTQS_FULL_REBUILD_V4_0_20260924/01_PRODUCTION_DOCX/O_OUTCOME/OFR-084-D05_I17_I17_訓後職涯規劃建議表_D4_示範填寫版_D5.docx,04_全部文件與歷次版本/TTQS_FULL_REBUILD_V4_0_20260924/03/0276_OFR-084-D05_I17_I17_訓後職涯規劃建議表_D4_示範填寫版_D5.docx,原樣保留；本次尚未確認完成驗收,41491,547fe9ddaebbdb55647c33efd8d6f924343313059b53ecbd6f5adb0aca0b658e
277,OFR-086-D01_I17_班級結案報告_結案報告書課後訓練機構的課程檢討行動計畫查核紀錄_D1.docx,TTQS_FULL_REBUILD_V4_0_20260924/01_PRODUCTION_DOCX/O_OUTCOME/OFR-086-D01_I17_班級結案報告_結案報告書課後訓練機構的課程檢討行動計畫查核紀錄_D1.docx,04_全部文件與歷次版本/TTQS_FULL_REBUILD_V4_0_20260924/03/0277_OFR-086-D01_I17_班級結案報告_結案報告書課後訓練機構的課程檢討行動計畫查核紀錄_D1.docx,原樣保留；本次尚未確認完成驗收,45008,96e5ea11f17d57da706ffb0b8d6c2803066ff2439b1707517f0e92f38146d2dc
278,OFR-086-D02_I17_課程檢討行動計畫查核紀錄_D2.docx,TTQS_FULL_REBUILD_V4_0_20260924/01_PRODUCTION_DOCX/O_OUTCOME/OFR-086-D02_I17_課程檢討行動計畫查核紀錄_D2.docx,04_全部文件與歷次版本/TTQS_FULL_REBUILD_V4_0_20260924/03/0278_OFR-086-D02_I17_課程檢討行動計畫查核紀錄_D2.docx,原樣保留；本次尚未確認完成驗收,42019,b9a5014e1048475bd261813320312ddaf550975a6ad85278db2cc9e06816ce2e
279,OFR-087-D01_I17_其他補充佐證規劃與核實紀錄.docx,TTQS_FULL_REBUILD_V4_0_20260924/01_PRODUCTION_DOCX/O_OUTCOME/OFR-087-D01_I17_其他補充佐證規劃與核實紀錄.docx,04_全部文件與歷次版本/TTQS_FULL_REBUILD_V4_0_20260924/03/0279_OFR-087-D01_I17_其他補充佐證規劃與核實紀錄.docx,原樣保留；本次尚未確認完成驗收,41610,e9894f888bcb7c38e7e9d1dee85cfe52be20b1d342a23c5e5816a219d50df670
280,OFR-088-D02_I17_訓後動態調查表空白版_D2.docx,TTQS_FULL_REBUILD_V4_0_20260924/01_PRODUCTION_DOCX/O_OUTCOME/OFR-088-D02_I17_訓後動態調查表空白版_D2.docx,04_全部文件與歷次版本/TTQS_FULL_REBUILD_V4_0_20260924/03/0280_OFR-088-D02_I17_訓後動態調查表空白版_D2.docx,原樣保留；本次尚未確認完成驗收,41802,186b79b5b587d3542dca534374eb0d8f9d5b75879a0ed8ec333eb3cfb5bea1b0
281,OFR-088-D03_I17_I17_訓後動態調查表空白版_D2_示範填寫版_D3.docx,TTQS_FULL_REBUILD_V4_0_20260924/01_PRODUCTION_DOCX/O_OUTCOME/OFR-088-D03_I17_I17_訓後動態調查表空白版_D2_示範填寫版_D3.docx,04_全部文件與歷次版本/TTQS_FULL_REBUILD_V4_0_20260924/03/0281_OFR-088-D03_I17_I17_訓後動態調查表空白版_D2_示範填寫版_D3.docx,原樣保留；本次尚未確認完成驗收,41450,f49b7cd7abdfe70b7f4fb9dcdbb785798954db15ba39e90ccff3dd0cf7cc076c
282,OFR-089-D01_I17_行為移轉與訓後追蹤_參訓學員的學習成果實施行動計畫表追蹤紀錄_D1.docx,TTQS_FULL_REBUILD_V4_0_20260924/01_PRODUCTION_DOCX/O_OUTCOME/OFR-089-D01_I17_行為移轉與訓後追蹤_參訓學員的學習成果實施行動計畫表追蹤紀錄_D1.docx,04_全部文件與歷次版本/TTQS_FULL_REBUILD_V4_0_20260924/03/0282_OFR-089-D01_I17_行為移轉與訓後追蹤_參訓學員的學習成果實施行動計畫表追蹤紀錄_D1.docx,原樣保留；本次尚未確認完成驗收,41807,9eb4ab85694e676417a0e46615049286258d539d8a9778b606bd527bc6a50304
283,OFR-089-D02_I17_訓後行動計畫表空白版_D2.docx,TTQS_FULL_REBUILD_V4_0_20260924/01_PRODUCTION_DOCX/O_OUTCOME/OFR-089-D02_I17_訓後行動計畫表空白版_D2.docx,04_全部文件與歷次版本/TTQS_FULL_REBUILD_V4_0_20260924/03/0283_OFR-089-D02_I17_訓後行動計畫表空白版_D2.docx,原樣保留；本次尚未確認完成驗收,41828,2d602e43d7ea4e9567d73e5d7c1de19aa76733710ea13e8d3a86e17a7039c5bf
284,OFR-089-D03_I17_I17_訓後行動計畫表空白版_D2_示範填寫版_D3.docx,TTQS_FULL_REBUILD_V4_0_20260924/01_PRODUCTION_DOCX/O_OUTCOME/OFR-089-D03_I17_I17_訓後行動計畫表空白版_D2_示範填寫版_D3.docx,04_全部文件與歷次版本/TTQS_FULL_REBUILD_V4_0_20260924/03/0284_OFR-089-D03_I17_I17_訓後行動計畫表空白版_D2_示範填寫版_D3.docx,原樣保留；本次尚未確認完成驗收,41470,6f70b0065093becd5f6727b9659ba56912c9360970a1cf8d9e9269d73fe6a6fa
285,OFR-090-D01_I17_第三方或官方原件索取與驗證包_派訓單位主管對參訓學員的學習成效評估表_D1.docx,TTQS_FULL_REBUILD_V4_0_20260924/01_PRODUCTION_DOCX/O_OUTCOME/OFR-090-D01_I17_第三方或官方原件索取與驗證包_派訓單位主管對參訓學員的學習成效評估表_D1.docx,04_全部文件與歷次版本/TTQS_FULL_REBUILD_V4_0_20260924/03/0285_OFR-090-D01_I17_第三方或官方原件索取與驗證包_派訓單位主管對參訓學員的學習成效評估表_D1.docx,原樣保留；本次尚未確認完成驗收,41757,65f4c0d002661cb32d67129b5c979a5b8bd3f7bb8430110f1f3797874266b318
286,OFR-091-D01_I17_開班前中後執行紀錄_知識管理社群討論_D1.docx,TTQS_FULL_REBUILD_V4_0_20260924/01_PRODUCTION_DOCX/O_OUTCOME/OFR-091-D01_I17_開班前中後執行紀錄_知識管理社群討論_D1.docx,04_全部文件與歷次版本/TTQS_FULL_REBUILD_V4_0_20260924/03/0286_OFR-091-D01_I17_開班前中後執行紀錄_知識管理社群討論_D1.docx,原樣保留；本次尚未確認完成驗收,42632,ee7c7329d46629a96fd5a861c0f4d36754cfcaf181894d23fb33aae81b4ecb36
287,OFR-092-D01_I17_標準作業程序書_神秘客實地稽核外部稽核課後機制等_D1.docx,TTQS_FULL_REBUILD_V4_0_20260924/01_PRODUCTION_DOCX/O_OUTCOME/OFR-092-D01_I17_標準作業程序書_神秘客實地稽核外部稽核課後機制等_D1.docx,04_全部文件與歷次版本/TTQS_FULL_REBUILD_V4_0_20260924/03/0287_OFR-092-D01_I17_標準作業程序書_神秘客實地稽核外部稽核課後機制等_D1.docx,原樣保留；本次尚未確認完成驗收,42059,8443c02fcb3a0f33b1d7faab1085bc9cf145738b64ec623c3193eddc887451e6
288,OFR-092-D02_I17_獨立外部查核人邀請與驗證包_D2.docx,TTQS_FULL_REBUILD_V4_0_20260924/01_PRODUCTION_DOCX/O_OUTCOME/OFR-092-D02_I17_獨立外部查核人邀請與驗證包_D2.docx,04_全部文件與歷次版本/TTQS_FULL_REBUILD_V4_0_20260924/03/0288_OFR-092-D02_I17_獨立外部查核人邀請與驗證包_D2.docx,原樣保留；本次尚未確認完成驗收,41757,8a0f1adc53bcfa8cd6e9e48673424ee511e4aefe6f9cbed65706327bdeb0f523
289,OFR-093-D01_I17_其他補充佐證規劃與核實紀錄.docx,TTQS_FULL_REBUILD_V4_0_20260924/01_PRODUCTION_DOCX/O_OUTCOME/OFR-093-D01_I17_其他補充佐證規劃與核實紀錄.docx,04_全部文件與歷次版本/TTQS_FULL_REBUILD_V4_0_20260924/03/0289_OFR-093-D01_I17_其他補充佐證規劃與核實紀錄.docx,原樣保留；本次尚未確認完成驗收,41612,71a97db8f6879cf5b40a48b29ebe658c03cbf2870e4d49747b70afb5793836e3
290,OFR-094-D02_I17_訓後成果調查表空白版_D2.docx,TTQS_FULL_REBUILD_V4_0_20260924/01_PRODUCTION_DOCX/O_OUTCOME/OFR-094-D02_I17_訓後成果調查表空白版_D2.docx,04_全部文件與歷次版本/TTQS_FULL_REBUILD_V4_0_20260924/03/0290_OFR-094-D02_I17_訓後成果調查表空白版_D2.docx,原樣保留；本次尚未確認完成驗收,41793,aea2720e27aa642f9a1d5f4b68402d711d306a050622dcabbd13562e4d406583
291,OFR-094-D03_I17_I17_訓後成果調查表空白版_D2_示範填寫版_D3.docx,TTQS_FULL_REBUILD_V4_0_20260924/01_PRODUCTION_DOCX/O_OUTCOME/OFR-094-D03_I17_I17_訓後成果調查表空白版_D2_示範填寫版_D3.docx,04_全部文件與歷次版本/TTQS_FULL_REBUILD_V4_0_20260924/03/0291_OFR-094-D03_I17_I17_訓後成果調查表空白版_D2_示範填寫版_D3.docx,原樣保留；本次尚未確認完成驗收,41442,da9a62bfbc577e2f8cce6b0fb951116b5b111bcc3fe02ccd0d5254b80cd91198
292,OFR-095-D01_I17_第三方或官方原件索取與驗證包_就業及考照追蹤紀錄_D1.docx,TTQS_FULL_REBUILD_V4_0_20260924/01_PRODUCTION_DOCX/O_OUTCOME/OFR-095-D01_I17_第三方或官方原件索取與驗證包_就業及考照追蹤紀錄_D1.docx,04_全部文件與歷次版本/TTQS_FULL_REBUILD_V4_0_20260924/03/0292_OFR-095-D01_I17_第三方或官方原件索取與驗證包_就業及考照追蹤紀錄_D1.docx,原樣保留；本次尚未確認完成驗收,41733,a09a88b60360175da979dcfcebd50b099ab79b6539e5bc80e622f550ed61c315
293,OFR-095-D02_I17_考照追蹤表與資格查驗包_D2.docx,TTQS_FULL_REBUILD_V4_0_20260924/01_PRODUCTION_DOCX/O_OUTCOME/OFR-095-D02_I17_考照追蹤表與資格查驗包_D2.docx,04_全部文件與歷次版本/TTQS_FULL_REBUILD_V4_0_20260924/03/0293_OFR-095-D02_I17_考照追蹤表與資格查驗包_D2.docx,原樣保留；本次尚未確認完成驗收,41733,d77808739c5cf0a028be4d72e53f03e374af7c28673f30c29945954cbdb59c02
294,OFR-096-D01_I17_成果評估報告_品質不良率下降統計表_D1.docx,TTQS_FULL_REBUILD_V4_0_20260924/01_PRODUCTION_DOCX/O_OUTCOME/OFR-096-D01_I17_成果評估報告_品質不良率下降統計表_D1.docx,04_全部文件與歷次版本/TTQS_FULL_REBUILD_V4_0_20260924/03/0294_OFR-096-D01_I17_成果評估報告_品質不良率下降統計表_D1.docx,原樣保留；本次尚未確認完成驗收,42315,9d69e9f38f60cc98fce880bfea0d112e9a6287500b579d76909aa5cac8068b92
295,OFR-097-D01_I17_第三方或官方原件索取與驗證包_派訓單位主管對參訓學員的學習成效評估表_D1.docx,TTQS_FULL_REBUILD_V4_0_20260924/01_PRODUCTION_DOCX/O_OUTCOME/OFR-097-D01_I17_第三方或官方原件索取與驗證包_派訓單位主管對參訓學員的學習成效評估表_D1.docx,04_全部文件與歷次版本/TTQS_FULL_REBUILD_V4_0_20260924/03/0295_OFR-097-D01_I17_第三方或官方原件索取與驗證包_派訓單位主管對參訓學員的學習成效評估表_D1.docx,原樣保留；本次尚未確認完成驗收,41757,4b126cfad5c0242d474625da54a1019722e7c56549caeadd2e2f9f05cc21eb28
296,OFR-099-D01_I17_第三方或官方原件索取與驗證包_感謝函_D1.docx,TTQS_FULL_REBUILD_V4_0_20260924/01_PRODUCTION_DOCX/O_OUTCOME/OFR-099-D01_I17_第三方或官方原件索取與驗證包_感謝函_D1.docx,04_全部文件與歷次版本/TTQS_FULL_REBUILD_V4_0_20260924/03/0296_OFR-099-D01_I17_第三方或官方原件索取與驗證包_感謝函_D1.docx,原樣保留；本次尚未確認完成驗收,41723,2ca1841052a487d9baf62903c8e33f2d6be74a0d57df0258a450ff984f73e06c
297,OFR-100-D02_I17_雇主問卷統計與結果分析_D2.docx,TTQS_FULL_REBUILD_V4_0_20260924/01_PRODUCTION_DOCX/O_OUTCOME/OFR-100-D02_I17_雇主問卷統計與結果分析_D2.docx,04_全部文件與歷次版本/TTQS_FULL_REBUILD_V4_0_20260924/03/0297_OFR-100-D02_I17_雇主問卷統計與結果分析_D2.docx,原樣保留；本次尚未確認完成驗收,42341,88f4590512f24eb62d66fcf8a8e8ad87a93956ec3fd4a6b74d7b0cd1fc666c20
298,OFR-101-D01_I17_其他補充佐證規劃與核實紀錄.docx,TTQS_FULL_REBUILD_V4_0_20260924/01_PRODUCTION_DOCX/O_OUTCOME/OFR-101-D01_I17_其他補充佐證規劃與核實紀錄.docx,04_全部文件與歷次版本/TTQS_FULL_REBUILD_V4_0_20260924/03/0298_OFR-101-D01_I17_其他補充佐證規劃與核實紀錄.docx,原樣保留；本次尚未確認完成驗收,41610,e9e679fc3762c50292d7a9085e589347cc8d62dd1bd1268c07d5118db6bb9579
299,OFR-102-D01_I18_顧客價值分析報告_口述目標客戶及學員認為訓練有其功能僅有滿意度調查但未有具體紀_D1.docx,TTQS_FULL_REBUILD_V4_0_20260924/01_PRODUCTION_DOCX/O_OUTCOME/OFR-102-D01_I18_顧客價值分析報告_口述目標客戶及學員認為訓練有其功能僅有滿意度調查但未有具體紀_D1.docx,04_全部文件與歷次版本/TTQS_FULL_REBUILD_V4_0_20260924/03/0299_OFR-102-D01_I18_顧客價值分析報告_口述目標客戶及學員認為訓練有其功能僅有滿意度調查但未有具體紀_D1.docx,原樣保留；本次尚未確認完成驗收,42325,e94165abf161a6d00740391b1d6c2f295b7da36c4e8b40bb755d1365a7f499b2
300,OFR-103-D01_I18_標準作業程序書_建立目標客戶及學員滿意度調查機制系統及流程面_D1.docx,TTQS_FULL_REBUILD_V4_0_20260924/01_PRODUCTION_DOCX/O_OUTCOME/OFR-103-D01_I18_標準作業程序書_建立目標客戶及學員滿意度調查機制系統及流程面_D1.docx,04_全部文件與歷次版本/TTQS_FULL_REBUILD_V4_0_20260924/03/0300_OFR-103-D01_I18_標準作業程序書_建立目標客戶及學員滿意度調查機制系統及流程面_D1.docx,原樣保留；本次尚未確認完成驗收,42063,dc0490b72e522300902d2805fed20c2e1d57adab64baf4d1dbe19f85bc83ba79
301,OFR-103-D02_I18_目標客戶學員滿意度問卷_D2.docx,TTQS_FULL_REBUILD_V4_0_20260924/01_PRODUCTION_DOCX/O_OUTCOME/OFR-103-D02_I18_目標客戶學員滿意度問卷_D2.docx,04_全部文件與歷次版本/TTQS_FULL_REBUILD_V4_0_20260924/04/0301_OFR-103-D02_I18_目標客戶學員滿意度問卷_D2.docx,原樣保留；本次尚未確認完成驗收,41828,d93a9f0a043c1ec07ce56df9fa2e9ee944b14b33fc1243fcfd5cb4268a5ba3cb
302,OFR-103-D03_I18_I18_目標客戶學員滿意度問卷_D2_示範填寫版_D3.docx,TTQS_FULL_REBUILD_V4_0_20260924/01_PRODUCTION_DOCX/O_OUTCOME/OFR-103-D03_I18_I18_目標客戶學員滿意度問卷_D2_示範填寫版_D3.docx,04_全部文件與歷次版本/TTQS_FULL_REBUILD_V4_0_20260924/04/0302_OFR-103-D03_I18_I18_目標客戶學員滿意度問卷_D2_示範填寫版_D3.docx,原樣保留；本次尚未確認完成驗收,41474,8a208d8c15c4cbe35d92fc29905e424e145a174dd4d142714821077299f08db8
303,OFR-104-D01_I18_第三方或官方原件索取與驗證包_感謝函_D1.docx,TTQS_FULL_REBUILD_V4_0_20260924/01_PRODUCTION_DOCX/O_OUTCOME/OFR-104-D01_I18_第三方或官方原件索取與驗證包_感謝函_D1.docx,04_全部文件與歷次版本/TTQS_FULL_REBUILD_V4_0_20260924/04/0303_OFR-104-D01_I18_第三方或官方原件索取與驗證包_感謝函_D1.docx,原樣保留；本次尚未確認完成驗收,41707,4ecf0322d2f721e46af7294c095a4917c4ee6f3a315101c3cb2a995b5a95d25a
304,OFR-105-D01_I18_其他補充佐證規劃與核實紀錄.docx,TTQS_FULL_REBUILD_V4_0_20260924/01_PRODUCTION_DOCX/O_OUTCOME/OFR-105-D01_I18_其他補充佐證規劃與核實紀錄.docx,04_全部文件與歷次版本/TTQS_FULL_REBUILD_V4_0_20260924/04/0304_OFR-105-D01_I18_其他補充佐證規劃與核實紀錄.docx,原樣保留；本次尚未確認完成驗收,41722,e2c016e8e6e0d8083169dc0837da8c04c4e2114431a8b6d8c909fa51abe6e069
305,OFR-106-D01_I18_顧客價值分析報告_問卷調查等顯示目標客戶及學員認為訓練有達成能力提升的效果_D1.docx,TTQS_FULL_REBUILD_V4_0_20260924/01_PRODUCTION_DOCX/O_OUTCOME/OFR-106-D01_I18_顧客價值分析報告_問卷調查等顯示目標客戶及學員認為訓練有達成能力提升的效果_D1.docx,04_全部文件與歷次版本/TTQS_FULL_REBUILD_V4_0_20260924/04/0305_OFR-106-D01_I18_顧客價值分析報告_問卷調查等顯示目標客戶及學員認為訓練有達成能力提升的效果_D1.docx,原樣保留；本次尚未確認完成驗收,42307,ceb0a5b089c338540a1f0f5f5a57f8c6caf7a05f141e9feba3cfe6dd96315e1b
306,OFR-107-D01_I18_反應評估與滿意度分析_執行目標客戶及學員滿意度調查及分析系統及流程面_D1.docx,TTQS_FULL_REBUILD_V4_0_20260924/01_PRODUCTION_DOCX/O_OUTCOME/OFR-107-D01_I18_反應評估與滿意度分析_執行目標客戶及學員滿意度調查及分析系統及流程面_D1.docx,04_全部文件與歷次版本/TTQS_FULL_REBUILD_V4_0_20260924/04/0306_OFR-107-D01_I18_反應評估與滿意度分析_執行目標客戶及學員滿意度調查及分析系統及流程面_D1.docx,原樣保留；本次尚未確認完成驗收,41777,8bdd002919edb4d7c5179f20cd660d97253454d2c14a23e86c42e049d6b0374f
307,OFR-107-D02_I18_顧客及學員滿意度問卷空白版_D2.docx,TTQS_FULL_REBUILD_V4_0_20260924/01_PRODUCTION_DOCX/O_OUTCOME/OFR-107-D02_I18_顧客及學員滿意度問卷空白版_D2.docx,04_全部文件與歷次版本/TTQS_FULL_REBUILD_V4_0_20260924/04/0307_OFR-107-D02_I18_顧客及學員滿意度問卷空白版_D2.docx,原樣保留；本次尚未確認完成驗收,41829,de516b33eedeeb938abc1bafbdd2920a070d7132c7043cf53c4d452998e075f4
308,OFR-107-D03_I18_I18_顧客及學員滿意度問卷空白版_D2_示範填寫版_D3.docx,TTQS_FULL_REBUILD_V4_0_20260924/01_PRODUCTION_DOCX/O_OUTCOME/OFR-107-D03_I18_I18_顧客及學員滿意度問卷空白版_D2_示範填寫版_D3.docx,04_全部文件與歷次版本/TTQS_FULL_REBUILD_V4_0_20260924/04/0308_OFR-107-D03_I18_I18_顧客及學員滿意度問卷空白版_D2_示範填寫版_D3.docx,原樣保留；本次尚未確認完成驗收,41476,4831fb130a007b8a6809e4baaa137de0e6eb1d8fbbaf56e52b587c7da10c0738
309,OFR-108-D01_I18_學習評估報告_提出目標客戶及學員對訓練達能力提升之說明學習技能面_D1.docx,TTQS_FULL_REBUILD_V4_0_20260924/01_PRODUCTION_DOCX/O_OUTCOME/OFR-108-D01_I18_學習評估報告_提出目標客戶及學員對訓練達能力提升之說明學習技能面_D1.docx,04_全部文件與歷次版本/TTQS_FULL_REBUILD_V4_0_20260924/04/0309_OFR-108-D01_I18_學習評估報告_提出目標客戶及學員對訓練達能力提升之說明學習技能面_D1.docx,原樣保留；本次尚未確認完成驗收,42520,2b8ee06b53a520705e06ffeb8f9355b86e7e226d00c81cb2f4218ac6899c62ca
310,OFR-108-D02_I18_能力提升成果分析與限制_D2.docx,TTQS_FULL_REBUILD_V4_0_20260924/01_PRODUCTION_DOCX/O_OUTCOME/OFR-108-D02_I18_能力提升成果分析與限制_D2.docx,04_全部文件與歷次版本/TTQS_FULL_REBUILD_V4_0_20260924/04/0310_OFR-108-D02_I18_能力提升成果分析與限制_D2.docx,原樣保留；本次尚未確認完成驗收,42307,6ff19b3766a9609848ecb12c85d1d83a43571314bee47ae3ab37d3fd034f68d8
311,OFR-109-D01_I18_顧客價值分析報告_學員培訓前後自我評量表及雷達分析圖呈現提升效果_D1.docx,TTQS_FULL_REBUILD_V4_0_20260924/01_PRODUCTION_DOCX/O_OUTCOME/OFR-109-D01_I18_顧客價值分析報告_學員培訓前後自我評量表及雷達分析圖呈現提升效果_D1.docx,04_全部文件與歷次版本/TTQS_FULL_REBUILD_V4_0_20260924/04/0311_OFR-109-D01_I18_顧客價值分析報告_學員培訓前後自我評量表及雷達分析圖呈現提升效果_D1.docx,原樣保留；本次尚未確認完成驗收,42300,636fea60636944102f55490d97d294d173f7ba0c1d7d06c4576e0a79cdb24816
312,OFR-110-D01_I18_第三方或官方原件索取與驗證包_指導學員參加技能競賽獲獎_D1.docx,TTQS_FULL_REBUILD_V4_0_20260924/01_PRODUCTION_DOCX/O_OUTCOME/OFR-110-D01_I18_第三方或官方原件索取與驗證包_指導學員參加技能競賽獲獎_D1.docx,04_全部文件與歷次版本/TTQS_FULL_REBUILD_V4_0_20260924/04/0312_OFR-110-D01_I18_第三方或官方原件索取與驗證包_指導學員參加技能競賽獲獎_D1.docx,原樣保留；本次尚未確認完成驗收,41724,73b85407dc3dcb85bbd52c774a55b9d65ca80b4399047ce19d1e04801db6680a
313,OFR-111-D01_I18_第三方或官方原件索取與驗證包_感謝函_D1.docx,TTQS_FULL_REBUILD_V4_0_20260924/01_PRODUCTION_DOCX/O_OUTCOME/OFR-111-D01_I18_第三方或官方原件索取與驗證包_感謝函_D1.docx,04_全部文件與歷次版本/TTQS_FULL_REBUILD_V4_0_20260924/04/0313_OFR-111-D01_I18_第三方或官方原件索取與驗證包_感謝函_D1.docx,原樣保留；本次尚未確認完成驗收,41707,015a02d04e80dc0018014e2bfc353fafe06dfa40b7bb13c5ef163a45e7e980ac
314,OFR-112-D01_I18_第三方或官方原件索取與驗證包_證照獲取率_D1.docx,TTQS_FULL_REBUILD_V4_0_20260924/01_PRODUCTION_DOCX/O_OUTCOME/OFR-112-D01_I18_第三方或官方原件索取與驗證包_證照獲取率_D1.docx,04_全部文件與歷次版本/TTQS_FULL_REBUILD_V4_0_20260924/04/0314_OFR-112-D01_I18_第三方或官方原件索取與驗證包_證照獲取率_D1.docx,原樣保留；本次尚未確認完成驗收,41711,3684ef19c73dd7fcf5a50246efced44e619dba38eddbce3d4309ff0666ab5bf9
315,OFR-112-D02_I18_證照取得率統計口徑與查驗_D2.docx,TTQS_FULL_REBUILD_V4_0_20260924/01_PRODUCTION_DOCX/O_OUTCOME/OFR-112-D02_I18_證照取得率統計口徑與查驗_D2.docx,04_全部文件與歷次版本/TTQS_FULL_REBUILD_V4_0_20260924/04/0315_OFR-112-D02_I18_證照取得率統計口徑與查驗_D2.docx,原樣保留；本次尚未確認完成驗收,42292,a3f0a1163c04a15b01e98c1494b70ae1957d0dd17cdbfda407e9238f43983a3c
316,OFR-113-D01_I18_其他補充佐證規劃與核實紀錄.docx,TTQS_FULL_REBUILD_V4_0_20260924/01_PRODUCTION_DOCX/O_OUTCOME/OFR-113-D01_I18_其他補充佐證規劃與核實紀錄.docx,04_全部文件與歷次版本/TTQS_FULL_REBUILD_V4_0_20260924/04/0316_OFR-113-D01_I18_其他補充佐證規劃與核實紀錄.docx,原樣保留；本次尚未確認完成驗收,41722,d519a013386205603215c1752c14d29b13a3201f816b07b21decb7ee692c3a5b
317,OFR-114-D01_I18_成果評估報告_問卷調查及課後行動計畫評估表等顯示目標客戶及學員認為訓練有績_D1.docx,TTQS_FULL_REBUILD_V4_0_20260924/01_PRODUCTION_DOCX/O_OUTCOME/OFR-114-D01_I18_成果評估報告_問卷調查及課後行動計畫評估表等顯示目標客戶及學員認為訓練有績_D1.docx,04_全部文件與歷次版本/TTQS_FULL_REBUILD_V4_0_20260924/04/0317_OFR-114-D01_I18_成果評估報告_問卷調查及課後行動計畫評估表等顯示目標客戶及學員認為訓練有績_D1.docx,原樣保留；本次尚未確認完成驗收,42345,f753a6989a66d856c43b3131b3bc158237d167193c19fa6f004d84689abed42f
318,OFR-114-D02_I18_課後行動計畫評估表與示範_D2.docx,TTQS_FULL_REBUILD_V4_0_20260924/01_PRODUCTION_DOCX/O_OUTCOME/OFR-114-D02_I18_課後行動計畫評估表與示範_D2.docx,04_全部文件與歷次版本/TTQS_FULL_REBUILD_V4_0_20260924/04/0318_OFR-114-D02_I18_課後行動計畫評估表與示範_D2.docx,原樣保留；本次尚未確認完成驗收,41856,08e1b4ad46edfbd1c5041131fbaec935eafb564ebf3ece4b3d94a76beef19785
319,OFR-114-D03_I18_I18_課後行動計畫評估表與示範_D2_示範填寫版_D3.docx,TTQS_FULL_REBUILD_V4_0_20260924/01_PRODUCTION_DOCX/O_OUTCOME/OFR-114-D03_I18_I18_課後行動計畫評估表與示範_D2_示範填寫版_D3.docx,04_全部文件與歷次版本/TTQS_FULL_REBUILD_V4_0_20260924/04/0319_OFR-114-D03_I18_I18_課後行動計畫評估表與示範_D2_示範填寫版_D3.docx,原樣保留；本次尚未確認完成驗收,41498,2d8b70a4b37f515e672f026e3f814894a971cefa96f73eadb95c29030915defa
320,OFR-115-D01_I18_第三方或官方原件索取與驗證包_提出目標客戶及學員對訓練達組織績效改善之說明財務面_D1.docx,TTQS_FULL_REBUILD_V4_0_20260924/01_PRODUCTION_DOCX/O_OUTCOME/OFR-115-D01_I18_第三方或官方原件索取與驗證包_提出目標客戶及學員對訓練達組織績效改善之說明財務面_D1.docx,04_全部文件與歷次版本/TTQS_FULL_REBUILD_V4_0_20260924/04/0320_OFR-115-D01_I18_第三方或官方原件索取與驗證包_提出目標客戶及學員對訓練達組織績效改善之說明財務面_D1.docx,原樣保留；本次尚未確認完成驗收,41762,98bee19658819312435afa789fb248808688e1281787369cd3f59f61033c1cd1
321,OFR-116-D01_I18_第三方或官方原件索取與驗證包_高證照通過率之證明資料_D1.docx,TTQS_FULL_REBUILD_V4_0_20260924/01_PRODUCTION_DOCX/O_OUTCOME/OFR-116-D01_I18_第三方或官方原件索取與驗證包_高證照通過率之證明資料_D1.docx,04_全部文件與歷次版本/TTQS_FULL_REBUILD_V4_0_20260924/04/0321_OFR-116-D01_I18_第三方或官方原件索取與驗證包_高證照通過率之證明資料_D1.docx,原樣保留；本次尚未確認完成驗收,41715,3830457bb5224bb8b0b54426a49666085e7bd033cff80f39dd65decc08fe1e82
322,OFR-117-D01_I18_第三方或官方原件索取與驗證包_提高薪資紀錄_D1.docx,TTQS_FULL_REBUILD_V4_0_20260924/01_PRODUCTION_DOCX/O_OUTCOME/OFR-117-D01_I18_第三方或官方原件索取與驗證包_提高薪資紀錄_D1.docx,04_全部文件與歷次版本/TTQS_FULL_REBUILD_V4_0_20260924/04/0322_OFR-117-D01_I18_第三方或官方原件索取與驗證包_提高薪資紀錄_D1.docx,原樣保留；本次尚未確認完成驗收,41710,8697aa1b2b8977dadd1237f15b92fc4fa19f00363dd65dce01f307a404f30505
323,OFR-118-D01_I18_資訊系統評估與管理文件_社群網站知識討論區人員使用網站頻率高_D1.docx,TTQS_FULL_REBUILD_V4_0_20260924/01_PRODUCTION_DOCX/O_OUTCOME/OFR-118-D01_I18_資訊系統評估與管理文件_社群網站知識討論區人員使用網站頻率高_D1.docx,04_全部文件與歷次版本/TTQS_FULL_REBUILD_V4_0_20260924/04/0323_OFR-118-D01_I18_資訊系統評估與管理文件_社群網站知識討論區人員使用網站頻率高_D1.docx,原樣保留；本次尚未確認完成驗收,41869,19698ca495012a0f0f66648cec3ad542a959610e6af96139f0be8f74a1a4d912
324,OFR-119-D01_I18_其他補充佐證規劃與核實紀錄.docx,TTQS_FULL_REBUILD_V4_0_20260924/01_PRODUCTION_DOCX/O_OUTCOME/OFR-119-D01_I18_其他補充佐證規劃與核實紀錄.docx,04_全部文件與歷次版本/TTQS_FULL_REBUILD_V4_0_20260924/04/0324_OFR-119-D01_I18_其他補充佐證規劃與核實紀錄.docx,原樣保留；本次尚未確認完成驗收,41723,4455f538c51d448ecd449b26c3691db8340ba1d9eff3efa0eb82a83c3e76d43f
325,OFR-120-D01_I18_顧客價值分析報告_問卷調查及課後行動計畫評估表等顯示目標客戶及學員認為訓練對組_D1.docx,TTQS_FULL_REBUILD_V4_0_20260924/01_PRODUCTION_DOCX/O_OUTCOME/OFR-120-D01_I18_顧客價值分析報告_問卷調查及課後行動計畫評估表等顯示目標客戶及學員認為訓練對組_D1.docx,04_全部文件與歷次版本/TTQS_FULL_REBUILD_V4_0_20260924/04/0325_OFR-120-D01_I18_顧客價值分析報告_問卷調查及課後行動計畫評估表等顯示目標客戶及學員認為訓練對組_D1.docx,原樣保留；本次尚未確認完成驗收,42345,dadd9f2e903fa7adc4f5e9842cfaf80c3748e6196fb5b74e3680daf27c6b3949
326,OFR-120-D02_I18_顯著改善調查工具與完整示範_D2.docx,TTQS_FULL_REBUILD_V4_0_20260924/01_PRODUCTION_DOCX/O_OUTCOME/OFR-120-D02_I18_顯著改善調查工具與完整示範_D2.docx,04_全部文件與歷次版本/TTQS_FULL_REBUILD_V4_0_20260924/04/0326_OFR-120-D02_I18_顯著改善調查工具與完整示範_D2.docx,原樣保留；本次尚未確認完成驗收,41879,8740d491c18f64b5e7dfc7f5fb4d8a7fa74b22e3ea430eef46f0ccbc22d375f0
327,OFR-120-D03_I18_I18_顯著改善調查工具與完整示範_D2_示範填寫版_D3.docx,TTQS_FULL_REBUILD_V4_0_20260924/01_PRODUCTION_DOCX/O_OUTCOME/OFR-120-D03_I18_I18_顯著改善調查工具與完整示範_D2_示範填寫版_D3.docx,04_全部文件與歷次版本/TTQS_FULL_REBUILD_V4_0_20260924/04/0327_OFR-120-D03_I18_I18_顯著改善調查工具與完整示範_D2_示範填寫版_D3.docx,原樣保留；本次尚未確認完成驗收,41524,c500e7ee0d47424f94d92d5a1c2d75a0d8195d767822fcc99c85fc20eb02a1c9
328,OFR-121-D01_I18_第三方或官方原件索取與驗證包_提出目標客戶及學員對訓練達特殊績效之說明社會面其他_D1.docx,TTQS_FULL_REBUILD_V4_0_20260924/01_PRODUCTION_DOCX/O_OUTCOME/OFR-121-D01_I18_第三方或官方原件索取與驗證包_提出目標客戶及學員對訓練達特殊績效之說明社會面其他_D1.docx,04_全部文件與歷次版本/TTQS_FULL_REBUILD_V4_0_20260924/04/0328_OFR-121-D01_I18_第三方或官方原件索取與驗證包_提出目標客戶及學員對訓練達特殊績效之說明社會面其他_D1.docx,原樣保留；本次尚未確認完成驗收,41760,34eb33e769a915929b1c4e2d3c5577b52dac590084bc8f8998222077cbfd54ed
329,OFR-122-D01_I18_成果評估報告_輔導考照及學員回訓率持續提高_D1.docx,TTQS_FULL_REBUILD_V4_0_20260924/01_PRODUCTION_DOCX/O_OUTCOME/OFR-122-D01_I18_成果評估報告_輔導考照及學員回訓率持續提高_D1.docx,04_全部文件與歷次版本/TTQS_FULL_REBUILD_V4_0_20260924/04/0329_OFR-122-D01_I18_成果評估報告_輔導考照及學員回訓率持續提高_D1.docx,原樣保留；本次尚未確認完成驗收,42335,7048eaa2e61aabab713fd545e7dceb27ef38f799c4dc3429d1a9f8cfa5603d20
330,OFR-122-D02_I18_回訓與考照追蹤作業機制_D2.docx,TTQS_FULL_REBUILD_V4_0_20260924/01_PRODUCTION_DOCX/O_OUTCOME/OFR-122-D02_I18_回訓與考照追蹤作業機制_D2.docx,04_全部文件與歷次版本/TTQS_FULL_REBUILD_V4_0_20260924/04/0330_OFR-122-D02_I18_回訓與考照追蹤作業機制_D2.docx,原樣保留；本次尚未確認完成驗收,41812,87c2cba071bcfa549612d680d3d87aad2ded0ccdf2348216290d87d3162c786e
331,OFR-123-D01_I18_第三方或官方原件索取與驗證包_會員人數逐年增加_D1.docx,TTQS_FULL_REBUILD_V4_0_20260924/01_PRODUCTION_DOCX/O_OUTCOME/OFR-123-D01_I18_第三方或官方原件索取與驗證包_會員人數逐年增加_D1.docx,04_全部文件與歷次版本/TTQS_FULL_REBUILD_V4_0_20260924/04/0331_OFR-123-D01_I18_第三方或官方原件索取與驗證包_會員人數逐年增加_D1.docx,原樣保留；本次尚未確認完成驗收,41715,0d774c862cdfe6d99577e3b4a5c678fad66240dd0337c384121c7177eba549a3
332,OFR-124-D01_I18_其他補充佐證規劃與核實紀錄.docx,TTQS_FULL_REBUILD_V4_0_20260924/01_PRODUCTION_DOCX/O_OUTCOME/OFR-124-D01_I18_其他補充佐證規劃與核實紀錄.docx,04_全部文件與歷次版本/TTQS_FULL_REBUILD_V4_0_20260924/04/0332_OFR-124-D01_I18_其他補充佐證規劃與核實紀錄.docx,原樣保留；本次尚未確認完成驗收,41723,553327e40660f9ce2dcca95d79726ed0a4ee9bba241a56a691fb19d236918e47
333,OFR-126-D01_I19_顧客價值分析報告_提出心得與知識分享執行成效系統及流程面_D1.docx,TTQS_FULL_REBUILD_V4_0_20260924/01_PRODUCTION_DOCX/O_OUTCOME/OFR-126-D01_I19_顧客價值分析報告_提出心得與知識分享執行成效系統及流程面_D1.docx,04_全部文件與歷次版本/TTQS_FULL_REBUILD_V4_0_20260924/04/0333_OFR-126-D01_I19_顧客價值分析報告_提出心得與知識分享執行成效系統及流程面_D1.docx,原樣保留；本次尚未確認完成驗收,42311,d2939de96daeda2c4d4428cc7294ae1c520618f1d50a9e2128c0393835fe2627
334,OFR-127-D01_I19_第三方或官方原件索取與驗證包_口頭說明學員訓後就業狀況但未有具體紀錄及評量_D1.docx,TTQS_FULL_REBUILD_V4_0_20260924/01_PRODUCTION_DOCX/O_OUTCOME/OFR-127-D01_I19_第三方或官方原件索取與驗證包_口頭說明學員訓後就業狀況但未有具體紀錄及評量_D1.docx,04_全部文件與歷次版本/TTQS_FULL_REBUILD_V4_0_20260924/04/0334_OFR-127-D01_I19_第三方或官方原件索取與驗證包_口頭說明學員訓後就業狀況但未有具體紀錄及評量_D1.docx,原樣保留；本次尚未確認完成驗收,41754,9f670738ccd42751401afa754c37259421d72a8e63b8bc5c087dddf43724a11f
335,OFR-128-D01_I19_第三方或官方原件索取與驗證包_學員考照通過率有增加但未有具體紀錄及評量_D1.docx,TTQS_FULL_REBUILD_V4_0_20260924/01_PRODUCTION_DOCX/O_OUTCOME/OFR-128-D01_I19_第三方或官方原件索取與驗證包_學員考照通過率有增加但未有具體紀錄及評量_D1.docx,04_全部文件與歷次版本/TTQS_FULL_REBUILD_V4_0_20260924/04/0335_OFR-128-D01_I19_第三方或官方原件索取與驗證包_學員考照通過率有增加但未有具體紀錄及評量_D1.docx,原樣保留；本次尚未確認完成驗收,41748,fd57b50a409b80cf1b382dc5a8c8d190fc17911e12b9747a80a9b10d6ca79ddf
336,OFR-129-D01_I19_第三方或官方原件索取與驗證包_感謝函_D1.docx,TTQS_FULL_REBUILD_V4_0_20260924/01_PRODUCTION_DOCX/O_OUTCOME/OFR-129-D01_I19_第三方或官方原件索取與驗證包_感謝函_D1.docx,04_全部文件與歷次版本/TTQS_FULL_REBUILD_V4_0_20260924/04/0336_OFR-129-D01_I19_第三方或官方原件索取與驗證包_感謝函_D1.docx,原樣保留；本次尚未確認完成驗收,41708,63f92979fbaf6fd0412460a96c0b5056f0b948cc1ae71f890c829314bfe427ac
337,OFR-130-D01_I19_其他補充佐證規劃與核實紀錄.docx,TTQS_FULL_REBUILD_V4_0_20260924/01_PRODUCTION_DOCX/O_OUTCOME/OFR-130-D01_I19_其他補充佐證規劃與核實紀錄.docx,04_全部文件與歷次版本/TTQS_FULL_REBUILD_V4_0_20260924/04/0337_OFR-130-D01_I19_其他補充佐證規劃與核實紀錄.docx,原樣保留；本次尚未確認完成驗收,41632,6df8e5e20836f06627a94a3dea75e6424d8232ed75bc85a209d4c98250bfed4f
338,OFR-132-D01_I19_成果評估報告_相關證據顯示有初步訓練成果且有部份佐證資料_D1.docx,TTQS_FULL_REBUILD_V4_0_20260924/01_PRODUCTION_DOCX/O_OUTCOME/OFR-132-D01_I19_成果評估報告_相關證據顯示有初步訓練成果且有部份佐證資料_D1.docx,04_全部文件與歷次版本/TTQS_FULL_REBUILD_V4_0_20260924/04/0338_OFR-132-D01_I19_成果評估報告_相關證據顯示有初步訓練成果且有部份佐證資料_D1.docx,原樣保留；本次尚未確認完成驗收,42320,698cb20293ee8d1137fb39b5ccc87ee6d33232dac05829363bfcb0deec398be1
339,OFR-133-D01_I19_反應評估與滿意度分析_提出學員滿意度考試測驗或心得報告學習技能面_D1.docx,TTQS_FULL_REBUILD_V4_0_20260924/01_PRODUCTION_DOCX/O_OUTCOME/OFR-133-D01_I19_反應評估與滿意度分析_提出學員滿意度考試測驗或心得報告學習技能面_D1.docx,04_全部文件與歷次版本/TTQS_FULL_REBUILD_V4_0_20260924/04/0339_OFR-133-D01_I19_反應評估與滿意度分析_提出學員滿意度考試測驗或心得報告學習技能面_D1.docx,原樣保留；本次尚未確認完成驗收,41780,73c7fba1906d2a553f0a4a877b7c55f3cf3d4f37e190eeedba881d117a888428
340,OFR-133-D02_I19_學習評量測驗紀錄與分析_D2.docx,TTQS_FULL_REBUILD_V4_0_20260924/01_PRODUCTION_DOCX/O_OUTCOME/OFR-133-D02_I19_學習評量測驗紀錄與分析_D2.docx,04_全部文件與歷次版本/TTQS_FULL_REBUILD_V4_0_20260924/04/0340_OFR-133-D02_I19_學習評量測驗紀錄與分析_D2.docx,原樣保留；本次尚未確認完成驗收,42519,f9cdff0d5dde4d170074a4a7f935ecebe8c6b8992c2b7b474d5e71244523ea77
341,OFR-133-D03_I19_學員心得報告與編碼分析_D3.docx,TTQS_FULL_REBUILD_V4_0_20260924/01_PRODUCTION_DOCX/O_OUTCOME/OFR-133-D03_I19_學員心得報告與編碼分析_D3.docx,04_全部文件與歷次版本/TTQS_FULL_REBUILD_V4_0_20260924/04/0341_OFR-133-D03_I19_學員心得報告與編碼分析_D3.docx,原樣保留；本次尚未確認完成驗收,41937,805d0080f862089599fc913b757369af4a73f9f60cc4fdb1bba6db149fed85ae
342,OFR-134-D01_I19_行為移轉與訓後追蹤_提出課後追蹤調查與分析結果證照通過情形學習技能面_D1.docx,TTQS_FULL_REBUILD_V4_0_20260924/01_PRODUCTION_DOCX/O_OUTCOME/OFR-134-D01_I19_行為移轉與訓後追蹤_提出課後追蹤調查與分析結果證照通過情形學習技能面_D1.docx,04_全部文件與歷次版本/TTQS_FULL_REBUILD_V4_0_20260924/04/0342_OFR-134-D01_I19_行為移轉與訓後追蹤_提出課後追蹤調查與分析結果證照通過情形學習技能面_D1.docx,原樣保留；本次尚未確認完成驗收,41821,d92e931096d31b36296dde85ab6c86255a96a06d2f901beff2a2f0428cb8ac8d
343,OFR-134-D02_I19_證照通過追蹤資料與計算_D2.docx,TTQS_FULL_REBUILD_V4_0_20260924/01_PRODUCTION_DOCX/O_OUTCOME/OFR-134-D02_I19_證照通過追蹤資料與計算_D2.docx,04_全部文件與歷次版本/TTQS_FULL_REBUILD_V4_0_20260924/04/0343_OFR-134-D02_I19_證照通過追蹤資料與計算_D2.docx,原樣保留；本次尚未確認完成驗收,41759,515a717722192bd84c9901cb9121107c51267cfc9ad82af09b25357a7c404eed
344,OFR-135-D01_I19_第三方或官方原件索取與驗證包_部份會員透過訓練後事業成就上突破原有格局_D1.docx,TTQS_FULL_REBUILD_V4_0_20260924/01_PRODUCTION_DOCX/O_OUTCOME/OFR-135-D01_I19_第三方或官方原件索取與驗證包_部份會員透過訓練後事業成就上突破原有格局_D1.docx,04_全部文件與歷次版本/TTQS_FULL_REBUILD_V4_0_20260924/04/0344_OFR-135-D01_I19_第三方或官方原件索取與驗證包_部份會員透過訓練後事業成就上突破原有格局_D1.docx,原樣保留；本次尚未確認完成驗收,41748,bec3320238f8fc9e2f3c7454f7a0d9e479197681a42811b67068db8d1f5e5584
345,OFR-136-D01_I19_第三方或官方原件索取與驗證包_企業主雇用結訓後學員肯定機構訓練的成效_D1.docx,TTQS_FULL_REBUILD_V4_0_20260924/01_PRODUCTION_DOCX/O_OUTCOME/OFR-136-D01_I19_第三方或官方原件索取與驗證包_企業主雇用結訓後學員肯定機構訓練的成效_D1.docx,04_全部文件與歷次版本/TTQS_FULL_REBUILD_V4_0_20260924/04/0345_OFR-136-D01_I19_第三方或官方原件索取與驗證包_企業主雇用結訓後學員肯定機構訓練的成效_D1.docx,原樣保留；本次尚未確認完成驗收,41742,5bde45033c10f84b1b35c4a20f6843830b075dd8b64e8a9a689c76cf67d4d38a
346,OFR-136-D02_I19_雇主肯定函與聘僱資料索取驗證包_D2.docx,TTQS_FULL_REBUILD_V4_0_20260924/01_PRODUCTION_DOCX/O_OUTCOME/OFR-136-D02_I19_雇主肯定函與聘僱資料索取驗證包_D2.docx,04_全部文件與歷次版本/TTQS_FULL_REBUILD_V4_0_20260924/04/0346_OFR-136-D02_I19_雇主肯定函與聘僱資料索取驗證包_D2.docx,原樣保留；本次尚未確認完成驗收,41742,0500c1671fc9460ab714a11805077d75638b831e85ffc5a070efcadd3fa67df5
347,OFR-137-D01_I19_第三方或官方原件索取與驗證包_部份學員能運用所學於職務中_D1.docx,TTQS_FULL_REBUILD_V4_0_20260924/01_PRODUCTION_DOCX/O_OUTCOME/OFR-137-D01_I19_第三方或官方原件索取與驗證包_部份學員能運用所學於職務中_D1.docx,04_全部文件與歷次版本/TTQS_FULL_REBUILD_V4_0_20260924/04/0347_OFR-137-D01_I19_第三方或官方原件索取與驗證包_部份學員能運用所學於職務中_D1.docx,原樣保留；本次尚未確認完成驗收,41728,03e3fa476db0e6477cb2d42d91992219493a2768aa21138c9d6658ac50328712
348,OFR-138-D01_I19_第三方或官方原件索取與驗證包_進行訓後薪資調查部份訓後學員微幅調薪_D1.docx,TTQS_FULL_REBUILD_V4_0_20260924/01_PRODUCTION_DOCX/O_OUTCOME/OFR-138-D01_I19_第三方或官方原件索取與驗證包_進行訓後薪資調查部份訓後學員微幅調薪_D1.docx,04_全部文件與歷次版本/TTQS_FULL_REBUILD_V4_0_20260924/04/0348_OFR-138-D01_I19_第三方或官方原件索取與驗證包_進行訓後薪資調查部份訓後學員微幅調薪_D1.docx,原樣保留；本次尚未確認完成驗收,41741,266cb413bf49c67088852098bcb8fc194c6cd5306bde27106020217f0bfee369
349,OFR-139-D01_I19_其他補充佐證規劃與核實紀錄.docx,TTQS_FULL_REBUILD_V4_0_20260924/01_PRODUCTION_DOCX/O_OUTCOME/OFR-139-D01_I19_其他補充佐證規劃與核實紀錄.docx,04_全部文件與歷次版本/TTQS_FULL_REBUILD_V4_0_20260924/04/0349_OFR-139-D01_I19_其他補充佐證規劃與核實紀錄.docx,原樣保留；本次尚未確認完成驗收,41634,399da92c0b148d11e9dc022da4d3278f00d3aec0bd93678a398eb3291ed61226
350,OFR-140-D01_I19_市場與顧客價值成果報告_有量化之效益可呈現目標市場及顧客價值均有一定程度提升的效果_D1.docx,TTQS_FULL_REBUILD_V4_0_20260924/01_PRODUCTION_DOCX/O_OUTCOME/OFR-140-D01_I19_市場與顧客價值成果報告_有量化之效益可呈現目標市場及顧客價值均有一定程度提升的效果_D1.docx,04_全部文件與歷次版本/TTQS_FULL_REBUILD_V4_0_20260924/04/0350_OFR-140-D01_I19_市場與顧客價值成果報告_有量化之效益可呈現目標市場及顧客價值均有一定程度提升的效果_D1.docx,原樣保留；本次尚未確認完成驗收,42912,e7b28dea20bb9ea6f125cfabaa0202653532793b0aec1fe3fb819bfd8b577b8a
351,OFR-141-D01_I19_第三方或官方原件索取與驗證包_相關證據顯示個人訓練後之績效改善成果_D1.docx,TTQS_FULL_REBUILD_V4_0_20260924/01_PRODUCTION_DOCX/O_OUTCOME/OFR-141-D01_I19_第三方或官方原件索取與驗證包_相關證據顯示個人訓練後之績效改善成果_D1.docx,04_全部文件與歷次版本/TTQS_FULL_REBUILD_V4_0_20260924/04/0351_OFR-141-D01_I19_第三方或官方原件索取與驗證包_相關證據顯示個人訓練後之績效改善成果_D1.docx,原樣保留；本次尚未確認完成驗收,41731,5da98988cae3858e0ac38c58329f3228c25fc66b1dedf5c117fe3ffd72bdb559
352,OFR-142-D01_I19_市場與顧客價值成果報告_提出市場競爭力營業額工作流程成本控制或客訴率等營運表現財務面_D1.docx,TTQS_FULL_REBUILD_V4_0_20260924/01_PRODUCTION_DOCX/O_OUTCOME/OFR-142-D01_I19_市場與顧客價值成果報告_提出市場競爭力營業額工作流程成本控制或客訴率等營運表現財務面_D1.docx,04_全部文件與歷次版本/TTQS_FULL_REBUILD_V4_0_20260924/04/0352_OFR-142-D01_I19_市場與顧客價值成果報告_提出市場競爭力營業額工作流程成本控制或客訴率等營運表現財務面_D1.docx,原樣保留；本次尚未確認完成驗收,42936,aca19a492cf4ef999a927dde048cdfa62955d3962bc250537d43c74526800464
353,OFR-142-D02_I19_工作流程與客訴指標分析_D2.docx,TTQS_FULL_REBUILD_V4_0_20260924/01_PRODUCTION_DOCX/O_OUTCOME/OFR-142-D02_I19_工作流程與客訴指標分析_D2.docx,04_全部文件與歷次版本/TTQS_FULL_REBUILD_V4_0_20260924/04/0353_OFR-142-D02_I19_工作流程與客訴指標分析_D2.docx,原樣保留；本次尚未確認完成驗收,42372,c1237484cae60d2f6955806c2e9e7e6d981c253c3d27a6edbfbf41c2c7c8a13c
354,OFR-142-D03_I19_成本控制與財務來源核實包_D3.docx,TTQS_FULL_REBUILD_V4_0_20260924/01_PRODUCTION_DOCX/O_OUTCOME/OFR-142-D03_I19_成本控制與財務來源核實包_D3.docx,04_全部文件與歷次版本/TTQS_FULL_REBUILD_V4_0_20260924/04/0354_OFR-142-D03_I19_成本控制與財務來源核實包_D3.docx,原樣保留；本次尚未確認完成驗收,41778,b54cf1b748b3dfea02e91414c7960b741d20021015a779f6070a8c8ae408f957
355,OFR-143-D01_I19_第三方或官方原件索取與驗證包_學員訓後創業案例_D1.docx,TTQS_FULL_REBUILD_V4_0_20260924/01_PRODUCTION_DOCX/O_OUTCOME/OFR-143-D01_I19_第三方或官方原件索取與驗證包_學員訓後創業案例_D1.docx,04_全部文件與歷次版本/TTQS_FULL_REBUILD_V4_0_20260924/04/0355_OFR-143-D01_I19_第三方或官方原件索取與驗證包_學員訓後創業案例_D1.docx,原樣保留；本次尚未確認完成驗收,41717,8f5885b413ee343ec6ea0f45adfd53f46190bf04c443ca84229803fc64cf3260
356,OFR-144-D01_I19_市場與顧客價值成果報告_學員證照通過就業率高_D1.docx,TTQS_FULL_REBUILD_V4_0_20260924/01_PRODUCTION_DOCX/O_OUTCOME/OFR-144-D01_I19_市場與顧客價值成果報告_學員證照通過就業率高_D1.docx,04_全部文件與歷次版本/TTQS_FULL_REBUILD_V4_0_20260924/04/0356_OFR-144-D01_I19_市場與顧客價值成果報告_學員證照通過就業率高_D1.docx,原樣保留；本次尚未確認完成驗收,42891,40f97062808144f69d70403615ae8d397fc5f2679d9d286e320fbf665a35bf0d
357,OFR-144-D02_I19_就業率第三方資料索取驗證包_D2.docx,TTQS_FULL_REBUILD_V4_0_20260924/01_PRODUCTION_DOCX/O_OUTCOME/OFR-144-D02_I19_就業率第三方資料索取驗證包_D2.docx,04_全部文件與歷次版本/TTQS_FULL_REBUILD_V4_0_20260924/04/0357_OFR-144-D02_I19_就業率第三方資料索取驗證包_D2.docx,原樣保留；本次尚未確認完成驗收,41719,a70716c1ff3403710b0569df237158ab8b2c3299c7f62d43edd1711c5e0c97b8
358,OFR-145-D01_I19_成果評估報告_個人產品不良件數有下降趨勢_D1.docx,TTQS_FULL_REBUILD_V4_0_20260924/01_PRODUCTION_DOCX/O_OUTCOME/OFR-145-D01_I19_成果評估報告_個人產品不良件數有下降趨勢_D1.docx,04_全部文件與歷次版本/TTQS_FULL_REBUILD_V4_0_20260924/04/0358_OFR-145-D01_I19_成果評估報告_個人產品不良件數有下降趨勢_D1.docx,原樣保留；本次尚未確認完成驗收,42311,f667366947f2e7c4524a167581062bf3fd41ebf76557e6c60d731c5c30a555e7
359,OFR-147-D01_I19_市場與顧客價值成果報告_會員人數及會費收入均逐年增加_D1.docx,TTQS_FULL_REBUILD_V4_0_20260924/01_PRODUCTION_DOCX/O_OUTCOME/OFR-147-D01_I19_市場與顧客價值成果報告_會員人數及會費收入均逐年增加_D1.docx,04_全部文件與歷次版本/TTQS_FULL_REBUILD_V4_0_20260924/04/0359_OFR-147-D01_I19_市場與顧客價值成果報告_會員人數及會費收入均逐年增加_D1.docx,原樣保留；本次尚未確認完成驗收,42901,a18415dd3b2667f51e23100b853465731fd08f234ad50b7cb120275d1434a709
360,OFR-147-D02_I19_會員與會費收入趨勢分析_D2.docx,TTQS_FULL_REBUILD_V4_0_20260924/01_PRODUCTION_DOCX/O_OUTCOME/OFR-147-D02_I19_會員與會費收入趨勢分析_D2.docx,04_全部文件與歷次版本/TTQS_FULL_REBUILD_V4_0_20260924/04/0360_OFR-147-D02_I19_會員與會費收入趨勢分析_D2.docx,原樣保留；本次尚未確認完成驗收,41727,460806de393d1144919dd95e776c2d9b23386ea17a2066dec6315c2759beb7ac
361,OFR-148-D01_I19_其他補充佐證規劃與核實紀錄.docx,TTQS_FULL_REBUILD_V4_0_20260924/01_PRODUCTION_DOCX/O_OUTCOME/OFR-148-D01_I19_其他補充佐證規劃與核實紀錄.docx,04_全部文件與歷次版本/TTQS_FULL_REBUILD_V4_0_20260924/04/0361_OFR-148-D01_I19_其他補充佐證規劃與核實紀錄.docx,原樣保留；本次尚未確認完成驗收,41633,a558be6ad27915747f467a12ea293b9aa929170f23881e54b8aae5b38b616665
362,OFR-149-D01_I19_市場與顧客價值成果報告_經營績效中之數據呈現目標市場及顧客價值均有顯著具體的提升績效_D1.docx,TTQS_FULL_REBUILD_V4_0_20260924/01_PRODUCTION_DOCX/O_OUTCOME/OFR-149-D01_I19_市場與顧客價值成果報告_經營績效中之數據呈現目標市場及顧客價值均有顯著具體的提升績效_D1.docx,04_全部文件與歷次版本/TTQS_FULL_REBUILD_V4_0_20260924/04/0362_OFR-149-D01_I19_市場與顧客價值成果報告_經營績效中之數據呈現目標市場及顧客價值均有顯著具體的提升績效_D1.docx,原樣保留；本次尚未確認完成驗收,42912,5a9d01881b443712c8d61fcf52d260da78fbc199324645d18ff04fdd65f9ed1a
363,OFR-149-D02_I19_經營績效原始財務資料索取包_D2.docx,TTQS_FULL_REBUILD_V4_0_20260924/01_PRODUCTION_DOCX/O_OUTCOME/OFR-149-D02_I19_經營績效原始財務資料索取包_D2.docx,04_全部文件與歷次版本/TTQS_FULL_REBUILD_V4_0_20260924/04/0363_OFR-149-D02_I19_經營績效原始財務資料索取包_D2.docx,原樣保留；本次尚未確認完成驗收,41779,b6f3298ffa4a98a6ac4c8f8520423c9f7d6b860ef44239a844db87de88a9989b
364,OFR-150-D01_I19_第三方或官方原件索取與驗證包_提出參與社會公益活動獲頒公民營單位獎項結合學校單位產學或研發_D1.docx,TTQS_FULL_REBUILD_V4_0_20260924/01_PRODUCTION_DOCX/O_OUTCOME/OFR-150-D01_I19_第三方或官方原件索取與驗證包_提出參與社會公益活動獲頒公民營單位獎項結合學校單位產學或研發_D1.docx,04_全部文件與歷次版本/TTQS_FULL_REBUILD_V4_0_20260924/04/0364_OFR-150-D01_I19_第三方或官方原件索取與驗證包_提出參與社會公益活動獲頒公民營單位獎項結合學校單位產學或研發_D1.docx,原樣保留；本次尚未確認完成驗收,41775,f5bcc2559c55d3b2d8603187f823916eb815503d391cb0275897657d1c366e3e
365,OFR-150-D02_I19_公益活動參與證明索取包_D2.docx,TTQS_FULL_REBUILD_V4_0_20260924/01_PRODUCTION_DOCX/O_OUTCOME/OFR-150-D02_I19_公益活動參與證明索取包_D2.docx,04_全部文件與歷次版本/TTQS_FULL_REBUILD_V4_0_20260924/04/0365_OFR-150-D02_I19_公益活動參與證明索取包_D2.docx,原樣保留；本次尚未確認完成驗收,41776,66fb3a8e964ba9d75a05dd31f37fe90cf60907b71561f364c4f4aa8223545630
366,OFR-150-D03_I19_獎項核實與證書索取包_D3.docx,TTQS_FULL_REBUILD_V4_0_20260924/01_PRODUCTION_DOCX/O_OUTCOME/OFR-150-D03_I19_獎項核實與證書索取包_D3.docx,04_全部文件與歷次版本/TTQS_FULL_REBUILD_V4_0_20260924/04/0366_OFR-150-D03_I19_獎項核實與證書索取包_D3.docx,原樣保留；本次尚未確認完成驗收,41776,b6947ea763d74a4358ce7f8d03815ddf0a5156555f1338fd0ec4a20b83f34cd1
367,OFR-150-D04_I19_學校合作成果核實包_D4.docx,TTQS_FULL_REBUILD_V4_0_20260924/01_PRODUCTION_DOCX/O_OUTCOME/OFR-150-D04_I19_學校合作成果核實包_D4.docx,04_全部文件與歷次版本/TTQS_FULL_REBUILD_V4_0_20260924/04/0367_OFR-150-D04_I19_學校合作成果核實包_D4.docx,原樣保留；本次尚未確認完成驗收,41778,9b06ead6ac50476bdb7e7337cefe0eeab1d2cb79ed7ee7fff52f88742cfae9d4
368,OFR-151-D01_I19_第三方或官方原件索取與驗證包_提出報章雜誌採訪或電子媒體訪問之正面消息其他_D1.docx,TTQS_FULL_REBUILD_V4_0_20260924/01_PRODUCTION_DOCX/O_OUTCOME/OFR-151-D01_I19_第三方或官方原件索取與驗證包_提出報章雜誌採訪或電子媒體訪問之正面消息其他_D1.docx,04_全部文件與歷次版本/TTQS_FULL_REBUILD_V4_0_20260924/04/0368_OFR-151-D01_I19_第三方或官方原件索取與驗證包_提出報章雜誌採訪或電子媒體訪問之正面消息其他_D1.docx,原樣保留；本次尚未確認完成驗收,41756,fab991a726d6bb3cd841e9346bb56220441725aa14e9fc00d12dfca72267a158
369,OFR-152-D01_I19_第三方或官方原件索取與驗證包_個人績效提升薪資提升或獎勵升遷之紀錄_D1.docx,TTQS_FULL_REBUILD_V4_0_20260924/01_PRODUCTION_DOCX/O_OUTCOME/OFR-152-D01_I19_第三方或官方原件索取與驗證包_個人績效提升薪資提升或獎勵升遷之紀錄_D1.docx,04_全部文件與歷次版本/TTQS_FULL_REBUILD_V4_0_20260924/04/0369_OFR-152-D01_I19_第三方或官方原件索取與驗證包_個人績效提升薪資提升或獎勵升遷之紀錄_D1.docx,原樣保留；本次尚未確認完成驗收,41740,1f52ef1503fd0e7964d995863f00ebb383ae33107a91ecec891127901aecb7aa
370,OFR-153-D01_I19_市場與顧客價值成果報告_證照通過率高及就業率大幅提升_D1.docx,TTQS_FULL_REBUILD_V4_0_20260924/01_PRODUCTION_DOCX/O_OUTCOME/OFR-153-D01_I19_市場與顧客價值成果報告_證照通過率高及就業率大幅提升_D1.docx,04_全部文件與歷次版本/TTQS_FULL_REBUILD_V4_0_20260924/04/0370_OFR-153-D01_I19_市場與顧客價值成果報告_證照通過率高及就業率大幅提升_D1.docx,原樣保留；本次尚未確認完成驗收,42899,d62671c913bf330569f4c8857cf4f0b64d59def5de9102b845ffb52961dee05a
371,OFR-153-D02_I19_就業率統計與雇主驗證包_D2.docx,TTQS_FULL_REBUILD_V4_0_20260924/01_PRODUCTION_DOCX/O_OUTCOME/OFR-153-D02_I19_就業率統計與雇主驗證包_D2.docx,04_全部文件與歷次版本/TTQS_FULL_REBUILD_V4_0_20260924/04/0371_OFR-153-D02_I19_就業率統計與雇主驗證包_D2.docx,原樣保留；本次尚未確認完成驗收,41730,9693c972193a2e84403b2129707a072adca18ad173988e39b528721c2ef54560
372,OFR-154-D01_I19_資訊系統評估與管理文件_運用資訊系統普及率_D1.docx,TTQS_FULL_REBUILD_V4_0_20260924/01_PRODUCTION_DOCX/O_OUTCOME/OFR-154-D01_I19_資訊系統評估與管理文件_運用資訊系統普及率_D1.docx,04_全部文件與歷次版本/TTQS_FULL_REBUILD_V4_0_20260924/04/0372_OFR-154-D01_I19_資訊系統評估與管理文件_運用資訊系統普及率_D1.docx,原樣保留；本次尚未確認完成驗收,41844,720533bf1fec045782f311d18953396638c39c938a76c9a2d2f7a65277f78a8c
373,OFR-155-D01_I19_反應評估與滿意度分析_顧客滿意度提升_D1.docx,TTQS_FULL_REBUILD_V4_0_20260924/01_PRODUCTION_DOCX/O_OUTCOME/OFR-155-D01_I19_反應評估與滿意度分析_顧客滿意度提升_D1.docx,04_全部文件與歷次版本/TTQS_FULL_REBUILD_V4_0_20260924/04/0373_OFR-155-D01_I19_反應評估與滿意度分析_顧客滿意度提升_D1.docx,原樣保留；本次尚未確認完成驗收,41739,7330f24fba18241b1c2516b5719602dc5b002c2884d9b738043b232cb2207bc6
374,OFR-155-D02_I19_顧客滿意度追蹤問卷_D2.docx,TTQS_FULL_REBUILD_V4_0_20260924/01_PRODUCTION_DOCX/O_OUTCOME/OFR-155-D02_I19_顧客滿意度追蹤問卷_D2.docx,04_全部文件與歷次版本/TTQS_FULL_REBUILD_V4_0_20260924/04/0374_OFR-155-D02_I19_顧客滿意度追蹤問卷_D2.docx,原樣保留；本次尚未確認完成驗收,41783,6fe9b2fef1866805b10c1cdc2ef703b7ec00c53d642b5952c33818b452822c8e
375,OFR-155-D03_I19_I19_顧客滿意度追蹤問卷_D2_示範填寫版_D3.docx,TTQS_FULL_REBUILD_V4_0_20260924/01_PRODUCTION_DOCX/O_OUTCOME/OFR-155-D03_I19_I19_顧客滿意度追蹤問卷_D2_示範填寫版_D3.docx,04_全部文件與歷次版本/TTQS_FULL_REBUILD_V4_0_20260924/04/0375_OFR-155-D03_I19_I19_顧客滿意度追蹤問卷_D2_示範填寫版_D3.docx,原樣保留；本次尚未確認完成驗收,41433,88c7c64c7b12827d0f3aa95bb671f79c7eb645c6feb4d8fd47a4971ac5584d4f
376,OFR-156-D01_I19_第三方或官方原件索取與驗證包_組織近三年營業額持續成長_D1.docx,TTQS_FULL_REBUILD_V4_0_20260924/01_PRODUCTION_DOCX/O_OUTCOME/OFR-156-D01_I19_第三方或官方原件索取與驗證包_組織近三年營業額持續成長_D1.docx,04_全部文件與歷次版本/TTQS_FULL_REBUILD_V4_0_20260924/04/0376_OFR-156-D01_I19_第三方或官方原件索取與驗證包_組織近三年營業額持續成長_D1.docx,原樣保留；本次尚未確認完成驗收,41729,5531615644e2733192b2ce4ba8d897270271d14fd0e4365224bea7e59c091fcc
377,OFR-157-D01_I19_其他補充佐證規劃與核實紀錄.docx,TTQS_FULL_REBUILD_V4_0_20260924/01_PRODUCTION_DOCX/O_OUTCOME/OFR-157-D01_I19_其他補充佐證規劃與核實紀錄.docx,04_全部文件與歷次版本/TTQS_FULL_REBUILD_V4_0_20260924/04/0377_OFR-157-D01_I19_其他補充佐證規劃與核實紀錄.docx,原樣保留；本次尚未確認完成驗收,41635,34ba29f61d90122c47a73ffae1098e2f1c8234b7940f48a1600bca9734871eb4
378,OFR-125-D01_I19_市場與顧客價值成果報告_目標市場及顧客價值均有提升然而未有具體紀錄及評量_D1.docx,TTQS_FULL_REBUILD_V4_0_20260924/01_PRODUCTION_DOCX/O_OUTCOME/OFR-125-D01_I19_市場與顧客價值成果報告_目標市場及顧客價值均有提升然而未有具體紀錄及評量_D1.docx,04_全部文件與歷次版本/TTQS_FULL_REBUILD_V4_0_20260924/04/0378_OFR-125-D01_I19_市場與顧客價值成果報告_目標市場及顧客價值均有提升然而未有具體紀錄及評量_D1.docx,原樣保留；本次尚未確認完成驗收,42956,32d19535aa0c5ebdcb68efa90351d2178d717d05e07c0734595a61d05dd8f70d
379,OFR-131-D01_I19_市場與顧客價值成果報告_有具體紀錄可辨識目標市場及顧客價值均有部份提升效果_D1.docx,TTQS_FULL_REBUILD_V4_0_20260924/01_PRODUCTION_DOCX/O_OUTCOME/OFR-131-D01_I19_市場與顧客價值成果報告_有具體紀錄可辨識目標市場及顧客價值均有部份提升效果_D1.docx,04_全部文件與歷次版本/TTQS_FULL_REBUILD_V4_0_20260924/04/0379_OFR-131-D01_I19_市場與顧客價值成果報告_有具體紀錄可辨識目標市場及顧客價值均有部份提升效果_D1.docx,原樣保留；本次尚未確認完成驗收,42956,f69ed3df1291469b79e1fa1ea3d4b6b55858278f30503ffa90b3921682f10955
380,OFR-146-D01_I19_市場與顧客價值成果報告_每年訓練班次人次均持續成長_D1.docx,TTQS_FULL_REBUILD_V4_0_20260924/01_PRODUCTION_DOCX/O_OUTCOME/OFR-146-D01_I19_市場與顧客價值成果報告_每年訓練班次人次均持續成長_D1.docx,04_全部文件與歷次版本/TTQS_FULL_REBUILD_V4_0_20260924/04/0380_OFR-146-D01_I19_市場與顧客價值成果報告_每年訓練班次人次均持續成長_D1.docx,原樣保留；本次尚未確認完成驗收,42942,c5b9838ccbe3adda89592676f1dce00a08d9115fd53b2828269d78d7eaa39d8a
381,OFR-146-D02_I19_年度訓練班次人次趨勢分析_D2.docx,TTQS_FULL_REBUILD_V4_0_20260924/01_PRODUCTION_DOCX/O_OUTCOME/OFR-146-D02_I19_年度訓練班次人次趨勢分析_D2.docx,04_全部文件與歷次版本/TTQS_FULL_REBUILD_V4_0_20260924/04/0381_OFR-146-D02_I19_年度訓練班次人次趨勢分析_D2.docx,原樣保留；本次尚未確認完成驗收,42942,5723c56fedc6c4f441d692f18fb3d82ffef0b93260dab077825c5bca1159339b
382,QA_REPAIR_PROBE.docx,TTQS_FULL_REBUILD_V4_0_20260924/08_SOURCE_TRACE/QA_REPAIR_PROBE.docx,04_全部文件與歷次版本/TTQS_FULL_REBUILD_V4_0_20260924/04/0382_QA_REPAIR_PROBE.docx,原樣保留；本次尚未確認完成驗收,43177,24051546847858896af80f9b2ca7ef3d90500ee8016516e2c4b2ab467730eb23
383,OFR-001-D01_I01_中長程策略地圖_中長程的業務發展規劃策略地圖p13OOO手冊中第O頁官網首頁_D1.docx,TTQS_FULL_REBUILD_V4_0_20260924/08_SOURCE_TRACE/PRE_RENDER_CANARY_V1/OFR-001-D01_I01_中長程策略地圖_中長程的業務發展規劃策略地圖p13OOO手冊中第O頁官網首頁_D1.docx,04_全部文件與歷次版本/TTQS_FULL_REBUILD_V4_0_20260924/04/0383_OFR-001-D01_I01_中長程策略地圖_中長程的業務發展規劃策略地圖p13OOO手冊中第O頁官網首頁_D1.docx,原樣保留；本次尚未確認完成驗收,42754,9e528d68e8a90448c7666b6ae5b8441da28d72dbe851b5da2d27b87eb973bcf0
384,OFR-002-D01_I01_市場需求調查問卷_目標市場需求調查_D1.docx,TTQS_FULL_REBUILD_V4_0_20260924/08_SOURCE_TRACE/PRE_RENDER_CANARY_V1/OFR-002-D01_I01_市場需求調查問卷_目標市場需求調查_D1.docx,04_全部文件與歷次版本/TTQS_FULL_REBUILD_V4_0_20260924/04/0384_OFR-002-D01_I01_市場需求調查問卷_目標市場需求調查_D1.docx,原樣保留；本次尚未確認完成驗收,42521,6390e9de57e5cf97456f1776ba20cfe12c08f5fbf467ec87909686655673ef88
385,OFR-002-D02_I01_目標市場需求調查分析報告_D2.docx,TTQS_FULL_REBUILD_V4_0_20260924/08_SOURCE_TRACE/PRE_RENDER_CANARY_V1/OFR-002-D02_I01_目標市場需求調查分析報告_D2.docx,04_全部文件與歷次版本/TTQS_FULL_REBUILD_V4_0_20260924/04/0385_OFR-002-D02_I01_目標市場需求調查分析報告_D2.docx,原樣保留；本次尚未確認完成驗收,42446,8c3acee6be9b00583e027c20818f866a9b4e6974eb842bafa7fe137093e5543c
386,OFR-007-D01_I01_其他補充佐證規劃與核實紀錄.docx,TTQS_FULL_REBUILD_V4_0_20260924/08_SOURCE_TRACE/PRE_RENDER_CANARY_V1/OFR-007-D01_I01_其他補充佐證規劃與核實紀錄.docx,04_全部文件與歷次版本/TTQS_FULL_REBUILD_V4_0_20260924/04/0386_OFR-007-D01_I01_其他補充佐證規劃與核實紀錄.docx,原樣保留；本次尚未確認完成驗收,41576,07544ad6153ce3da865d257dc5334548c13c15b80f6ccc6f810f1e588d58c519
387,OFR-011-D01_I02_對外訓練政策_公開公布訓練機構年度訓練課程_D1.docx,TTQS_FULL_REBUILD_V4_0_20260924/08_SOURCE_TRACE/PRE_RENDER_CANARY_V1/OFR-011-D01_I02_對外訓練政策_公開公布訓練機構年度訓練課程_D1.docx,04_全部文件與歷次版本/TTQS_FULL_REBUILD_V4_0_20260924/04/0387_OFR-011-D01_I02_對外訓練政策_公開公布訓練機構年度訓練課程_D1.docx,原樣保留；本次尚未確認完成驗收,41752,0fa00b4cfa60fac7a954e21a64370dda52a041381c8153ae59d649c3f2e89326
388,OFR-020-D01_I04_課程規劃書_不同訓練課程的設計與規劃方向_D1.docx,TTQS_FULL_REBUILD_V4_0_20260924/08_SOURCE_TRACE/PRE_RENDER_CANARY_V1/OFR-020-D01_I04_課程規劃書_不同訓練課程的設計與規劃方向_D1.docx,04_全部文件與歷次版本/TTQS_FULL_REBUILD_V4_0_20260924/04/0388_OFR-020-D01_I04_課程規劃書_不同訓練課程的設計與規劃方向_D1.docx,原樣保留；本次尚未確認完成驗收,43086,fa50f405a59b58e0bb3d44d0ceb949bce60e6e099752a98ca648cb4fbf67400f
389,OFR-022-D01_I04_標準作業程序書_訓練結果的評估訓練實施的依據及標準化作業流程SOP_D1.docx,TTQS_FULL_REBUILD_V4_0_20260924/08_SOURCE_TRACE/PRE_RENDER_CANARY_V1/OFR-022-D01_I04_標準作業程序書_訓練結果的評估訓練實施的依據及標準化作業流程SOP_D1.docx,04_全部文件與歷次版本/TTQS_FULL_REBUILD_V4_0_20260924/04/0389_OFR-022-D01_I04_標準作業程序書_訓練結果的評估訓練實施的依據及標準化作業流程SOP_D1.docx,原樣保留；本次尚未確認完成驗收,41760,aaadb2f0e44d9ac3c234c308fad5e66352d4bf3beddbd3657b32f2fd144ff2b6
390,OFR-040-D01_I08_利害關係人會議紀錄_課程規劃會議紀錄展現訓練課程設計流程擬定訓練評估方法並作為訓_D1.docx,TTQS_FULL_REBUILD_V4_0_20260924/08_SOURCE_TRACE/PRE_RENDER_CANARY_V1/OFR-040-D01_I08_利害關係人會議紀錄_課程規劃會議紀錄展現訓練課程設計流程擬定訓練評估方法並作為訓_D1.docx,04_全部文件與歷次版本/TTQS_FULL_REBUILD_V4_0_20260924/04/0390_OFR-040-D01_I08_利害關係人會議紀錄_課程規劃會議紀錄展現訓練課程設計流程擬定訓練評估方法並作為訓_D1.docx,原樣保留；本次尚未確認完成驗收,41760,ea4e8b0ede5430ac7336b0ffbee6841a9d97ef97a6f0cdeb0a80ccf4ead000a7
391,OFR-058-D01_I12_甄選與採購文件_講師的遴聘依師資遴選標準及流程評選並經訓練管理委員會通過後發_D1.docx,TTQS_FULL_REBUILD_V4_0_20260924/08_SOURCE_TRACE/PRE_RENDER_CANARY_V1/OFR-058-D01_I12_甄選與採購文件_講師的遴聘依師資遴選標準及流程評選並經訓練管理委員會通過後發_D1.docx,04_全部文件與歷次版本/TTQS_FULL_REBUILD_V4_0_20260924/04/0391_OFR-058-D01_I12_甄選與採購文件_講師的遴聘依師資遴選標準及流程評選並經訓練管理委員會通過後發_D1.docx,原樣保留；本次尚未確認完成驗收,41905,874b68e68b3bd3f6a2ff3e91ac3cd0e3531e0fe611795f03a629f06a59f927f4
392,OFR-072-D01_I15_班級結案報告_訓練的結案報告包括資源的運用財務的支配訓練成果的展現檢討及改_D1.docx,TTQS_FULL_REBUILD_V4_0_20260924/08_SOURCE_TRACE/PRE_RENDER_CANARY_V1/OFR-072-D01_I15_班級結案報告_訓練的結案報告包括資源的運用財務的支配訓練成果的展現檢討及改_D1.docx,04_全部文件與歷次版本/TTQS_FULL_REBUILD_V4_0_20260924/04/0392_OFR-072-D01_I15_班級結案報告_訓練的結案報告包括資源的運用財務的支配訓練成果的展現檢討及改_D1.docx,原樣保留；本次尚未確認完成驗收,44641,aa47d9321e6264eaf811cb8c8ad5bbda2fe2eea326962a8b0486726b7501e431
393,OFR-077-D01_I16_異常處理與改善追蹤_訓練異常處理方法紀錄與工具_D1.docx,TTQS_FULL_REBUILD_V4_0_20260924/08_SOURCE_TRACE/PRE_RENDER_CANARY_V1/OFR-077-D01_I16_異常處理與改善追蹤_訓練異常處理方法紀錄與工具_D1.docx,04_全部文件與歷次版本/TTQS_FULL_REBUILD_V4_0_20260924/04/0393_OFR-077-D01_I16_異常處理與改善追蹤_訓練異常處理方法紀錄與工具_D1.docx,原樣保留；本次尚未確認完成驗收,41668,afb20ba6888ea099a6258bbc9f4a01d2f55963a926a7171d778ebd026d909221
394,OFR-080-D01_I17_反應評估與滿意度分析_課後滿意度調查分析與課後檢討講師學員人資部門主管等利益關係人_D1.docx,TTQS_FULL_REBUILD_V4_0_20260924/08_SOURCE_TRACE/PRE_RENDER_CANARY_V1/OFR-080-D01_I17_反應評估與滿意度分析_課後滿意度調查分析與課後檢討講師學員人資部門主管等利益關係人_D1.docx,04_全部文件與歷次版本/TTQS_FULL_REBUILD_V4_0_20260924/04/0394_OFR-080-D01_I17_反應評估與滿意度分析_課後滿意度調查分析與課後檢討講師學員人資部門主管等利益關係人_D1.docx,原樣保留；本次尚未確認完成驗收,41578,b71017f14438b9f0f8607edbe400da85b6841d38fd8edb697b380075d7415e89
395,OFR-085-D01_I17_學習評估報告_對課程評量及學員建議進行檢討與紀錄_D1.docx,TTQS_FULL_REBUILD_V4_0_20260924/08_SOURCE_TRACE/PRE_RENDER_CANARY_V1/OFR-085-D01_I17_學習評估報告_對課程評量及學員建議進行檢討與紀錄_D1.docx,04_全部文件與歷次版本/TTQS_FULL_REBUILD_V4_0_20260924/04/0395_OFR-085-D01_I17_學習評估報告_對課程評量及學員建議進行檢討與紀錄_D1.docx,原樣保留；本次尚未確認完成驗收,42282,866ad0c7d9d58178bec519100d7bd7ce90b4078e0a8b7872ab47497a6af4d479
396,OFR-088-D01_I17_行為移轉與訓後追蹤_學員訓後動態調查表_D1.docx,TTQS_FULL_REBUILD_V4_0_20260924/08_SOURCE_TRACE/PRE_RENDER_CANARY_V1/OFR-088-D01_I17_行為移轉與訓後追蹤_學員訓後動態調查表_D1.docx,04_全部文件與歷次版本/TTQS_FULL_REBUILD_V4_0_20260924/04/0396_OFR-088-D01_I17_行為移轉與訓後追蹤_學員訓後動態調查表_D1.docx,原樣保留；本次尚未確認完成驗收,41584,de11f7ea21f8b633008b96a9d08bea730e1a1b982a535264593b46f6faefee23
397,OFR-094-D01_I17_成果評估報告_訓後調查表_D1.docx,TTQS_FULL_REBUILD_V4_0_20260924/08_SOURCE_TRACE/PRE_RENDER_CANARY_V1/OFR-094-D01_I17_成果評估報告_訓後調查表_D1.docx,04_全部文件與歷次版本/TTQS_FULL_REBUILD_V4_0_20260924/04/0397_OFR-094-D01_I17_成果評估報告_訓後調查表_D1.docx,原樣保留；本次尚未確認完成驗收,42082,97f6b9189b0ac9b993e49531e0829a2d7fb2604a682a6e9747d9431bed2b4055
398,OFR-098-D01_I17_第三方或官方原件索取與驗證包_學員就業證明_D1.docx,TTQS_FULL_REBUILD_V4_0_20260924/08_SOURCE_TRACE/PRE_RENDER_CANARY_V1/OFR-098-D01_I17_第三方或官方原件索取與驗證包_學員就業證明_D1.docx,04_全部文件與歷次版本/TTQS_FULL_REBUILD_V4_0_20260924/04/0398_OFR-098-D01_I17_第三方或官方原件索取與驗證包_學員就業證明_D1.docx,原樣保留；本次尚未確認完成驗收,41490,014745e82cceeb6fc26f01a18ac8366a7d53cead1a02f55f2d2529c2781b008e
399,OFR-100-D01_I17_可填寫表單_學員訓後雇主問卷調查表_D1.docx,TTQS_FULL_REBUILD_V4_0_20260924/08_SOURCE_TRACE/PRE_RENDER_CANARY_V1/OFR-100-D01_I17_可填寫表單_學員訓後雇主問卷調查表_D1.docx,04_全部文件與歷次版本/TTQS_FULL_REBUILD_V4_0_20260924/04/0399_OFR-100-D01_I17_可填寫表單_學員訓後雇主問卷調查表_D1.docx,原樣保留；本次尚未確認完成驗收,41549,293ec319a446864c12386abe2dcf2f442929b442c109c4c6ed34f1a5ab690cbc
400,OFR-100-D03_I17_I17_可填寫表單_學員訓後雇主問卷調查表_D1_示範填寫版_D3.docx,TTQS_FULL_REBUILD_V4_0_20260924/08_SOURCE_TRACE/PRE_RENDER_CANARY_V1/OFR-100-D03_I17_I17_可填寫表單_學員訓後雇主問卷調查表_D1_示範填寫版_D3.docx,04_全部文件與歷次版本/TTQS_FULL_REBUILD_V4_0_20260924/04/0400_OFR-100-D03_I17_I17_可填寫表單_學員訓後雇主問卷調查表_D1_示範填寫版_D3.docx,原樣保留；本次尚未確認完成驗收,41233,c58c184855a7fa4b7ac6a4c68763090e505975c886debe33f5c0faa1ad95b3c4
401,OFR-001-D01_I01_中長程策略地圖_中長程的業務發展規劃策略地圖p13OOO手冊中第O頁官網首頁_D1.docx,TTQS_FULL_REBUILD_V4_0_20260924/08_SOURCE_TRACE/PRE_SOURCE_TRACE_FIX_V1/OFR-001-D01_I01_中長程策略地圖_中長程的業務發展規劃策略地圖p13OOO手冊中第O頁官網首頁_D1.docx,04_全部文件與歷次版本/TTQS_FULL_REBUILD_V4_0_20260924/05/0401_OFR-001-D01_I01_中長程策略地圖_中長程的業務發展規劃策略地圖p13OOO手冊中第O頁官網首頁_D1.docx,原樣保留；本次尚未確認完成驗收,42757,c81aef4ac0686a4445eef9217525c806736175a050990accb29230e4c6ab3450
402,OFR-002-D01_I01_市場需求調查問卷_目標市場需求調查_D1.docx,TTQS_FULL_REBUILD_V4_0_20260924/08_SOURCE_TRACE/PRE_SOURCE_TRACE_FIX_V1/OFR-002-D01_I01_市場需求調查問卷_目標市場需求調查_D1.docx,04_全部文件與歷次版本/TTQS_FULL_REBUILD_V4_0_20260924/05/0402_OFR-002-D01_I01_市場需求調查問卷_目標市場需求調查_D1.docx,原樣保留；本次尚未確認完成驗收,42553,c3d1a2366252bba7024c53c1fff4040633e7cb5443c1900ca42e5b9bdb27a743
403,OFR-002-D02_I01_目標市場需求調查分析報告_D2.docx,TTQS_FULL_REBUILD_V4_0_20260924/08_SOURCE_TRACE/PRE_SOURCE_TRACE_FIX_V1/OFR-002-D02_I01_目標市場需求調查分析報告_D2.docx,04_全部文件與歷次版本/TTQS_FULL_REBUILD_V4_0_20260924/05/0403_OFR-002-D02_I01_目標市場需求調查分析報告_D2.docx,原樣保留；本次尚未確認完成驗收,42458,781193ca95a47e260f69c0a3f2bff2358e4827a72b0c6c27ae68b5f647a040d2
404,OFR-003-D01_I01_年度發展計畫_業務發展計畫包括人力資源的發展與訓練規劃內容主題或方向_D1.docx,TTQS_FULL_REBUILD_V4_0_20260924/08_SOURCE_TRACE/PRE_SOURCE_TRACE_FIX_V1/OFR-003-D01_I01_年度發展計畫_業務發展計畫包括人力資源的發展與訓練規劃內容主題或方向_D1.docx,04_全部文件與歷次版本/TTQS_FULL_REBUILD_V4_0_20260924/05/0404_OFR-003-D01_I01_年度發展計畫_業務發展計畫包括人力資源的發展與訓練規劃內容主題或方向_D1.docx,原樣保留；本次尚未確認完成驗收,42533,81454735e5f152d70ac070ead9606759d4040ea09b700b16e4e407e75e4fc7a9
405,OFR-003-D02_I01_人力資源發展與訓練規劃_D2.docx,TTQS_FULL_REBUILD_V4_0_20260924/08_SOURCE_TRACE/PRE_SOURCE_TRACE_FIX_V1/OFR-003-D02_I01_人力資源發展與訓練規劃_D2.docx,04_全部文件與歷次版本/TTQS_FULL_REBUILD_V4_0_20260924/05/0405_OFR-003-D02_I01_人力資源發展與訓練規劃_D2.docx,原樣保留；本次尚未確認完成驗收,42534,207445a484bd388ad01a09d3fbcb1db5fa3ed3b16db9f7debc8905c35f7752b9
406,OFR-004-D01_I01_市場需求分析報告_課程產品及流程的檢討分析_D1.docx,TTQS_FULL_REBUILD_V4_0_20260924/08_SOURCE_TRACE/PRE_SOURCE_TRACE_FIX_V1/OFR-004-D01_I01_市場需求分析報告_課程產品及流程的檢討分析_D1.docx,04_全部文件與歷次版本/TTQS_FULL_REBUILD_V4_0_20260924/05/0406_OFR-004-D01_I01_市場需求分析報告_課程產品及流程的檢討分析_D1.docx,原樣保留；本次尚未確認完成驗收,42476,a6e2e6338bc5468a0252889c4cc6afef9c847d5cd6f0babdf5e25ea833564426
407,OFR-004-D02_I01_訓練流程檢討分析報告_D2.docx,TTQS_FULL_REBUILD_V4_0_20260924/08_SOURCE_TRACE/PRE_SOURCE_TRACE_FIX_V1/OFR-004-D02_I01_訓練流程檢討分析報告_D2.docx,04_全部文件與歷次版本/TTQS_FULL_REBUILD_V4_0_20260924/05/0407_OFR-004-D02_I01_訓練流程檢討分析報告_D2.docx,原樣保留；本次尚未確認完成驗收,41989,2ac1df360cc01831010f65d864304abb8ac3797312ad17158ebd162ded97b3a2
408,OFR-005-D01_I01_年度發展計畫_各類別訓練課程年度成長計畫_D1.docx,TTQS_FULL_REBUILD_V4_0_20260924/08_SOURCE_TRACE/PRE_SOURCE_TRACE_FIX_V1/OFR-005-D01_I01_年度發展計畫_各類別訓練課程年度成長計畫_D1.docx,04_全部文件與歷次版本/TTQS_FULL_REBUILD_V4_0_20260924/05/0408_OFR-005-D01_I01_年度發展計畫_各類別訓練課程年度成長計畫_D1.docx,原樣保留；本次尚未確認完成驗收,42514,cecc361a6ac78390437e2505055cf92cdb290099b5b8e469274d516cb010e614
409,OFR-006-D01_I01_年度發展計畫_單位工作達成年度績效目標的訂定及目標分析等佐證資料_D1.docx,TTQS_FULL_REBUILD_V4_0_20260924/08_SOURCE_TRACE/PRE_SOURCE_TRACE_FIX_V1/OFR-006-D01_I01_年度發展計畫_單位工作達成年度績效目標的訂定及目標分析等佐證資料_D1.docx,04_全部文件與歷次版本/TTQS_FULL_REBUILD_V4_0_20260924/05/0409_OFR-006-D01_I01_年度發展計畫_單位工作達成年度績效目標的訂定及目標分析等佐證資料_D1.docx,原樣保留；本次尚未確認完成驗收,42530,ae72ea8259c8aa444e0e191d9d80a08a0ec85f7044465741f62aaf420a4b6f93
410,OFR-006-D02_I01_年度績效目標分析報告_D2.docx,TTQS_FULL_REBUILD_V4_0_20260924/08_SOURCE_TRACE/PRE_SOURCE_TRACE_FIX_V1/OFR-006-D02_I01_年度績效目標分析報告_D2.docx,04_全部文件與歷次版本/TTQS_FULL_REBUILD_V4_0_20260924/05/0410_OFR-006-D02_I01_年度績效目標分析報告_D2.docx,原樣保留；本次尚未確認完成驗收,42946,e0d0febf1e2dcce98f26e1e9e937cea310072295f832933216deb3e0b161d1be
411,OFR-007-D01_I01_其他補充佐證規劃與核實紀錄.docx,TTQS_FULL_REBUILD_V4_0_20260924/08_SOURCE_TRACE/PRE_SOURCE_TRACE_FIX_V1/OFR-007-D01_I01_其他補充佐證規劃與核實紀錄.docx,04_全部文件與歷次版本/TTQS_FULL_REBUILD_V4_0_20260924/05/0411_OFR-007-D01_I01_其他補充佐證規劃與核實紀錄.docx,原樣保留；本次尚未確認完成驗收,41593,c92fd67d8ccacef3414ab3797de33ea50c6a6acce37b492955c65f5282cee721
412,OFR-008-D01_I02_學習評估報告_對學員訓練成果有評核標準的訂定及說明_D1.docx,TTQS_FULL_REBUILD_V4_0_20260924/08_SOURCE_TRACE/PRE_SOURCE_TRACE_FIX_V1/OFR-008-D01_I02_學習評估報告_對學員訓練成果有評核標準的訂定及說明_D1.docx,04_全部文件與歷次版本/TTQS_FULL_REBUILD_V4_0_20260924/05/0412_OFR-008-D01_I02_學習評估報告_對學員訓練成果有評核標準的訂定及說明_D1.docx,原樣保留；本次尚未確認完成驗收,42190,bc3e431321bc7d0d27aafce1dd7316f4e9686e68d00ebb88cdb3915a52867015
413,OFR-009-D01_I02_顧客價值分析報告_與訓練政策有關之訓練產品與市場定位_D1.docx,TTQS_FULL_REBUILD_V4_0_20260924/08_SOURCE_TRACE/PRE_SOURCE_TRACE_FIX_V1/OFR-009-D01_I02_顧客價值分析報告_與訓練政策有關之訓練產品與市場定位_D1.docx,04_全部文件與歷次版本/TTQS_FULL_REBUILD_V4_0_20260924/05/0413_OFR-009-D01_I02_顧客價值分析報告_與訓練政策有關之訓練產品與市場定位_D1.docx,原樣保留；本次尚未確認完成驗收,41975,db7601c0190bf1d23552e9d4082cfc90fdd0146dc8246a2d0b6f325c2b2916d2
414,OFR-010-D01_I02_管理辦法_補助參與機構公開招生課程或進階課程優惠辦法之規定_D1.docx,TTQS_FULL_REBUILD_V4_0_20260924/08_SOURCE_TRACE/PRE_SOURCE_TRACE_FIX_V1/OFR-010-D01_I02_管理辦法_補助參與機構公開招生課程或進階課程優惠辦法之規定_D1.docx,04_全部文件與歷次版本/TTQS_FULL_REBUILD_V4_0_20260924/05/0414_OFR-010-D01_I02_管理辦法_補助參與機構公開招生課程或進階課程優惠辦法之規定_D1.docx,原樣保留；本次尚未確認完成驗收,41354,f0f801af890f5d86f89fdabd611eecde129dbe4159d7b9eb2f284e5621b97c4d
415,OFR-011-D01_I02_對外訓練政策_公開公布訓練機構年度訓練課程_D1.docx,TTQS_FULL_REBUILD_V4_0_20260924/08_SOURCE_TRACE/PRE_SOURCE_TRACE_FIX_V1/OFR-011-D01_I02_對外訓練政策_公開公布訓練機構年度訓練課程_D1.docx,04_全部文件與歷次版本/TTQS_FULL_REBUILD_V4_0_20260924/05/0415_OFR-011-D01_I02_對外訓練政策_公開公布訓練機構年度訓練課程_D1.docx,原樣保留；本次尚未確認完成驗收,41763,d52e44d42626fb52c63b12257311282b4a24abd4323ab592d1ba1bb9bb5e36bb
416,OFR-011-D02_I02_公開課程資訊內容稿_D2.docx,TTQS_FULL_REBUILD_V4_0_20260924/08_SOURCE_TRACE/PRE_SOURCE_TRACE_FIX_V1/OFR-011-D02_I02_公開課程資訊內容稿_D2.docx,04_全部文件與歷次版本/TTQS_FULL_REBUILD_V4_0_20260924/05/0416_OFR-011-D02_I02_公開課程資訊內容稿_D2.docx,原樣保留；本次尚未確認完成驗收,42137,055c140f7bda396259fecc780e71903693f9d2408ad265b8fbf5b9da4a213bd3
417,OFR-012-D01_I02_可填寫表單_客戶提出的課程需求的相關表單文件而揭露的呈現方式可以為EDM_D1.docx,TTQS_FULL_REBUILD_V4_0_20260924/08_SOURCE_TRACE/PRE_SOURCE_TRACE_FIX_V1/OFR-012-D01_I02_可填寫表單_客戶提出的課程需求的相關表單文件而揭露的呈現方式可以為EDM_D1.docx,04_全部文件與歷次版本/TTQS_FULL_REBUILD_V4_0_20260924/05/0417_OFR-012-D01_I02_可填寫表單_客戶提出的課程需求的相關表單文件而揭露的呈現方式可以為EDM_D1.docx,原樣保留；本次尚未確認完成驗收,41553,9cf309a3620e690e01127c37387abeac32a275d44c87db1e2293ce338bc8734e
418,OFR-012-D02_I02_客戶需求揭露內容稿_EDM網站_D2.docx,TTQS_FULL_REBUILD_V4_0_20260924/08_SOURCE_TRACE/PRE_SOURCE_TRACE_FIX_V1/OFR-012-D02_I02_客戶需求揭露內容稿_EDM網站_D2.docx,04_全部文件與歷次版本/TTQS_FULL_REBUILD_V4_0_20260924/05/0418_OFR-012-D02_I02_客戶需求揭露內容稿_EDM網站_D2.docx,原樣保留；本次尚未確認完成驗收,42205,8f0769497a7c8bbd5e162b8f760c32ddcbbac2792dc786f7d0a04e2c125bfb7c
419,OFR-012-D03_I02_I02_可填寫表單_客戶提出的課程需求的相關表單文件而揭露的呈現方式_示範填寫版_D3.docx,TTQS_FULL_REBUILD_V4_0_20260924/08_SOURCE_TRACE/PRE_SOURCE_TRACE_FIX_V1/OFR-012-D03_I02_I02_可填寫表單_客戶提出的課程需求的相關表單文件而揭露的呈現方式_示範填寫版_D3.docx,04_全部文件與歷次版本/TTQS_FULL_REBUILD_V4_0_20260924/05/0419_OFR-012-D03_I02_I02_可填寫表單_客戶提出的課程需求的相關表單文件而揭露的呈現方式_示範填寫版_D3.docx,原樣保留；本次尚未確認完成驗收,41189,989d699fb732c1ddc2865608247c3381430a36d66385405b6e741f2fc6c1276a
420,OFR-013-D01_I02_其他補充佐證規劃與核實紀錄.docx,TTQS_FULL_REBUILD_V4_0_20260924/08_SOURCE_TRACE/PRE_SOURCE_TRACE_FIX_V1/OFR-013-D01_I02_其他補充佐證規劃與核實紀錄.docx,04_全部文件與歷次版本/TTQS_FULL_REBUILD_V4_0_20260924/05/0420_OFR-013-D01_I02_其他補充佐證規劃與核實紀錄.docx,原樣保留；本次尚未確認完成驗收,41394,911e19e3caa3ceb7abdbc94ac3126fb767e959ca47d11f2592062100417d8efc
421,OFR-014-D01_I03_流程圖與責任矩陣_訓練體系圖解及核心訓練類別名稱_D1.docx,TTQS_FULL_REBUILD_V4_0_20260924/08_SOURCE_TRACE/PRE_SOURCE_TRACE_FIX_V1/OFR-014-D01_I03_流程圖與責任矩陣_訓練體系圖解及核心訓練類別名稱_D1.docx,04_全部文件與歷次版本/TTQS_FULL_REBUILD_V4_0_20260924/05/0421_OFR-014-D01_I03_流程圖與責任矩陣_訓練體系圖解及核心訓練類別名稱_D1.docx,原樣保留；本次尚未確認完成驗收,41654,56f813be6c2a0557c902f8c5019a88da436b4db170dd11a6b21d05349a195500
422,OFR-015-D01_I03_第三方或官方原件索取與驗證包_學員訓練及訓練機構事業發展相關的證明_D1.docx,TTQS_FULL_REBUILD_V4_0_20260924/08_SOURCE_TRACE/PRE_SOURCE_TRACE_FIX_V1/OFR-015-D01_I03_第三方或官方原件索取與驗證包_學員訓練及訓練機構事業發展相關的證明_D1.docx,04_全部文件與歷次版本/TTQS_FULL_REBUILD_V4_0_20260924/05/0422_OFR-015-D01_I03_第三方或官方原件索取與驗證包_學員訓練及訓練機構事業發展相關的證明_D1.docx,原樣保留；本次尚未確認完成驗收,41419,be79ae216641c8c15f3a146032851b2369d9049d4c4cd3be1ab1b31a58db66af
423,OFR-016-D01_I03_年度發展計畫_學員訓練類型及促進關鍵績效指標KPI_D1.docx,TTQS_FULL_REBUILD_V4_0_20260924/08_SOURCE_TRACE/PRE_SOURCE_TRACE_FIX_V1/OFR-016-D01_I03_年度發展計畫_學員訓練類型及促進關鍵績效指標KPI_D1.docx,04_全部文件與歷次版本/TTQS_FULL_REBUILD_V4_0_20260924/05/0423_OFR-016-D01_I03_年度發展計畫_學員訓練類型及促進關鍵績效指標KPI_D1.docx,原樣保留；本次尚未確認完成驗收,42265,e3ba267c63a2698b553241aeb84658bb0d97fbe9b11551ebcc5f5670bea5af93
424,OFR-017-D01_I03_第三方或官方原件索取與驗證包_學員訓練及學員職務相稱的證明_D1.docx,TTQS_FULL_REBUILD_V4_0_20260924/08_SOURCE_TRACE/PRE_SOURCE_TRACE_FIX_V1/OFR-017-D01_I03_第三方或官方原件索取與驗證包_學員訓練及學員職務相稱的證明_D1.docx,04_全部文件與歷次版本/TTQS_FULL_REBUILD_V4_0_20260924/05/0424_OFR-017-D01_I03_第三方或官方原件索取與驗證包_學員訓練及學員職務相稱的證明_D1.docx,原樣保留；本次尚未確認完成驗收,41415,d22a9494349c4b9b8a48bc5d9881bae5671680da5124df2dfc3c2dae3fc28066
425,OFR-018-D01_I03_其他補充佐證規劃與核實紀錄.docx,TTQS_FULL_REBUILD_V4_0_20260924/08_SOURCE_TRACE/PRE_SOURCE_TRACE_FIX_V1/OFR-018-D01_I03_其他補充佐證規劃與核實紀錄.docx,04_全部文件與歷次版本/TTQS_FULL_REBUILD_V4_0_20260924/05/0425_OFR-018-D01_I03_其他補充佐證規劃與核實紀錄.docx,原樣保留；本次尚未確認完成驗收,41308,4289a77e38a7946b26a33805e57f107031d7f5908771b5da25397a8748ff8b30
426,OFR-019-D01_I04_市場需求調查問卷_訓練需求的定期調查與分析_D1.docx,TTQS_FULL_REBUILD_V4_0_20260924/08_SOURCE_TRACE/PRE_SOURCE_TRACE_FIX_V1/OFR-019-D01_I04_市場需求調查問卷_訓練需求的定期調查與分析_D1.docx,04_全部文件與歷次版本/TTQS_FULL_REBUILD_V4_0_20260924/05/0426_OFR-019-D01_I04_市場需求調查問卷_訓練需求的定期調查與分析_D1.docx,原樣保留；本次尚未確認完成驗收,42312,69d50fb765d0fda6abbce58da384901d075348a2b29fa91f8e32ff6e96beed4d
427,OFR-019-D02_I04_訓練需求分析報告_D2.docx,TTQS_FULL_REBUILD_V4_0_20260924/08_SOURCE_TRACE/PRE_SOURCE_TRACE_FIX_V1/OFR-019-D02_I04_訓練需求分析報告_D2.docx,04_全部文件與歷次版本/TTQS_FULL_REBUILD_V4_0_20260924/05/0427_OFR-019-D02_I04_訓練需求分析報告_D2.docx,原樣保留；本次尚未確認完成驗收,42211,39cbd0af334b86ffb1fd3be0eca54c48af05e5b9e274b77e77733e517b4adfba
428,OFR-020-D01_I04_課程規劃書_不同訓練課程的設計與規劃方向_D1.docx,TTQS_FULL_REBUILD_V4_0_20260924/08_SOURCE_TRACE/PRE_SOURCE_TRACE_FIX_V1/OFR-020-D01_I04_課程規劃書_不同訓練課程的設計與規劃方向_D1.docx,04_全部文件與歷次版本/TTQS_FULL_REBUILD_V4_0_20260924/05/0428_OFR-020-D01_I04_課程規劃書_不同訓練課程的設計與規劃方向_D1.docx,原樣保留；本次尚未確認完成驗收,43119,4b891cbb85657b47410a47309c6a14a5f479196616129b14acbb6380264637f7
429,OFR-021-D01_I04_年度分析與管理審查_訓練的提供方式及選擇的指標_D1.docx,TTQS_FULL_REBUILD_V4_0_20260924/08_SOURCE_TRACE/PRE_SOURCE_TRACE_FIX_V1/OFR-021-D01_I04_年度分析與管理審查_訓練的提供方式及選擇的指標_D1.docx,04_全部文件與歷次版本/TTQS_FULL_REBUILD_V4_0_20260924/05/0429_OFR-021-D01_I04_年度分析與管理審查_訓練的提供方式及選擇的指標_D1.docx,原樣保留；本次尚未確認完成驗收,42664,3ba5c89c2adf488393d156a16896cd91e8a31d1eca3b4c2259a8a00ed5d48e93
430,OFR-022-D01_I04_標準作業程序書_訓練結果的評估訓練實施的依據及標準化作業流程SOP_D1.docx,TTQS_FULL_REBUILD_V4_0_20260924/08_SOURCE_TRACE/PRE_SOURCE_TRACE_FIX_V1/OFR-022-D01_I04_標準作業程序書_訓練結果的評估訓練實施的依據及標準化作業流程SOP_D1.docx,04_全部文件與歷次版本/TTQS_FULL_REBUILD_V4_0_20260924/05/0430_OFR-022-D01_I04_標準作業程序書_訓練結果的評估訓練實施的依據及標準化作業流程SOP_D1.docx,原樣保留；本次尚未確認完成驗收,41766,c5f433a968895326d36357115919c2d7f36828aa8b350bbc2c855e9fd09b3656
431,OFR-022-D02_I04_訓練結果評估與標準化流程_D2.docx,TTQS_FULL_REBUILD_V4_0_20260924/08_SOURCE_TRACE/PRE_SOURCE_TRACE_FIX_V1/OFR-022-D02_I04_訓練結果評估與標準化流程_D2.docx,04_全部文件與歷次版本/TTQS_FULL_REBUILD_V4_0_20260924/05/0431_OFR-022-D02_I04_訓練結果評估與標準化流程_D2.docx,原樣保留；本次尚未確認完成驗收,41766,bfd6914343d6ad753b598dc7d3bde0899f446a7e3a87929520a197d83c5853c3
432,OFR-023-D01_I04_管理辦法_機構如何運作TTQS管理系統及如何核准公告更新保存紀錄的證明_D1.docx,TTQS_FULL_REBUILD_V4_0_20260924/08_SOURCE_TRACE/PRE_SOURCE_TRACE_FIX_V1/OFR-023-D01_I04_管理辦法_機構如何運作TTQS管理系統及如何核准公告更新保存紀錄的證明_D1.docx,04_全部文件與歷次版本/TTQS_FULL_REBUILD_V4_0_20260924/05/0432_OFR-023-D01_I04_管理辦法_機構如何運作TTQS管理系統及如何核准公告更新保存紀錄的證明_D1.docx,原樣保留；本次尚未確認完成驗收,41334,423950f3a877d8bda42c1a92931f9ed36421138a41560667a311878e75702719
433,OFR-023-D02_I04_核准公告更新保存流程與版本紀錄_D2.docx,TTQS_FULL_REBUILD_V4_0_20260924/08_SOURCE_TRACE/PRE_SOURCE_TRACE_FIX_V1/OFR-023-D02_I04_核准公告更新保存流程與版本紀錄_D2.docx,04_全部文件與歷次版本/TTQS_FULL_REBUILD_V4_0_20260924/05/0433_OFR-023-D02_I04_核准公告更新保存流程與版本紀錄_D2.docx,原樣保留；本次尚未確認完成驗收,41751,4c28b94f377f12a64797c9f27ee11f3ade6e768a40137ba08f5b787dfb7130c9
434,OFR-024-D01_I04_其他補充佐證規劃與核實紀錄.docx,TTQS_FULL_REBUILD_V4_0_20260924/08_SOURCE_TRACE/PRE_SOURCE_TRACE_FIX_V1/OFR-024-D01_I04_其他補充佐證規劃與核實紀錄.docx,04_全部文件與歷次版本/TTQS_FULL_REBUILD_V4_0_20260924/05/0434_OFR-024-D01_I04_其他補充佐證規劃與核實紀錄.docx,原樣保留；本次尚未確認完成驗收,41354,1ea5139ec846c2059423743da29e93f6b1299ce76dc5ebb64cbbdfb9e91eb7ba
435,OFR-025-D01_I05_年度發展計畫_學員訓練及訓練機構年度事業計畫的相關資料_D1.docx,TTQS_FULL_REBUILD_V4_0_20260924/08_SOURCE_TRACE/PRE_SOURCE_TRACE_FIX_V1/OFR-025-D01_I05_年度發展計畫_學員訓練及訓練機構年度事業計畫的相關資料_D1.docx,04_全部文件與歷次版本/TTQS_FULL_REBUILD_V4_0_20260924/05/0435_OFR-025-D01_I05_年度發展計畫_學員訓練及訓練機構年度事業計畫的相關資料_D1.docx,原樣保留；本次尚未確認完成驗收,42258,71f44f4eea7e7fb65c7a9efd3b47cce7e432c5265ad12ab41436c69c6b99d6c6
436,OFR-026-D01_I05_中長程策略地圖_訓練課程體系及訓練機構業務策略方向的相關資料_D1.docx,TTQS_FULL_REBUILD_V4_0_20260924/08_SOURCE_TRACE/PRE_SOURCE_TRACE_FIX_V1/OFR-026-D01_I05_中長程策略地圖_訓練課程體系及訓練機構業務策略方向的相關資料_D1.docx,04_全部文件與歷次版本/TTQS_FULL_REBUILD_V4_0_20260924/05/0436_OFR-026-D01_I05_中長程策略地圖_訓練課程體系及訓練機構業務策略方向的相關資料_D1.docx,原樣保留；本次尚未確認完成驗收,42475,25b1eb31c51bacfa7a4b9b8999cfa5a45e0a27419757835fc3d052640a368d16
437,OFR-027-D01_I05_課程規劃書_訓練規劃及達到客戶課程績效目標的證明資料_D1.docx,TTQS_FULL_REBUILD_V4_0_20260924/08_SOURCE_TRACE/PRE_SOURCE_TRACE_FIX_V1/OFR-027-D01_I05_課程規劃書_訓練規劃及達到客戶課程績效目標的證明資料_D1.docx,04_全部文件與歷次版本/TTQS_FULL_REBUILD_V4_0_20260924/05/0437_OFR-027-D01_I05_課程規劃書_訓練規劃及達到客戶課程績效目標的證明資料_D1.docx,原樣保留；本次尚未確認完成驗收,43165,5fa98025fc47f72e17c44bcd69105142b252b61762cfd2deafc30c26a77581ca
438,OFR-027-D02_I05_客戶課程績效目標對照與驗證_D2.docx,TTQS_FULL_REBUILD_V4_0_20260924/08_SOURCE_TRACE/PRE_SOURCE_TRACE_FIX_V1/OFR-027-D02_I05_客戶課程績效目標對照與驗證_D2.docx,04_全部文件與歷次版本/TTQS_FULL_REBUILD_V4_0_20260924/05/0438_OFR-027-D02_I05_客戶課程績效目標對照與驗證_D2.docx,原樣保留；本次尚未確認完成驗收,42019,138031f1fa8c17a8696da2433a70bf2271ee2a2a32302e5c108b47bfab48b2f8
439,OFR-028-D01_I05_其他補充佐證規劃與核實紀錄.docx,TTQS_FULL_REBUILD_V4_0_20260924/08_SOURCE_TRACE/PRE_SOURCE_TRACE_FIX_V1/OFR-028-D01_I05_其他補充佐證規劃與核實紀錄.docx,04_全部文件與歷次版本/TTQS_FULL_REBUILD_V4_0_20260924/05/0439_OFR-028-D01_I05_其他補充佐證規劃與核實紀錄.docx,原樣保留；本次尚未確認完成驗收,41296,cfb8a1b262f04b7b01dac6a319240ca70f7fa368c48ad4f4962648957e3b5599
440,OFR-029-D01_I06_第三方或官方原件索取與驗證包_工作經驗的相關受訓證明_D1.docx,TTQS_FULL_REBUILD_V4_0_20260924/08_SOURCE_TRACE/PRE_SOURCE_TRACE_FIX_V1/OFR-029-D01_I06_第三方或官方原件索取與驗證包_工作經驗的相關受訓證明_D1.docx,04_全部文件與歷次版本/TTQS_FULL_REBUILD_V4_0_20260924/05/0440_OFR-029-D01_I06_第三方或官方原件索取與驗證包_工作經驗的相關受訓證明_D1.docx,原樣保留；本次尚未確認完成驗收,41412,122f7cdef25820a43e829ef4d4a3cfcbfc7859d5ce84c4f4a31f525489db4720
441,OFR-030-D01_I06_學習評估報告_專業訓練人員職能評估方法等證明_D1.docx,TTQS_FULL_REBUILD_V4_0_20260924/08_SOURCE_TRACE/PRE_SOURCE_TRACE_FIX_V1/OFR-030-D01_I06_學習評估報告_專業訓練人員職能評估方法等證明_D1.docx,04_全部文件與歷次版本/TTQS_FULL_REBUILD_V4_0_20260924/05/0441_OFR-030-D01_I06_學習評估報告_專業訓練人員職能評估方法等證明_D1.docx,原樣保留；本次尚未確認完成驗收,42218,492c01d1bd8c137abff984fc4fb28316d86e1b471307da6f7d965b7a963d4e39
442,OFR-030-D02_I06_專業訓練人員職能評量量規_D2.docx,TTQS_FULL_REBUILD_V4_0_20260924/08_SOURCE_TRACE/PRE_SOURCE_TRACE_FIX_V1/OFR-030-D02_I06_專業訓練人員職能評量量規_D2.docx,04_全部文件與歷次版本/TTQS_FULL_REBUILD_V4_0_20260924/05/0442_OFR-030-D02_I06_專業訓練人員職能評量量規_D2.docx,原樣保留；本次尚未確認完成驗收,42221,79a9d62e0b4840e605d1f006156103b193ecd0e9b60d485d069520b5866ba19e
443,OFR-031-D01_I06_年度分析與管理審查_訓練機構具備執行訓練業務相關職能的說明_D1.docx,TTQS_FULL_REBUILD_V4_0_20260924/08_SOURCE_TRACE/PRE_SOURCE_TRACE_FIX_V1/OFR-031-D01_I06_年度分析與管理審查_訓練機構具備執行訓練業務相關職能的說明_D1.docx,04_全部文件與歷次版本/TTQS_FULL_REBUILD_V4_0_20260924/05/0443_OFR-031-D01_I06_年度分析與管理審查_訓練機構具備執行訓練業務相關職能的說明_D1.docx,原樣保留；本次尚未確認完成驗收,42675,9f301d73d10c6717dbadf0eefeecbfa8aed40e586ec1211155376599f201b4eb
444,OFR-032-D01_I06_其他補充佐證規劃與核實紀錄.docx,TTQS_FULL_REBUILD_V4_0_20260924/08_SOURCE_TRACE/PRE_SOURCE_TRACE_FIX_V1/OFR-032-D01_I06_其他補充佐證規劃與核實紀錄.docx,04_全部文件與歷次版本/TTQS_FULL_REBUILD_V4_0_20260924/05/0444_OFR-032-D01_I06_其他補充佐證規劃與核實紀錄.docx,原樣保留；本次尚未確認完成驗收,41281,d2d77cf1c4969cd6ba88d671acfbb01ca2de604e78a98a0868ad44ae882001ae
445,OFR-033-D01_I07_市場需求調查問卷_訓練課程計畫配合客戶及受訓者需求職能需求的調查規劃的證明_D1.docx,TTQS_FULL_REBUILD_V4_0_20260924/08_SOURCE_TRACE/PRE_SOURCE_TRACE_FIX_V1/OFR-033-D01_I07_市場需求調查問卷_訓練課程計畫配合客戶及受訓者需求職能需求的調查規劃的證明_D1.docx,04_全部文件與歷次版本/TTQS_FULL_REBUILD_V4_0_20260924/05/0445_OFR-033-D01_I07_市場需求調查問卷_訓練課程計畫配合客戶及受訓者需求職能需求的調查規劃的證明_D1.docx,原樣保留；本次尚未確認完成驗收,42312,6f93814966590829bdb6c8b1d3187046342de1a13c32bdff87c7edfc8fb61f6d
446,OFR-033-D02_I07_客戶受訓者職能需求分析報告_D2.docx,TTQS_FULL_REBUILD_V4_0_20260924/08_SOURCE_TRACE/PRE_SOURCE_TRACE_FIX_V1/OFR-033-D02_I07_客戶受訓者職能需求分析報告_D2.docx,04_全部文件與歷次版本/TTQS_FULL_REBUILD_V4_0_20260924/05/0446_OFR-033-D02_I07_客戶受訓者職能需求分析報告_D2.docx,原樣保留；本次尚未確認完成驗收,42293,fc52bde2904bfd6011603d5ad63a86ca6b98f8b929dee4166a3a10b7724d040a
447,OFR-034-D01_I07_學員遴選文件_針對學員做職能盤點或職能分析並據以規劃適切課程的證明資料_D1.docx,TTQS_FULL_REBUILD_V4_0_20260924/08_SOURCE_TRACE/PRE_SOURCE_TRACE_FIX_V1/OFR-034-D01_I07_學員遴選文件_針對學員做職能盤點或職能分析並據以規劃適切課程的證明資料_D1.docx,04_全部文件與歷次版本/TTQS_FULL_REBUILD_V4_0_20260924/05/0447_OFR-034-D01_I07_學員遴選文件_針對學員做職能盤點或職能分析並據以規劃適切課程的證明資料_D1.docx,原樣保留；本次尚未確認完成驗收,41476,9aa82a2f5f7b92898583921dfdf4e75e86c0732321ac21f89a27e71e452ede37
448,OFR-034-D02_I07_職能落差到課程配置對照表_D2.docx,TTQS_FULL_REBUILD_V4_0_20260924/08_SOURCE_TRACE/PRE_SOURCE_TRACE_FIX_V1/OFR-034-D02_I07_職能落差到課程配置對照表_D2.docx,04_全部文件與歷次版本/TTQS_FULL_REBUILD_V4_0_20260924/05/0448_OFR-034-D02_I07_職能落差到課程配置對照表_D2.docx,原樣保留；本次尚未確認完成驗收,42745,06eff83bbdcc415ed58d4a2bbf7919c900d8de0f95b173c2362aafba9e8a3a3f
449,OFR-035-D01_I07_年度分析與管理審查_對相關職能分析及運用的方法均能適時檢討隨時改進_D1.docx,TTQS_FULL_REBUILD_V4_0_20260924/08_SOURCE_TRACE/PRE_SOURCE_TRACE_FIX_V1/OFR-035-D01_I07_年度分析與管理審查_對相關職能分析及運用的方法均能適時檢討隨時改進_D1.docx,04_全部文件與歷次版本/TTQS_FULL_REBUILD_V4_0_20260924/05/0449_OFR-035-D01_I07_年度分析與管理審查_對相關職能分析及運用的方法均能適時檢討隨時改進_D1.docx,原樣保留；本次尚未確認完成驗收,42691,d9d0c18fb7c2b21468fb3ac2452a2a7e88b2e40f598f2c0fcb36f0d2e17d63ac
450,OFR-036-D01_I07_課程設計書_有課程設計進度表課程規劃流程圖說明訓練規劃書等佐證資料_D1.docx,TTQS_FULL_REBUILD_V4_0_20260924/08_SOURCE_TRACE/PRE_SOURCE_TRACE_FIX_V1/OFR-036-D01_I07_課程設計書_有課程設計進度表課程規劃流程圖說明訓練規劃書等佐證資料_D1.docx,04_全部文件與歷次版本/TTQS_FULL_REBUILD_V4_0_20260924/05/0450_OFR-036-D01_I07_課程設計書_有課程設計進度表課程規劃流程圖說明訓練規劃書等佐證資料_D1.docx,原樣保留；本次尚未確認完成驗收,42715,0fad35abd38e745c18e9696ab521a931b5b3586dc095139e2da70b871c8d644c
451,OFR-036-D02_I07_課程規劃流程圖_D2.docx,TTQS_FULL_REBUILD_V4_0_20260924/08_SOURCE_TRACE/PRE_SOURCE_TRACE_FIX_V1/OFR-036-D02_I07_課程規劃流程圖_D2.docx,04_全部文件與歷次版本/TTQS_FULL_REBUILD_V4_0_20260924/05/0451_OFR-036-D02_I07_課程規劃流程圖_D2.docx,原樣保留；本次尚未確認完成驗收,41675,a602e398314a3c975f152bd1f2ecfbd3cec1be4108510554f3dab935b50aa2ac
452,OFR-036-D03_I07_課程規劃書示範稿_D3.docx,TTQS_FULL_REBUILD_V4_0_20260924/08_SOURCE_TRACE/PRE_SOURCE_TRACE_FIX_V1/OFR-036-D03_I07_課程規劃書示範稿_D3.docx,04_全部文件與歷次版本/TTQS_FULL_REBUILD_V4_0_20260924/05/0452_OFR-036-D03_I07_課程規劃書示範稿_D3.docx,原樣保留；本次尚未確認完成驗收,43144,1ee1ea9750e646238258f434e244415033e6c2c64c5ddc48042162205ecffc1f
453,OFR-037-D01_I07_其他補充佐證規劃與核實紀錄.docx,TTQS_FULL_REBUILD_V4_0_20260924/08_SOURCE_TRACE/PRE_SOURCE_TRACE_FIX_V1/OFR-037-D01_I07_其他補充佐證規劃與核實紀錄.docx,04_全部文件與歷次版本/TTQS_FULL_REBUILD_V4_0_20260924/05/0453_OFR-037-D01_I07_其他補充佐證規劃與核實紀錄.docx,原樣保留；本次尚未確認完成驗收,41402,fa819142e6ef3f3a00690f1208307443eb36e89943c934e94c4a96c9bb2b7c75
454,OFR-038-D01_I08_年度分析與管理審查_相關文件紀錄能顯示近年來訓練目標訓練方法課程時程安排師資遴選_D1.docx,TTQS_FULL_REBUILD_V4_0_20260924/08_SOURCE_TRACE/PRE_SOURCE_TRACE_FIX_V1/OFR-038-D01_I08_年度分析與管理審查_相關文件紀錄能顯示近年來訓練目標訓練方法課程時程安排師資遴選_D1.docx,04_全部文件與歷次版本/TTQS_FULL_REBUILD_V4_0_20260924/05/0454_OFR-038-D01_I08_年度分析與管理審查_相關文件紀錄能顯示近年來訓練目標訓練方法課程時程安排師資遴選_D1.docx,原樣保留；本次尚未確認完成驗收,42763,1c02773c0d9722d8f15b44ee3a36d3513d88282d768855fbdb277499fff4d2c8
455,OFR-039-D01_I08_課程設計書_針對訓練方案的系統設計能適時檢討及改善執行後有良好效果_D1.docx,TTQS_FULL_REBUILD_V4_0_20260924/08_SOURCE_TRACE/PRE_SOURCE_TRACE_FIX_V1/OFR-039-D01_I08_課程設計書_針對訓練方案的系統設計能適時檢討及改善執行後有良好效果_D1.docx,04_全部文件與歷次版本/TTQS_FULL_REBUILD_V4_0_20260924/05/0455_OFR-039-D01_I08_課程設計書_針對訓練方案的系統設計能適時檢討及改善執行後有良好效果_D1.docx,原樣保留；本次尚未確認完成驗收,42730,2e26aec606e3fdc0ab26da8a282f21dc96640052fd15b69a1661da2cbb660222
456,OFR-040-D01_I08_利害關係人會議紀錄_課程規劃會議紀錄展現訓練課程設計流程擬定訓練評估方法並作為訓_D1.docx,TTQS_FULL_REBUILD_V4_0_20260924/08_SOURCE_TRACE/PRE_SOURCE_TRACE_FIX_V1/OFR-040-D01_I08_利害關係人會議紀錄_課程規劃會議紀錄展現訓練課程設計流程擬定訓練評估方法並作為訓_D1.docx,04_全部文件與歷次版本/TTQS_FULL_REBUILD_V4_0_20260924/05/0456_OFR-040-D01_I08_利害關係人會議紀錄_課程規劃會議紀錄展現訓練課程設計流程擬定訓練評估方法並作為訓_D1.docx,原樣保留；本次尚未確認完成驗收,41765,9c0b6e40ab238123e435c5b74c18945c959c90dab7095f02a707615578e83be5
457,OFR-040-D02_I08_訓練成效評量藍圖_D2.docx,TTQS_FULL_REBUILD_V4_0_20260924/08_SOURCE_TRACE/PRE_SOURCE_TRACE_FIX_V1/OFR-040-D02_I08_訓練成效評量藍圖_D2.docx,04_全部文件與歷次版本/TTQS_FULL_REBUILD_V4_0_20260924/05/0457_OFR-040-D02_I08_訓練成效評量藍圖_D2.docx,原樣保留；本次尚未確認完成驗收,42245,758348c5931802dea9ad26bdefc4330b953a2bbf6e930885a1f0ba4686fa96c8
458,OFR-041-D01_I08_其他補充佐證規劃與核實紀錄.docx,TTQS_FULL_REBUILD_V4_0_20260924/08_SOURCE_TRACE/PRE_SOURCE_TRACE_FIX_V1/OFR-041-D01_I08_其他補充佐證規劃與核實紀錄.docx,04_全部文件與歷次版本/TTQS_FULL_REBUILD_V4_0_20260924/05/0458_OFR-041-D01_I08_其他補充佐證規劃與核實紀錄.docx,原樣保留；本次尚未確認完成驗收,41428,7d6c8b09191766839090251c73acf8ce10771cffd8b7218062450fe78dc3341f
459,OFR-042-D01_I09_課程規劃書_課程規劃書能顯示包含講師行政企業學員用人之主管之意見納入課程_D1.docx,TTQS_FULL_REBUILD_V4_0_20260924/08_SOURCE_TRACE/PRE_SOURCE_TRACE_FIX_V1/OFR-042-D01_I09_課程規劃書_課程規劃書能顯示包含講師行政企業學員用人之主管之意見納入課程_D1.docx,04_全部文件與歷次版本/TTQS_FULL_REBUILD_V4_0_20260924/05/0459_OFR-042-D01_I09_課程規劃書_課程規劃書能顯示包含講師行政企業學員用人之主管之意見納入課程_D1.docx,原樣保留；本次尚未確認完成驗收,43186,e55fcb016b8ff6bbe4d7a9d0cb7353602bdf6d524527d453fa3cb3618a0d081a
460,OFR-042-D02_I09_利害關係人意見納入對照表_D2.docx,TTQS_FULL_REBUILD_V4_0_20260924/08_SOURCE_TRACE/PRE_SOURCE_TRACE_FIX_V1/OFR-042-D02_I09_利害關係人意見納入對照表_D2.docx,04_全部文件與歷次版本/TTQS_FULL_REBUILD_V4_0_20260924/05/0460_OFR-042-D02_I09_利害關係人意見納入對照表_D2.docx,原樣保留；本次尚未確認完成驗收,41563,d91db089154eab9865a6cd3a417cbbc17340bd03d6a05720b6bf106b9751496d
461,OFR-042-D03_I09_I09_利害關係人意見納入對照表_D2_示範填寫版_D3.docx,TTQS_FULL_REBUILD_V4_0_20260924/08_SOURCE_TRACE/PRE_SOURCE_TRACE_FIX_V1/OFR-042-D03_I09_I09_利害關係人意見納入對照表_D2_示範填寫版_D3.docx,04_全部文件與歷次版本/TTQS_FULL_REBUILD_V4_0_20260924/05/0461_OFR-042-D03_I09_I09_利害關係人意見納入對照表_D2_示範填寫版_D3.docx,原樣保留；本次尚未確認完成驗收,41193,460cd5577cf1b56ad7ca1f0b92fe755b0b20c27cae51c344b9c415e2b78177c2
462,OFR-043-D01_I09_流程圖與責任矩陣_執行本項目與作業流程相關文件資料展現利益關係人參與課程設計與_D1.docx,TTQS_FULL_REBUILD_V4_0_20260924/08_SOURCE_TRACE/PRE_SOURCE_TRACE_FIX_V1/OFR-043-D01_I09_流程圖與責任矩陣_執行本項目與作業流程相關文件資料展現利益關係人參與課程設計與_D1.docx,04_全部文件與歷次版本/TTQS_FULL_REBUILD_V4_0_20260924/05/0462_OFR-043-D01_I09_流程圖與責任矩陣_執行本項目與作業流程相關文件資料展現利益關係人參與課程設計與_D1.docx,原樣保留；本次尚未確認完成驗收,41756,e48e4b227971a5be6cd97def560ce36baceb8f0d0bc1cc27afca92c377c6b22c
463,OFR-043-D02_I09_參與紀錄與審查回應表_D2.docx,TTQS_FULL_REBUILD_V4_0_20260924/08_SOURCE_TRACE/PRE_SOURCE_TRACE_FIX_V1/OFR-043-D02_I09_參與紀錄與審查回應表_D2.docx,04_全部文件與歷次版本/TTQS_FULL_REBUILD_V4_0_20260924/05/0463_OFR-043-D02_I09_參與紀錄與審查回應表_D2.docx,原樣保留；本次尚未確認完成驗收,41568,3bab6a9708ea0c2ccd0d64505ef6711a0151c599059738679830f5e5adb7271b
464,OFR-043-D03_I09_I09_參與紀錄與審查回應表_D2_示範填寫版_D3.docx,TTQS_FULL_REBUILD_V4_0_20260924/08_SOURCE_TRACE/PRE_SOURCE_TRACE_FIX_V1/OFR-043-D03_I09_I09_參與紀錄與審查回應表_D2_示範填寫版_D3.docx,04_全部文件與歷次版本/TTQS_FULL_REBUILD_V4_0_20260924/05/0464_OFR-043-D03_I09_I09_參與紀錄與審查回應表_D2_示範填寫版_D3.docx,原樣保留；本次尚未確認完成驗收,41232,176dc61926d40a3779e24b55a7dff17615cb0ee9d7e029cb01adaba2416f8d9e
465,OFR-044-D01_I09_訪談紀錄與統計分析_針對需求單位進行訪談並留有紀錄與統計分析_D1.docx,TTQS_FULL_REBUILD_V4_0_20260924/08_SOURCE_TRACE/PRE_SOURCE_TRACE_FIX_V1/OFR-044-D01_I09_訪談紀錄與統計分析_針對需求單位進行訪談並留有紀錄與統計分析_D1.docx,04_全部文件與歷次版本/TTQS_FULL_REBUILD_V4_0_20260924/05/0465_OFR-044-D01_I09_訪談紀錄與統計分析_針對需求單位進行訪談並留有紀錄與統計分析_D1.docx,原樣保留；本次尚未確認完成驗收,41608,965fa2826954502ad092ad7abedf577242bba90713c4e8a77a543f589cff478e
466,OFR-044-D02_I09_需求單位訪談統計分析報告_D2.docx,TTQS_FULL_REBUILD_V4_0_20260924/08_SOURCE_TRACE/PRE_SOURCE_TRACE_FIX_V1/OFR-044-D02_I09_需求單位訪談統計分析報告_D2.docx,04_全部文件與歷次版本/TTQS_FULL_REBUILD_V4_0_20260924/05/0466_OFR-044-D02_I09_需求單位訪談統計分析報告_D2.docx,原樣保留；本次尚未確認完成驗收,42236,6169ee8f61571eca576434230458c6254b33a14344721e6553e9056e09ced1b2
467,OFR-045-D01_I09_管理辦法_所有的討論會議或E-mail均留有完整紀錄並經簽核後存檔_D1.docx,TTQS_FULL_REBUILD_V4_0_20260924/08_SOURCE_TRACE/PRE_SOURCE_TRACE_FIX_V1/OFR-045-D01_I09_管理辦法_所有的討論會議或E-mail均留有完整紀錄並經簽核後存檔_D1.docx,04_全部文件與歷次版本/TTQS_FULL_REBUILD_V4_0_20260924/05/0467_OFR-045-D01_I09_管理辦法_所有的討論會議或E-mail均留有完整紀錄並經簽核後存檔_D1.docx,原樣保留；本次尚未確認完成驗收,41363,6532cc3cee7bfdd456a5c87d6f2f2ce98eaf9b3e18ee1f87af472ba62ce3b767
468,OFR-045-D02_I09_會議與電子往來簽核歸檔程序_D2.docx,TTQS_FULL_REBUILD_V4_0_20260924/08_SOURCE_TRACE/PRE_SOURCE_TRACE_FIX_V1/OFR-045-D02_I09_會議與電子往來簽核歸檔程序_D2.docx,04_全部文件與歷次版本/TTQS_FULL_REBUILD_V4_0_20260924/05/0468_OFR-045-D02_I09_會議與電子往來簽核歸檔程序_D2.docx,原樣保留；本次尚未確認完成驗收,41765,935da5553cc133011ce56646fec39890e28a4162397d6951a785672062da2c9d
469,OFR-046-D01_I09_其他補充佐證規劃與核實紀錄.docx,TTQS_FULL_REBUILD_V4_0_20260924/08_SOURCE_TRACE/PRE_SOURCE_TRACE_FIX_V1/OFR-046-D01_I09_其他補充佐證規劃與核實紀錄.docx,04_全部文件與歷次版本/TTQS_FULL_REBUILD_V4_0_20260924/05/0469_OFR-046-D01_I09_其他補充佐證規劃與核實紀錄.docx,原樣保留；本次尚未確認完成驗收,41493,624788d8810d14f109380d00104115b6b4553a51914b94eac5585e4f0f2634e1
470,OFR-047-D01_I10_甄選與採購文件_完整文書手冊與紀錄分析相關資料具體明確紀錄展現課程設計時有適_D1.docx,TTQS_FULL_REBUILD_V4_0_20260924/08_SOURCE_TRACE/PRE_SOURCE_TRACE_FIX_V1/OFR-047-D01_I10_甄選與採購文件_完整文書手冊與紀錄分析相關資料具體明確紀錄展現課程設計時有適_D1.docx,04_全部文件與歷次版本/TTQS_FULL_REBUILD_V4_0_20260924/05/0470_OFR-047-D01_I10_甄選與採購文件_完整文書手冊與紀錄分析相關資料具體明確紀錄展現課程設計時有適_D1.docx,原樣保留；本次尚未確認完成驗收,41731,08af046492b4e612fffe7a33b46b587699deed31c424284636bd1e8ccaac1ff0
471,OFR-047-D02_I10_師資教材廠商評選與契約控制程序_D2.docx,TTQS_FULL_REBUILD_V4_0_20260924/08_SOURCE_TRACE/PRE_SOURCE_TRACE_FIX_V1/OFR-047-D02_I10_師資教材廠商評選與契約控制程序_D2.docx,04_全部文件與歷次版本/TTQS_FULL_REBUILD_V4_0_20260924/05/0471_OFR-047-D02_I10_師資教材廠商評選與契約控制程序_D2.docx,原樣保留；本次尚未確認完成驗收,41863,686d973e8ad9cfcaa4f10588b443987e2d263fb9ecc163acc2cb460432604c83
472,OFR-047-D03_I10_評選履約表單與示範案例_D3.docx,TTQS_FULL_REBUILD_V4_0_20260924/08_SOURCE_TRACE/PRE_SOURCE_TRACE_FIX_V1/OFR-047-D03_I10_評選履約表單與示範案例_D3.docx,04_全部文件與歷次版本/TTQS_FULL_REBUILD_V4_0_20260924/05/0472_OFR-047-D03_I10_評選履約表單與示範案例_D3.docx,原樣保留；本次尚未確認完成驗收,41625,6f2f0991a5f99335cef9e2510ac3fcbe5b4dd2f05624125c89497654e66bb0f5
473,OFR-047-D04_I10_I10_評選履約表單與示範案例_D3_示範填寫版_D4.docx,TTQS_FULL_REBUILD_V4_0_20260924/08_SOURCE_TRACE/PRE_SOURCE_TRACE_FIX_V1/OFR-047-D04_I10_I10_評選履約表單與示範案例_D3_示範填寫版_D4.docx,04_全部文件與歷次版本/TTQS_FULL_REBUILD_V4_0_20260924/05/0473_OFR-047-D04_I10_I10_評選履約表單與示範案例_D3_示範填寫版_D4.docx,原樣保留；本次尚未確認完成驗收,41266,b871137a917dc4510c00b4e67a55f205f2892a3f2c90582bf1fb03b0d0462ed2
474,OFR-048-D01_I10_年度分析與管理審查_相關文件能記錄近年來對於課程之評估採購簽約與後續管理作業的檢_D1.docx,TTQS_FULL_REBUILD_V4_0_20260924/08_SOURCE_TRACE/PRE_SOURCE_TRACE_FIX_V1/OFR-048-D01_I10_年度分析與管理審查_相關文件能記錄近年來對於課程之評估採購簽約與後續管理作業的檢_D1.docx,04_全部文件與歷次版本/TTQS_FULL_REBUILD_V4_0_20260924/05/0474_OFR-048-D01_I10_年度分析與管理審查_相關文件能記錄近年來對於課程之評估採購簽約與後續管理作業的檢_D1.docx,原樣保留；本次尚未確認完成驗收,42714,d5c3311b5ff0a2d8ef9675c32339dc0311bf4c205a0d2e748c68c7b506f7be4a
475,OFR-048-D02_I10_採購履約檢討與改善分析_D2.docx,TTQS_FULL_REBUILD_V4_0_20260924/08_SOURCE_TRACE/PRE_SOURCE_TRACE_FIX_V1/OFR-048-D02_I10_採購履約檢討與改善分析_D2.docx,04_全部文件與歷次版本/TTQS_FULL_REBUILD_V4_0_20260924/05/0475_OFR-048-D02_I10_採購履約檢討與改善分析_D2.docx,原樣保留；本次尚未確認完成驗收,42714,db1ba4cb1e517bfadc40b0e840cc4e38b1e6e22dc91278dbc0a813b799ca7c68
476,OFR-049-D01_I10_利害關係人會議紀錄_大型採購均辦理會議通過師資遴聘後亦經過會議或審查通過並留有紀_D1.docx,TTQS_FULL_REBUILD_V4_0_20260924/08_SOURCE_TRACE/PRE_SOURCE_TRACE_FIX_V1/OFR-049-D01_I10_利害關係人會議紀錄_大型採購均辦理會議通過師資遴聘後亦經過會議或審查通過並留有紀_D1.docx,04_全部文件與歷次版本/TTQS_FULL_REBUILD_V4_0_20260924/05/0476_OFR-049-D01_I10_利害關係人會議紀錄_大型採購均辦理會議通過師資遴聘後亦經過會議或審查通過並留有紀_D1.docx,原樣保留；本次尚未確認完成驗收,41740,1017b1d521e25d4499bb55f9cbc7cf48814dd031e2f53839a8382b38ea112e87
477,OFR-049-D02_I10_師資遴聘審查會議紀錄草案_D2.docx,TTQS_FULL_REBUILD_V4_0_20260924/08_SOURCE_TRACE/PRE_SOURCE_TRACE_FIX_V1/OFR-049-D02_I10_師資遴聘審查會議紀錄草案_D2.docx,04_全部文件與歷次版本/TTQS_FULL_REBUILD_V4_0_20260924/05/0477_OFR-049-D02_I10_師資遴聘審查會議紀錄草案_D2.docx,原樣保留；本次尚未確認完成驗收,41740,2e31c3acbc3d80f295ed972da593dbb65144142ad10bf6a9a1adca60fa6b5df8
478,OFR-050-D01_I10_其他補充佐證規劃與核實紀錄.docx,TTQS_FULL_REBUILD_V4_0_20260924/08_SOURCE_TRACE/PRE_SOURCE_TRACE_FIX_V1/OFR-050-D01_I10_其他補充佐證規劃與核實紀錄.docx,04_全部文件與歷次版本/TTQS_FULL_REBUILD_V4_0_20260924/05/0478_OFR-050-D01_I10_其他補充佐證規劃與核實紀錄.docx,原樣保留；本次尚未確認完成驗收,41462,8f054f7a9f575fc900b7715d6bc58b2e7c668168f8439065d8d34ff72abf8e8d
479,OFR-051-D01_I11_市場需求調查問卷_訓練課程計畫配合業主受訓者以及職能需求等調查規劃的證明_D1.docx,TTQS_FULL_REBUILD_V4_0_20260924/08_SOURCE_TRACE/PRE_SOURCE_TRACE_FIX_V1/OFR-051-D01_I11_市場需求調查問卷_訓練課程計畫配合業主受訓者以及職能需求等調查規劃的證明_D1.docx,04_全部文件與歷次版本/TTQS_FULL_REBUILD_V4_0_20260924/05/0479_OFR-051-D01_I11_市場需求調查問卷_訓練課程計畫配合業主受訓者以及職能需求等調查規劃的證明_D1.docx,原樣保留；本次尚未確認完成驗收,42313,b6b2ef2d08dc775b785bf8af8d23921432c8fe9cb2007f4c8c86816b192a844d
480,OFR-051-D02_I11_客戶目標需求對照分析_D2.docx,TTQS_FULL_REBUILD_V4_0_20260924/08_SOURCE_TRACE/PRE_SOURCE_TRACE_FIX_V1/OFR-051-D02_I11_客戶目標需求對照分析_D2.docx,04_全部文件與歷次版本/TTQS_FULL_REBUILD_V4_0_20260924/05/0480_OFR-051-D02_I11_客戶目標需求對照分析_D2.docx,原樣保留；本次尚未確認完成驗收,42296,38628e255cbcb847a6ea97bbf46461d99c2fd3c5edfc40811374e4c673e4c2cf
481,OFR-052-D01_I11_課程設計書_各課程單元內容均能達成訓練規劃的目標_D1.docx,TTQS_FULL_REBUILD_V4_0_20260924/08_SOURCE_TRACE/PRE_SOURCE_TRACE_FIX_V1/OFR-052-D01_I11_課程設計書_各課程單元內容均能達成訓練規劃的目標_D1.docx,04_全部文件與歷次版本/TTQS_FULL_REBUILD_V4_0_20260924/05/0481_OFR-052-D01_I11_課程設計書_各課程單元內容均能達成訓練規劃的目標_D1.docx,原樣保留；本次尚未確認完成驗收,42694,5c842954ed574cd1d3cfaf5d735ada70e68416f36e2309baacb891955c419de9
482,OFR-053-D01_I11_利害關係人會議紀錄_各項課程產出均經討論後確認且留有完整紀錄與主管核定_D1.docx,TTQS_FULL_REBUILD_V4_0_20260924/08_SOURCE_TRACE/PRE_SOURCE_TRACE_FIX_V1/OFR-053-D01_I11_利害關係人會議紀錄_各項課程產出均經討論後確認且留有完整紀錄與主管核定_D1.docx,04_全部文件與歷次版本/TTQS_FULL_REBUILD_V4_0_20260924/05/0482_OFR-053-D01_I11_利害關係人會議紀錄_各項課程產出均經討論後確認且留有完整紀錄與主管核定_D1.docx,原樣保留；本次尚未確認完成驗收,41753,f1c03131c795da582d9d50eee312d5743f8b8d4e0a158471aa13969aefa1b2f0
483,OFR-053-D02_I11_課程產出核對清單與核定欄_D2.docx,TTQS_FULL_REBUILD_V4_0_20260924/08_SOURCE_TRACE/PRE_SOURCE_TRACE_FIX_V1/OFR-053-D02_I11_課程產出核對清單與核定欄_D2.docx,04_全部文件與歷次版本/TTQS_FULL_REBUILD_V4_0_20260924/05/0483_OFR-053-D02_I11_課程產出核對清單與核定欄_D2.docx,原樣保留；本次尚未確認完成驗收,41480,906fb0441e269d644db22811bcc79e1277889044c436e9324e1a0ecc3b6778fc
484,OFR-053-D03_I11_I11_課程產出核對清單與核定欄_D2_示範填寫版_D3.docx,TTQS_FULL_REBUILD_V4_0_20260924/08_SOURCE_TRACE/PRE_SOURCE_TRACE_FIX_V1/OFR-053-D03_I11_I11_課程產出核對清單與核定欄_D2_示範填寫版_D3.docx,04_全部文件與歷次版本/TTQS_FULL_REBUILD_V4_0_20260924/05/0484_OFR-053-D03_I11_I11_課程產出核對清單與核定欄_D2_示範填寫版_D3.docx,原樣保留；本次尚未確認完成驗收,41160,dd0ba7f5c507af3c87f9858e2586f3d386e83aa909befe68091f1bf90b2b2527
485,OFR-054-D01_I11_課程規劃書_規劃課程依學員及結訓學員意見訂定訓練課程且流程有完整紀錄_D1.docx,TTQS_FULL_REBUILD_V4_0_20260924/08_SOURCE_TRACE/PRE_SOURCE_TRACE_FIX_V1/OFR-054-D01_I11_課程規劃書_規劃課程依學員及結訓學員意見訂定訓練課程且流程有完整紀錄_D1.docx,04_全部文件與歷次版本/TTQS_FULL_REBUILD_V4_0_20260924/05/0485_OFR-054-D01_I11_課程規劃書_規劃課程依學員及結訓學員意見訂定訓練課程且流程有完整紀錄_D1.docx,原樣保留；本次尚未確認完成驗收,43150,4602c329bb38da9625a9122b22a567dc376ee8ab82af64c39c792ac844461c9a
486,OFR-054-D02_I11_學員回饋課程修訂分析_D2.docx,TTQS_FULL_REBUILD_V4_0_20260924/08_SOURCE_TRACE/PRE_SOURCE_TRACE_FIX_V1/OFR-054-D02_I11_學員回饋課程修訂分析_D2.docx,04_全部文件與歷次版本/TTQS_FULL_REBUILD_V4_0_20260924/05/0486_OFR-054-D02_I11_學員回饋課程修訂分析_D2.docx,原樣保留；本次尚未確認完成驗收,42688,8927dddac189d6e86932e10cb45c07fc56c1be511ec1841b87bb2124221151ba
487,OFR-055-D01_I11_其他補充佐證規劃與核實紀錄.docx,TTQS_FULL_REBUILD_V4_0_20260924/08_SOURCE_TRACE/PRE_SOURCE_TRACE_FIX_V1/OFR-055-D01_I11_其他補充佐證規劃與核實紀錄.docx,04_全部文件與歷次版本/TTQS_FULL_REBUILD_V4_0_20260924/05/0487_OFR-055-D01_I11_其他補充佐證規劃與核實紀錄.docx,原樣保留；本次尚未確認完成驗收,41374,b6958eaa4cfc0f35a779ef9d2c7ed265c17c9a4a367d4d19ced51b9a69badada
488,OFR-056-D01_I12_年度分析與管理審查_近年針對訓練課程的切合性有檢討並調整遴選學員教材師資教學方法_D1.docx,TTQS_FULL_REBUILD_V4_0_20260924/08_SOURCE_TRACE/PRE_SOURCE_TRACE_FIX_V1/OFR-056-D01_I12_年度分析與管理審查_近年針對訓練課程的切合性有檢討並調整遴選學員教材師資教學方法_D1.docx,04_全部文件與歷次版本/TTQS_FULL_REBUILD_V4_0_20260924/05/0488_OFR-056-D01_I12_年度分析與管理審查_近年針對訓練課程的切合性有檢討並調整遴選學員教材師資教學方法_D1.docx,原樣保留；本次尚未確認完成驗收,43021,35151777ebb46787cac5f715ec57cc9de2781b222faad112937121b0af58fd83
489,OFR-056-D02_I12_12d教學方法切合性設計與驗證_D2.docx,TTQS_FULL_REBUILD_V4_0_20260924/08_SOURCE_TRACE/PRE_SOURCE_TRACE_FIX_V1/OFR-056-D02_I12_12d教學方法切合性設計與驗證_D2.docx,04_全部文件與歷次版本/TTQS_FULL_REBUILD_V4_0_20260924/05/0489_OFR-056-D02_I12_12d教學方法切合性設計與驗證_D2.docx,原樣保留；本次尚未確認完成驗收,42886,cf83e764bc869f45e1356c83b4e23a3639caca8a454e62c0a3eb1692db2b97e4
490,OFR-057-D01_I12_學員遴選文件_依學員遴選標準及流程遴選教材由講師及顧問推薦須經訓練管理委員_D1.docx,TTQS_FULL_REBUILD_V4_0_20260924/08_SOURCE_TRACE/PRE_SOURCE_TRACE_FIX_V1/OFR-057-D01_I12_學員遴選文件_依學員遴選標準及流程遴選教材由講師及顧問推薦須經訓練管理委員_D1.docx,04_全部文件與歷次版本/TTQS_FULL_REBUILD_V4_0_20260924/05/0490_OFR-057-D01_I12_學員遴選文件_依學員遴選標準及流程遴選教材由講師及顧問推薦須經訓練管理委員_D1.docx,原樣保留；本次尚未確認完成驗收,41708,6e3696ed0fce299eabd205e9da1517a22cc7d89b79b90e3ba8708aefa742ea72
491,OFR-057-D02_I12_12b教材評選與目標對照_D2.docx,TTQS_FULL_REBUILD_V4_0_20260924/08_SOURCE_TRACE/PRE_SOURCE_TRACE_FIX_V1/OFR-057-D02_I12_12b教材評選與目標對照_D2.docx,04_全部文件與歷次版本/TTQS_FULL_REBUILD_V4_0_20260924/05/0491_OFR-057-D02_I12_12b教材評選與目標對照_D2.docx,原樣保留；本次尚未確認完成驗收,41900,13c7654852482fba6392885cb6707d12c4e9df71142ed60d609151d793ab35bd
492,OFR-058-D01_I12_甄選與採購文件_講師的遴聘依師資遴選標準及流程評選並經訓練管理委員會通過後發_D1.docx,TTQS_FULL_REBUILD_V4_0_20260924/08_SOURCE_TRACE/PRE_SOURCE_TRACE_FIX_V1/OFR-058-D01_I12_甄選與採購文件_講師的遴聘依師資遴選標準及流程評選並經訓練管理委員會通過後發_D1.docx,04_全部文件與歷次版本/TTQS_FULL_REBUILD_V4_0_20260924/05/0492_OFR-058-D01_I12_甄選與採購文件_講師的遴聘依師資遴選標準及流程評選並經訓練管理委員會通過後發_D1.docx,原樣保留；本次尚未確認完成驗收,41910,8eb9d94696df2dc8410a11d810bce4606019c5dc5a2a5f22fd0cc4f9b71394e3
493,OFR-058-D02_I12_講師聘任通知與核准草案_D2.docx,TTQS_FULL_REBUILD_V4_0_20260924/08_SOURCE_TRACE/PRE_SOURCE_TRACE_FIX_V1/OFR-058-D02_I12_講師聘任通知與核准草案_D2.docx,04_全部文件與歷次版本/TTQS_FULL_REBUILD_V4_0_20260924/05/0493_OFR-058-D02_I12_講師聘任通知與核准草案_D2.docx,原樣保留；本次尚未確認完成驗收,41186,b76eb0c59d1097ac5f221eb99d30ddc3bf330f7d45fc1ab846897d9322e8e13d
494,OFR-059-D01_I12_第三方或官方原件索取與驗證包_設備安檢或是場地投保證明_D1.docx,TTQS_FULL_REBUILD_V4_0_20260924/08_SOURCE_TRACE/PRE_SOURCE_TRACE_FIX_V1/OFR-059-D01_I12_第三方或官方原件索取與驗證包_設備安檢或是場地投保證明_D1.docx,04_全部文件與歷次版本/TTQS_FULL_REBUILD_V4_0_20260924/05/0494_OFR-059-D01_I12_第三方或官方原件索取與驗證包_設備安檢或是場地投保證明_D1.docx,原樣保留；本次尚未確認完成驗收,41675,b539431fcae465e0c51514b131f0958f9e5009451ffa4242e54b15f7050a3928
495,OFR-059-D02_I12_場地安全檢查原件索取包_D2.docx,TTQS_FULL_REBUILD_V4_0_20260924/08_SOURCE_TRACE/PRE_SOURCE_TRACE_FIX_V1/OFR-059-D02_I12_場地安全檢查原件索取包_D2.docx,04_全部文件與歷次版本/TTQS_FULL_REBUILD_V4_0_20260924/05/0495_OFR-059-D02_I12_場地安全檢查原件索取包_D2.docx,原樣保留；本次尚未確認完成驗收,41675,42340c35a94dc374ca8548499dc8b9bf47b9d139c1c1d3a5fd663b5dda7f6447
496,OFR-060-D01_I12_其他補充佐證規劃與核實紀錄.docx,TTQS_FULL_REBUILD_V4_0_20260924/08_SOURCE_TRACE/PRE_SOURCE_TRACE_FIX_V1/OFR-060-D01_I12_其他補充佐證規劃與核實紀錄.docx,04_全部文件與歷次版本/TTQS_FULL_REBUILD_V4_0_20260924/05/0496_OFR-060-D01_I12_其他補充佐證規劃與核實紀錄.docx,原樣保留；本次尚未確認完成驗收,41703,022f546fdfd8370d4490cf387e5fb85397fd39c1e7a6311563df0d2b8819211e
497,OFR-061-D01_I13_年度分析與管理審查_相關文件紀錄能證實近年來對訓練成果轉移及達成的檢討並有具體佐_D1.docx,TTQS_FULL_REBUILD_V4_0_20260924/08_SOURCE_TRACE/PRE_SOURCE_TRACE_FIX_V1/OFR-061-D01_I13_年度分析與管理審查_相關文件紀錄能證實近年來對訓練成果轉移及達成的檢討並有具體佐_D1.docx,04_全部文件與歷次版本/TTQS_FULL_REBUILD_V4_0_20260924/05/0497_OFR-061-D01_I13_年度分析與管理審查_相關文件紀錄能證實近年來對訓練成果轉移及達成的檢討並有具體佐_D1.docx,原樣保留；本次尚未確認完成驗收,42855,a0aa0fefde76dc705a30a3437f13497ce130a366b903c18c1db4853f7bccdb95
498,OFR-062-D01_I13_行為移轉與訓後追蹤_具體明確紀錄展現提供受訓人員或客戶如課程所學運用於工作以強化_D1.docx,TTQS_FULL_REBUILD_V4_0_20260924/08_SOURCE_TRACE/PRE_SOURCE_TRACE_FIX_V1/OFR-062-D01_I13_行為移轉與訓後追蹤_具體明確紀錄展現提供受訓人員或客戶如課程所學運用於工作以強化_D1.docx,04_全部文件與歷次版本/TTQS_FULL_REBUILD_V4_0_20260924/05/0498_OFR-062-D01_I13_行為移轉與訓後追蹤_具體明確紀錄展現提供受訓人員或客戶如課程所學運用於工作以強化_D1.docx,原樣保留；本次尚未確認完成驗收,41768,9942f3e626baddf98983727952d1c4f034d7ab1c41e3c6bc9835d892c778af07
499,OFR-062-D02_I13_學習行動計畫追蹤表與示範_D2.docx,TTQS_FULL_REBUILD_V4_0_20260924/08_SOURCE_TRACE/PRE_SOURCE_TRACE_FIX_V1/OFR-062-D02_I13_學習行動計畫追蹤表與示範_D2.docx,04_全部文件與歷次版本/TTQS_FULL_REBUILD_V4_0_20260924/05/0499_OFR-062-D02_I13_學習行動計畫追蹤表與示範_D2.docx,原樣保留；本次尚未確認完成驗收,41767,4874872fea00e79626de37020d411c02fa74ec8502e7cdffc9dfbf2bdb4dad3c
500,OFR-062-D03_I13_競賽與獎勵機制決策草案_D3.docx,TTQS_FULL_REBUILD_V4_0_20260924/08_SOURCE_TRACE/PRE_SOURCE_TRACE_FIX_V1/OFR-062-D03_I13_競賽與獎勵機制決策草案_D3.docx,04_全部文件與歷次版本/TTQS_FULL_REBUILD_V4_0_20260924/05/0500_OFR-062-D03_I13_競賽與獎勵機制決策草案_D3.docx,原樣保留；本次尚未確認完成驗收,41180,19a570476390ae93ffd23a37cdfa414b664e19dd35598ecfa95e43a5bda31960
501,OFR-063-D01_I13_行為移轉與訓後追蹤_業主提供回訓或相關機制學習心得交流的平台證照實習或其他相關機_D1.docx,TTQS_FULL_REBUILD_V4_0_20260924/08_SOURCE_TRACE/PRE_SOURCE_TRACE_FIX_V1/OFR-063-D01_I13_行為移轉與訓後追蹤_業主提供回訓或相關機制學習心得交流的平台證照實習或其他相關機_D1.docx,04_全部文件與歷次版本/TTQS_FULL_REBUILD_V4_0_20260924/06/0501_OFR-063-D01_I13_行為移轉與訓後追蹤_業主提供回訓或相關機制學習心得交流的平台證照實習或其他相關機_D1.docx,原樣保留；本次尚未確認完成驗收,41731,d064913ec77cf7ae2a2cbd131bdbe6ac9599d555589bbc0e2da9cfb14d317d63
502,OFR-063-D02_I13_學習心得交流平台規劃_D2.docx,TTQS_FULL_REBUILD_V4_0_20260924/08_SOURCE_TRACE/PRE_SOURCE_TRACE_FIX_V1/OFR-063-D02_I13_學習心得交流平台規劃_D2.docx,04_全部文件與歷次版本/TTQS_FULL_REBUILD_V4_0_20260924/06/0502_OFR-063-D02_I13_學習心得交流平台規劃_D2.docx,原樣保留；本次尚未確認完成驗收,41119,edc1c3a6001b86908f9fbd419bf02893e7b55cc3ac5da5946149d25dabef971c
503,OFR-063-D03_I13_證照資訊與驗證流程_D3.docx,TTQS_FULL_REBUILD_V4_0_20260924/08_SOURCE_TRACE/PRE_SOURCE_TRACE_FIX_V1/OFR-063-D03_I13_證照資訊與驗證流程_D3.docx,04_全部文件與歷次版本/TTQS_FULL_REBUILD_V4_0_20260924/06/0503_OFR-063-D03_I13_證照資訊與驗證流程_D3.docx,原樣保留；本次尚未確認完成驗收,41644,ffddd7c9411bae133bceb3e454d345523bb57bf83858f1e80ad62d12408e4c3d
504,OFR-063-D04_I13_實習合作對象邀請與核實包_D4.docx,TTQS_FULL_REBUILD_V4_0_20260924/08_SOURCE_TRACE/PRE_SOURCE_TRACE_FIX_V1/OFR-063-D04_I13_實習合作對象邀請與核實包_D4.docx,04_全部文件與歷次版本/TTQS_FULL_REBUILD_V4_0_20260924/06/0504_OFR-063-D04_I13_實習合作對象邀請與核實包_D4.docx,原樣保留；本次尚未確認完成驗收,41649,6c7a1b579e1b04b04e1dc4e9c2dbdd40ad3c899a3dc7455d62187b141fb626e6
505,OFR-064-D01_I13_其他補充佐證規劃與核實紀錄.docx,TTQS_FULL_REBUILD_V4_0_20260924/08_SOURCE_TRACE/PRE_SOURCE_TRACE_FIX_V1/OFR-064-D01_I13_其他補充佐證規劃與核實紀錄.docx,04_全部文件與歷次版本/TTQS_FULL_REBUILD_V4_0_20260924/06/0505_OFR-064-D01_I13_其他補充佐證規劃與核實紀錄.docx,原樣保留；本次尚未確認完成驗收,41659,4f0b2791299447a7708bef4f65bd0072e75f543b3180db4e686ab30ee0af50f4
506,OFR-065-D01_I14_資訊系統評估與管理文件_訓練資料與訓練過程及成果的紀錄與分類均有系統化歸納方法編碼_D1.docx,TTQS_FULL_REBUILD_V4_0_20260924/08_SOURCE_TRACE/PRE_SOURCE_TRACE_FIX_V1/OFR-065-D01_I14_資訊系統評估與管理文件_訓練資料與訓練過程及成果的紀錄與分類均有系統化歸納方法編碼_D1.docx,04_全部文件與歷次版本/TTQS_FULL_REBUILD_V4_0_20260924/06/0506_OFR-065-D01_I14_資訊系統評估與管理文件_訓練資料與訓練過程及成果的紀錄與分類均有系統化歸納方法編碼_D1.docx,原樣保留；本次尚未確認完成驗收,41837,b9d216f7c015c5e768d5da0a24310e80104be49b4b8133265ff7d87ba13d1968
507,OFR-066-D01_I14_資訊系統評估與管理文件_訓練檔案管理系統_D1.docx,TTQS_FULL_REBUILD_V4_0_20260924/08_SOURCE_TRACE/PRE_SOURCE_TRACE_FIX_V1/OFR-066-D01_I14_資訊系統評估與管理文件_訓練檔案管理系統_D1.docx,04_全部文件與歷次版本/TTQS_FULL_REBUILD_V4_0_20260924/06/0507_OFR-066-D01_I14_資訊系統評估與管理文件_訓練檔案管理系統_D1.docx,原樣保留；本次尚未確認完成驗收,41793,780e8f28c013ab2a8d4948a370a21b6c21cd80a91026733c20ce6a8013c01eab
508,OFR-067-D01_I14_完整示範填寫版_完整的訓練文件建檔資料_D1.docx,TTQS_FULL_REBUILD_V4_0_20260924/08_SOURCE_TRACE/PRE_SOURCE_TRACE_FIX_V1/OFR-067-D01_I14_完整示範填寫版_完整的訓練文件建檔資料_D1.docx,04_全部文件與歷次版本/TTQS_FULL_REBUILD_V4_0_20260924/06/0508_OFR-067-D01_I14_完整示範填寫版_完整的訓練文件建檔資料_D1.docx,原樣保留；本次尚未確認完成驗收,41382,47c3f96d6202058997b60bc7af632220a2f2d26e5d7f2eaf550fb5d830cf8984
509,OFR-068-D01_I14_資訊系統評估與管理文件_是否提供查詢功能並具持續改善機制_D1.docx,TTQS_FULL_REBUILD_V4_0_20260924/08_SOURCE_TRACE/PRE_SOURCE_TRACE_FIX_V1/OFR-068-D01_I14_資訊系統評估與管理文件_是否提供查詢功能並具持續改善機制_D1.docx,04_全部文件與歷次版本/TTQS_FULL_REBUILD_V4_0_20260924/06/0509_OFR-068-D01_I14_資訊系統評估與管理文件_是否提供查詢功能並具持續改善機制_D1.docx,原樣保留；本次尚未確認完成驗收,41816,9fe39f82eb095cfde4cdd9f187a7ad34377a5e23163b2ed5f1ebaf95c5056a6e
510,OFR-068-D02_I14_查詢功能測試與分析_D2.docx,TTQS_FULL_REBUILD_V4_0_20260924/08_SOURCE_TRACE/PRE_SOURCE_TRACE_FIX_V1/OFR-068-D02_I14_查詢功能測試與分析_D2.docx,04_全部文件與歷次版本/TTQS_FULL_REBUILD_V4_0_20260924/06/0510_OFR-068-D02_I14_查詢功能測試與分析_D2.docx,原樣保留；本次尚未確認完成驗收,41816,d75ccd84ba96015d4ed184f415d4742bc600e660a7559435524278b5fe888760
511,OFR-069-D01_I14_年度分析與管理審查_資訊系統化程度及檢索速度_D1.docx,TTQS_FULL_REBUILD_V4_0_20260924/08_SOURCE_TRACE/PRE_SOURCE_TRACE_FIX_V1/OFR-069-D01_I14_年度分析與管理審查_資訊系統化程度及檢索速度_D1.docx,04_全部文件與歷次版本/TTQS_FULL_REBUILD_V4_0_20260924/06/0511_OFR-069-D01_I14_年度分析與管理審查_資訊系統化程度及檢索速度_D1.docx,原樣保留；本次尚未確認完成驗收,42922,2de02aea358488f2993c71d1e82a21fc83e0d6b9d6053842dd4a04e6b6f9635d
512,OFR-070-D01_I14_其他補充佐證規劃與核實紀錄.docx,TTQS_FULL_REBUILD_V4_0_20260924/08_SOURCE_TRACE/PRE_SOURCE_TRACE_FIX_V1/OFR-070-D01_I14_其他補充佐證規劃與核實紀錄.docx,04_全部文件與歷次版本/TTQS_FULL_REBUILD_V4_0_20260924/06/0512_OFR-070-D01_I14_其他補充佐證規劃與核實紀錄.docx,原樣保留；本次尚未確認完成驗收,41536,c31029e9d419b6465a9cf924f52d95579ea19de2357fa5c63d330938cddd832e
513,OFR-071-D01_I15_利害關係人會議紀錄_訓後定期性綜合檢討或管理審查制度會議紀錄_D1.docx,TTQS_FULL_REBUILD_V4_0_20260924/08_SOURCE_TRACE/PRE_SOURCE_TRACE_FIX_V1/OFR-071-D01_I15_利害關係人會議紀錄_訓後定期性綜合檢討或管理審查制度會議紀錄_D1.docx,04_全部文件與歷次版本/TTQS_FULL_REBUILD_V4_0_20260924/06/0513_OFR-071-D01_I15_利害關係人會議紀錄_訓後定期性綜合檢討或管理審查制度會議紀錄_D1.docx,原樣保留；本次尚未確認完成驗收,41853,5d4d6c4d1f41c0501c152f95008deb333d257649c33f1e52c716e8bf597522ad
514,OFR-072-D01_I15_班級結案報告_訓練的結案報告包括資源的運用財務的支配訓練成果的展現檢討及改_D1.docx,TTQS_FULL_REBUILD_V4_0_20260924/08_SOURCE_TRACE/PRE_SOURCE_TRACE_FIX_V1/OFR-072-D01_I15_班級結案報告_訓練的結案報告包括資源的運用財務的支配訓練成果的展現檢討及改_D1.docx,04_全部文件與歷次版本/TTQS_FULL_REBUILD_V4_0_20260924/06/0514_OFR-072-D01_I15_班級結案報告_訓練的結案報告包括資源的運用財務的支配訓練成果的展現檢討及改_D1.docx,原樣保留；本次尚未確認完成驗收,44669,46cd86575208144be4860540474ce960f5f4e92eb5ce95b7f08533c72beb5242
515,OFR-073-D01_I15_年度分析與管理審查_訓練執行評估指標分析及相關統計分析_D1.docx,TTQS_FULL_REBUILD_V4_0_20260924/08_SOURCE_TRACE/PRE_SOURCE_TRACE_FIX_V1/OFR-073-D01_I15_年度分析與管理審查_訓練執行評估指標分析及相關統計分析_D1.docx,04_全部文件與歷次版本/TTQS_FULL_REBUILD_V4_0_20260924/06/0515_OFR-073-D01_I15_年度分析與管理審查_訓練執行評估指標分析及相關統計分析_D1.docx,原樣保留；本次尚未確認完成驗收,42806,7b4b7ec8f34136beb19eedc9ff9b70579118116914ba9adbfd0838630904539f
516,OFR-074-D01_I15_異常處理與改善追蹤_訓後改善建議追蹤報告_D1.docx,TTQS_FULL_REBUILD_V4_0_20260924/08_SOURCE_TRACE/PRE_SOURCE_TRACE_FIX_V1/OFR-074-D01_I15_異常處理與改善追蹤_訓後改善建議追蹤報告_D1.docx,04_全部文件與歷次版本/TTQS_FULL_REBUILD_V4_0_20260924/06/0516_OFR-074-D01_I15_異常處理與改善追蹤_訓後改善建議追蹤報告_D1.docx,原樣保留；本次尚未確認完成驗收,41805,32cbfc2df933fee6de3bbdce5063601c93088f8e3e950941e22257145c97c97f
517,OFR-075-D01_I15_其他補充佐證規劃與核實紀錄.docx,TTQS_FULL_REBUILD_V4_0_20260924/08_SOURCE_TRACE/PRE_SOURCE_TRACE_FIX_V1/OFR-075-D01_I15_其他補充佐證規劃與核實紀錄.docx,04_全部文件與歷次版本/TTQS_FULL_REBUILD_V4_0_20260924/06/0517_OFR-075-D01_I15_其他補充佐證規劃與核實紀錄.docx,原樣保留；本次尚未確認完成驗收,41492,7c89a24c5209cf3f7d10993c54a55acd71424400ec6fe4b484516e3eecce2aa3
518,OFR-076-D01_I16_標準作業程序書_訓練流程的管控方法及紀錄_D1.docx,TTQS_FULL_REBUILD_V4_0_20260924/08_SOURCE_TRACE/PRE_SOURCE_TRACE_FIX_V1/OFR-076-D01_I16_標準作業程序書_訓練流程的管控方法及紀錄_D1.docx,04_全部文件與歷次版本/TTQS_FULL_REBUILD_V4_0_20260924/06/0518_OFR-076-D01_I16_標準作業程序書_訓練流程的管控方法及紀錄_D1.docx,原樣保留；本次尚未確認完成驗收,41743,9b6ddee00abc046968d56a6024e6f97c52354a03ec96864ed2d878c68b361493
519,OFR-076-D02_I16_訓練流程控制檢核表與示範_D2.docx,TTQS_FULL_REBUILD_V4_0_20260924/08_SOURCE_TRACE/PRE_SOURCE_TRACE_FIX_V1/OFR-076-D02_I16_訓練流程控制檢核表與示範_D2.docx,04_全部文件與歷次版本/TTQS_FULL_REBUILD_V4_0_20260924/06/0519_OFR-076-D02_I16_訓練流程控制檢核表與示範_D2.docx,原樣保留；本次尚未確認完成驗收,41491,78c6d9dee5cf6e6e7521ae1c8e2eb9565cd3eb2644e41474df477dfb3b860263
520,OFR-076-D03_I16_I16_訓練流程控制檢核表與示範_D2_示範填寫版_D3.docx,TTQS_FULL_REBUILD_V4_0_20260924/08_SOURCE_TRACE/PRE_SOURCE_TRACE_FIX_V1/OFR-076-D03_I16_I16_訓練流程控制檢核表與示範_D2_示範填寫版_D3.docx,04_全部文件與歷次版本/TTQS_FULL_REBUILD_V4_0_20260924/06/0520_OFR-076-D03_I16_I16_訓練流程控制檢核表與示範_D2_示範填寫版_D3.docx,原樣保留；本次尚未確認完成驗收,41126,7a5064382ccbe5a2ae0862b90d5bf71fb97542b6626c9dd2ef64f65b9ccb897d
521,OFR-077-D01_I16_異常處理與改善追蹤_訓練異常處理方法紀錄與工具_D1.docx,TTQS_FULL_REBUILD_V4_0_20260924/08_SOURCE_TRACE/PRE_SOURCE_TRACE_FIX_V1/OFR-077-D01_I16_異常處理與改善追蹤_訓練異常處理方法紀錄與工具_D1.docx,04_全部文件與歷次版本/TTQS_FULL_REBUILD_V4_0_20260924/06/0521_OFR-077-D01_I16_異常處理與改善追蹤_訓練異常處理方法紀錄與工具_D1.docx,原樣保留；本次尚未確認完成驗收,41672,7a2e0dd51abbe2b3f2250fc224eea0cf54a66870022a0d898da9350c726ee1e7
522,OFR-077-D02_I16_訓練異常事件紀錄與示範_D2.docx,TTQS_FULL_REBUILD_V4_0_20260924/08_SOURCE_TRACE/PRE_SOURCE_TRACE_FIX_V1/OFR-077-D02_I16_訓練異常事件紀錄與示範_D2.docx,04_全部文件與歷次版本/TTQS_FULL_REBUILD_V4_0_20260924/06/0522_OFR-077-D02_I16_訓練異常事件紀錄與示範_D2.docx,原樣保留；本次尚未確認完成驗收,41672,7cbf5c0360f9766e4900c16ed8a18b3744860a8fb92c94b8397609b13fd5fafb
523,OFR-077-D03_I16_矯正改善有效性追蹤表_D3.docx,TTQS_FULL_REBUILD_V4_0_20260924/08_SOURCE_TRACE/PRE_SOURCE_TRACE_FIX_V1/OFR-077-D03_I16_矯正改善有效性追蹤表_D3.docx,04_全部文件與歷次版本/TTQS_FULL_REBUILD_V4_0_20260924/06/0523_OFR-077-D03_I16_矯正改善有效性追蹤表_D3.docx,原樣保留；本次尚未確認完成驗收,41488,a0d168259552150138a3fbf49f43891321fce3c218b08e29dc146e70cd1d1474
524,OFR-077-D04_I16_I16_矯正改善有效性追蹤表_D3_示範填寫版_D4.docx,TTQS_FULL_REBUILD_V4_0_20260924/08_SOURCE_TRACE/PRE_SOURCE_TRACE_FIX_V1/OFR-077-D04_I16_I16_矯正改善有效性追蹤表_D3_示範填寫版_D4.docx,04_全部文件與歷次版本/TTQS_FULL_REBUILD_V4_0_20260924/06/0524_OFR-077-D04_I16_I16_矯正改善有效性追蹤表_D3_示範填寫版_D4.docx,原樣保留；本次尚未確認完成驗收,41138,2f723a6a165d8ef3fe69d232d65d7b4d9c260f64af27162689ce99d0f41775c8
525,OFR-078-D01_I16_標準作業程序書_訓練的內外稽核流程與紀錄_D1.docx,TTQS_FULL_REBUILD_V4_0_20260924/08_SOURCE_TRACE/PRE_SOURCE_TRACE_FIX_V1/OFR-078-D01_I16_標準作業程序書_訓練的內外稽核流程與紀錄_D1.docx,04_全部文件與歷次版本/TTQS_FULL_REBUILD_V4_0_20260924/06/0525_OFR-078-D01_I16_標準作業程序書_訓練的內外稽核流程與紀錄_D1.docx,原樣保留；本次尚未確認完成驗收,41746,e4b2c9cbd060409f32dc36cc12954c7d66fd59b6b8a3788ec788e9e8ffb7292b
526,OFR-078-D02_I16_外部稽核需求與查核紀錄包_D2.docx,TTQS_FULL_REBUILD_V4_0_20260924/08_SOURCE_TRACE/PRE_SOURCE_TRACE_FIX_V1/OFR-078-D02_I16_外部稽核需求與查核紀錄包_D2.docx,04_全部文件與歷次版本/TTQS_FULL_REBUILD_V4_0_20260924/06/0526_OFR-078-D02_I16_外部稽核需求與查核紀錄包_D2.docx,原樣保留；本次尚未確認完成驗收,41416,32fc79ae08aff668b2aef6cd6cd21424cb24181dab88a5ddaad12c6cc26bd9d4
527,OFR-079-D01_I16_其他補充佐證規劃與核實紀錄.docx,TTQS_FULL_REBUILD_V4_0_20260924/08_SOURCE_TRACE/PRE_SOURCE_TRACE_FIX_V1/OFR-079-D01_I16_其他補充佐證規劃與核實紀錄.docx,04_全部文件與歷次版本/TTQS_FULL_REBUILD_V4_0_20260924/06/0527_OFR-079-D01_I16_其他補充佐證規劃與核實紀錄.docx,原樣保留；本次尚未確認完成驗收,41268,f2ce43d4c177463d5515e1d7af970e3e450f2b2354d80a74153c94c572b64369
528,OFR-080-D01_I17_反應評估與滿意度分析_課後滿意度調查分析與課後檢討講師學員人資部門主管等利益關係人_D1.docx,TTQS_FULL_REBUILD_V4_0_20260924/08_SOURCE_TRACE/PRE_SOURCE_TRACE_FIX_V1/OFR-080-D01_I17_反應評估與滿意度分析_課後滿意度調查分析與課後檢討講師學員人資部門主管等利益關係人_D1.docx,04_全部文件與歷次版本/TTQS_FULL_REBUILD_V4_0_20260924/06/0528_OFR-080-D01_I17_反應評估與滿意度分析_課後滿意度調查分析與課後檢討講師學員人資部門主管等利益關係人_D1.docx,原樣保留；本次尚未確認完成驗收,41578,03fed1db8b3216be02ec8d97c9945297c33408324deb2adfb171a08877c924c5
529,OFR-080-D02_I17_反應評估問卷空白版_D2.docx,TTQS_FULL_REBUILD_V4_0_20260924/08_SOURCE_TRACE/PRE_SOURCE_TRACE_FIX_V1/OFR-080-D02_I17_反應評估問卷空白版_D2.docx,04_全部文件與歷次版本/TTQS_FULL_REBUILD_V4_0_20260924/06/0529_OFR-080-D02_I17_反應評估問卷空白版_D2.docx,原樣保留；本次尚未確認完成驗收,41659,086e98c161839df13e8305f32b9473672ff90dc1015bd4580d66c6d4c5b53d20
530,OFR-080-D03_I17_I17_反應評估問卷空白版_D2_示範填寫版_D3.docx,TTQS_FULL_REBUILD_V4_0_20260924/08_SOURCE_TRACE/PRE_SOURCE_TRACE_FIX_V1/OFR-080-D03_I17_I17_反應評估問卷空白版_D2_示範填寫版_D3.docx,04_全部文件與歷次版本/TTQS_FULL_REBUILD_V4_0_20260924/06/0530_OFR-080-D03_I17_I17_反應評估問卷空白版_D2_示範填寫版_D3.docx,原樣保留；本次尚未確認完成驗收,41298,f9d8e43d571a80b6ad85ebf826af6259c0eb5f14f2a4e018cd547582e214f7f8
531,OFR-081-D01_I17_班級結案報告_課程結案報告含問卷調查統計分析課程規劃紀錄等含對後續課程的開_D1.docx,TTQS_FULL_REBUILD_V4_0_20260924/08_SOURCE_TRACE/PRE_SOURCE_TRACE_FIX_V1/OFR-081-D01_I17_班級結案報告_課程結案報告含問卷調查統計分析課程規劃紀錄等含對後續課程的開_D1.docx,04_全部文件與歷次版本/TTQS_FULL_REBUILD_V4_0_20260924/06/0531_OFR-081-D01_I17_班級結案報告_課程結案報告含問卷調查統計分析課程規劃紀錄等含對後續課程的開_D1.docx,原樣保留；本次尚未確認完成驗收,44651,db5e7dd2571fd4b97c8a4dbfd0849d41a4e828e18598ebcd11b7be73df450df6
532,OFR-082-D01_I17_異常處理與改善追蹤_依反應評估進行課程改善的行動方案_D1.docx,TTQS_FULL_REBUILD_V4_0_20260924/08_SOURCE_TRACE/PRE_SOURCE_TRACE_FIX_V1/OFR-082-D01_I17_異常處理與改善追蹤_依反應評估進行課程改善的行動方案_D1.docx,04_全部文件與歷次版本/TTQS_FULL_REBUILD_V4_0_20260924/06/0532_OFR-082-D01_I17_異常處理與改善追蹤_依反應評估進行課程改善的行動方案_D1.docx,原樣保留；本次尚未確認完成驗收,41787,5af0bf0a21a956d222033aa92a7dcd4e72ae0015435ddcd1b904db26e0787d28
533,OFR-083-D01_I17_其他補充佐證規劃與核實紀錄.docx,TTQS_FULL_REBUILD_V4_0_20260924/08_SOURCE_TRACE/PRE_SOURCE_TRACE_FIX_V1/OFR-083-D01_I17_其他補充佐證規劃與核實紀錄.docx,04_全部文件與歷次版本/TTQS_FULL_REBUILD_V4_0_20260924/06/0533_OFR-083-D01_I17_其他補充佐證規劃與核實紀錄.docx,原樣保留；本次尚未確認完成驗收,41397,93ec67943ed6349f9eac5f96b014e865c7ca6cb9409c99e073a6cb3fe3f70655
534,OFR-084-D01_I17_出勤與評量紀錄_考試紀錄學員心得報告照片與紀錄訓後學員職涯規劃建議表_D1.docx,TTQS_FULL_REBUILD_V4_0_20260924/08_SOURCE_TRACE/PRE_SOURCE_TRACE_FIX_V1/OFR-084-D01_I17_出勤與評量紀錄_考試紀錄學員心得報告照片與紀錄訓後學員職涯規劃建議表_D1.docx,04_全部文件與歷次版本/TTQS_FULL_REBUILD_V4_0_20260924/06/0534_OFR-084-D01_I17_出勤與評量紀錄_考試紀錄學員心得報告照片與紀錄訓後學員職涯規劃建議表_D1.docx,原樣保留；本次尚未確認完成驗收,42226,d5e1db3d25283fc2a5748ccf2766388f4f484d131c284888fe1b5e84f8ae0794
535,OFR-084-D02_I17_學員心得報告示範_D2.docx,TTQS_FULL_REBUILD_V4_0_20260924/08_SOURCE_TRACE/PRE_SOURCE_TRACE_FIX_V1/OFR-084-D02_I17_學員心得報告示範_D2.docx,04_全部文件與歷次版本/TTQS_FULL_REBUILD_V4_0_20260924/06/0535_OFR-084-D02_I17_學員心得報告示範_D2.docx,原樣保留；本次尚未確認完成驗收,41270,41363b3e04da58d2ef06560d99459c0dea215e7655e492e2159f39d84e724a65
536,OFR-084-D03_I17_影像紀錄與授權核實包_D3.docx,TTQS_FULL_REBUILD_V4_0_20260924/08_SOURCE_TRACE/PRE_SOURCE_TRACE_FIX_V1/OFR-084-D03_I17_影像紀錄與授權核實包_D3.docx,04_全部文件與歷次版本/TTQS_FULL_REBUILD_V4_0_20260924/06/0536_OFR-084-D03_I17_影像紀錄與授權核實包_D3.docx,原樣保留；本次尚未確認完成驗收,41555,0a83d833911048f452f95822c98246ff1baccdf5f4c24c8f3aa8afd3fe994faf
537,OFR-084-D04_I17_訓後職涯規劃建議表_D4.docx,TTQS_FULL_REBUILD_V4_0_20260924/08_SOURCE_TRACE/PRE_SOURCE_TRACE_FIX_V1/OFR-084-D04_I17_訓後職涯規劃建議表_D4.docx,04_全部文件與歷次版本/TTQS_FULL_REBUILD_V4_0_20260924/06/0537_OFR-084-D04_I17_訓後職涯規劃建議表_D4.docx,原樣保留；本次尚未確認完成驗收,41630,bc84b8537f597d7b6e82f7588db85f5357707a5521228bb5cdcd0c6ac8f053b5
538,OFR-084-D05_I17_I17_訓後職涯規劃建議表_D4_示範填寫版_D5.docx,TTQS_FULL_REBUILD_V4_0_20260924/08_SOURCE_TRACE/PRE_SOURCE_TRACE_FIX_V1/OFR-084-D05_I17_I17_訓後職涯規劃建議表_D4_示範填寫版_D5.docx,04_全部文件與歷次版本/TTQS_FULL_REBUILD_V4_0_20260924/06/0538_OFR-084-D05_I17_I17_訓後職涯規劃建議表_D4_示範填寫版_D5.docx,原樣保留；本次尚未確認完成驗收,41273,4d41a53e7f048de0ace1999f916e5b7c5ee7010a2c737440da999ed5874cd958
539,OFR-085-D01_I17_學習評估報告_對課程評量及學員建議進行檢討與紀錄_D1.docx,TTQS_FULL_REBUILD_V4_0_20260924/08_SOURCE_TRACE/PRE_SOURCE_TRACE_FIX_V1/OFR-085-D01_I17_學習評估報告_對課程評量及學員建議進行檢討與紀錄_D1.docx,04_全部文件與歷次版本/TTQS_FULL_REBUILD_V4_0_20260924/06/0539_OFR-085-D01_I17_學習評估報告_對課程評量及學員建議進行檢討與紀錄_D1.docx,原樣保留；本次尚未確認完成驗收,42307,9ded918c549b1e009e3cb489524d3ce026dc22fa64b8be13408d2ef8fa049852
540,OFR-086-D01_I17_班級結案報告_結案報告書課後訓練機構的課程檢討行動計畫查核紀錄_D1.docx,TTQS_FULL_REBUILD_V4_0_20260924/08_SOURCE_TRACE/PRE_SOURCE_TRACE_FIX_V1/OFR-086-D01_I17_班級結案報告_結案報告書課後訓練機構的課程檢討行動計畫查核紀錄_D1.docx,04_全部文件與歷次版本/TTQS_FULL_REBUILD_V4_0_20260924/06/0540_OFR-086-D01_I17_班級結案報告_結案報告書課後訓練機構的課程檢討行動計畫查核紀錄_D1.docx,原樣保留；本次尚未確認完成驗收,44623,44c1bbc739a60b3d2d9884226a2f01ab6913891dfd69dfb3ca7d3a600c302d96
541,OFR-086-D02_I17_課程檢討行動計畫查核紀錄_D2.docx,TTQS_FULL_REBUILD_V4_0_20260924/08_SOURCE_TRACE/PRE_SOURCE_TRACE_FIX_V1/OFR-086-D02_I17_課程檢討行動計畫查核紀錄_D2.docx,04_全部文件與歷次版本/TTQS_FULL_REBUILD_V4_0_20260924/06/0541_OFR-086-D02_I17_課程檢討行動計畫查核紀錄_D2.docx,原樣保留；本次尚未確認完成驗收,41809,901bfacc3cc1585272a8d48867d4c4dcd7c794fdc937f8336c7a2fbe6a098192
542,OFR-087-D01_I17_其他補充佐證規劃與核實紀錄.docx,TTQS_FULL_REBUILD_V4_0_20260924/08_SOURCE_TRACE/PRE_SOURCE_TRACE_FIX_V1/OFR-087-D01_I17_其他補充佐證規劃與核實紀錄.docx,04_全部文件與歷次版本/TTQS_FULL_REBUILD_V4_0_20260924/06/0542_OFR-087-D01_I17_其他補充佐證規劃與核實紀錄.docx,原樣保留；本次尚未確認完成驗收,41397,16594def4a8e5346474a4284dd22b7d690549e62467b77575dbc71665e9e5d69
543,OFR-088-D01_I17_行為移轉與訓後追蹤_學員訓後動態調查表_D1.docx,TTQS_FULL_REBUILD_V4_0_20260924/08_SOURCE_TRACE/PRE_SOURCE_TRACE_FIX_V1/OFR-088-D01_I17_行為移轉與訓後追蹤_學員訓後動態調查表_D1.docx,04_全部文件與歷次版本/TTQS_FULL_REBUILD_V4_0_20260924/06/0543_OFR-088-D01_I17_行為移轉與訓後追蹤_學員訓後動態調查表_D1.docx,原樣保留；本次尚未確認完成驗收,41584,700a29a5ffd77d626605ecebc8c9102c783671a505fe8587de8bf77422f325c3
544,OFR-088-D02_I17_訓後動態調查表空白版_D2.docx,TTQS_FULL_REBUILD_V4_0_20260924/08_SOURCE_TRACE/PRE_SOURCE_TRACE_FIX_V1/OFR-088-D02_I17_訓後動態調查表空白版_D2.docx,04_全部文件與歷次版本/TTQS_FULL_REBUILD_V4_0_20260924/06/0544_OFR-088-D02_I17_訓後動態調查表空白版_D2.docx,原樣保留；本次尚未確認完成驗收,41590,c799db9a6b15c531e79bed644e1f33199fbc075a3b92d79ee4f4ba021fee9b9b
545,OFR-088-D03_I17_I17_訓後動態調查表空白版_D2_示範填寫版_D3.docx,TTQS_FULL_REBUILD_V4_0_20260924/08_SOURCE_TRACE/PRE_SOURCE_TRACE_FIX_V1/OFR-088-D03_I17_I17_訓後動態調查表空白版_D2_示範填寫版_D3.docx,04_全部文件與歷次版本/TTQS_FULL_REBUILD_V4_0_20260924/06/0545_OFR-088-D03_I17_I17_訓後動態調查表空白版_D2_示範填寫版_D3.docx,原樣保留；本次尚未確認完成驗收,41232,1fe285d926449ef23e2d9eb486d20dd6f8fb4fb43dba936473195ac5bc0cb669
546,OFR-089-D01_I17_行為移轉與訓後追蹤_參訓學員的學習成果實施行動計畫表追蹤紀錄_D1.docx,TTQS_FULL_REBUILD_V4_0_20260924/08_SOURCE_TRACE/PRE_SOURCE_TRACE_FIX_V1/OFR-089-D01_I17_行為移轉與訓後追蹤_參訓學員的學習成果實施行動計畫表追蹤紀錄_D1.docx,04_全部文件與歷次版本/TTQS_FULL_REBUILD_V4_0_20260924/06/0546_OFR-089-D01_I17_行為移轉與訓後追蹤_參訓學員的學習成果實施行動計畫表追蹤紀錄_D1.docx,原樣保留；本次尚未確認完成驗收,41595,a7db25db1a753130241b14a94de7ec3e87587c08a2d58a53f2297819d50b3638
547,OFR-089-D02_I17_訓後行動計畫表空白版_D2.docx,TTQS_FULL_REBUILD_V4_0_20260924/08_SOURCE_TRACE/PRE_SOURCE_TRACE_FIX_V1/OFR-089-D02_I17_訓後行動計畫表空白版_D2.docx,04_全部文件與歷次版本/TTQS_FULL_REBUILD_V4_0_20260924/06/0547_OFR-089-D02_I17_訓後行動計畫表空白版_D2.docx,原樣保留；本次尚未確認完成驗收,41613,f7c9ca8cf8bf849be23a4ec2181dc821b69bf820f25d477fa92b1eac57eb4937
548,OFR-089-D03_I17_I17_訓後行動計畫表空白版_D2_示範填寫版_D3.docx,TTQS_FULL_REBUILD_V4_0_20260924/08_SOURCE_TRACE/PRE_SOURCE_TRACE_FIX_V1/OFR-089-D03_I17_I17_訓後行動計畫表空白版_D2_示範填寫版_D3.docx,04_全部文件與歷次版本/TTQS_FULL_REBUILD_V4_0_20260924/06/0548_OFR-089-D03_I17_I17_訓後行動計畫表空白版_D2_示範填寫版_D3.docx,原樣保留；本次尚未確認完成驗收,41254,e4a1827397df3ad26c5be73b47a24f80efd0bfb3713f5bb9719af6ff9eb6f357
549,OFR-090-D01_I17_第三方或官方原件索取與驗證包_派訓單位主管對參訓學員的學習成效評估表_D1.docx,TTQS_FULL_REBUILD_V4_0_20260924/08_SOURCE_TRACE/PRE_SOURCE_TRACE_FIX_V1/OFR-090-D01_I17_第三方或官方原件索取與驗證包_派訓單位主管對參訓學員的學習成效評估表_D1.docx,04_全部文件與歷次版本/TTQS_FULL_REBUILD_V4_0_20260924/06/0549_OFR-090-D01_I17_第三方或官方原件索取與驗證包_派訓單位主管對參訓學員的學習成效評估表_D1.docx,原樣保留；本次尚未確認完成驗收,41544,bbd557f662d0aa15dab3b3e12a265296075e4069534032d65ffd16397a233956
550,OFR-091-D01_I17_開班前中後執行紀錄_知識管理社群討論_D1.docx,TTQS_FULL_REBUILD_V4_0_20260924/08_SOURCE_TRACE/PRE_SOURCE_TRACE_FIX_V1/OFR-091-D01_I17_開班前中後執行紀錄_知識管理社群討論_D1.docx,04_全部文件與歷次版本/TTQS_FULL_REBUILD_V4_0_20260924/06/0550_OFR-091-D01_I17_開班前中後執行紀錄_知識管理社群討論_D1.docx,原樣保留；本次尚未確認完成驗收,42412,0175e943a5188887788d6e02619490e5a835cfa323565ae1c5a80da3deae5560
551,OFR-092-D01_I17_標準作業程序書_神秘客實地稽核外部稽核課後機制等_D1.docx,TTQS_FULL_REBUILD_V4_0_20260924/08_SOURCE_TRACE/PRE_SOURCE_TRACE_FIX_V1/OFR-092-D01_I17_標準作業程序書_神秘客實地稽核外部稽核課後機制等_D1.docx,04_全部文件與歷次版本/TTQS_FULL_REBUILD_V4_0_20260924/06/0551_OFR-092-D01_I17_標準作業程序書_神秘客實地稽核外部稽核課後機制等_D1.docx,原樣保留；本次尚未確認完成驗收,41850,72f8ba94b2b31ef1e3a239fefd7057d214ebc43383f87877b72608f2dd38a381
552,OFR-092-D02_I17_獨立外部查核人邀請與驗證包_D2.docx,TTQS_FULL_REBUILD_V4_0_20260924/08_SOURCE_TRACE/PRE_SOURCE_TRACE_FIX_V1/OFR-092-D02_I17_獨立外部查核人邀請與驗證包_D2.docx,04_全部文件與歷次版本/TTQS_FULL_REBUILD_V4_0_20260924/06/0552_OFR-092-D02_I17_獨立外部查核人邀請與驗證包_D2.docx,原樣保留；本次尚未確認完成驗收,41546,13c5abf4da6cca10231c9524ac68d26670f5bc4b6b220f8444836ed105cbe221
553,OFR-093-D01_I17_其他補充佐證規劃與核實紀錄.docx,TTQS_FULL_REBUILD_V4_0_20260924/08_SOURCE_TRACE/PRE_SOURCE_TRACE_FIX_V1/OFR-093-D01_I17_其他補充佐證規劃與核實紀錄.docx,04_全部文件與歷次版本/TTQS_FULL_REBUILD_V4_0_20260924/06/0553_OFR-093-D01_I17_其他補充佐證規劃與核實紀錄.docx,原樣保留；本次尚未確認完成驗收,41396,837823c2f1808f739a3cb4fd5f531225310acba4e0e87177501bee3f6ddeef8a
554,OFR-094-D01_I17_成果評估報告_訓後調查表_D1.docx,TTQS_FULL_REBUILD_V4_0_20260924/08_SOURCE_TRACE/PRE_SOURCE_TRACE_FIX_V1/OFR-094-D01_I17_成果評估報告_訓後調查表_D1.docx,04_全部文件與歷次版本/TTQS_FULL_REBUILD_V4_0_20260924/06/0554_OFR-094-D01_I17_成果評估報告_訓後調查表_D1.docx,原樣保留；本次尚未確認完成驗收,42087,9c43bd31727fe067d36ccce59e0aba39aaf96a099da5ce9eadd0b9cd4b5eaa83
555,OFR-094-D02_I17_訓後成果調查表空白版_D2.docx,TTQS_FULL_REBUILD_V4_0_20260924/08_SOURCE_TRACE/PRE_SOURCE_TRACE_FIX_V1/OFR-094-D02_I17_訓後成果調查表空白版_D2.docx,04_全部文件與歷次版本/TTQS_FULL_REBUILD_V4_0_20260924/06/0555_OFR-094-D02_I17_訓後成果調查表空白版_D2.docx,原樣保留；本次尚未確認完成驗收,41578,b7209c4be63aed630d7d03f4545bcce297d4134df2bbc169c40bfe0dc7ba51a4
556,OFR-094-D03_I17_I17_訓後成果調查表空白版_D2_示範填寫版_D3.docx,TTQS_FULL_REBUILD_V4_0_20260924/08_SOURCE_TRACE/PRE_SOURCE_TRACE_FIX_V1/OFR-094-D03_I17_I17_訓後成果調查表空白版_D2_示範填寫版_D3.docx,04_全部文件與歷次版本/TTQS_FULL_REBUILD_V4_0_20260924/06/0556_OFR-094-D03_I17_I17_訓後成果調查表空白版_D2_示範填寫版_D3.docx,原樣保留；本次尚未確認完成驗收,41226,2f20140a0becc81f790a566acf423d79b7324ff20b360cbf600ea7698935ef3b
557,OFR-095-D01_I17_第三方或官方原件索取與驗證包_就業及考照追蹤紀錄_D1.docx,TTQS_FULL_REBUILD_V4_0_20260924/08_SOURCE_TRACE/PRE_SOURCE_TRACE_FIX_V1/OFR-095-D01_I17_第三方或官方原件索取與驗證包_就業及考照追蹤紀錄_D1.docx,04_全部文件與歷次版本/TTQS_FULL_REBUILD_V4_0_20260924/06/0557_OFR-095-D01_I17_第三方或官方原件索取與驗證包_就業及考照追蹤紀錄_D1.docx,原樣保留；本次尚未確認完成驗收,41523,8c413af998232b80ca60d2cd8817751073c2638dd4485725277532029e97dc4d
558,OFR-095-D02_I17_考照追蹤表與資格查驗包_D2.docx,TTQS_FULL_REBUILD_V4_0_20260924/08_SOURCE_TRACE/PRE_SOURCE_TRACE_FIX_V1/OFR-095-D02_I17_考照追蹤表與資格查驗包_D2.docx,04_全部文件與歷次版本/TTQS_FULL_REBUILD_V4_0_20260924/06/0558_OFR-095-D02_I17_考照追蹤表與資格查驗包_D2.docx,原樣保留；本次尚未確認完成驗收,41522,7329d99c982827c86a1177cc0dd6b25ee48abe3c6ce5a5b87a6bf07837be1213
559,OFR-096-D01_I17_成果評估報告_品質不良率下降統計表_D1.docx,TTQS_FULL_REBUILD_V4_0_20260924/08_SOURCE_TRACE/PRE_SOURCE_TRACE_FIX_V1/OFR-096-D01_I17_成果評估報告_品質不良率下降統計表_D1.docx,04_全部文件與歷次版本/TTQS_FULL_REBUILD_V4_0_20260924/06/0559_OFR-096-D01_I17_成果評估報告_品質不良率下降統計表_D1.docx,原樣保留；本次尚未確認完成驗收,42096,129077af024060892c3c5d998389ab1c542e31eefdf7b962eb6ee47258a99e16
560,OFR-097-D01_I17_第三方或官方原件索取與驗證包_派訓單位主管對參訓學員的學習成效評估表_D1.docx,TTQS_FULL_REBUILD_V4_0_20260924/08_SOURCE_TRACE/PRE_SOURCE_TRACE_FIX_V1/OFR-097-D01_I17_第三方或官方原件索取與驗證包_派訓單位主管對參訓學員的學習成效評估表_D1.docx,04_全部文件與歷次版本/TTQS_FULL_REBUILD_V4_0_20260924/06/0560_OFR-097-D01_I17_第三方或官方原件索取與驗證包_派訓單位主管對參訓學員的學習成效評估表_D1.docx,原樣保留；本次尚未確認完成驗收,41544,cae13c0dda6982941fccfcababa2b3953156555d30b6a37cb0655ffab560d86e
561,OFR-098-D01_I17_第三方或官方原件索取與驗證包_學員就業證明_D1.docx,TTQS_FULL_REBUILD_V4_0_20260924/08_SOURCE_TRACE/PRE_SOURCE_TRACE_FIX_V1/OFR-098-D01_I17_第三方或官方原件索取與驗證包_學員就業證明_D1.docx,04_全部文件與歷次版本/TTQS_FULL_REBUILD_V4_0_20260924/06/0561_OFR-098-D01_I17_第三方或官方原件索取與驗證包_學員就業證明_D1.docx,原樣保留；本次尚未確認完成驗收,41508,70ed67be520d0c1501995cfe26d0af382edc4a2ed716586ecbfa6f386787b3cb
562,OFR-099-D01_I17_第三方或官方原件索取與驗證包_感謝函_D1.docx,TTQS_FULL_REBUILD_V4_0_20260924/08_SOURCE_TRACE/PRE_SOURCE_TRACE_FIX_V1/OFR-099-D01_I17_第三方或官方原件索取與驗證包_感謝函_D1.docx,04_全部文件與歷次版本/TTQS_FULL_REBUILD_V4_0_20260924/06/0562_OFR-099-D01_I17_第三方或官方原件索取與驗證包_感謝函_D1.docx,原樣保留；本次尚未確認完成驗收,41510,617ad33a261d1fd44525598f9c3ca0cf64e13dc23907af48d418a861c5475f6f
563,OFR-100-D01_I17_可填寫表單_學員訓後雇主問卷調查表_D1.docx,TTQS_FULL_REBUILD_V4_0_20260924/08_SOURCE_TRACE/PRE_SOURCE_TRACE_FIX_V1/OFR-100-D01_I17_可填寫表單_學員訓後雇主問卷調查表_D1.docx,04_全部文件與歷次版本/TTQS_FULL_REBUILD_V4_0_20260924/06/0563_OFR-100-D01_I17_可填寫表單_學員訓後雇主問卷調查表_D1.docx,原樣保留；本次尚未確認完成驗收,41564,3419c91323916cd5fa041c01f7ad9f449b84b0a9f3e9f95512957536b22a3044
564,OFR-100-D02_I17_雇主問卷統計與結果分析_D2.docx,TTQS_FULL_REBUILD_V4_0_20260924/08_SOURCE_TRACE/PRE_SOURCE_TRACE_FIX_V1/OFR-100-D02_I17_雇主問卷統計與結果分析_D2.docx,04_全部文件與歷次版本/TTQS_FULL_REBUILD_V4_0_20260924/06/0564_OFR-100-D02_I17_雇主問卷統計與結果分析_D2.docx,原樣保留；本次尚未確認完成驗收,42125,b6cddcfa32220f51a0a5c2bf1e709dbd83b893d4f55c0bf2ab5be526506ee3f3
565,OFR-100-D03_I17_I17_可填寫表單_學員訓後雇主問卷調查表_D1_示範填寫版_D3.docx,TTQS_FULL_REBUILD_V4_0_20260924/08_SOURCE_TRACE/PRE_SOURCE_TRACE_FIX_V1/OFR-100-D03_I17_I17_可填寫表單_學員訓後雇主問卷調查表_D1_示範填寫版_D3.docx,04_全部文件與歷次版本/TTQS_FULL_REBUILD_V4_0_20260924/06/0565_OFR-100-D03_I17_I17_可填寫表單_學員訓後雇主問卷調查表_D1_示範填寫版_D3.docx,原樣保留；本次尚未確認完成驗收,41238,7141ca42b6e17107a934651cbb849b7f52594e95dee92b2a49a7d8ebf9e34305
566,OFR-101-D01_I17_其他補充佐證規劃與核實紀錄.docx,TTQS_FULL_REBUILD_V4_0_20260924/08_SOURCE_TRACE/PRE_SOURCE_TRACE_FIX_V1/OFR-101-D01_I17_其他補充佐證規劃與核實紀錄.docx,04_全部文件與歷次版本/TTQS_FULL_REBUILD_V4_0_20260924/06/0566_OFR-101-D01_I17_其他補充佐證規劃與核實紀錄.docx,原樣保留；本次尚未確認完成驗收,41396,055141da35d1c861dd38b977e80ae905f17305dcfafcca885c78fa0f737d4bb2
567,OFR-102-D01_I18_顧客價值分析報告_口述目標客戶及學員認為訓練有其功能僅有滿意度調查但未有具體紀_D1.docx,TTQS_FULL_REBUILD_V4_0_20260924/08_SOURCE_TRACE/PRE_SOURCE_TRACE_FIX_V1/OFR-102-D01_I18_顧客價值分析報告_口述目標客戶及學員認為訓練有其功能僅有滿意度調查但未有具體紀_D1.docx,04_全部文件與歷次版本/TTQS_FULL_REBUILD_V4_0_20260924/06/0567_OFR-102-D01_I18_顧客價值分析報告_口述目標客戶及學員認為訓練有其功能僅有滿意度調查但未有具體紀_D1.docx,原樣保留；本次尚未確認完成驗收,42123,a8f07b1ab9fc5df8d872c7b3929ced290c19d66fc786b2fa28748fad96988ee1
568,OFR-103-D01_I18_標準作業程序書_建立目標客戶及學員滿意度調查機制系統及流程面_D1.docx,TTQS_FULL_REBUILD_V4_0_20260924/08_SOURCE_TRACE/PRE_SOURCE_TRACE_FIX_V1/OFR-103-D01_I18_標準作業程序書_建立目標客戶及學員滿意度調查機制系統及流程面_D1.docx,04_全部文件與歷次版本/TTQS_FULL_REBUILD_V4_0_20260924/06/0568_OFR-103-D01_I18_標準作業程序書_建立目標客戶及學員滿意度調查機制系統及流程面_D1.docx,原樣保留；本次尚未確認完成驗收,41869,aad5bb68bf355c1e7739005526280a1f8e0cc338d7d6439db426af334adbfc3f
569,OFR-103-D02_I18_目標客戶學員滿意度問卷_D2.docx,TTQS_FULL_REBUILD_V4_0_20260924/08_SOURCE_TRACE/PRE_SOURCE_TRACE_FIX_V1/OFR-103-D02_I18_目標客戶學員滿意度問卷_D2.docx,04_全部文件與歷次版本/TTQS_FULL_REBUILD_V4_0_20260924/06/0569_OFR-103-D02_I18_目標客戶學員滿意度問卷_D2.docx,原樣保留；本次尚未確認完成驗收,41629,9408f20793a34a8bbe743bcb5a05d6e8f21cdbd49a9e84bb0c0f1566f1a7c9ed
570,OFR-103-D03_I18_I18_目標客戶學員滿意度問卷_D2_示範填寫版_D3.docx,TTQS_FULL_REBUILD_V4_0_20260924/08_SOURCE_TRACE/PRE_SOURCE_TRACE_FIX_V1/OFR-103-D03_I18_I18_目標客戶學員滿意度問卷_D2_示範填寫版_D3.docx,04_全部文件與歷次版本/TTQS_FULL_REBUILD_V4_0_20260924/06/0570_OFR-103-D03_I18_I18_目標客戶學員滿意度問卷_D2_示範填寫版_D3.docx,原樣保留；本次尚未確認完成驗收,41273,5c5aec6b20681ac94052099065a8531aca58afe3d59e08a9d84bdef8a915aaba
571,OFR-104-D01_I18_第三方或官方原件索取與驗證包_感謝函_D1.docx,TTQS_FULL_REBUILD_V4_0_20260924/08_SOURCE_TRACE/PRE_SOURCE_TRACE_FIX_V1/OFR-104-D01_I18_第三方或官方原件索取與驗證包_感謝函_D1.docx,04_全部文件與歷次版本/TTQS_FULL_REBUILD_V4_0_20260924/06/0571_OFR-104-D01_I18_第三方或官方原件索取與驗證包_感謝函_D1.docx,原樣保留；本次尚未確認完成驗收,41510,d0a120fe5450eafdbe5e8e3498760db70b62289d01afa3f88c0dbf3577c25985
572,OFR-105-D01_I18_其他補充佐證規劃與核實紀錄.docx,TTQS_FULL_REBUILD_V4_0_20260924/08_SOURCE_TRACE/PRE_SOURCE_TRACE_FIX_V1/OFR-105-D01_I18_其他補充佐證規劃與核實紀錄.docx,04_全部文件與歷次版本/TTQS_FULL_REBUILD_V4_0_20260924/06/0572_OFR-105-D01_I18_其他補充佐證規劃與核實紀錄.docx,原樣保留；本次尚未確認完成驗收,41564,89686b92898780b6c1ccf05da2760f70794af22710127c268caaf60261abe811
573,OFR-106-D01_I18_顧客價值分析報告_問卷調查等顯示目標客戶及學員認為訓練有達成能力提升的效果_D1.docx,TTQS_FULL_REBUILD_V4_0_20260924/08_SOURCE_TRACE/PRE_SOURCE_TRACE_FIX_V1/OFR-106-D01_I18_顧客價值分析報告_問卷調查等顯示目標客戶及學員認為訓練有達成能力提升的效果_D1.docx,04_全部文件與歷次版本/TTQS_FULL_REBUILD_V4_0_20260924/06/0573_OFR-106-D01_I18_顧客價值分析報告_問卷調查等顯示目標客戶及學員認為訓練有達成能力提升的效果_D1.docx,原樣保留；本次尚未確認完成驗收,42105,093d090d64e16e91c8c7ae070ef949ceb0e145ec6472281ee324c6f8ffd25c11
574,OFR-107-D01_I18_反應評估與滿意度分析_執行目標客戶及學員滿意度調查及分析系統及流程面_D1.docx,TTQS_FULL_REBUILD_V4_0_20260924/08_SOURCE_TRACE/PRE_SOURCE_TRACE_FIX_V1/OFR-107-D01_I18_反應評估與滿意度分析_執行目標客戶及學員滿意度調查及分析系統及流程面_D1.docx,04_全部文件與歷次版本/TTQS_FULL_REBUILD_V4_0_20260924/06/0574_OFR-107-D01_I18_反應評估與滿意度分析_執行目標客戶及學員滿意度調查及分析系統及流程面_D1.docx,原樣保留；本次尚未確認完成驗收,41567,66e2740e9d1b1324ac498360af2a158b593793bdd870d85edc3e394809992e24
575,OFR-107-D02_I18_顧客及學員滿意度問卷空白版_D2.docx,TTQS_FULL_REBUILD_V4_0_20260924/08_SOURCE_TRACE/PRE_SOURCE_TRACE_FIX_V1/OFR-107-D02_I18_顧客及學員滿意度問卷空白版_D2.docx,04_全部文件與歷次版本/TTQS_FULL_REBUILD_V4_0_20260924/06/0575_OFR-107-D02_I18_顧客及學員滿意度問卷空白版_D2.docx,原樣保留；本次尚未確認完成驗收,41630,e70e5153748167de9c5fe2dc8028ccbedf23d17ce5f1b550235e8d008ba3a63a
576,OFR-107-D03_I18_I18_顧客及學員滿意度問卷空白版_D2_示範填寫版_D3.docx,TTQS_FULL_REBUILD_V4_0_20260924/08_SOURCE_TRACE/PRE_SOURCE_TRACE_FIX_V1/OFR-107-D03_I18_I18_顧客及學員滿意度問卷空白版_D2_示範填寫版_D3.docx,04_全部文件與歷次版本/TTQS_FULL_REBUILD_V4_0_20260924/06/0576_OFR-107-D03_I18_I18_顧客及學員滿意度問卷空白版_D2_示範填寫版_D3.docx,原樣保留；本次尚未確認完成驗收,41277,9a071b1a80681941c8020340df7075ea95b6f28fdadf5f95b9d6fb4b740f6b26
577,OFR-108-D01_I18_學習評估報告_提出目標客戶及學員對訓練達能力提升之說明學習技能面_D1.docx,TTQS_FULL_REBUILD_V4_0_20260924/08_SOURCE_TRACE/PRE_SOURCE_TRACE_FIX_V1/OFR-108-D01_I18_學習評估報告_提出目標客戶及學員對訓練達能力提升之說明學習技能面_D1.docx,04_全部文件與歷次版本/TTQS_FULL_REBUILD_V4_0_20260924/06/0577_OFR-108-D01_I18_學習評估報告_提出目標客戶及學員對訓練達能力提升之說明學習技能面_D1.docx,原樣保留；本次尚未確認完成驗收,42321,1954d8aae4617caaa1254c24e94bbddba36369278f3228659c12f0d30f833874
578,OFR-108-D02_I18_能力提升成果分析與限制_D2.docx,TTQS_FULL_REBUILD_V4_0_20260924/08_SOURCE_TRACE/PRE_SOURCE_TRACE_FIX_V1/OFR-108-D02_I18_能力提升成果分析與限制_D2.docx,04_全部文件與歷次版本/TTQS_FULL_REBUILD_V4_0_20260924/06/0578_OFR-108-D02_I18_能力提升成果分析與限制_D2.docx,原樣保留；本次尚未確認完成驗收,42105,8e5ceefc9da369ce1f4fd831f91a83ec1fca0d1a608d803bef64c988e086ae5b
579,OFR-109-D01_I18_顧客價值分析報告_學員培訓前後自我評量表及雷達分析圖呈現提升效果_D1.docx,TTQS_FULL_REBUILD_V4_0_20260924/08_SOURCE_TRACE/PRE_SOURCE_TRACE_FIX_V1/OFR-109-D01_I18_顧客價值分析報告_學員培訓前後自我評量表及雷達分析圖呈現提升效果_D1.docx,04_全部文件與歷次版本/TTQS_FULL_REBUILD_V4_0_20260924/06/0579_OFR-109-D01_I18_顧客價值分析報告_學員培訓前後自我評量表及雷達分析圖呈現提升效果_D1.docx,原樣保留；本次尚未確認完成驗收,42099,a26abe89a7d39d50694289139843b0a4fb8752cbcfa385dfd53e9ff81bd61af8
580,OFR-110-D01_I18_第三方或官方原件索取與驗證包_指導學員參加技能競賽獲獎_D1.docx,TTQS_FULL_REBUILD_V4_0_20260924/08_SOURCE_TRACE/PRE_SOURCE_TRACE_FIX_V1/OFR-110-D01_I18_第三方或官方原件索取與驗證包_指導學員參加技能競賽獲獎_D1.docx,04_全部文件與歷次版本/TTQS_FULL_REBUILD_V4_0_20260924/06/0580_OFR-110-D01_I18_第三方或官方原件索取與驗證包_指導學員參加技能競賽獲獎_D1.docx,原樣保留；本次尚未確認完成驗收,41525,03708a5909ebeea09d9254115cb23e3bc88d960d97644e459e9420c448ae4a9a
581,OFR-111-D01_I18_第三方或官方原件索取與驗證包_感謝函_D1.docx,TTQS_FULL_REBUILD_V4_0_20260924/08_SOURCE_TRACE/PRE_SOURCE_TRACE_FIX_V1/OFR-111-D01_I18_第三方或官方原件索取與驗證包_感謝函_D1.docx,04_全部文件與歷次版本/TTQS_FULL_REBUILD_V4_0_20260924/06/0581_OFR-111-D01_I18_第三方或官方原件索取與驗證包_感謝函_D1.docx,原樣保留；本次尚未確認完成驗收,41509,9c6a347f7006b80fd275b2ba06fc93f8a5c0d6deaa2b0ad3e957e0defbd7dcd1
582,OFR-112-D01_I18_第三方或官方原件索取與驗證包_證照獲取率_D1.docx,TTQS_FULL_REBUILD_V4_0_20260924/08_SOURCE_TRACE/PRE_SOURCE_TRACE_FIX_V1/OFR-112-D01_I18_第三方或官方原件索取與驗證包_證照獲取率_D1.docx,04_全部文件與歷次版本/TTQS_FULL_REBUILD_V4_0_20260924/06/0582_OFR-112-D01_I18_第三方或官方原件索取與驗證包_證照獲取率_D1.docx,原樣保留；本次尚未確認完成驗收,41512,bd42f3b623cbf1d514138fb3dce1e7ace1cde6d9d928159aead2db4318080344
583,OFR-112-D02_I18_證照取得率統計口徑與查驗_D2.docx,TTQS_FULL_REBUILD_V4_0_20260924/08_SOURCE_TRACE/PRE_SOURCE_TRACE_FIX_V1/OFR-112-D02_I18_證照取得率統計口徑與查驗_D2.docx,04_全部文件與歷次版本/TTQS_FULL_REBUILD_V4_0_20260924/06/0583_OFR-112-D02_I18_證照取得率統計口徑與查驗_D2.docx,原樣保留；本次尚未確認完成驗收,42089,09de836d6682411c8e5aee90ba2370045cc43274f191993e7e5246b29efdc4a7
584,OFR-113-D01_I18_其他補充佐證規劃與核實紀錄.docx,TTQS_FULL_REBUILD_V4_0_20260924/08_SOURCE_TRACE/PRE_SOURCE_TRACE_FIX_V1/OFR-113-D01_I18_其他補充佐證規劃與核實紀錄.docx,04_全部文件與歷次版本/TTQS_FULL_REBUILD_V4_0_20260924/06/0584_OFR-113-D01_I18_其他補充佐證規劃與核實紀錄.docx,原樣保留；本次尚未確認完成驗收,41561,1278b29290c78c71ff81b7611d5db8d5189cdeeaccc2bbd28d1795ff8d3d449d
585,OFR-114-D01_I18_成果評估報告_問卷調查及課後行動計畫評估表等顯示目標客戶及學員認為訓練有績_D1.docx,TTQS_FULL_REBUILD_V4_0_20260924/08_SOURCE_TRACE/PRE_SOURCE_TRACE_FIX_V1/OFR-114-D01_I18_成果評估報告_問卷調查及課後行動計畫評估表等顯示目標客戶及學員認為訓練有績_D1.docx,04_全部文件與歷次版本/TTQS_FULL_REBUILD_V4_0_20260924/06/0585_OFR-114-D01_I18_成果評估報告_問卷調查及課後行動計畫評估表等顯示目標客戶及學員認為訓練有績_D1.docx,原樣保留；本次尚未確認完成驗收,42141,a461c353f6930405e4f2aa14e3c2bf4cbf4438a66473f0cb0c9e9dc1e0ee1222
586,OFR-114-D02_I18_課後行動計畫評估表與示範_D2.docx,TTQS_FULL_REBUILD_V4_0_20260924/08_SOURCE_TRACE/PRE_SOURCE_TRACE_FIX_V1/OFR-114-D02_I18_課後行動計畫評估表與示範_D2.docx,04_全部文件與歷次版本/TTQS_FULL_REBUILD_V4_0_20260924/06/0586_OFR-114-D02_I18_課後行動計畫評估表與示範_D2.docx,原樣保留；本次尚未確認完成驗收,41656,c536260d12f74fd2dad8a410d1a6ea9fcc56d5e7528160ad2b5c584082ee211d
587,OFR-114-D03_I18_I18_課後行動計畫評估表與示範_D2_示範填寫版_D3.docx,TTQS_FULL_REBUILD_V4_0_20260924/08_SOURCE_TRACE/PRE_SOURCE_TRACE_FIX_V1/OFR-114-D03_I18_I18_課後行動計畫評估表與示範_D2_示範填寫版_D3.docx,04_全部文件與歷次版本/TTQS_FULL_REBUILD_V4_0_20260924/06/0587_OFR-114-D03_I18_I18_課後行動計畫評估表與示範_D2_示範填寫版_D3.docx,原樣保留；本次尚未確認完成驗收,41297,dfd48a0f87fe326deba01428155ed251bf007a170df1a5ed01c30a161abb7244
588,OFR-115-D01_I18_第三方或官方原件索取與驗證包_提出目標客戶及學員對訓練達組織績效改善之說明財務面_D1.docx,TTQS_FULL_REBUILD_V4_0_20260924/08_SOURCE_TRACE/PRE_SOURCE_TRACE_FIX_V1/OFR-115-D01_I18_第三方或官方原件索取與驗證包_提出目標客戶及學員對訓練達組織績效改善之說明財務面_D1.docx,04_全部文件與歷次版本/TTQS_FULL_REBUILD_V4_0_20260924/06/0588_OFR-115-D01_I18_第三方或官方原件索取與驗證包_提出目標客戶及學員對訓練達組織績效改善之說明財務面_D1.docx,原樣保留；本次尚未確認完成驗收,41563,4a7e5ede83cdc4875eeced67fe07144e4095a4b6615b2a78d7097dce2a555839
589,OFR-116-D01_I18_第三方或官方原件索取與驗證包_高證照通過率之證明資料_D1.docx,TTQS_FULL_REBUILD_V4_0_20260924/08_SOURCE_TRACE/PRE_SOURCE_TRACE_FIX_V1/OFR-116-D01_I18_第三方或官方原件索取與驗證包_高證照通過率之證明資料_D1.docx,04_全部文件與歷次版本/TTQS_FULL_REBUILD_V4_0_20260924/06/0589_OFR-116-D01_I18_第三方或官方原件索取與驗證包_高證照通過率之證明資料_D1.docx,原樣保留；本次尚未確認完成驗收,41515,5546754309beb9f8beeaf1747dd48aa3b81edea70056cb8e4b03a24c5cdbe84c
590,OFR-117-D01_I18_第三方或官方原件索取與驗證包_提高薪資紀錄_D1.docx,TTQS_FULL_REBUILD_V4_0_20260924/08_SOURCE_TRACE/PRE_SOURCE_TRACE_FIX_V1/OFR-117-D01_I18_第三方或官方原件索取與驗證包_提高薪資紀錄_D1.docx,04_全部文件與歷次版本/TTQS_FULL_REBUILD_V4_0_20260924/06/0590_OFR-117-D01_I18_第三方或官方原件索取與驗證包_提高薪資紀錄_D1.docx,原樣保留；本次尚未確認完成驗收,41512,2d866f7dc1901ae0f92c7f0b4020629a551b6091a9736bc8343aa330f0d69bb8
591,OFR-118-D01_I18_資訊系統評估與管理文件_社群網站知識討論區人員使用網站頻率高_D1.docx,TTQS_FULL_REBUILD_V4_0_20260924/08_SOURCE_TRACE/PRE_SOURCE_TRACE_FIX_V1/OFR-118-D01_I18_資訊系統評估與管理文件_社群網站知識討論區人員使用網站頻率高_D1.docx,04_全部文件與歷次版本/TTQS_FULL_REBUILD_V4_0_20260924/06/0591_OFR-118-D01_I18_資訊系統評估與管理文件_社群網站知識討論區人員使用網站頻率高_D1.docx,原樣保留；本次尚未確認完成驗收,41680,a9706d1b41b8cb503773a0d3b612df2ce6aa768289458f4a02824787ee527682
592,OFR-119-D01_I18_其他補充佐證規劃與核實紀錄.docx,TTQS_FULL_REBUILD_V4_0_20260924/08_SOURCE_TRACE/PRE_SOURCE_TRACE_FIX_V1/OFR-119-D01_I18_其他補充佐證規劃與核實紀錄.docx,04_全部文件與歷次版本/TTQS_FULL_REBUILD_V4_0_20260924/06/0592_OFR-119-D01_I18_其他補充佐證規劃與核實紀錄.docx,原樣保留；本次尚未確認完成驗收,41564,fdb616ca603836331e34b67cec166b2259cf5552cc688be7c923324125970c98
593,OFR-120-D01_I18_顧客價值分析報告_問卷調查及課後行動計畫評估表等顯示目標客戶及學員認為訓練對組_D1.docx,TTQS_FULL_REBUILD_V4_0_20260924/08_SOURCE_TRACE/PRE_SOURCE_TRACE_FIX_V1/OFR-120-D01_I18_顧客價值分析報告_問卷調查及課後行動計畫評估表等顯示目標客戶及學員認為訓練對組_D1.docx,04_全部文件與歷次版本/TTQS_FULL_REBUILD_V4_0_20260924/06/0593_OFR-120-D01_I18_顧客價值分析報告_問卷調查及課後行動計畫評估表等顯示目標客戶及學員認為訓練對組_D1.docx,原樣保留；本次尚未確認完成驗收,42143,e1e474b202ec413fdc1eb85e8785a9ec1c4405909634c69333505beca1e75699
594,OFR-120-D02_I18_顯著改善調查工具與完整示範_D2.docx,TTQS_FULL_REBUILD_V4_0_20260924/08_SOURCE_TRACE/PRE_SOURCE_TRACE_FIX_V1/OFR-120-D02_I18_顯著改善調查工具與完整示範_D2.docx,04_全部文件與歷次版本/TTQS_FULL_REBUILD_V4_0_20260924/06/0594_OFR-120-D02_I18_顯著改善調查工具與完整示範_D2.docx,原樣保留；本次尚未確認完成驗收,41678,4974418ec3d2bc160bdef0edbf40009359093fea16db55e760ffc74f01fcab47
595,OFR-120-D03_I18_I18_顯著改善調查工具與完整示範_D2_示範填寫版_D3.docx,TTQS_FULL_REBUILD_V4_0_20260924/08_SOURCE_TRACE/PRE_SOURCE_TRACE_FIX_V1/OFR-120-D03_I18_I18_顯著改善調查工具與完整示範_D2_示範填寫版_D3.docx,04_全部文件與歷次版本/TTQS_FULL_REBUILD_V4_0_20260924/06/0595_OFR-120-D03_I18_I18_顯著改善調查工具與完整示範_D2_示範填寫版_D3.docx,原樣保留；本次尚未確認完成驗收,41321,3e469167a8acaa89362ffac34b7f748d9c5ec297d627d1328eef477ecbc2dd94
596,OFR-121-D01_I18_第三方或官方原件索取與驗證包_提出目標客戶及學員對訓練達特殊績效之說明社會面其他_D1.docx,TTQS_FULL_REBUILD_V4_0_20260924/08_SOURCE_TRACE/PRE_SOURCE_TRACE_FIX_V1/OFR-121-D01_I18_第三方或官方原件索取與驗證包_提出目標客戶及學員對訓練達特殊績效之說明社會面其他_D1.docx,04_全部文件與歷次版本/TTQS_FULL_REBUILD_V4_0_20260924/06/0596_OFR-121-D01_I18_第三方或官方原件索取與驗證包_提出目標客戶及學員對訓練達特殊績效之說明社會面其他_D1.docx,原樣保留；本次尚未確認完成驗收,41563,424e1e002392d0719e477dd73f88dc23b5fd6ace82d108eaa70441147acccf39
597,OFR-122-D01_I18_成果評估報告_輔導考照及學員回訓率持續提高_D1.docx,TTQS_FULL_REBUILD_V4_0_20260924/08_SOURCE_TRACE/PRE_SOURCE_TRACE_FIX_V1/OFR-122-D01_I18_成果評估報告_輔導考照及學員回訓率持續提高_D1.docx,04_全部文件與歷次版本/TTQS_FULL_REBUILD_V4_0_20260924/06/0597_OFR-122-D01_I18_成果評估報告_輔導考照及學員回訓率持續提高_D1.docx,原樣保留；本次尚未確認完成驗收,42135,2b7576cd15193ce7f9ad61786b22b1b75af770deb27b76dc2f11157cf28073b1
598,OFR-122-D02_I18_回訓與考照追蹤作業機制_D2.docx,TTQS_FULL_REBUILD_V4_0_20260924/08_SOURCE_TRACE/PRE_SOURCE_TRACE_FIX_V1/OFR-122-D02_I18_回訓與考照追蹤作業機制_D2.docx,04_全部文件與歷次版本/TTQS_FULL_REBUILD_V4_0_20260924/06/0598_OFR-122-D02_I18_回訓與考照追蹤作業機制_D2.docx,原樣保留；本次尚未確認完成驗收,41616,b83f3ff668ec42c82820795ba86df2f5e3f590cb2fb5fea457cac71556ef59e9
599,OFR-123-D01_I18_第三方或官方原件索取與驗證包_會員人數逐年增加_D1.docx,TTQS_FULL_REBUILD_V4_0_20260924/08_SOURCE_TRACE/PRE_SOURCE_TRACE_FIX_V1/OFR-123-D01_I18_第三方或官方原件索取與驗證包_會員人數逐年增加_D1.docx,04_全部文件與歷次版本/TTQS_FULL_REBUILD_V4_0_20260924/06/0599_OFR-123-D01_I18_第三方或官方原件索取與驗證包_會員人數逐年增加_D1.docx,原樣保留；本次尚未確認完成驗收,41518,9b511514932dd1a351740e4cc60c5252abac6a2d54068662e5d4775efe87d905
600,OFR-124-D01_I18_其他補充佐證規劃與核實紀錄.docx,TTQS_FULL_REBUILD_V4_0_20260924/08_SOURCE_TRACE/PRE_SOURCE_TRACE_FIX_V1/OFR-124-D01_I18_其他補充佐證規劃與核實紀錄.docx,04_全部文件與歷次版本/TTQS_FULL_REBUILD_V4_0_20260924/06/0600_OFR-124-D01_I18_其他補充佐證規劃與核實紀錄.docx,原樣保留；本次尚未確認完成驗收,41563,02921fbf413a8937b989ea61277aa36adf0db2177d1de0cb599c68b5520e2183
601,OFR-125-D01_I19_市場與顧客價值成果報告_目標市場及顧客價值均有提升然而未有具體紀錄及評量_D1.docx,TTQS_FULL_REBUILD_V4_0_20260924/08_SOURCE_TRACE/PRE_SOURCE_TRACE_FIX_V1/OFR-125-D01_I19_市場與顧客價值成果報告_目標市場及顧客價值均有提升然而未有具體紀錄及評量_D1.docx,04_全部文件與歷次版本/TTQS_FULL_REBUILD_V4_0_20260924/07/0601_OFR-125-D01_I19_市場與顧客價值成果報告_目標市場及顧客價值均有提升然而未有具體紀錄及評量_D1.docx,原樣保留；本次尚未確認完成驗收,42527,e59c54f5fdabb381a7226548b7c2db5b98096f7fceeccf2a0e1e6dd89c5dd0e0
602,OFR-126-D01_I19_顧客價值分析報告_提出心得與知識分享執行成效系統及流程面_D1.docx,TTQS_FULL_REBUILD_V4_0_20260924/08_SOURCE_TRACE/PRE_SOURCE_TRACE_FIX_V1/OFR-126-D01_I19_顧客價值分析報告_提出心得與知識分享執行成效系統及流程面_D1.docx,04_全部文件與歷次版本/TTQS_FULL_REBUILD_V4_0_20260924/07/0602_OFR-126-D01_I19_顧客價值分析報告_提出心得與知識分享執行成效系統及流程面_D1.docx,原樣保留；本次尚未確認完成驗收,42109,122588640a0bc6f134810b3bc1012eb25e63a3bd5788b8a80d054cbd202c88e4
603,OFR-127-D01_I19_第三方或官方原件索取與驗證包_口頭說明學員訓後就業狀況但未有具體紀錄及評量_D1.docx,TTQS_FULL_REBUILD_V4_0_20260924/08_SOURCE_TRACE/PRE_SOURCE_TRACE_FIX_V1/OFR-127-D01_I19_第三方或官方原件索取與驗證包_口頭說明學員訓後就業狀況但未有具體紀錄及評量_D1.docx,04_全部文件與歷次版本/TTQS_FULL_REBUILD_V4_0_20260924/07/0603_OFR-127-D01_I19_第三方或官方原件索取與驗證包_口頭說明學員訓後就業狀況但未有具體紀錄及評量_D1.docx,原樣保留；本次尚未確認完成驗收,41554,e240e29b5e9887a273eaf60dee5a9d760827ad1ed3dca2e350718d6bb35c9d80
604,OFR-128-D01_I19_第三方或官方原件索取與驗證包_學員考照通過率有增加但未有具體紀錄及評量_D1.docx,TTQS_FULL_REBUILD_V4_0_20260924/08_SOURCE_TRACE/PRE_SOURCE_TRACE_FIX_V1/OFR-128-D01_I19_第三方或官方原件索取與驗證包_學員考照通過率有增加但未有具體紀錄及評量_D1.docx,04_全部文件與歷次版本/TTQS_FULL_REBUILD_V4_0_20260924/07/0604_OFR-128-D01_I19_第三方或官方原件索取與驗證包_學員考照通過率有增加但未有具體紀錄及評量_D1.docx,原樣保留；本次尚未確認完成驗收,41549,ab2f6ba0513350184f20bde50051eb405fbeec10b2942f94c3e969fb1e9bb4e4
605,OFR-129-D01_I19_第三方或官方原件索取與驗證包_感謝函_D1.docx,TTQS_FULL_REBUILD_V4_0_20260924/08_SOURCE_TRACE/PRE_SOURCE_TRACE_FIX_V1/OFR-129-D01_I19_第三方或官方原件索取與驗證包_感謝函_D1.docx,04_全部文件與歷次版本/TTQS_FULL_REBUILD_V4_0_20260924/07/0605_OFR-129-D01_I19_第三方或官方原件索取與驗證包_感謝函_D1.docx,原樣保留；本次尚未確認完成驗收,41510,0792203c2ba98e1bd9d489118b0e7ad93579db95c83ae147949642a72c71251c
606,OFR-130-D01_I19_其他補充佐證規劃與核實紀錄.docx,TTQS_FULL_REBUILD_V4_0_20260924/08_SOURCE_TRACE/PRE_SOURCE_TRACE_FIX_V1/OFR-130-D01_I19_其他補充佐證規劃與核實紀錄.docx,04_全部文件與歷次版本/TTQS_FULL_REBUILD_V4_0_20260924/07/0606_OFR-130-D01_I19_其他補充佐證規劃與核實紀錄.docx,原樣保留；本次尚未確認完成驗收,41471,9f85cc5634b5d7a8d027c06061bffcd57592715fe450b29d988c21cc38b4ed2b
607,OFR-131-D01_I19_市場與顧客價值成果報告_有具體紀錄可辨識目標市場及顧客價值均有部份提升效果_D1.docx,TTQS_FULL_REBUILD_V4_0_20260924/08_SOURCE_TRACE/PRE_SOURCE_TRACE_FIX_V1/OFR-131-D01_I19_市場與顧客價值成果報告_有具體紀錄可辨識目標市場及顧客價值均有部份提升效果_D1.docx,04_全部文件與歷次版本/TTQS_FULL_REBUILD_V4_0_20260924/07/0607_OFR-131-D01_I19_市場與顧客價值成果報告_有具體紀錄可辨識目標市場及顧客價值均有部份提升效果_D1.docx,原樣保留；本次尚未確認完成驗收,42526,c829f2ed701ba26da4bd7151bb2bc6aa1570643e66fd17e80358603098d98e01
608,OFR-132-D01_I19_成果評估報告_相關證據顯示有初步訓練成果且有部份佐證資料_D1.docx,TTQS_FULL_REBUILD_V4_0_20260924/08_SOURCE_TRACE/PRE_SOURCE_TRACE_FIX_V1/OFR-132-D01_I19_成果評估報告_相關證據顯示有初步訓練成果且有部份佐證資料_D1.docx,04_全部文件與歷次版本/TTQS_FULL_REBUILD_V4_0_20260924/07/0608_OFR-132-D01_I19_成果評估報告_相關證據顯示有初步訓練成果且有部份佐證資料_D1.docx,原樣保留；本次尚未確認完成驗收,42114,2f7ca9b5e10d3a2dde0ecc0964c7a83c68cc288833314879d0b305bf239f2fa6
609,OFR-133-D01_I19_反應評估與滿意度分析_提出學員滿意度考試測驗或心得報告學習技能面_D1.docx,TTQS_FULL_REBUILD_V4_0_20260924/08_SOURCE_TRACE/PRE_SOURCE_TRACE_FIX_V1/OFR-133-D01_I19_反應評估與滿意度分析_提出學員滿意度考試測驗或心得報告學習技能面_D1.docx,04_全部文件與歷次版本/TTQS_FULL_REBUILD_V4_0_20260924/07/0609_OFR-133-D01_I19_反應評估與滿意度分析_提出學員滿意度考試測驗或心得報告學習技能面_D1.docx,原樣保留；本次尚未確認完成驗收,41570,1c2e949f0113cbd3257d0f674a4e39884161457e4352534c2b975b15fdbf64a9
610,OFR-133-D02_I19_學習評量測驗紀錄與分析_D2.docx,TTQS_FULL_REBUILD_V4_0_20260924/08_SOURCE_TRACE/PRE_SOURCE_TRACE_FIX_V1/OFR-133-D02_I19_學習評量測驗紀錄與分析_D2.docx,04_全部文件與歷次版本/TTQS_FULL_REBUILD_V4_0_20260924/07/0610_OFR-133-D02_I19_學習評量測驗紀錄與分析_D2.docx,原樣保留；本次尚未確認完成驗收,42320,0074a865dc6a4a145938c4953ff43b44314bbea66d2c6c2063930b407ca1e20b
611,OFR-133-D03_I19_學員心得報告與編碼分析_D3.docx,TTQS_FULL_REBUILD_V4_0_20260924/08_SOURCE_TRACE/PRE_SOURCE_TRACE_FIX_V1/OFR-133-D03_I19_學員心得報告與編碼分析_D3.docx,04_全部文件與歷次版本/TTQS_FULL_REBUILD_V4_0_20260924/07/0611_OFR-133-D03_I19_學員心得報告與編碼分析_D3.docx,原樣保留；本次尚未確認完成驗收,41735,0fa4e03a0bf6940fd91cb08e5c22a3728de45e3c82204c85a85748afd1b669ad
612,OFR-134-D01_I19_行為移轉與訓後追蹤_提出課後追蹤調查與分析結果證照通過情形學習技能面_D1.docx,TTQS_FULL_REBUILD_V4_0_20260924/08_SOURCE_TRACE/PRE_SOURCE_TRACE_FIX_V1/OFR-134-D01_I19_行為移轉與訓後追蹤_提出課後追蹤調查與分析結果證照通過情形學習技能面_D1.docx,04_全部文件與歷次版本/TTQS_FULL_REBUILD_V4_0_20260924/07/0612_OFR-134-D01_I19_行為移轉與訓後追蹤_提出課後追蹤調查與分析結果證照通過情形學習技能面_D1.docx,原樣保留；本次尚未確認完成驗收,41621,2f5aba34796fdd8402ab62e4245414b2b487571f72dbb441c4a2babbd13f9bcc
613,OFR-134-D02_I19_證照通過追蹤資料與計算_D2.docx,TTQS_FULL_REBUILD_V4_0_20260924/08_SOURCE_TRACE/PRE_SOURCE_TRACE_FIX_V1/OFR-134-D02_I19_證照通過追蹤資料與計算_D2.docx,04_全部文件與歷次版本/TTQS_FULL_REBUILD_V4_0_20260924/07/0613_OFR-134-D02_I19_證照通過追蹤資料與計算_D2.docx,原樣保留；本次尚未確認完成驗收,41560,88624786e13b708fb6774435eacfd06eae4c56d73e35eb75159a27a0dcd0b107
614,OFR-135-D01_I19_第三方或官方原件索取與驗證包_部份會員透過訓練後事業成就上突破原有格局_D1.docx,TTQS_FULL_REBUILD_V4_0_20260924/08_SOURCE_TRACE/PRE_SOURCE_TRACE_FIX_V1/OFR-135-D01_I19_第三方或官方原件索取與驗證包_部份會員透過訓練後事業成就上突破原有格局_D1.docx,04_全部文件與歷次版本/TTQS_FULL_REBUILD_V4_0_20260924/07/0614_OFR-135-D01_I19_第三方或官方原件索取與驗證包_部份會員透過訓練後事業成就上突破原有格局_D1.docx,原樣保留；本次尚未確認完成驗收,41550,6b25ff56c7f3911a0316cde1f5f5141eecac437e2157b4e06e784c597f7a1be4
615,OFR-136-D01_I19_第三方或官方原件索取與驗證包_企業主雇用結訓後學員肯定機構訓練的成效_D1.docx,TTQS_FULL_REBUILD_V4_0_20260924/08_SOURCE_TRACE/PRE_SOURCE_TRACE_FIX_V1/OFR-136-D01_I19_第三方或官方原件索取與驗證包_企業主雇用結訓後學員肯定機構訓練的成效_D1.docx,04_全部文件與歷次版本/TTQS_FULL_REBUILD_V4_0_20260924/07/0615_OFR-136-D01_I19_第三方或官方原件索取與驗證包_企業主雇用結訓後學員肯定機構訓練的成效_D1.docx,原樣保留；本次尚未確認完成驗收,41547,11962a1e4e3d154a09ac3d7ab29923c287932368557234c6aeefdf77723581b6
616,OFR-136-D02_I19_雇主肯定函與聘僱資料索取驗證包_D2.docx,TTQS_FULL_REBUILD_V4_0_20260924/08_SOURCE_TRACE/PRE_SOURCE_TRACE_FIX_V1/OFR-136-D02_I19_雇主肯定函與聘僱資料索取驗證包_D2.docx,04_全部文件與歷次版本/TTQS_FULL_REBUILD_V4_0_20260924/07/0616_OFR-136-D02_I19_雇主肯定函與聘僱資料索取驗證包_D2.docx,原樣保留；本次尚未確認完成驗收,41547,8c892a737cd3988c66371929581c1163b049ce07ac7c554dcb9e1ef1e119537a
617,OFR-137-D01_I19_第三方或官方原件索取與驗證包_部份學員能運用所學於職務中_D1.docx,TTQS_FULL_REBUILD_V4_0_20260924/08_SOURCE_TRACE/PRE_SOURCE_TRACE_FIX_V1/OFR-137-D01_I19_第三方或官方原件索取與驗證包_部份學員能運用所學於職務中_D1.docx,04_全部文件與歷次版本/TTQS_FULL_REBUILD_V4_0_20260924/07/0617_OFR-137-D01_I19_第三方或官方原件索取與驗證包_部份學員能運用所學於職務中_D1.docx,原樣保留；本次尚未確認完成驗收,41527,304185146d8351518f0583962ba281e00331b618f70e8da8a17aff49f2223de5
618,OFR-138-D01_I19_第三方或官方原件索取與驗證包_進行訓後薪資調查部份訓後學員微幅調薪_D1.docx,TTQS_FULL_REBUILD_V4_0_20260924/08_SOURCE_TRACE/PRE_SOURCE_TRACE_FIX_V1/OFR-138-D01_I19_第三方或官方原件索取與驗證包_進行訓後薪資調查部份訓後學員微幅調薪_D1.docx,04_全部文件與歷次版本/TTQS_FULL_REBUILD_V4_0_20260924/07/0618_OFR-138-D01_I19_第三方或官方原件索取與驗證包_進行訓後薪資調查部份訓後學員微幅調薪_D1.docx,原樣保留；本次尚未確認完成驗收,41540,a447f6291510fe31aeddf2a3c4fd01da7d0d2166cf998257f9cc2013d39a4cd5
619,OFR-139-D01_I19_其他補充佐證規劃與核實紀錄.docx,TTQS_FULL_REBUILD_V4_0_20260924/08_SOURCE_TRACE/PRE_SOURCE_TRACE_FIX_V1/OFR-139-D01_I19_其他補充佐證規劃與核實紀錄.docx,04_全部文件與歷次版本/TTQS_FULL_REBUILD_V4_0_20260924/07/0619_OFR-139-D01_I19_其他補充佐證規劃與核實紀錄.docx,原樣保留；本次尚未確認完成驗收,41473,5d80754a5a191152f0e74a08eff86123ff7a77d8a9cf7d6928560b04d519f92d
620,OFR-140-D01_I19_市場與顧客價值成果報告_有量化之效益可呈現目標市場及顧客價值均有一定程度提升的效果_D1.docx,TTQS_FULL_REBUILD_V4_0_20260924/08_SOURCE_TRACE/PRE_SOURCE_TRACE_FIX_V1/OFR-140-D01_I19_市場與顧客價值成果報告_有量化之效益可呈現目標市場及顧客價值均有一定程度提升的效果_D1.docx,04_全部文件與歷次版本/TTQS_FULL_REBUILD_V4_0_20260924/07/0620_OFR-140-D01_I19_市場與顧客價值成果報告_有量化之效益可呈現目標市場及顧客價值均有一定程度提升的效果_D1.docx,原樣保留；本次尚未確認完成驗收,42537,ddbad785eaf562e3f967b1c1b2d7f66ac37db29efe4dd6f8fe92cf10eed97370
621,OFR-141-D01_I19_第三方或官方原件索取與驗證包_相關證據顯示個人訓練後之績效改善成果_D1.docx,TTQS_FULL_REBUILD_V4_0_20260924/08_SOURCE_TRACE/PRE_SOURCE_TRACE_FIX_V1/OFR-141-D01_I19_第三方或官方原件索取與驗證包_相關證據顯示個人訓練後之績效改善成果_D1.docx,04_全部文件與歷次版本/TTQS_FULL_REBUILD_V4_0_20260924/07/0621_OFR-141-D01_I19_第三方或官方原件索取與驗證包_相關證據顯示個人訓練後之績效改善成果_D1.docx,原樣保留；本次尚未確認完成驗收,41531,4da2eb1e9ec8b56851131f23a9c160e4fa0b4dc744a335a0b28aaa664724028a
622,OFR-142-D01_I19_市場與顧客價值成果報告_提出市場競爭力營業額工作流程成本控制或客訴率等營運表現財務面_D1.docx,TTQS_FULL_REBUILD_V4_0_20260924/08_SOURCE_TRACE/PRE_SOURCE_TRACE_FIX_V1/OFR-142-D01_I19_市場與顧客價值成果報告_提出市場競爭力營業額工作流程成本控制或客訴率等營運表現財務面_D1.docx,04_全部文件與歷次版本/TTQS_FULL_REBUILD_V4_0_20260924/07/0622_OFR-142-D01_I19_市場與顧客價值成果報告_提出市場競爭力營業額工作流程成本控制或客訴率等營運表現財務面_D1.docx,原樣保留；本次尚未確認完成驗收,42558,7f6388f4b0f5204e1e2e7a5da1864184409336ff0d1cfcf76102a4c4d5d6053c
623,OFR-142-D02_I19_工作流程與客訴指標分析_D2.docx,TTQS_FULL_REBUILD_V4_0_20260924/08_SOURCE_TRACE/PRE_SOURCE_TRACE_FIX_V1/OFR-142-D02_I19_工作流程與客訴指標分析_D2.docx,04_全部文件與歷次版本/TTQS_FULL_REBUILD_V4_0_20260924/07/0623_OFR-142-D02_I19_工作流程與客訴指標分析_D2.docx,原樣保留；本次尚未確認完成驗收,42169,f5c1a12f7ceecbac2d63351712f90b8690723e0722da1c95085c1e3351e5c954
624,OFR-142-D03_I19_成本控制與財務來源核實包_D3.docx,TTQS_FULL_REBUILD_V4_0_20260924/08_SOURCE_TRACE/PRE_SOURCE_TRACE_FIX_V1/OFR-142-D03_I19_成本控制與財務來源核實包_D3.docx,04_全部文件與歷次版本/TTQS_FULL_REBUILD_V4_0_20260924/07/0624_OFR-142-D03_I19_成本控制與財務來源核實包_D3.docx,原樣保留；本次尚未確認完成驗收,41579,3cc9cec6d7e460204a03b9c843abbe5c4b526d07e07acd6fb74ec7e899361c36
625,OFR-143-D01_I19_第三方或官方原件索取與驗證包_學員訓後創業案例_D1.docx,TTQS_FULL_REBUILD_V4_0_20260924/08_SOURCE_TRACE/PRE_SOURCE_TRACE_FIX_V1/OFR-143-D01_I19_第三方或官方原件索取與驗證包_學員訓後創業案例_D1.docx,04_全部文件與歷次版本/TTQS_FULL_REBUILD_V4_0_20260924/07/0625_OFR-143-D01_I19_第三方或官方原件索取與驗證包_學員訓後創業案例_D1.docx,原樣保留；本次尚未確認完成驗收,41517,16ec6e2fce612889943d45e5c3f7862d972f6489608bbb0f495eb45a807abc00
626,OFR-144-D01_I19_市場與顧客價值成果報告_學員證照通過就業率高_D1.docx,TTQS_FULL_REBUILD_V4_0_20260924/08_SOURCE_TRACE/PRE_SOURCE_TRACE_FIX_V1/OFR-144-D01_I19_市場與顧客價值成果報告_學員證照通過就業率高_D1.docx,04_全部文件與歷次版本/TTQS_FULL_REBUILD_V4_0_20260924/07/0626_OFR-144-D01_I19_市場與顧客價值成果報告_學員證照通過就業率高_D1.docx,原樣保留；本次尚未確認完成驗收,42517,b654d2c6e396fee0840504742022d3aee438c4b278d56717b5d0249f55c256cf
627,OFR-144-D02_I19_就業率第三方資料索取驗證包_D2.docx,TTQS_FULL_REBUILD_V4_0_20260924/08_SOURCE_TRACE/PRE_SOURCE_TRACE_FIX_V1/OFR-144-D02_I19_就業率第三方資料索取驗證包_D2.docx,04_全部文件與歷次版本/TTQS_FULL_REBUILD_V4_0_20260924/07/0627_OFR-144-D02_I19_就業率第三方資料索取驗證包_D2.docx,原樣保留；本次尚未確認完成驗收,41520,5e3a4288485b29eccacd48f7d161e67343172ba758d7b0bf43d3d11db8cd89a3
628,OFR-145-D01_I19_成果評估報告_個人產品不良件數有下降趨勢_D1.docx,TTQS_FULL_REBUILD_V4_0_20260924/08_SOURCE_TRACE/PRE_SOURCE_TRACE_FIX_V1/OFR-145-D01_I19_成果評估報告_個人產品不良件數有下降趨勢_D1.docx,04_全部文件與歷次版本/TTQS_FULL_REBUILD_V4_0_20260924/07/0628_OFR-145-D01_I19_成果評估報告_個人產品不良件數有下降趨勢_D1.docx,原樣保留；本次尚未確認完成驗收,42105,4df9ef6fab7abc40611e3f4b69a1e1fadb6a9c02c0e8fae439baf425701189ca
629,OFR-146-D01_I19_市場與顧客價值成果報告_每年訓練班次人次均持續成長_D1.docx,TTQS_FULL_REBUILD_V4_0_20260924/08_SOURCE_TRACE/PRE_SOURCE_TRACE_FIX_V1/OFR-146-D01_I19_市場與顧客價值成果報告_每年訓練班次人次均持續成長_D1.docx,04_全部文件與歷次版本/TTQS_FULL_REBUILD_V4_0_20260924/07/0629_OFR-146-D01_I19_市場與顧客價值成果報告_每年訓練班次人次均持續成長_D1.docx,原樣保留；本次尚未確認完成驗收,42513,2e09e39587309488bf53e96705f55c5bada867f64b98ab06420051b588e3b5bb
630,OFR-146-D02_I19_年度訓練班次人次趨勢分析_D2.docx,TTQS_FULL_REBUILD_V4_0_20260924/08_SOURCE_TRACE/PRE_SOURCE_TRACE_FIX_V1/OFR-146-D02_I19_年度訓練班次人次趨勢分析_D2.docx,04_全部文件與歷次版本/TTQS_FULL_REBUILD_V4_0_20260924/07/0630_OFR-146-D02_I19_年度訓練班次人次趨勢分析_D2.docx,原樣保留；本次尚未確認完成驗收,42513,901f052eabd4f426b5b9ee971f7a3430eb3154fc18f17493715afd5a13c368a6
631,OFR-147-D01_I19_市場與顧客價值成果報告_會員人數及會費收入均逐年增加_D1.docx,TTQS_FULL_REBUILD_V4_0_20260924/08_SOURCE_TRACE/PRE_SOURCE_TRACE_FIX_V1/OFR-147-D01_I19_市場與顧客價值成果報告_會員人數及會費收入均逐年增加_D1.docx,04_全部文件與歷次版本/TTQS_FULL_REBUILD_V4_0_20260924/07/0631_OFR-147-D01_I19_市場與顧客價值成果報告_會員人數及會費收入均逐年增加_D1.docx,原樣保留；本次尚未確認完成驗收,42527,d9af89c80a2cce1a558e618ee72a48e680a5522fc7a13ddf2a604dd302432dde
632,OFR-147-D02_I19_會員與會費收入趨勢分析_D2.docx,TTQS_FULL_REBUILD_V4_0_20260924/08_SOURCE_TRACE/PRE_SOURCE_TRACE_FIX_V1/OFR-147-D02_I19_會員與會費收入趨勢分析_D2.docx,04_全部文件與歷次版本/TTQS_FULL_REBUILD_V4_0_20260924/07/0632_OFR-147-D02_I19_會員與會費收入趨勢分析_D2.docx,原樣保留；本次尚未確認完成驗收,41527,87b8456012ed589c194c2db45626e7b6a52c44c9ea58b4c2f2dbc30d238feaa9
633,OFR-148-D01_I19_其他補充佐證規劃與核實紀錄.docx,TTQS_FULL_REBUILD_V4_0_20260924/08_SOURCE_TRACE/PRE_SOURCE_TRACE_FIX_V1/OFR-148-D01_I19_其他補充佐證規劃與核實紀錄.docx,04_全部文件與歷次版本/TTQS_FULL_REBUILD_V4_0_20260924/07/0633_OFR-148-D01_I19_其他補充佐證規劃與核實紀錄.docx,原樣保留；本次尚未確認完成驗收,41473,2f1db6761176726985501fd53f39cf981d396508778a435e50325e080184bf85
634,OFR-149-D01_I19_市場與顧客價值成果報告_經營績效中之數據呈現目標市場及顧客價值均有顯著具體的提升績效_D1.docx,TTQS_FULL_REBUILD_V4_0_20260924/08_SOURCE_TRACE/PRE_SOURCE_TRACE_FIX_V1/OFR-149-D01_I19_市場與顧客價值成果報告_經營績效中之數據呈現目標市場及顧客價值均有顯著具體的提升績效_D1.docx,04_全部文件與歷次版本/TTQS_FULL_REBUILD_V4_0_20260924/07/0634_OFR-149-D01_I19_市場與顧客價值成果報告_經營績效中之數據呈現目標市場及顧客價值均有顯著具體的提升績效_D1.docx,原樣保留；本次尚未確認完成驗收,42537,c3a4cad2f9f44af2ed8f3e4f0c2da30cc3625b44acc0dc3ee632f27aff3051cf
635,OFR-149-D02_I19_經營績效原始財務資料索取包_D2.docx,TTQS_FULL_REBUILD_V4_0_20260924/08_SOURCE_TRACE/PRE_SOURCE_TRACE_FIX_V1/OFR-149-D02_I19_經營績效原始財務資料索取包_D2.docx,04_全部文件與歷次版本/TTQS_FULL_REBUILD_V4_0_20260924/07/0635_OFR-149-D02_I19_經營績效原始財務資料索取包_D2.docx,原樣保留；本次尚未確認完成驗收,41582,60220b4ce0195fdfa23fef8bbdb420cf476097dc5b75311d3498af6430bd471e
636,OFR-150-D01_I19_第三方或官方原件索取與驗證包_提出參與社會公益活動獲頒公民營單位獎項結合學校單位產學或研發_D1.docx,TTQS_FULL_REBUILD_V4_0_20260924/08_SOURCE_TRACE/PRE_SOURCE_TRACE_FIX_V1/OFR-150-D01_I19_第三方或官方原件索取與驗證包_提出參與社會公益活動獲頒公民營單位獎項結合學校單位產學或研發_D1.docx,04_全部文件與歷次版本/TTQS_FULL_REBUILD_V4_0_20260924/07/0636_OFR-150-D01_I19_第三方或官方原件索取與驗證包_提出參與社會公益活動獲頒公民營單位獎項結合學校單位產學或研發_D1.docx,原樣保留；本次尚未確認完成驗收,41579,252e2b41349b8dd6214e1ac709d60941305c4f8b03ec4fe203f023e794ed8ec4
637,OFR-150-D02_I19_公益活動參與證明索取包_D2.docx,TTQS_FULL_REBUILD_V4_0_20260924/08_SOURCE_TRACE/PRE_SOURCE_TRACE_FIX_V1/OFR-150-D02_I19_公益活動參與證明索取包_D2.docx,04_全部文件與歷次版本/TTQS_FULL_REBUILD_V4_0_20260924/07/0637_OFR-150-D02_I19_公益活動參與證明索取包_D2.docx,原樣保留；本次尚未確認完成驗收,41580,b66e7f7864f23ca651d5d47aee0a0a186e6baba5db9323024431ad8a4fbdfc28
638,OFR-150-D03_I19_獎項核實與證書索取包_D3.docx,TTQS_FULL_REBUILD_V4_0_20260924/08_SOURCE_TRACE/PRE_SOURCE_TRACE_FIX_V1/OFR-150-D03_I19_獎項核實與證書索取包_D3.docx,04_全部文件與歷次版本/TTQS_FULL_REBUILD_V4_0_20260924/07/0638_OFR-150-D03_I19_獎項核實與證書索取包_D3.docx,原樣保留；本次尚未確認完成驗收,41580,8feb24ef48fd71c05da9a349d3082293851fdf32cba1e6a97223370d1309e313
639,OFR-150-D04_I19_學校合作成果核實包_D4.docx,TTQS_FULL_REBUILD_V4_0_20260924/08_SOURCE_TRACE/PRE_SOURCE_TRACE_FIX_V1/OFR-150-D04_I19_學校合作成果核實包_D4.docx,04_全部文件與歷次版本/TTQS_FULL_REBUILD_V4_0_20260924/07/0639_OFR-150-D04_I19_學校合作成果核實包_D4.docx,原樣保留；本次尚未確認完成驗收,41584,7913f3ef94436fea807c296ebe005dd60818e3858b366596d21ccf4f4caa6124
640,OFR-151-D01_I19_第三方或官方原件索取與驗證包_提出報章雜誌採訪或電子媒體訪問之正面消息其他_D1.docx,TTQS_FULL_REBUILD_V4_0_20260924/08_SOURCE_TRACE/PRE_SOURCE_TRACE_FIX_V1/OFR-151-D01_I19_第三方或官方原件索取與驗證包_提出報章雜誌採訪或電子媒體訪問之正面消息其他_D1.docx,04_全部文件與歷次版本/TTQS_FULL_REBUILD_V4_0_20260924/07/0640_OFR-151-D01_I19_第三方或官方原件索取與驗證包_提出報章雜誌採訪或電子媒體訪問之正面消息其他_D1.docx,原樣保留；本次尚未確認完成驗收,41555,ff3801b3719f96fbaeb4464a15492ba8bd94de78b2343a01b6d61f7e924775af
641,OFR-152-D01_I19_第三方或官方原件索取與驗證包_個人績效提升薪資提升或獎勵升遷之紀錄_D1.docx,TTQS_FULL_REBUILD_V4_0_20260924/08_SOURCE_TRACE/PRE_SOURCE_TRACE_FIX_V1/OFR-152-D01_I19_第三方或官方原件索取與驗證包_個人績效提升薪資提升或獎勵升遷之紀錄_D1.docx,04_全部文件與歷次版本/TTQS_FULL_REBUILD_V4_0_20260924/07/0641_OFR-152-D01_I19_第三方或官方原件索取與驗證包_個人績效提升薪資提升或獎勵升遷之紀錄_D1.docx,原樣保留；本次尚未確認完成驗收,41544,2c3603db6e5dce30a71fe99b2ec4256394193b29409c22dda24fdfca12a0f217
642,OFR-153-D01_I19_市場與顧客價值成果報告_證照通過率高及就業率大幅提升_D1.docx,TTQS_FULL_REBUILD_V4_0_20260924/08_SOURCE_TRACE/PRE_SOURCE_TRACE_FIX_V1/OFR-153-D01_I19_市場與顧客價值成果報告_證照通過率高及就業率大幅提升_D1.docx,04_全部文件與歷次版本/TTQS_FULL_REBUILD_V4_0_20260924/07/0642_OFR-153-D01_I19_市場與顧客價值成果報告_證照通過率高及就業率大幅提升_D1.docx,原樣保留；本次尚未確認完成驗收,42526,fadafb93aab5ae33abee30902d2183974f7e4a2e4ca7b5987c5df228dc944401
643,OFR-153-D02_I19_就業率統計與雇主驗證包_D2.docx,TTQS_FULL_REBUILD_V4_0_20260924/08_SOURCE_TRACE/PRE_SOURCE_TRACE_FIX_V1/OFR-153-D02_I19_就業率統計與雇主驗證包_D2.docx,04_全部文件與歷次版本/TTQS_FULL_REBUILD_V4_0_20260924/07/0643_OFR-153-D02_I19_就業率統計與雇主驗證包_D2.docx,原樣保留；本次尚未確認完成驗收,41529,d93834a0c241ff4712cc5696c30f96efa6dc09a6a2fcdbeed79e30dfa000f2e5
644,OFR-154-D01_I19_資訊系統評估與管理文件_運用資訊系統普及率_D1.docx,TTQS_FULL_REBUILD_V4_0_20260924/08_SOURCE_TRACE/PRE_SOURCE_TRACE_FIX_V1/OFR-154-D01_I19_資訊系統評估與管理文件_運用資訊系統普及率_D1.docx,04_全部文件與歷次版本/TTQS_FULL_REBUILD_V4_0_20260924/07/0644_OFR-154-D01_I19_資訊系統評估與管理文件_運用資訊系統普及率_D1.docx,原樣保留；本次尚未確認完成驗收,41656,9afb2860fdbe886e015aed41c2d55dbddf47d196cf75c20a95b4095b46945a3a
645,OFR-155-D01_I19_反應評估與滿意度分析_顧客滿意度提升_D1.docx,TTQS_FULL_REBUILD_V4_0_20260924/08_SOURCE_TRACE/PRE_SOURCE_TRACE_FIX_V1/OFR-155-D01_I19_反應評估與滿意度分析_顧客滿意度提升_D1.docx,04_全部文件與歷次版本/TTQS_FULL_REBUILD_V4_0_20260924/07/0645_OFR-155-D01_I19_反應評估與滿意度分析_顧客滿意度提升_D1.docx,原樣保留；本次尚未確認完成驗收,41533,41c19cafea5b53a42383ee12f00767915c4d0ab2f558933d5b1754e36b2c211d
646,OFR-155-D02_I19_顧客滿意度追蹤問卷_D2.docx,TTQS_FULL_REBUILD_V4_0_20260924/08_SOURCE_TRACE/PRE_SOURCE_TRACE_FIX_V1/OFR-155-D02_I19_顧客滿意度追蹤問卷_D2.docx,04_全部文件與歷次版本/TTQS_FULL_REBUILD_V4_0_20260924/07/0646_OFR-155-D02_I19_顧客滿意度追蹤問卷_D2.docx,原樣保留；本次尚未確認完成驗收,41584,26e9819a2d867bee44a00cc571bce39e9097de9ab27ec606211e13d3d90051f6
647,OFR-155-D03_I19_I19_顧客滿意度追蹤問卷_D2_示範填寫版_D3.docx,TTQS_FULL_REBUILD_V4_0_20260924/08_SOURCE_TRACE/PRE_SOURCE_TRACE_FIX_V1/OFR-155-D03_I19_I19_顧客滿意度追蹤問卷_D2_示範填寫版_D3.docx,04_全部文件與歷次版本/TTQS_FULL_REBUILD_V4_0_20260924/07/0647_OFR-155-D03_I19_I19_顧客滿意度追蹤問卷_D2_示範填寫版_D3.docx,原樣保留；本次尚未確認完成驗收,41235,8bfaf8addb5abedeed1c575dcf75c9f18c72784cd8898c4345106e0c06ba7193
648,OFR-156-D01_I19_第三方或官方原件索取與驗證包_組織近三年營業額持續成長_D1.docx,TTQS_FULL_REBUILD_V4_0_20260924/08_SOURCE_TRACE/PRE_SOURCE_TRACE_FIX_V1/OFR-156-D01_I19_第三方或官方原件索取與驗證包_組織近三年營業額持續成長_D1.docx,04_全部文件與歷次版本/TTQS_FULL_REBUILD_V4_0_20260924/07/0648_OFR-156-D01_I19_第三方或官方原件索取與驗證包_組織近三年營業額持續成長_D1.docx,原樣保留；本次尚未確認完成驗收,41533,dd6359c8f4702ba7f621a493c7f5d8ddabb2201a4e9a25b4fd02b9750a963b67
649,OFR-157-D01_I19_其他補充佐證規劃與核實紀錄.docx,TTQS_FULL_REBUILD_V4_0_20260924/08_SOURCE_TRACE/PRE_SOURCE_TRACE_FIX_V1/OFR-157-D01_I19_其他補充佐證規劃與核實紀錄.docx,04_全部文件與歷次版本/TTQS_FULL_REBUILD_V4_0_20260924/07/0649_OFR-157-D01_I19_其他補充佐證規劃與核實紀錄.docx,原樣保留；本次尚未確認完成驗收,41471,f97e79b1aca1b80ef8f8ae9ec9fa3d6feb21760cc14ccb5c227f9bcd081bba4a
650,OFR-021-D01_I04_年度分析與管理審查_訓練的提供方式及選擇的指標_D1.docx,TTQS_FULL_REBUILD_V4_0_20260924/08_SOURCE_TRACE/PRE_TRAILING_PAGE_REPAIR/OFR-021-D01_I04_年度分析與管理審查_訓練的提供方式及選擇的指標_D1.docx,04_全部文件與歷次版本/TTQS_FULL_REBUILD_V4_0_20260924/07/0650_OFR-021-D01_I04_年度分析與管理審查_訓練的提供方式及選擇的指標_D1.docx,原樣保留；本次尚未確認完成驗收,43125,8d258e89934d9de12b3f7db848b26e3dd3c58ff87c96a693e5a99bee7f630a15
651,OFR-031-D01_I06_年度分析與管理審查_訓練機構具備執行訓練業務相關職能的說明_D1.docx,TTQS_FULL_REBUILD_V4_0_20260924/08_SOURCE_TRACE/PRE_TRAILING_PAGE_REPAIR/OFR-031-D01_I06_年度分析與管理審查_訓練機構具備執行訓練業務相關職能的說明_D1.docx,04_全部文件與歷次版本/TTQS_FULL_REBUILD_V4_0_20260924/07/0651_OFR-031-D01_I06_年度分析與管理審查_訓練機構具備執行訓練業務相關職能的說明_D1.docx,原樣保留；本次尚未確認完成驗收,43135,ab95f93d28164311d5160d6e35a883233cb951f90ffb7f372e00ea6e0baa7f82
652,OFR-035-D01_I07_年度分析與管理審查_對相關職能分析及運用的方法均能適時檢討隨時改進_D1.docx,TTQS_FULL_REBUILD_V4_0_20260924/08_SOURCE_TRACE/PRE_TRAILING_PAGE_REPAIR/OFR-035-D01_I07_年度分析與管理審查_對相關職能分析及運用的方法均能適時檢討隨時改進_D1.docx,04_全部文件與歷次版本/TTQS_FULL_REBUILD_V4_0_20260924/07/0652_OFR-035-D01_I07_年度分析與管理審查_對相關職能分析及運用的方法均能適時檢討隨時改進_D1.docx,原樣保留；本次尚未確認完成驗收,43150,8f4d169115300428223875edd6dbface8b3e1b1050744959fc99b2b63f858d45
653,OFR-038-D01_I08_年度分析與管理審查_相關文件紀錄能顯示近年來訓練目標訓練方法課程時程安排師資遴選_D1.docx,TTQS_FULL_REBUILD_V4_0_20260924/08_SOURCE_TRACE/PRE_TRAILING_PAGE_REPAIR/OFR-038-D01_I08_年度分析與管理審查_相關文件紀錄能顯示近年來訓練目標訓練方法課程時程安排師資遴選_D1.docx,04_全部文件與歷次版本/TTQS_FULL_REBUILD_V4_0_20260924/07/0653_OFR-038-D01_I08_年度分析與管理審查_相關文件紀錄能顯示近年來訓練目標訓練方法課程時程安排師資遴選_D1.docx,原樣保留；本次尚未確認完成驗收,43222,29538ab0e3ae9cf91bdab85abb06c3f884ca6328f6ffc0695fb4c085db043455
654,OFR-048-D01_I10_年度分析與管理審查_相關文件能記錄近年來對於課程之評估採購簽約與後續管理作業的檢_D1.docx,TTQS_FULL_REBUILD_V4_0_20260924/08_SOURCE_TRACE/PRE_TRAILING_PAGE_REPAIR/OFR-048-D01_I10_年度分析與管理審查_相關文件能記錄近年來對於課程之評估採購簽約與後續管理作業的檢_D1.docx,04_全部文件與歷次版本/TTQS_FULL_REBUILD_V4_0_20260924/07/0654_OFR-048-D01_I10_年度分析與管理審查_相關文件能記錄近年來對於課程之評估採購簽約與後續管理作業的檢_D1.docx,原樣保留；本次尚未確認完成驗收,43176,ee2aefd39d53dcc1055714447511ea2043444ecaf1e09cc79bfe044f1d47d1a4
655,OFR-048-D02_I10_採購履約檢討與改善分析_D2.docx,TTQS_FULL_REBUILD_V4_0_20260924/08_SOURCE_TRACE/PRE_TRAILING_PAGE_REPAIR/OFR-048-D02_I10_採購履約檢討與改善分析_D2.docx,04_全部文件與歷次版本/TTQS_FULL_REBUILD_V4_0_20260924/07/0655_OFR-048-D02_I10_採購履約檢討與改善分析_D2.docx,原樣保留；本次尚未確認完成驗收,43176,bf31ec1823478cd79ae4bdf1dd22057b90881a953e7e78700b86d3540e7691ec
656,OFR-054-D02_I11_學員回饋課程修訂分析_D2.docx,TTQS_FULL_REBUILD_V4_0_20260924/08_SOURCE_TRACE/PRE_TRAILING_PAGE_REPAIR/OFR-054-D02_I11_學員回饋課程修訂分析_D2.docx,04_全部文件與歷次版本/TTQS_FULL_REBUILD_V4_0_20260924/07/0656_OFR-054-D02_I11_學員回饋課程修訂分析_D2.docx,原樣保留；本次尚未確認完成驗收,43149,be64a909aa880c73e0d79854d7bc10ea0a12c02d90a6199f2181d7ddfb2f6ee0
657,OFR-125-D01_I19_市場與顧客價值成果報告_目標市場及顧客價值均有提升然而未有具體紀錄及評量_D1.docx,TTQS_FULL_REBUILD_V4_0_20260924/08_SOURCE_TRACE/PRE_TRAILING_PAGE_REPAIR/OFR-125-D01_I19_市場與顧客價值成果報告_目標市場及顧客價值均有提升然而未有具體紀錄及評量_D1.docx,04_全部文件與歷次版本/TTQS_FULL_REBUILD_V4_0_20260924/07/0657_OFR-125-D01_I19_市場與顧客價值成果報告_目標市場及顧客價值均有提升然而未有具體紀錄及評量_D1.docx,原樣保留；本次尚未確認完成驗收,42903,ddc14953c9ea2b4afde712c9f60321eac8d3b8842778926d178ec2e886f69be2
658,OFR-131-D01_I19_市場與顧客價值成果報告_有具體紀錄可辨識目標市場及顧客價值均有部份提升效果_D1.docx,TTQS_FULL_REBUILD_V4_0_20260924/08_SOURCE_TRACE/PRE_TRAILING_PAGE_REPAIR/OFR-131-D01_I19_市場與顧客價值成果報告_有具體紀錄可辨識目標市場及顧客價值均有部份提升效果_D1.docx,04_全部文件與歷次版本/TTQS_FULL_REBUILD_V4_0_20260924/07/0658_OFR-131-D01_I19_市場與顧客價值成果報告_有具體紀錄可辨識目標市場及顧客價值均有部份提升效果_D1.docx,原樣保留；本次尚未確認完成驗收,42902,13c717f7e4384d578f219f9ec362abb590ad9a633e42c9b3fa51b53185c48338
659,OFR-146-D01_I19_市場與顧客價值成果報告_每年訓練班次人次均持續成長_D1.docx,TTQS_FULL_REBUILD_V4_0_20260924/08_SOURCE_TRACE/PRE_TRAILING_PAGE_REPAIR/OFR-146-D01_I19_市場與顧客價值成果報告_每年訓練班次人次均持續成長_D1.docx,04_全部文件與歷次版本/TTQS_FULL_REBUILD_V4_0_20260924/07/0659_OFR-146-D01_I19_市場與顧客價值成果報告_每年訓練班次人次均持續成長_D1.docx,原樣保留；本次尚未確認完成驗收,42889,e15c4dfe61e3ce883bfd1e82155dc70564eed3f321024071ac1f074a58725bab
660,OFR-146-D02_I19_年度訓練班次人次趨勢分析_D2.docx,TTQS_FULL_REBUILD_V4_0_20260924/08_SOURCE_TRACE/PRE_TRAILING_PAGE_REPAIR/OFR-146-D02_I19_年度訓練班次人次趨勢分析_D2.docx,04_全部文件與歷次版本/TTQS_FULL_REBUILD_V4_0_20260924/07/0660_OFR-146-D02_I19_年度訓練班次人次趨勢分析_D2.docx,原樣保留；本次尚未確認完成驗收,42889,68ff9b4453685b21456af8ed798f854923e53d17539b9dea55e8a11ca0fb3895
661,00_LEGACY_RECOVERED_PTYSD-TTQS-P-01_Σ╕¡Θò╖τ¿ïτÖ╝σ▒òΦªÅσèâΦêçτ¡ûτòÑσ£░σ£û.docx,TTQS_GPT6_ASTRA_FULL_HANDOFF_20260925/TTQS_GPT6_ASTRA_FULL_HANDOFF_20260925/03_FIRST_DOCUMENT_STRATEGY_MAP_EVOLUTION/00_LEGACY_RECOVERED_PTYSD-TTQS-P-01_Σ╕¡Θò╖τ¿ïτÖ╝σ▒òΦªÅσèâΦêçτ¡ûτòÑσ£░σ£û.docx,04_全部文件與歷次版本/TTQS_GPT6_ASTRA_FULL_HANDOFF_20260925/07/0661_00_LEGACY_RECOVERED_PTYSD-TTQS-P-01_Σ╕¡Θò╖τ¿ïτÖ╝σ▒òΦªÅσèâΦêçτ¡ûτòÑσ£░σ.docx,原樣保留；本次尚未確認完成驗收,9208702,d849d8b71ea1bf631251f8dd8a4cc2cda1b52c77675edda1a2643a1117fe13e7
662,03_V4_BAD_BATCH_OFR-001_EXAMPLE.docx,TTQS_GPT6_ASTRA_FULL_HANDOFF_20260925/TTQS_GPT6_ASTRA_FULL_HANDOFF_20260925/03_FIRST_DOCUMENT_STRATEGY_MAP_EVOLUTION/03_V4_BAD_BATCH_OFR-001_EXAMPLE.docx,04_全部文件與歷次版本/TTQS_GPT6_ASTRA_FULL_HANDOFF_20260925/07/0662_03_V4_BAD_BATCH_OFR-001_EXAMPLE.docx,原樣保留；本次尚未確認完成驗收,42989,313c091811a41525924f47298786ea5b2c008ff2a8771691b16efc80fcf16f27
663,OFR-002-D01_I01_σ╕éσá┤Θ£Çµ▒éΦ¬┐µƒÑσòÅσì╖_τ¢«µ¿Öσ╕éσá┤Θ£Çµ▒éΦ¬┐µƒÑ_D1.docx,TTQS_GPT6_ASTRA_FULL_HANDOFF_20260925/TTQS_GPT6_ASTRA_FULL_HANDOFF_20260925/04_HISTORICAL_CODEX_FAILURES_AND_AUDITS/BAD_BATCH_DOCX/OFR-002-D01_I01_σ╕éσá┤Θ£Çµ▒éΦ¬┐µƒÑσòÅσì╖_τ¢«µ¿Öσ╕éσá┤Θ£Çµ▒éΦ¬┐µƒÑ_D1.docx,04_全部文件與歷次版本/TTQS_GPT6_ASTRA_FULL_HANDOFF_20260925/07/0663_OFR-002-D01_I01_σ╕éσá┤Θ£Çµ▒éΦ¬┐µƒÑσòÅσì╖_τ¢«µ¿Öσ╕éσá┤Θ£Çµ▒éΦ¬┐µƒÑ_D1.docx,原樣保留；本次尚未確認完成驗收,42781,32a811d93b60f4ff4505235785fd9456c4207ef5d4799d882cac57baf08dd1fb
664,OFR-020-D01_I04_Φ¬▓τ¿ïΦªÅσèâµ¢╕_Σ╕ìσÉîΦ¿ôτ╖┤Φ¬▓τ¿ïτÜäΦ¿¡Φ¿êΦêçΦªÅσèâµû╣σÉæ_D1.docx,TTQS_GPT6_ASTRA_FULL_HANDOFF_20260925/TTQS_GPT6_ASTRA_FULL_HANDOFF_20260925/04_HISTORICAL_CODEX_FAILURES_AND_AUDITS/BAD_BATCH_DOCX/OFR-020-D01_I04_Φ¬▓τ¿ïΦªÅσèâµ¢╕_Σ╕ìσÉîΦ¿ôτ╖┤Φ¬▓τ¿ïτÜäΦ¿¡Φ¿êΦêçΦªÅσèâµû╣σÉæ_D1.docx,04_全部文件與歷次版本/TTQS_GPT6_ASTRA_FULL_HANDOFF_20260925/07/0664_OFR-020-D01_I04_Φ¬▓τ¿ïΦªÅσèâµ¢╕_Σ╕ìσÉîΦ¿ôτ╖┤Φ¬▓τ¿ïτÜäΦ¿¡Φ¿êΦêçΦªÅσèâµû.docx,原樣保留；本次尚未確認完成驗收,43546,3ff6334baf05e15e9b1e773adda37043680d2dea19dbf0f083afdcd3490d4f7c
665,OFR-003-D02_I01_Σ║║σè¢Φ│çµ║ÉτÖ╝σ▒òΦêçΦ¿ôτ╖┤ΦªÅσèâ_D2.docx,TTQS_GPT6_ASTRA_FULL_HANDOFF_20260925/TTQS_GPT6_ASTRA_FULL_HANDOFF_20260925/04_HISTORICAL_CODEX_FAILURES_AND_AUDITS/BAD_BATCH_DOCX/OFR-003-D02_I01_Σ║║σè¢Φ│çµ║ÉτÖ╝σ▒òΦêçΦ¿ôτ╖┤ΦªÅσèâ_D2.docx,04_全部文件與歷次版本/TTQS_GPT6_ASTRA_FULL_HANDOFF_20260925/07/0665_OFR-003-D02_I01_Σ║║σè¢Φ│çµ║ÉτÖ╝σ▒òΦêçΦ¿ôτ╖┤ΦªÅσèâ_D2.docx,原樣保留；本次尚未確認完成驗收,42764,ed7777735bea408f3a2b4247bde6c61709ea4e24f052e027931d926980457d34
666,OFR-005-D01_I01_σ╣┤σ║ªτÖ╝σ▒òΦ¿êτò½_σÉäΘí₧σêÑΦ¿ôτ╖┤Φ¬▓τ¿ïσ╣┤σ║ªµêÉΘò╖Φ¿êτò½_D1.docx,TTQS_GPT6_ASTRA_FULL_HANDOFF_20260925/TTQS_GPT6_ASTRA_FULL_HANDOFF_20260925/04_HISTORICAL_CODEX_FAILURES_AND_AUDITS/BAD_BATCH_DOCX/OFR-005-D01_I01_σ╣┤σ║ªτÖ╝σ▒òΦ¿êτò½_σÉäΘí₧σêÑΦ¿ôτ╖┤Φ¬▓τ¿ïσ╣┤σ║ªµêÉΘò╖Φ¿êτò½_D1.docx,04_全部文件與歷次版本/TTQS_GPT6_ASTRA_FULL_HANDOFF_20260925/07/0666_OFR-005-D01_I01_σ╣┤σ║ªτÖ╝σ▒òΦ¿êτò½_σÉäΘí₧σêÑΦ¿ôτ╖┤Φ¬▓τ¿ïσ╣┤σ║ªµêÉΘò╖Φ¿.docx,原樣保留；本次尚未確認完成驗收,42742,600cd8c3cdb695deffec91fadca53871ddbac0555d7d018d5ef520a242d91f7a
667,OFR-016-D01_I03_σ╣┤σ║ªτÖ╝σ▒òΦ¿êτò½_σ¡╕σôíΦ¿ôτ╖┤Θí₧σ₧ïσÅèΣ┐âΘÇ▓Θù£Θì╡τ╕╛µòêµîçµ¿ÖKPI_D1.docx,TTQS_GPT6_ASTRA_FULL_HANDOFF_20260925/TTQS_GPT6_ASTRA_FULL_HANDOFF_20260925/04_HISTORICAL_CODEX_FAILURES_AND_AUDITS/BAD_BATCH_DOCX/OFR-016-D01_I03_σ╣┤σ║ªτÖ╝σ▒òΦ¿êτò½_σ¡╕σôíΦ¿ôτ╖┤Θí₧σ₧ïσÅèΣ┐âΘÇ▓Θù£Θì╡τ╕╛µòêµîçµ¿ÖKPI_D1.docx,04_全部文件與歷次版本/TTQS_GPT6_ASTRA_FULL_HANDOFF_20260925/07/0667_OFR-016-D01_I03_σ╣┤σ║ªτÖ╝σ▒òΦ¿êτò½_σ¡╕σôíΦ¿ôτ╖┤Θí₧σ₧ïσÅèΣ┐âΘÇ▓Θù£Θì╡τ╕.docx,原樣保留；本次尚未確認完成驗收,42593,65f1de2ed939de63656b9cb97911d4979df6b813176f3a7720edcb602a648f7e
668,OFR-014-D01_I03_µ╡üτ¿ïσ£ûΦêçΦ▓¼Σ╗╗τƒ⌐ΘÖú_Φ¿ôτ╖┤Θ½öτ│╗σ£ûΦºúσÅèµá╕σ┐âΦ¿ôτ╖┤Θí₧σêÑσÉìτ¿▒_D1.docx,TTQS_GPT6_ASTRA_FULL_HANDOFF_20260925/TTQS_GPT6_ASTRA_FULL_HANDOFF_20260925/04_HISTORICAL_CODEX_FAILURES_AND_AUDITS/BAD_BATCH_DOCX/OFR-014-D01_I03_µ╡üτ¿ïσ£ûΦêçΦ▓¼Σ╗╗τƒ⌐ΘÖú_Φ¿ôτ╖┤Θ½öτ│╗σ£ûΦºúσÅèµá╕σ┐âΦ¿ôτ╖┤Θí₧σêÑσÉìτ¿▒_D1.docx,04_全部文件與歷次版本/TTQS_GPT6_ASTRA_FULL_HANDOFF_20260925/07/0668_OFR-014-D01_I03_µ╡üτ¿ïσ£ûΦêçΦ▓¼Σ╗╗τƒ⌐ΘÖú_Φ¿ôτ╖┤Θ½öτ│╗σ£ûΦºúσÅèµá╕σ┐âΦ¿.docx,原樣保留；本次尚未確認完成驗收,41969,cddf6eaa66178f4703a1958da66a626102f5113e965cc20639ebdeeb699ff642
669,OFR-022-D02_I04_Φ¿ôτ╖┤τ╡Éµ₧£Φ⌐òΣ╝░Φêçµ¿Öµ║ûσîûµ╡üτ¿ï_D2.docx,TTQS_GPT6_ASTRA_FULL_HANDOFF_20260925/TTQS_GPT6_ASTRA_FULL_HANDOFF_20260925/04_HISTORICAL_CODEX_FAILURES_AND_AUDITS/BAD_BATCH_DOCX/OFR-022-D02_I04_Φ¿ôτ╖┤τ╡Éµ₧£Φ⌐òΣ╝░Φêçµ¿Öµ║ûσîûµ╡üτ¿ï_D2.docx,04_全部文件與歷次版本/TTQS_GPT6_ASTRA_FULL_HANDOFF_20260925/07/0669_OFR-022-D02_I04_Φ¿ôτ╖┤τ╡Éµ₧£Φ⌐òΣ╝░Φêçµ¿Öµ║ûσîûµ╡üτ¿ï_D2.docx,原樣保留；本次尚未確認完成驗收,42085,d7909f862bf58cfbc1b514a05ecbaf982c6f013e13465fb10b521c90d71882fc
670,OFR-030-D02_I06_σ░êµÑ¡Φ¿ôτ╖┤Σ║║σôíΦü╖Φâ╜Φ⌐òΘçÅΘçÅΦªÅ_D2.docx,TTQS_GPT6_ASTRA_FULL_HANDOFF_20260925/TTQS_GPT6_ASTRA_FULL_HANDOFF_20260925/04_HISTORICAL_CODEX_FAILURES_AND_AUDITS/BAD_BATCH_DOCX/OFR-030-D02_I06_σ░êµÑ¡Φ¿ôτ╖┤Σ║║σôíΦü╖Φâ╜Φ⌐òΘçÅΘçÅΦªÅ_D2.docx,04_全部文件與歷次版本/TTQS_GPT6_ASTRA_FULL_HANDOFF_20260925/07/0670_OFR-030-D02_I06_σ░êµÑ¡Φ¿ôτ╖┤Σ║║σôíΦü╖Φâ╜Φ⌐òΘçÅΘçÅΦªÅ_D2.docx,原樣保留；本次尚未確認完成驗收,42543,a0b9da0c4ab7c74437893c126fbff3adb2cede64bf17dbc1c2b197187e02a35d
671,0022_TRAILING_PARAGRAPH_PROBE.docx,TTQS_GPT6_ASTRA_FULL_HANDOFF_20260925/TTQS_GPT6_ASTRA_FULL_HANDOFF_20260925/TTQS_DOCUMENT_FOUNDRY_RUN_ASTRA_20260925/00_CONTROL/DOCX_FACTORY/QA_RENDER/BATCH_03_R02/0022_TRAILING_PARAGRAPH_PROBE.docx,04_全部文件與歷次版本/TTQS_GPT6_ASTRA_FULL_HANDOFF_20260925/07/0671_0022_TRAILING_PARAGRAPH_PROBE.docx,原樣保留；本次尚未確認完成驗收,42064,d5f77cd460f4919f87459ccfc5d0ebf656ab22becd47b1fe2d4dd2f27aa5c996
672,0025_LAYOUT_PROBE.docx,TTQS_GPT6_ASTRA_FULL_HANDOFF_20260925/TTQS_GPT6_ASTRA_FULL_HANDOFF_20260925/TTQS_DOCUMENT_FOUNDRY_RUN_ASTRA_20260925/00_CONTROL/DOCX_FACTORY/QA_RENDER/BATCH_03_R02/0025_LAYOUT_PROBE.docx,04_全部文件與歷次版本/TTQS_GPT6_ASTRA_FULL_HANDOFF_20260925/07/0672_0025_LAYOUT_PROBE.docx,原樣保留；本次尚未確認完成驗收,42507,5986991611741cbeafba6d4e7af76f153005408efff2aacbb431ffcc5d5e3e58
673,0025_LAYOUT_PROBE2.docx,TTQS_GPT6_ASTRA_FULL_HANDOFF_20260925/TTQS_GPT6_ASTRA_FULL_HANDOFF_20260925/TTQS_DOCUMENT_FOUNDRY_RUN_ASTRA_20260925/00_CONTROL/DOCX_FACTORY/QA_RENDER/BATCH_03_R02/0025_LAYOUT_PROBE2.docx,04_全部文件與歷次版本/TTQS_GPT6_ASTRA_FULL_HANDOFF_20260925/07/0673_0025_LAYOUT_PROBE2.docx,原樣保留；本次尚未確認完成驗收,42511,093692afaee1abaaec3549e17700abdccb1f85c782da789da94a84da97ffc89c
674,0090-R04-render-copy.docx,TTQS_GPT6_ASTRA_FULL_HANDOFF_20260925/TTQS_GPT6_ASTRA_FULL_HANDOFF_20260925/TTQS_DOCUMENT_FOUNDRY_RUN_ASTRA_20260925/00_CONTROL/DOCX_FACTORY/QA_RENDER/BATCH_09_WORD_NATIVE_R03/0090-R04-render-copy.docx,04_全部文件與歷次版本/TTQS_GPT6_ASTRA_FULL_HANDOFF_20260925/07/0674_0090-R04-render-copy.docx,原樣保留；本次尚未確認完成驗收,41683,00b5c82a59b99d752929ed9192a81a252c54bf4d0497d707c0eba4e751803771
675,TOC_PRE_BATCH03_R01.docx,TTQS_GPT6_ASTRA_FULL_HANDOFF_20260925/TTQS_GPT6_ASTRA_FULL_HANDOFF_20260925/TTQS_DOCUMENT_FOUNDRY_RUN_ASTRA_20260925/00_CONTROL/DOCX_FACTORY/ARCHIVE/TOC_PRE_BATCH03_R01.docx,04_全部文件與歷次版本/TTQS_GPT6_ASTRA_FULL_HANDOFF_20260925/07/0675_TOC_PRE_BATCH03_R01.docx,原樣保留；本次尚未確認完成驗收,47828,d2fa07e3ecffaa2f9f194b8dda6fa0014d9ec1737d9eb083a0bddf6ae666a624
676,TOC_PRE_BATCH04_R01.docx,TTQS_GPT6_ASTRA_FULL_HANDOFF_20260925/TTQS_GPT6_ASTRA_FULL_HANDOFF_20260925/TTQS_DOCUMENT_FOUNDRY_RUN_ASTRA_20260925/00_CONTROL/DOCX_FACTORY/ARCHIVE/TOC_PRE_BATCH04_R01.docx,04_全部文件與歷次版本/TTQS_GPT6_ASTRA_FULL_HANDOFF_20260925/07/0676_TOC_PRE_BATCH04_R01.docx,原樣保留；本次尚未確認完成驗收,47837,00272c8f31d3796ec41d7d477fe8d5e9dde559d8631ec031d368c414f6b0a78a
677,TOC_PRE_LAYOUT_REPAIR_BATCH04_R02.docx,TTQS_GPT6_ASTRA_FULL_HANDOFF_20260925/TTQS_GPT6_ASTRA_FULL_HANDOFF_20260925/TTQS_DOCUMENT_FOUNDRY_RUN_ASTRA_20260925/00_CONTROL/DOCX_FACTORY/ARCHIVE/TOC_PRE_LAYOUT_REPAIR_BATCH04_R02.docx,04_全部文件與歷次版本/TTQS_GPT6_ASTRA_FULL_HANDOFF_20260925/07/0677_TOC_PRE_LAYOUT_REPAIR_BATCH04_R02.docx,原樣保留；本次尚未確認完成驗收,47835,1ca59ac05946f56012154ff808a6f22727efa6cc59ff3130bfae393c78809032
678,0018__I03-E01__01__PDDRO訓練體系圖與核心訓練類別說明.docx,TTQS_GPT6_ASTRA_FULL_HANDOFF_20260925/TTQS_GPT6_ASTRA_FULL_HANDOFF_20260925/TTQS_DOCUMENT_FOUNDRY_RUN_ASTRA_20260925/00_CONTROL/DOCX_FACTORY/ARCHIVE/BATCH_02_PRE_FINAL_REVISIONS/0018__I03-E01__01__PDDRO訓練體系圖與核心訓練類別說明.docx,04_全部文件與歷次版本/TTQS_GPT6_ASTRA_FULL_HANDOFF_20260925/07/0678_0018__I03-E01__01__PDDRO訓練體系圖與核心訓練類別說明.docx,原樣保留；本次尚未確認完成驗收,41463,4cee6aaaeb4a0b759be2a2dbe66555306cfa4e1c8ccfe732db0add9551326338
679,0016__I02-E05__03__課程EDM完整文案.docx,TTQS_GPT6_ASTRA_FULL_HANDOFF_20260925/TTQS_GPT6_ASTRA_FULL_HANDOFF_20260925/TTQS_DOCUMENT_FOUNDRY_RUN_ASTRA_20260925/00_CONTROL/DOCX_FACTORY/ARCHIVE/BATCH_02_PRE_FINAL_REVISIONS/0016__I02-E05__03__課程EDM完整文案.docx,04_全部文件與歷次版本/TTQS_GPT6_ASTRA_FULL_HANDOFF_20260925/07/0679_0016__I02-E05__03__課程EDM完整文案.docx,原樣保留；本次尚未確認完成驗收,41241,fd0b49ba694e5fe4ecbba4b4d87d7bc50e55da59e91c4bd31280a60df2395770
680,0020__I03-E03__01__學員訓練類型及促進關鍵績效指標（KPI）_完整工作稿.docx,TTQS_GPT6_ASTRA_FULL_HANDOFF_20260925/TTQS_GPT6_ASTRA_FULL_HANDOFF_20260925/TTQS_DOCUMENT_FOUNDRY_RUN_ASTRA_20260925/00_CONTROL/DOCX_FACTORY/ARCHIVE/BATCH_02_PRE_FINAL_REVISIONS/0020__I03-E03__01__學員訓練類型及促進關鍵績效指標（KPI）_完整工作稿.docx,04_全部文件與歷次版本/TTQS_GPT6_ASTRA_FULL_HANDOFF_20260925/07/0680_0020__I03-E03__01__學員訓練類型及促進關鍵績效指標（KPI）_完整工作稿.docx,原樣保留；本次尚未確認完成驗收,41884,3e8fb292df4c0a2bfffa24bd8304061006355c5fd47dad5f4f059c937a295a65
681,0012__I02-E03__01__補助參與機構公開招生課程或進階課程優惠辦法之_制度文件.docx,TTQS_GPT6_ASTRA_FULL_HANDOFF_20260925/TTQS_GPT6_ASTRA_FULL_HANDOFF_20260925/TTQS_DOCUMENT_FOUNDRY_RUN_ASTRA_20260925/00_CONTROL/DOCX_FACTORY/ARCHIVE/BATCH_02_PRE_FINAL_REVISIONS/0012__I02-E03__01__補助參與機構公開招生課程或進階課程優惠辦法之_制度文件.docx,04_全部文件與歷次版本/TTQS_GPT6_ASTRA_FULL_HANDOFF_20260925/07/0681_0012__I02-E03__01__補助參與機構公開招生課程或進階課程優惠辦法之_制度文件.docx,原樣保留；本次尚未確認完成驗收,41801,d147590c553fdfbe25ab143e549a882b23057eebc4c8488839377c6619413d00
682,0014__I02-E05__01__客戶課程需求申請表.docx,TTQS_GPT6_ASTRA_FULL_HANDOFF_20260925/TTQS_GPT6_ASTRA_FULL_HANDOFF_20260925/TTQS_DOCUMENT_FOUNDRY_RUN_ASTRA_20260925/00_CONTROL/DOCX_FACTORY/ARCHIVE/BATCH_02_PRE_FINAL_REVISIONS/0014__I02-E05__01__客戶課程需求申請表.docx,04_全部文件與歷次版本/TTQS_GPT6_ASTRA_FULL_HANDOFF_20260925/07/0682_0014__I02-E05__01__客戶課程需求申請表.docx,原樣保留；本次尚未確認完成驗收,41472,fdf458ae7b3933f8278230f132380948405d0c958aa167e22fec761dd459c188
683,0011__I02-E02__01__與訓練政策有關之訓練產品與市場定位_制度文件_R02.docx,TTQS_GPT6_ASTRA_FULL_HANDOFF_20260925/TTQS_GPT6_ASTRA_FULL_HANDOFF_20260925/TTQS_DOCUMENT_FOUNDRY_RUN_ASTRA_20260925/00_CONTROL/DOCX_FACTORY/ARCHIVE/BATCH_02_PRE_FINAL_REVISIONS/0011__I02-E02__01__與訓練政策有關之訓練產品與市場定位_制度文件_R02.docx,04_全部文件與歷次版本/TTQS_GPT6_ASTRA_FULL_HANDOFF_20260925/07/0683_0011__I02-E02__01__與訓練政策有關之訓練產品與市場定位_制度文件_R02.docx,原樣保留；本次尚未確認完成驗收,41617,34673101446bca7cf29b03904b9db1b54a88f50ecac5dbd490a88722ae4b5898
684,0011__I02-E02__01__與訓練政策有關之訓練產品與市場定位_制度文件.docx,TTQS_GPT6_ASTRA_FULL_HANDOFF_20260925/TTQS_GPT6_ASTRA_FULL_HANDOFF_20260925/TTQS_DOCUMENT_FOUNDRY_RUN_ASTRA_20260925/00_CONTROL/DOCX_FACTORY/ARCHIVE/BATCH_02_PRE_FINAL_REVISIONS/0011__I02-E02__01__與訓練政策有關之訓練產品與市場定位_制度文件.docx,04_全部文件與歷次版本/TTQS_GPT6_ASTRA_FULL_HANDOFF_20260925/07/0684_0011__I02-E02__01__與訓練政策有關之訓練產品與市場定位_制度文件.docx,原樣保留；本次尚未確認完成驗收,41598,0c7e607aa3d86ce6c6b8bcc270600a9f312b855733add43789eeb704735532bb
685,0013__I02-E04__01__公開公布訓練機構年度訓練課程_完整工作稿.docx,TTQS_GPT6_ASTRA_FULL_HANDOFF_20260925/TTQS_GPT6_ASTRA_FULL_HANDOFF_20260925/TTQS_DOCUMENT_FOUNDRY_RUN_ASTRA_20260925/00_CONTROL/DOCX_FACTORY/ARCHIVE/BATCH_02_PRE_FINAL_REVISIONS/0013__I02-E04__01__公開公布訓練機構年度訓練課程_完整工作稿.docx,04_全部文件與歷次版本/TTQS_GPT6_ASTRA_FULL_HANDOFF_20260925/07/0685_0013__I02-E04__01__公開公布訓練機構年度訓練課程_完整工作稿.docx,原樣保留；本次尚未確認完成驗收,41349,24c88c206527c312935616aed156f3c88343122b7006c57cc07e440888222c8d
686,0017__I02-E05__04__網站課程揭露頁完整內容.docx,TTQS_GPT6_ASTRA_FULL_HANDOFF_20260925/TTQS_GPT6_ASTRA_FULL_HANDOFF_20260925/TTQS_DOCUMENT_FOUNDRY_RUN_ASTRA_20260925/00_CONTROL/DOCX_FACTORY/ARCHIVE/BATCH_02_PRE_FINAL_REVISIONS/0017__I02-E05__04__網站課程揭露頁完整內容.docx,04_全部文件與歷次版本/TTQS_GPT6_ASTRA_FULL_HANDOFF_20260925/07/0686_0017__I02-E05__04__網站課程揭露頁完整內容.docx,原樣保留；本次尚未確認完成驗收,41124,76eff96c004112032c2ab783167f85c5d674f4c63a549e97bfc3d03aa3548c3d
687,0019__I03-E02__01__學員訓練及訓練機構事業發展相關的證明_可直接使用成品_R02.docx,TTQS_GPT6_ASTRA_FULL_HANDOFF_20260925/TTQS_GPT6_ASTRA_FULL_HANDOFF_20260925/TTQS_DOCUMENT_FOUNDRY_RUN_ASTRA_20260925/00_CONTROL/DOCX_FACTORY/ARCHIVE/BATCH_02_PRE_FINAL_REVISIONS/0019__I03-E02__01__學員訓練及訓練機構事業發展相關的證明_可直接使用成品_R02.docx,04_全部文件與歷次版本/TTQS_GPT6_ASTRA_FULL_HANDOFF_20260925/07/0687_0019__I03-E02__01__學員訓練及訓練機構事業發展相關的證明_可直接使用成品_R02.docx,原樣保留；本次尚未確認完成驗收,41640,de5080433ccab5a94228df8b0b8e6d5eb4a07191b0feb78b40a1a241a799aa89
688,0019__I03-E02__01__學員訓練及訓練機構事業發展相關的證明_可直接使用成品.docx,TTQS_GPT6_ASTRA_FULL_HANDOFF_20260925/TTQS_GPT6_ASTRA_FULL_HANDOFF_20260925/TTQS_DOCUMENT_FOUNDRY_RUN_ASTRA_20260925/00_CONTROL/DOCX_FACTORY/ARCHIVE/BATCH_02_PRE_FINAL_REVISIONS/0019__I03-E02__01__學員訓練及訓練機構事業發展相關的證明_可直接使用成品.docx,04_全部文件與歷次版本/TTQS_GPT6_ASTRA_FULL_HANDOFF_20260925/07/0688_0019__I03-E02__01__學員訓練及訓練機構事業發展相關的證明_可直接使用成品.docx,原樣保留；本次尚未確認完成驗收,41592,a869ae5bf2440a92b63b6ceb054055d6e4a69f5560be3fd1f10ad7c8690c0fdb
689,0015__I02-E05__02__客戶需求評估與回覆表_R02.docx,TTQS_GPT6_ASTRA_FULL_HANDOFF_20260925/TTQS_GPT6_ASTRA_FULL_HANDOFF_20260925/TTQS_DOCUMENT_FOUNDRY_RUN_ASTRA_20260925/00_CONTROL/DOCX_FACTORY/ARCHIVE/BATCH_02_PRE_FINAL_REVISIONS/0015__I02-E05__02__客戶需求評估與回覆表_R02.docx,04_全部文件與歷次版本/TTQS_GPT6_ASTRA_FULL_HANDOFF_20260925/07/0689_0015__I02-E05__02__客戶需求評估與回覆表_R02.docx,原樣保留；本次尚未確認完成驗收,41868,8d71a9957a21e9c788e2fdf9ffd2f57047a5d455983f8e6d54483162b648a5ed
690,0015__I02-E05__02__客戶需求評估與回覆表_R03.docx,TTQS_GPT6_ASTRA_FULL_HANDOFF_20260925/TTQS_GPT6_ASTRA_FULL_HANDOFF_20260925/TTQS_DOCUMENT_FOUNDRY_RUN_ASTRA_20260925/00_CONTROL/DOCX_FACTORY/ARCHIVE/BATCH_02_PRE_FINAL_REVISIONS/0015__I02-E05__02__客戶需求評估與回覆表_R03.docx,04_全部文件與歷次版本/TTQS_GPT6_ASTRA_FULL_HANDOFF_20260925/07/0690_0015__I02-E05__02__客戶需求評估與回覆表_R03.docx,原樣保留；本次尚未確認完成驗收,41921,a1f4f8d033da2c46370f227b55d525a64e3f6077bb923e94c9dc742d6e9f43b8
691,0015__I02-E05__02__客戶需求評估與回覆表.docx,TTQS_GPT6_ASTRA_FULL_HANDOFF_20260925/TTQS_GPT6_ASTRA_FULL_HANDOFF_20260925/TTQS_DOCUMENT_FOUNDRY_RUN_ASTRA_20260925/00_CONTROL/DOCX_FACTORY/ARCHIVE/BATCH_02_PRE_FINAL_REVISIONS/0015__I02-E05__02__客戶需求評估與回覆表.docx,04_全部文件與歷次版本/TTQS_GPT6_ASTRA_FULL_HANDOFF_20260925/07/0691_0015__I02-E05__02__客戶需求評估與回覆表.docx,原樣保留；本次尚未確認完成驗收,41814,6dfb87a403f14f7111827425df5892619940a8f45a9570dbd9b85aad6956f2d8
692,00_TTQS_142份Word文件總目錄.docx,TTQS_GPT6_ASTRA_FULL_HANDOFF_20260925/TTQS_GPT6_ASTRA_FULL_HANDOFF_20260925/TTQS_DOCUMENT_FOUNDRY_RUN_ASTRA_20260925/00_CONTROL/DOCX_FACTORY/ARCHIVE/BATCH_02_PRE_TOC_UPDATE/00_TTQS_142份Word文件總目錄.docx,04_全部文件與歷次版本/TTQS_GPT6_ASTRA_FULL_HANDOFF_20260925/07/0692_00_TTQS_142份Word文件總目錄.docx,原樣保留；本次尚未確認完成驗收,48254,abc4f4247b9f8e2ace84ba73dce07eb0a15a0eb631cc3033adfafcc2456d235e
693,00_TTQS_142份Word文件總目錄.docx,TTQS_GPT6_ASTRA_FULL_HANDOFF_20260925/TTQS_GPT6_ASTRA_FULL_HANDOFF_20260925/TTQS_DOCUMENT_FOUNDRY_RUN_ASTRA_20260925/00_CONTROL/DOCX_FACTORY/ARCHIVE/BATCH_02_PRE_TOC_LAYOUT_FIX/00_TTQS_142份Word文件總目錄.docx,04_全部文件與歷次版本/TTQS_GPT6_ASTRA_FULL_HANDOFF_20260925/07/0693_00_TTQS_142份Word文件總目錄.docx,原樣保留；本次尚未確認完成驗收,48211,7e712b0b936d2ba4ac6a83e6b4899831a114db4c698cc5100bf3237d0ec4577c
694,0021__I03-E04__01__學員訓練及學員職務相稱的證明_可直接使用成品.docx,TTQS_GPT6_ASTRA_FULL_HANDOFF_20260925/TTQS_GPT6_ASTRA_FULL_HANDOFF_20260925/TTQS_DOCUMENT_FOUNDRY_RUN_ASTRA_20260925/00_CONTROL/DOCX_FACTORY/ARCHIVE/BATCH_03_PRE_REPAIR_R01/0021__I03-E04__01__學員訓練及學員職務相稱的證明_可直接使用成品.docx,04_全部文件與歷次版本/TTQS_GPT6_ASTRA_FULL_HANDOFF_20260925/07/0694_0021__I03-E04__01__學員訓練及學員職務相稱的證明_可直接使用成品.docx,原樣保留；本次尚未確認完成驗收,41565,0d45a7f2c53a3fdb7296eae79e464acea99bf69ce9a231bb97bf415cc4b714a3
695,0022__I04-E01__01__訓練需求的定期調查與分析.docx,TTQS_GPT6_ASTRA_FULL_HANDOFF_20260925/TTQS_GPT6_ASTRA_FULL_HANDOFF_20260925/TTQS_DOCUMENT_FOUNDRY_RUN_ASTRA_20260925/00_CONTROL/DOCX_FACTORY/ARCHIVE/BATCH_03_PRE_REPAIR_R01/0022__I04-E01__01__訓練需求的定期調查與分析.docx,04_全部文件與歷次版本/TTQS_GPT6_ASTRA_FULL_HANDOFF_20260925/07/0695_0022__I04-E01__01__訓練需求的定期調查與分析.docx,原樣保留；本次尚未確認完成驗收,42153,7fb127ca94d3cb6e41f5def5ac29a7ebf83cfa5bae484bf7850a19cf00ae8e6f
696,0024__I04-E03__01__訓練的提供方式及選擇的指標.docx,TTQS_GPT6_ASTRA_FULL_HANDOFF_20260925/TTQS_GPT6_ASTRA_FULL_HANDOFF_20260925/TTQS_DOCUMENT_FOUNDRY_RUN_ASTRA_20260925/00_CONTROL/DOCX_FACTORY/ARCHIVE/BATCH_03_PRE_REPAIR_R01/0024__I04-E03__01__訓練的提供方式及選擇的指標.docx,04_全部文件與歷次版本/TTQS_GPT6_ASTRA_FULL_HANDOFF_20260925/07/0696_0024__I04-E03__01__訓練的提供方式及選擇的指標.docx,原樣保留；本次尚未確認完成驗收,41299,b09610b9a335bdce8ac590ad9d4598f0f780cb2154ead34bf8adbe6ad549c4b4
697,0025__I04-E04__01__訓練評估與實施標準化作業程序SOP.docx,TTQS_GPT6_ASTRA_FULL_HANDOFF_20260925/TTQS_GPT6_ASTRA_FULL_HANDOFF_20260925/TTQS_DOCUMENT_FOUNDRY_RUN_ASTRA_20260925/00_CONTROL/DOCX_FACTORY/ARCHIVE/BATCH_03_PRE_REPAIR_R01/0025__I04-E04__01__訓練評估與實施標準化作業程序SOP.docx,04_全部文件與歷次版本/TTQS_GPT6_ASTRA_FULL_HANDOFF_20260925/07/0697_0025__I04-E04__01__訓練評估與實施標準化作業程序SOP.docx,原樣保留；本次尚未確認完成驗收,42489,200e78def70b68a991194465d42e507fbd4cfcefa4c64856a6e77579d678eaf4
698,0026__I04-E05__01__機構如何運作TTQS管理系統及如何核准、公告_可直接使用成品.docx,TTQS_GPT6_ASTRA_FULL_HANDOFF_20260925/TTQS_GPT6_ASTRA_FULL_HANDOFF_20260925/TTQS_DOCUMENT_FOUNDRY_RUN_ASTRA_20260925/00_CONTROL/DOCX_FACTORY/ARCHIVE/BATCH_03_PRE_REPAIR_R01/0026__I04-E05__01__機構如何運作TTQS管理系統及如何核准、公告_可直接使用成品.docx,04_全部文件與歷次版本/TTQS_GPT6_ASTRA_FULL_HANDOFF_20260925/07/0698_0026__I04-E05__01__機構如何運作TTQS管理系統及如何核准、公告_可直接使用成品.docx,原樣保留；本次尚未確認完成驗收,41833,866e272412452c0bff344e4b80aeaf70886dcbf615db83529e58907a5c83ffc2
699,0028__I05-E02__01__訓練課程體系及訓練機構業務策略方向的相關資料.docx,TTQS_GPT6_ASTRA_FULL_HANDOFF_20260925/TTQS_GPT6_ASTRA_FULL_HANDOFF_20260925/TTQS_DOCUMENT_FOUNDRY_RUN_ASTRA_20260925/00_CONTROL/DOCX_FACTORY/ARCHIVE/BATCH_03_PRE_REPAIR_R01/0028__I05-E02__01__訓練課程體系及訓練機構業務策略方向的相關資料.docx,04_全部文件與歷次版本/TTQS_GPT6_ASTRA_FULL_HANDOFF_20260925/07/0699_0028__I05-E02__01__訓練課程體系及訓練機構業務策略方向的相關資料.docx,原樣保留；本次尚未確認完成驗收,41229,5fab47fdd861bddc2a526ee14c572a81db6c7de77c4974f78bec2d000cbe280b
700,0022__I04-E01__01__訓練需求的定期調查與分析_R02.docx,TTQS_GPT6_ASTRA_FULL_HANDOFF_20260925/TTQS_GPT6_ASTRA_FULL_HANDOFF_20260925/TTQS_DOCUMENT_FOUNDRY_RUN_ASTRA_20260925/00_CONTROL/DOCX_FACTORY/ARCHIVE/BATCH_03_PRE_REPAIR_R02/0022__I04-E01__01__訓練需求的定期調查與分析_R02.docx,04_全部文件與歷次版本/TTQS_GPT6_ASTRA_FULL_HANDOFF_20260925/07/0700_0022__I04-E01__01__訓練需求的定期調查與分析_R02.docx,原樣保留；本次尚未確認完成驗收,42048,26bb0b7f6a69eceb8d7e2449076809ca5c18e4d004738f35259571dbae9ee107
701,0025__I04-E04__01__訓練評估與實施標準化作業程序SOP_R02.docx,TTQS_GPT6_ASTRA_FULL_HANDOFF_20260925/TTQS_GPT6_ASTRA_FULL_HANDOFF_20260925/TTQS_DOCUMENT_FOUNDRY_RUN_ASTRA_20260925/00_CONTROL/DOCX_FACTORY/ARCHIVE/BATCH_03_PRE_REPAIR_R02/0025__I04-E04__01__訓練評估與實施標準化作業程序SOP_R02.docx,04_全部文件與歷次版本/TTQS_GPT6_ASTRA_FULL_HANDOFF_20260925/08/0701_0025__I04-E04__01__訓練評估與實施標準化作業程序SOP_R02.docx,原樣保留；本次尚未確認完成驗收,42503,ff9f3288fc3c6286c2baa256bcaad8fb5f59c33c713926cdac2e8dba537af597
702,0022__I04-E01__01__訓練需求的定期調查與分析_R03.docx,TTQS_GPT6_ASTRA_FULL_HANDOFF_20260925/TTQS_GPT6_ASTRA_FULL_HANDOFF_20260925/TTQS_DOCUMENT_FOUNDRY_RUN_ASTRA_20260925/00_CONTROL/DOCX_FACTORY/ARCHIVE/BATCH_03_PRE_REPAIR_R03/0022__I04-E01__01__訓練需求的定期調查與分析_R03.docx,04_全部文件與歷次版本/TTQS_GPT6_ASTRA_FULL_HANDOFF_20260925/08/0702_0022__I04-E01__01__訓練需求的定期調查與分析_R03.docx,原樣保留；本次尚未確認完成驗收,42041,aa837bc5c8ad13cbd505d8895331687f2cec6fef7371a741b3bc7da9d2d641ea
703,0031__I06-E02__01__專業訓練人員職能評估方法等證明_可直接使用成品.docx,TTQS_GPT6_ASTRA_FULL_HANDOFF_20260925/TTQS_GPT6_ASTRA_FULL_HANDOFF_20260925/TTQS_DOCUMENT_FOUNDRY_RUN_ASTRA_20260925/00_CONTROL/DOCX_FACTORY/ARCHIVE/BATCH_04_R01_CANDIDATES/0031/0031__I06-E02__01__專業訓練人員職能評估方法等證明_可直接使用成品.docx,04_全部文件與歷次版本/TTQS_GPT6_ASTRA_FULL_HANDOFF_20260925/08/0703_0031__I06-E02__01__專業訓練人員職能評估方法等證明_可直接使用成品.docx,原樣保留；本次尚未確認完成驗收,43102,654634a78290a3c630965e641f61b933cc3707df4b39909867247b437d5af4b0
704,0032__I06-E03__01__訓練機構具備執行訓練業務相關職能的說明.docx,TTQS_GPT6_ASTRA_FULL_HANDOFF_20260925/TTQS_GPT6_ASTRA_FULL_HANDOFF_20260925/TTQS_DOCUMENT_FOUNDRY_RUN_ASTRA_20260925/00_CONTROL/DOCX_FACTORY/ARCHIVE/BATCH_04_R01_CANDIDATES/0032/0032__I06-E03__01__訓練機構具備執行訓練業務相關職能的說明.docx,04_全部文件與歷次版本/TTQS_GPT6_ASTRA_FULL_HANDOFF_20260925/08/0704_0032__I06-E03__01__訓練機構具備執行訓練業務相關職能的說明.docx,原樣保留；本次尚未確認完成驗收,42553,7c944d95fd4dddb5399b50a940637aa29033e9be302cdcc0afb95084d2b881a3
705,0033__I07-E01__01__訓練課程計畫配合客戶及受訓者需求、職能需求的_可直接使用成品.docx,TTQS_GPT6_ASTRA_FULL_HANDOFF_20260925/TTQS_GPT6_ASTRA_FULL_HANDOFF_20260925/TTQS_DOCUMENT_FOUNDRY_RUN_ASTRA_20260925/00_CONTROL/DOCX_FACTORY/ARCHIVE/BATCH_04_R01_CANDIDATES/0033/0033__I07-E01__01__訓練課程計畫配合客戶及受訓者需求、職能需求的_可直接使用成品.docx,04_全部文件與歷次版本/TTQS_GPT6_ASTRA_FULL_HANDOFF_20260925/08/0705_0033__I07-E01__01__訓練課程計畫配合客戶及受訓者需求、職能需求的_可直接使用成品.docx,原樣保留；本次尚未確認完成驗收,42833,7684d56efcc0fd62804368c2e0a8c5388bcc891c3e96896b6ddfe93e0ce77a5b
706,0034__I07-E02__01__針對學員做職能盤點或職能分析並據以規劃適切課_可直接使用成品.docx,TTQS_GPT6_ASTRA_FULL_HANDOFF_20260925/TTQS_GPT6_ASTRA_FULL_HANDOFF_20260925/TTQS_DOCUMENT_FOUNDRY_RUN_ASTRA_20260925/00_CONTROL/DOCX_FACTORY/ARCHIVE/BATCH_04_R01_CANDIDATES/0034/0034__I07-E02__01__針對學員做職能盤點或職能分析並據以規劃適切課_可直接使用成品.docx,04_全部文件與歷次版本/TTQS_GPT6_ASTRA_FULL_HANDOFF_20260925/08/0706_0034__I07-E02__01__針對學員做職能盤點或職能分析並據以規劃適切課_可直接使用成品.docx,原樣保留；本次尚未確認完成驗收,42440,74317a593e5c69283e2f954237c6ed0932f10ab1cd7446279c54a6ecf8b52f0d
707,0035__I07-E03__01__對相關職能分析及運用的方法均能適時檢討隨時改.docx,TTQS_GPT6_ASTRA_FULL_HANDOFF_20260925/TTQS_GPT6_ASTRA_FULL_HANDOFF_20260925/TTQS_DOCUMENT_FOUNDRY_RUN_ASTRA_20260925/00_CONTROL/DOCX_FACTORY/ARCHIVE/BATCH_04_R01_CANDIDATES/0035/0035__I07-E03__01__對相關職能分析及運用的方法均能適時檢討隨時改.docx,04_全部文件與歷次版本/TTQS_GPT6_ASTRA_FULL_HANDOFF_20260925/08/0707_0035__I07-E03__01__對相關職能分析及運用的方法均能適時檢討隨時改.docx,原樣保留；本次尚未確認完成驗收,42173,3281088368923ea51c671638cc0a49cebb5a2c7941527f2fb76ad6d85b1419b4
708,0036__I07-E04__01__課程設計進度流程及規劃書.docx,TTQS_GPT6_ASTRA_FULL_HANDOFF_20260925/TTQS_GPT6_ASTRA_FULL_HANDOFF_20260925/TTQS_DOCUMENT_FOUNDRY_RUN_ASTRA_20260925/00_CONTROL/DOCX_FACTORY/ARCHIVE/BATCH_04_R01_CANDIDATES/0036/0036__I07-E04__01__課程設計進度流程及規劃書.docx,04_全部文件與歷次版本/TTQS_GPT6_ASTRA_FULL_HANDOFF_20260925/08/0708_0036__I07-E04__01__課程設計進度流程及規劃書.docx,原樣保留；本次尚未確認完成驗收,42526,96af70eccf9753d26da0dce4f8db00f9bf45579ef92145d9527c4c13aa28a28e
709,0037__I08-E01__01__相關文件紀錄能顯示近年來訓練目標、訓練方法、_可直接使用成品.docx,TTQS_GPT6_ASTRA_FULL_HANDOFF_20260925/TTQS_GPT6_ASTRA_FULL_HANDOFF_20260925/TTQS_DOCUMENT_FOUNDRY_RUN_ASTRA_20260925/00_CONTROL/DOCX_FACTORY/ARCHIVE/BATCH_04_R01_CANDIDATES/0037/0037__I08-E01__01__相關文件紀錄能顯示近年來訓練目標、訓練方法、_可直接使用成品.docx,04_全部文件與歷次版本/TTQS_GPT6_ASTRA_FULL_HANDOFF_20260925/08/0709_0037__I08-E01__01__相關文件紀錄能顯示近年來訓練目標、訓練方法、_可直接使用成品.docx,原樣保留；本次尚未確認完成驗收,42029,954d14dd8e9735dda3dea5a0b4157a1bdf50aeee336a6a5cbd04b204f5d2e006
710,0038__I08-E02__01__針對訓練方案的系統設計能適時檢討及改善，執行.docx,TTQS_GPT6_ASTRA_FULL_HANDOFF_20260925/TTQS_GPT6_ASTRA_FULL_HANDOFF_20260925/TTQS_DOCUMENT_FOUNDRY_RUN_ASTRA_20260925/00_CONTROL/DOCX_FACTORY/ARCHIVE/BATCH_04_R01_CANDIDATES/0038/0038__I08-E02__01__針對訓練方案的系統設計能適時檢討及改善，執行.docx,04_全部文件與歷次版本/TTQS_GPT6_ASTRA_FULL_HANDOFF_20260925/08/0710_0038__I08-E02__01__針對訓練方案的系統設計能適時檢討及改善，執行.docx,原樣保留；本次尚未確認完成驗收,41937,856ea5e45ccfd09c9bbb72f8fdb79f56d3456695175de649186b93bb0df62367
711,0039__I08-E03__01__課程規劃與設計審查會議紀錄.docx,TTQS_GPT6_ASTRA_FULL_HANDOFF_20260925/TTQS_GPT6_ASTRA_FULL_HANDOFF_20260925/TTQS_DOCUMENT_FOUNDRY_RUN_ASTRA_20260925/00_CONTROL/DOCX_FACTORY/ARCHIVE/BATCH_04_R01_CANDIDATES/0039/0039__I08-E03__01__課程規劃與設計審查會議紀錄.docx,04_全部文件與歷次版本/TTQS_GPT6_ASTRA_FULL_HANDOFF_20260925/08/0711_0039__I08-E03__01__課程規劃與設計審查會議紀錄.docx,原樣保留；本次尚未確認完成驗收,42280,ad2d735ee5991849f86e97aaef63dbf73f3fdd029a1934653fe2f350ff118dc1
712,0040__I08-E03__02__訓練評估方法與成效指標對照表.docx,TTQS_GPT6_ASTRA_FULL_HANDOFF_20260925/TTQS_GPT6_ASTRA_FULL_HANDOFF_20260925/TTQS_DOCUMENT_FOUNDRY_RUN_ASTRA_20260925/00_CONTROL/DOCX_FACTORY/ARCHIVE/BATCH_04_R01_CANDIDATES/0040/0040__I08-E03__02__訓練評估方法與成效指標對照表.docx,04_全部文件與歷次版本/TTQS_GPT6_ASTRA_FULL_HANDOFF_20260925/08/0712_0040__I08-E03__02__訓練評估方法與成效指標對照表.docx,原樣保留；本次尚未確認完成驗收,42706,ae6ee2c178cd7746ce7e52f254f17b0ce5e3411e9f52190a122bff08570150fb
713,00_TTQS_142份Word文件總目錄.docx,TTQS_GPT6_ASTRA_FULL_HANDOFF_20260925/TTQS_GPT6_ASTRA_FULL_HANDOFF_20260925/TTQS_DOCUMENT_FOUNDRY_RUN_ASTRA_20260925/00_CONTROL/DOCX_FACTORY/ARCHIVE/BATCH_05_FINALIZE_R01_PRESTATE/00_TTQS_142份Word文件總目錄.docx,04_全部文件與歷次版本/TTQS_GPT6_ASTRA_FULL_HANDOFF_20260925/08/0713_00_TTQS_142份Word文件總目錄.docx,原樣保留；本次尚未確認完成驗收,47950,6fa886c7f90c663b97621cbb26e21701a37a8a851f35a127a36ddd2e45fc7d55
714,00_TTQS_142份Word文件總目錄.docx,TTQS_GPT6_ASTRA_FULL_HANDOFF_20260925/TTQS_GPT6_ASTRA_FULL_HANDOFF_20260925/TTQS_DOCUMENT_FOUNDRY_RUN_ASTRA_20260925/00_CONTROL/DOCX_FACTORY/ARCHIVE/BATCH_06_PRESTATE_R01/00_TTQS_142份Word文件總目錄.docx,04_全部文件與歷次版本/TTQS_GPT6_ASTRA_FULL_HANDOFF_20260925/08/0714_00_TTQS_142份Word文件總目錄.docx,原樣保留；本次尚未確認完成驗收,48004,c8932e043acbd9998747b4430e5a22cde88faaff9f19abe9b5cb56f59275eeca
715,00_TTQS_142份Word文件總目錄.docx,TTQS_GPT6_ASTRA_FULL_HANDOFF_20260925/TTQS_GPT6_ASTRA_FULL_HANDOFF_20260925/TTQS_DOCUMENT_FOUNDRY_RUN_ASTRA_20260925/00_CONTROL/DOCX_FACTORY/ARCHIVE/BATCH_07_PRESTATE_R01/00_TTQS_142份Word文件總目錄.docx,04_全部文件與歷次版本/TTQS_GPT6_ASTRA_FULL_HANDOFF_20260925/08/0715_00_TTQS_142份Word文件總目錄.docx,原樣保留；本次尚未確認完成驗收,48021,4dcf7ddf66952a3a73abe92da9cba41e744ac808c9e3b5ff6a26edd1c0de3e23
716,00_TTQS_142份Word文件總目錄.docx,TTQS_GPT6_ASTRA_FULL_HANDOFF_20260925/TTQS_GPT6_ASTRA_FULL_HANDOFF_20260925/TTQS_DOCUMENT_FOUNDRY_RUN_ASTRA_20260925/00_CONTROL/DOCX_FACTORY/ARCHIVE/BATCH_08_PRESTATE_R01/00_TTQS_142份Word文件總目錄.docx,04_全部文件與歷次版本/TTQS_GPT6_ASTRA_FULL_HANDOFF_20260925/08/0716_00_TTQS_142份Word文件總目錄.docx,原樣保留；本次尚未確認完成驗收,48045,68197cf9c66f3f5cfa69f17e6d03efa81d5dc29ea812dd10d61098a6de8f468a
717,00_TTQS_142份Word文件總目錄.docx,TTQS_GPT6_ASTRA_FULL_HANDOFF_20260925/TTQS_GPT6_ASTRA_FULL_HANDOFF_20260925/TTQS_DOCUMENT_FOUNDRY_RUN_ASTRA_20260925/00_CONTROL/DOCX_FACTORY/ARCHIVE/BATCH_09_PRESTATE_R01/00_TTQS_142份Word文件總目錄.docx,04_全部文件與歷次版本/TTQS_GPT6_ASTRA_FULL_HANDOFF_20260925/08/0717_00_TTQS_142份Word文件總目錄.docx,原樣保留；本次尚未確認完成驗收,48066,10986c36ccf14fb0e2226098fd33424adfcd3350ad7eadf6c1aa167c2dfcb168
718,00_TTQS_142份Word文件總目錄.docx,TTQS_GPT6_ASTRA_FULL_HANDOFF_20260925/TTQS_GPT6_ASTRA_FULL_HANDOFF_20260925/TTQS_DOCUMENT_FOUNDRY_RUN_ASTRA_20260925/00_CONTROL/DOCX_FACTORY/ARCHIVE/BATCH_09_TOC_UPDATE_R01/00_TTQS_142份Word文件總目錄.docx,04_全部文件與歷次版本/TTQS_GPT6_ASTRA_FULL_HANDOFF_20260925/08/0718_00_TTQS_142份Word文件總目錄.docx,原樣保留；本次尚未確認完成驗收,48069,e8bd8897dae2d7312e7356d90fa9065fd053c1ff2a05cdda85b8d8c63cef749b
719,00_TTQS_142份Word文件總目錄.docx,TTQS_GPT6_ASTRA_FULL_HANDOFF_20260925/TTQS_GPT6_ASTRA_FULL_HANDOFF_20260925/TTQS_DOCUMENT_FOUNDRY_RUN_ASTRA_20260925/00_CONTROL/DOCX_FACTORY/ARCHIVE/BATCH_10_PRESTATE_R01/00_TTQS_142份Word文件總目錄.docx,04_全部文件與歷次版本/TTQS_GPT6_ASTRA_FULL_HANDOFF_20260925/08/0719_00_TTQS_142份Word文件總目錄.docx,原樣保留；本次尚未確認完成驗收,48064,d196e643b17298d8409f4e84b5b042fc437361370d9dcf0649e889f61b8a5777
720,00_TTQS_142份Word文件總目錄.docx,TTQS_GPT6_ASTRA_FULL_HANDOFF_20260925/TTQS_GPT6_ASTRA_FULL_HANDOFF_20260925/TTQS_DOCUMENT_FOUNDRY_RUN_ASTRA_20260925/00_CONTROL/DOCX_FACTORY/ARCHIVE/BATCH_11_PRESTATE_R01_20260929/00_TTQS_142份Word文件總目錄.docx,04_全部文件與歷次版本/TTQS_GPT6_ASTRA_FULL_HANDOFF_20260925/08/0720_00_TTQS_142份Word文件總目錄.docx,原樣保留；本次尚未確認完成驗收,48061,8efd13841e7c86cb0a71a7921f577c780163273e436dea4b6b258e83f3b5d4a1
721,00_TTQS_142份Word文件總目錄.docx,TTQS_GPT6_ASTRA_FULL_HANDOFF_20260925/TTQS_GPT6_ASTRA_FULL_HANDOFF_20260925/TTQS_DOCUMENT_FOUNDRY_RUN_ASTRA_20260925/00_CONTROL/DOCX_FACTORY/ARCHIVE/BATCH_12_PRESTATE_R01_20260929/00_TTQS_142份Word文件總目錄.docx,04_全部文件與歷次版本/TTQS_GPT6_ASTRA_FULL_HANDOFF_20260925/08/0721_00_TTQS_142份Word文件總目錄.docx,原樣保留；本次尚未確認完成驗收,48031,35dae8d3c273b082e20b362c1e8884aecf9f3b428792028408b85801df280a71
722,00_TTQS_142份Word文件總目錄.docx,TTQS_GPT6_ASTRA_FULL_HANDOFF_20260925/TTQS_GPT6_ASTRA_FULL_HANDOFF_20260925/TTQS_DOCUMENT_FOUNDRY_RUN_ASTRA_20260925/00_CONTROL/DOCX_FACTORY/ARCHIVE/BATCH_12_TOC_TITLE_PRESTATE_R01_20260929/00_TTQS_142份Word文件總目錄.docx,04_全部文件與歷次版本/TTQS_GPT6_ASTRA_FULL_HANDOFF_20260925/08/0722_00_TTQS_142份Word文件總目錄.docx,原樣保留；本次尚未確認完成驗收,48018,58f1d28e21790a1bc22d17e608265c500321e38b42f0a4f3a9f7859ecd1b730c
723,00_TTQS_142份Word文件總目錄.docx,TTQS_GPT6_ASTRA_FULL_HANDOFF_20260925/TTQS_GPT6_ASTRA_FULL_HANDOFF_20260925/TTQS_DOCUMENT_FOUNDRY_RUN_ASTRA_20260925/00_CONTROL/DOCX_FACTORY/ARCHIVE/BATCH_13_PRESTATE_R01_20260929/00_TTQS_142份Word文件總目錄.docx,04_全部文件與歷次版本/TTQS_GPT6_ASTRA_FULL_HANDOFF_20260925/08/0723_00_TTQS_142份Word文件總目錄.docx,原樣保留；本次尚未確認完成驗收,47993,4906970080e416f24b00600f65b5f2893c07e21e5cb813d515495b8788224e7e
724,00_TTQS_142份Word文件總目錄.docx,TTQS_GPT6_ASTRA_FULL_HANDOFF_20260925/TTQS_GPT6_ASTRA_FULL_HANDOFF_20260925/TTQS_DOCUMENT_FOUNDRY_RUN_ASTRA_20260925/00_CONTROL/DOCX_FACTORY/ARCHIVE/BATCH_14_15_PRESTATE_R01_20260929/00_TTQS_142份Word文件總目錄.docx,04_全部文件與歷次版本/TTQS_GPT6_ASTRA_FULL_HANDOFF_20260925/08/0724_00_TTQS_142份Word文件總目錄.docx,原樣保留；本次尚未確認完成驗收,47828,dcb9e964d327da0c59b6259b5b685d438f8f02a1a28a77de78c87870a7e5aeba
725,BATCH_02_0009_LAYOUT_PRE_R01.docx,TTQS_GPT6_ASTRA_FULL_HANDOFF_20260925/TTQS_GPT6_ASTRA_FULL_HANDOFF_20260925/TTQS_DOCUMENT_FOUNDRY_RUN_ASTRA_20260925/00_CONTROL/DOCX_FACTORY/QUALITY_RECOVERY_R01/BATCH_02_0009_LAYOUT_PRE_R01.docx,04_全部文件與歷次版本/TTQS_GPT6_ASTRA_FULL_HANDOFF_20260925/08/0725_BATCH_02_0009_LAYOUT_PRE_R01.docx,原樣保留；本次尚未確認完成驗收,42659,291ede67725d2b9e24b5c666e66f3ea1c844651e0dee8d145a30f02d5c9faaa3
726,BATCH_02_0007_LAYOUT_PRE_R01.docx,TTQS_GPT6_ASTRA_FULL_HANDOFF_20260925/TTQS_GPT6_ASTRA_FULL_HANDOFF_20260925/TTQS_DOCUMENT_FOUNDRY_RUN_ASTRA_20260925/00_CONTROL/DOCX_FACTORY/QUALITY_RECOVERY_R01/BATCH_02_0007_LAYOUT_PRE_R01.docx,04_全部文件與歷次版本/TTQS_GPT6_ASTRA_FULL_HANDOFF_20260925/08/0726_BATCH_02_0007_LAYOUT_PRE_R01.docx,原樣保留；本次尚未確認完成驗收,43840,2e502304c507d02c8461471c9a10e6a84094986a022597db510bf75064ef4cc6
727,BATCH_02_0007_LAYOUT_R01_UNRENDERED.docx,TTQS_GPT6_ASTRA_FULL_HANDOFF_20260925/TTQS_GPT6_ASTRA_FULL_HANDOFF_20260925/TTQS_DOCUMENT_FOUNDRY_RUN_ASTRA_20260925/00_CONTROL/DOCX_FACTORY/QUALITY_RECOVERY_R01/BATCH_02_0007_LAYOUT_R01_UNRENDERED.docx,04_全部文件與歷次版本/TTQS_GPT6_ASTRA_FULL_HANDOFF_20260925/08/0727_BATCH_02_0007_LAYOUT_R01_UNRENDERED.docx,原樣保留；本次尚未確認完成驗收,43861,6b1c1d2d430ed4ca5f7d270caa303b318f7cb75600078d9e5c52c023121a590a
728,BATCH_02_0007_TEST_CURRENT.docx,TTQS_GPT6_ASTRA_FULL_HANDOFF_20260925/TTQS_GPT6_ASTRA_FULL_HANDOFF_20260925/TTQS_DOCUMENT_FOUNDRY_RUN_ASTRA_20260925/00_CONTROL/DOCX_FACTORY/QUALITY_RECOVERY_R01/BATCH_02_0007_TEST_CURRENT.docx,04_全部文件與歷次版本/TTQS_GPT6_ASTRA_FULL_HANDOFF_20260925/08/0728_BATCH_02_0007_TEST_CURRENT.docx,原樣保留；本次尚未確認完成驗收,43857,e0239d75397bf34eadaea7a1ee7a4c9010d1c433a4b653aaae95170075b23b94
729,BATCH_02_0010_REPAGINATE_TEST.docx,TTQS_GPT6_ASTRA_FULL_HANDOFF_20260925/TTQS_GPT6_ASTRA_FULL_HANDOFF_20260925/TTQS_DOCUMENT_FOUNDRY_RUN_ASTRA_20260925/00_CONTROL/DOCX_FACTORY/QUALITY_RECOVERY_R01/BATCH_02_0010_REPAGINATE_TEST.docx,04_全部文件與歷次版本/TTQS_GPT6_ASTRA_FULL_HANDOFF_20260925/08/0729_BATCH_02_0010_REPAGINATE_TEST.docx,原樣保留；本次尚未確認完成驗收,44963,36fd04f10bd6c1f64e99485c7b4c4da8388c9e9ad5bef97e76586c14136b2d34
730,0006_0006__I01-E03__01__業務發展計畫與人力資源訓練規劃.docx,TTQS_GPT6_ASTRA_FULL_HANDOFF_20260925/TTQS_GPT6_ASTRA_FULL_HANDOFF_20260925/TTQS_DOCUMENT_FOUNDRY_RUN_ASTRA_20260925/00_CONTROL/DOCX_FACTORY/QUALITY_RECOVERY_R01/BATCH_02_PRE_REPAIR_DOCX/0006_0006__I01-E03__01__業務發展計畫與人力資源訓練規劃.docx,04_全部文件與歷次版本/TTQS_GPT6_ASTRA_FULL_HANDOFF_20260925/08/0730_0006_0006__I01-E03__01__業務發展計畫與人力資源訓練規劃.docx,原樣保留；本次尚未確認完成驗收,41729,7e189dccacd0fa127e10a2af3c221143d6a05c6371a02c48fa794df792b4ec6a
731,0007_0007__I01-E04__01__課程產品及流程檢討分析報告.docx,TTQS_GPT6_ASTRA_FULL_HANDOFF_20260925/TTQS_GPT6_ASTRA_FULL_HANDOFF_20260925/TTQS_DOCUMENT_FOUNDRY_RUN_ASTRA_20260925/00_CONTROL/DOCX_FACTORY/QUALITY_RECOVERY_R01/BATCH_02_PRE_REPAIR_DOCX/0007_0007__I01-E04__01__課程產品及流程檢討分析報告.docx,04_全部文件與歷次版本/TTQS_GPT6_ASTRA_FULL_HANDOFF_20260925/08/0731_0007_0007__I01-E04__01__課程產品及流程檢討分析報告.docx,原樣保留；本次尚未確認完成驗收,41397,ecd2868ebcb2a9ec9f7f67629b42503c8905e6a72dc44b825f058bdb70bb1326
732,0008_0008__I01-E05__01__各類別訓練課程年度成長計畫.docx,TTQS_GPT6_ASTRA_FULL_HANDOFF_20260925/TTQS_GPT6_ASTRA_FULL_HANDOFF_20260925/TTQS_DOCUMENT_FOUNDRY_RUN_ASTRA_20260925/00_CONTROL/DOCX_FACTORY/QUALITY_RECOVERY_R01/BATCH_02_PRE_REPAIR_DOCX/0008_0008__I01-E05__01__各類別訓練課程年度成長計畫.docx,04_全部文件與歷次版本/TTQS_GPT6_ASTRA_FULL_HANDOFF_20260925/08/0732_0008_0008__I01-E05__01__各類別訓練課程年度成長計畫.docx,原樣保留；本次尚未確認完成驗收,41459,bef7b904052a2f572d6486ea941589e1c0ebba28b694a4fba9696496e0db6dd1
733,0009_0009__I01-E06__01__年度績效目標訂定與分析紀錄.docx,TTQS_GPT6_ASTRA_FULL_HANDOFF_20260925/TTQS_GPT6_ASTRA_FULL_HANDOFF_20260925/TTQS_DOCUMENT_FOUNDRY_RUN_ASTRA_20260925/00_CONTROL/DOCX_FACTORY/QUALITY_RECOVERY_R01/BATCH_02_PRE_REPAIR_DOCX/0009_0009__I01-E06__01__年度績效目標訂定與分析紀錄.docx,04_全部文件與歷次版本/TTQS_GPT6_ASTRA_FULL_HANDOFF_20260925/08/0733_0009_0009__I01-E06__01__年度績效目標訂定與分析紀錄.docx,原樣保留；本次尚未確認完成驗收,41079,de98469ab94a77391deb3f77c8112548e335f6da7f92c2d9f072bfe7bd6b420f
734,0010_0010__I02-E01__01__學員訓練成果評核標準與說明.docx,TTQS_GPT6_ASTRA_FULL_HANDOFF_20260925/TTQS_GPT6_ASTRA_FULL_HANDOFF_20260925/TTQS_DOCUMENT_FOUNDRY_RUN_ASTRA_20260925/00_CONTROL/DOCX_FACTORY/QUALITY_RECOVERY_R01/BATCH_02_PRE_REPAIR_DOCX/0010_0010__I02-E01__01__學員訓練成果評核標準與說明.docx,04_全部文件與歷次版本/TTQS_GPT6_ASTRA_FULL_HANDOFF_20260925/08/0734_0010_0010__I02-E01__01__學員訓練成果評核標準與說明.docx,原樣保留；本次尚未確認完成驗收,41829,985e9b0a046d90d1511945e6d51396754c37df30d73c97ec8337f435f2f58064
735,0011_0011__I02-E02__01__與訓練政策有關之訓練產品與市場定位_制度文件_R03.docx,TTQS_GPT6_ASTRA_FULL_HANDOFF_20260925/TTQS_GPT6_ASTRA_FULL_HANDOFF_20260925/TTQS_DOCUMENT_FOUNDRY_RUN_ASTRA_20260925/00_CONTROL/DOCX_FACTORY/QUALITY_RECOVERY_R01/BATCH_02_PRE_REPAIR_DOCX/0011_0011__I02-E02__01__與訓練政策有關之訓練產品與市場定位_制度文件_R03.docx,04_全部文件與歷次版本/TTQS_GPT6_ASTRA_FULL_HANDOFF_20260925/08/0735_0011_0011__I02-E02__01__與訓練政策有關之訓練產品與市場定位_制度文件_R03.docx,原樣保留；本次尚未確認完成驗收,41664,875f5cd1716b0b31a141e025bbd53ceefb3a18fd77ed792df9e9d07a6473c827
736,0012_0012__I02-E03__01__補助參與機構公開招生課程或進階課程優惠辦法之_制度文件_R02.docx,TTQS_GPT6_ASTRA_FULL_HANDOFF_20260925/TTQS_GPT6_ASTRA_FULL_HANDOFF_20260925/TTQS_DOCUMENT_FOUNDRY_RUN_ASTRA_20260925/00_CONTROL/DOCX_FACTORY/QUALITY_RECOVERY_R01/BATCH_02_PRE_REPAIR_DOCX/0012_0012__I02-E03__01__補助參與機構公開招生課程或進階課程優惠辦法之_制度文件_R02.docx,04_全部文件與歷次版本/TTQS_GPT6_ASTRA_FULL_HANDOFF_20260925/08/0736_0012_0012__I02-E03__01__補助參與機構公開招生課程或進階課程優惠辦法之_制度文件_R02.docx,原樣保留；本次尚未確認完成驗收,41843,e6512b0069ef03a17f20a6a66f8a3add4b2304f687173de79d9555f130db2e94
737,0013_0013__I02-E04__01__公開公布訓練機構年度訓練課程_完整工作稿_R02.docx,TTQS_GPT6_ASTRA_FULL_HANDOFF_20260925/TTQS_GPT6_ASTRA_FULL_HANDOFF_20260925/TTQS_DOCUMENT_FOUNDRY_RUN_ASTRA_20260925/00_CONTROL/DOCX_FACTORY/QUALITY_RECOVERY_R01/BATCH_02_PRE_REPAIR_DOCX/0013_0013__I02-E04__01__公開公布訓練機構年度訓練課程_完整工作稿_R02.docx,04_全部文件與歷次版本/TTQS_GPT6_ASTRA_FULL_HANDOFF_20260925/08/0737_0013_0013__I02-E04__01__公開公布訓練機構年度訓練課程_完整工作稿_R02.docx,原樣保留；本次尚未確認完成驗收,41394,f4812666f63f72bff28e58d96e8f1b874e049df05c11275f7c3386879c83cec4
738,0016_0016__I02-E05__03__課程EDM完整文案_R02.docx,TTQS_GPT6_ASTRA_FULL_HANDOFF_20260925/TTQS_GPT6_ASTRA_FULL_HANDOFF_20260925/TTQS_DOCUMENT_FOUNDRY_RUN_ASTRA_20260925/00_CONTROL/DOCX_FACTORY/QUALITY_RECOVERY_R01/BATCH_02_PRE_REPAIR_DOCX/0016_0016__I02-E05__03__課程EDM完整文案_R02.docx,04_全部文件與歷次版本/TTQS_GPT6_ASTRA_FULL_HANDOFF_20260925/08/0738_0016_0016__I02-E05__03__課程EDM完整文案_R02.docx,原樣保留；本次尚未確認完成驗收,41280,27e89298b5bae998c380e17aa444a8254fd72b0d5b8d159bcc870b1ac08f1049
739,0017_0017__I02-E05__04__網站課程揭露頁完整內容_R02.docx,TTQS_GPT6_ASTRA_FULL_HANDOFF_20260925/TTQS_GPT6_ASTRA_FULL_HANDOFF_20260925/TTQS_DOCUMENT_FOUNDRY_RUN_ASTRA_20260925/00_CONTROL/DOCX_FACTORY/QUALITY_RECOVERY_R01/BATCH_02_PRE_REPAIR_DOCX/0017_0017__I02-E05__04__網站課程揭露頁完整內容_R02.docx,04_全部文件與歷次版本/TTQS_GPT6_ASTRA_FULL_HANDOFF_20260925/08/0739_0017_0017__I02-E05__04__網站課程揭露頁完整內容_R02.docx,原樣保留；本次尚未確認完成驗收,41163,048193d4c8424a31b13e86519c19968effe7afc8f7e5c8696b14ca07aa02710a
740,0018_0018__I03-E01__01__PDDRO訓練體系圖與核心訓練類別說明_R02.docx,TTQS_GPT6_ASTRA_FULL_HANDOFF_20260925/TTQS_GPT6_ASTRA_FULL_HANDOFF_20260925/TTQS_DOCUMENT_FOUNDRY_RUN_ASTRA_20260925/00_CONTROL/DOCX_FACTORY/QUALITY_RECOVERY_R01/BATCH_02_PRE_REPAIR_DOCX/0018_0018__I03-E01__01__PDDRO訓練體系圖與核心訓練類別說明_R02.docx,04_全部文件與歷次版本/TTQS_GPT6_ASTRA_FULL_HANDOFF_20260925/08/0740_0018_0018__I03-E01__01__PDDRO訓練體系圖與核心訓練類別說明_R02.docx,原樣保留；本次尚未確認完成驗收,41508,db002f26f17ff59bea2640d73de92a402d847d68e9d78af0a85c6be720be3780
741,0019_0019__I03-E02__01__學員訓練及訓練機構事業發展相關的證明_可直接使用成品_R03.docx,TTQS_GPT6_ASTRA_FULL_HANDOFF_20260925/TTQS_GPT6_ASTRA_FULL_HANDOFF_20260925/TTQS_DOCUMENT_FOUNDRY_RUN_ASTRA_20260925/00_CONTROL/DOCX_FACTORY/QUALITY_RECOVERY_R01/BATCH_02_PRE_REPAIR_DOCX/0019_0019__I03-E02__01__學員訓練及訓練機構事業發展相關的證明_可直接使用成品_R03.docx,04_全部文件與歷次版本/TTQS_GPT6_ASTRA_FULL_HANDOFF_20260925/08/0741_0019_0019__I03-E02__01__學員訓練及訓練機構事業發展相關的證明_可直接使用成品_R03.docx,原樣保留；本次尚未確認完成驗收,41693,30e63014ee1b3a31155f51b2da4e6f49ce64a2d403d8797f23f7349fe53ceda5
742,0020_0020__I03-E03__01__學員訓練類型及促進關鍵績效指標（KPI）_完整工作稿_R02.docx,TTQS_GPT6_ASTRA_FULL_HANDOFF_20260925/TTQS_GPT6_ASTRA_FULL_HANDOFF_20260925/TTQS_DOCUMENT_FOUNDRY_RUN_ASTRA_20260925/00_CONTROL/DOCX_FACTORY/QUALITY_RECOVERY_R01/BATCH_02_PRE_REPAIR_DOCX/0020_0020__I03-E03__01__學員訓練類型及促進關鍵績效指標（KPI）_完整工作稿_R02.docx,04_全部文件與歷次版本/TTQS_GPT6_ASTRA_FULL_HANDOFF_20260925/08/0742_0020_0020__I03-E03__01__學員訓練類型及促進關鍵績效指標（KPI）_完整工作稿_R02.docx,原樣保留；本次尚未確認完成驗收,41930,97f6a940a3e0e98dd0946899c5165e155857761a0c17e7a751b84b13ea424d8b
743,0006_0006__I01-E03__01__業務發展計畫與人力資源訓練規劃.docx,TTQS_GPT6_ASTRA_FULL_HANDOFF_20260925/TTQS_GPT6_ASTRA_FULL_HANDOFF_20260925/TTQS_DOCUMENT_FOUNDRY_RUN_ASTRA_20260925/00_CONTROL/DOCX_FACTORY/QUALITY_RECOVERY_R01/BATCH_02_LAYOUT_REPAIR_PRE_R01/0006_0006__I01-E03__01__業務發展計畫與人力資源訓練規劃.docx,04_全部文件與歷次版本/TTQS_GPT6_ASTRA_FULL_HANDOFF_20260925/08/0743_0006_0006__I01-E03__01__業務發展計畫與人力資源訓練規劃.docx,原樣保留；本次尚未確認完成驗收,44147,eb10855ddca918b5c4c307a60a6f3795d328eb6e17b27ebc86971e7757983272
744,0008_0008__I01-E05__01__各類別訓練課程年度成長計畫.docx,TTQS_GPT6_ASTRA_FULL_HANDOFF_20260925/TTQS_GPT6_ASTRA_FULL_HANDOFF_20260925/TTQS_DOCUMENT_FOUNDRY_RUN_ASTRA_20260925/00_CONTROL/DOCX_FACTORY/QUALITY_RECOVERY_R01/BATCH_02_LAYOUT_REPAIR_PRE_R01/0008_0008__I01-E05__01__各類別訓練課程年度成長計畫.docx,04_全部文件與歷次版本/TTQS_GPT6_ASTRA_FULL_HANDOFF_20260925/08/0744_0008_0008__I01-E05__01__各類別訓練課程年度成長計畫.docx,原樣保留；本次尚未確認完成驗收,43975,cb7ef9e844a0864a9b618bdfd97813bcd04ab9e25845307fb84cf9214b6df14e
745,0010_0010__I02-E01__01__學員訓練成果評核標準與說明.docx,TTQS_GPT6_ASTRA_FULL_HANDOFF_20260925/TTQS_GPT6_ASTRA_FULL_HANDOFF_20260925/TTQS_DOCUMENT_FOUNDRY_RUN_ASTRA_20260925/00_CONTROL/DOCX_FACTORY/QUALITY_RECOVERY_R01/BATCH_02_LAYOUT_REPAIR_PRE_R01/0010_0010__I02-E01__01__學員訓練成果評核標準與說明.docx,04_全部文件與歷次版本/TTQS_GPT6_ASTRA_FULL_HANDOFF_20260925/08/0745_0010_0010__I02-E01__01__學員訓練成果評核標準與說明.docx,原樣保留；本次尚未確認完成驗收,44183,8251ef2539e16ac614407113232c55b0282ef3d256a8face60fbbd29a82b61eb
746,0019_0019__I03-E02__01__學員訓練及訓練機構事業發展相關的證明_可直接使用成品_R03.docx,TTQS_GPT6_ASTRA_FULL_HANDOFF_20260925/TTQS_GPT6_ASTRA_FULL_HANDOFF_20260925/TTQS_DOCUMENT_FOUNDRY_RUN_ASTRA_20260925/00_CONTROL/DOCX_FACTORY/QUALITY_RECOVERY_R01/BATCH_02_LAYOUT_REPAIR_PRE_R01/0019_0019__I03-E02__01__學員訓練及訓練機構事業發展相關的證明_可直接使用成品_R03.docx,04_全部文件與歷次版本/TTQS_GPT6_ASTRA_FULL_HANDOFF_20260925/08/0746_0019_0019__I03-E02__01__學員訓練及訓練機構事業發展相關的證明_可直接使用成品_R03.docx,原樣保留；本次尚未確認完成驗收,43738,419ed0fa64aeb321a7328a4105768af54f57bdadf203b1f7125371e31cd1ddf8
747,0020_0020__I03-E03__01__學員訓練類型及促進關鍵績效指標（KPI）_完整工作稿_R02.docx,TTQS_GPT6_ASTRA_FULL_HANDOFF_20260925/TTQS_GPT6_ASTRA_FULL_HANDOFF_20260925/TTQS_DOCUMENT_FOUNDRY_RUN_ASTRA_20260925/00_CONTROL/DOCX_FACTORY/QUALITY_RECOVERY_R01/BATCH_02_LAYOUT_REPAIR_PRE_R01/0020_0020__I03-E03__01__學員訓練類型及促進關鍵績效指標（KPI）_完整工作稿_R02.docx,04_全部文件與歷次版本/TTQS_GPT6_ASTRA_FULL_HANDOFF_20260925/08/0747_0020_0020__I03-E03__01__學員訓練類型及促進關鍵績效指標（KPI）_完整工作稿_R02.docx,原樣保留；本次尚未確認完成驗收,44174,454350012daa10578d8729650bef66092f0676748b1c7a5b25ebaba61066f0af
748,0006_0006__I01-E03__01__業務發展計畫與人力資源訓練規劃.docx,TTQS_GPT6_ASTRA_FULL_HANDOFF_20260925/TTQS_GPT6_ASTRA_FULL_HANDOFF_20260925/TTQS_DOCUMENT_FOUNDRY_RUN_ASTRA_20260925/00_CONTROL/DOCX_FACTORY/QUALITY_RECOVERY_R01/BATCH_02_LAYOUT_REFLOW_PRE_R02/0006_0006__I01-E03__01__業務發展計畫與人力資源訓練規劃.docx,04_全部文件與歷次版本/TTQS_GPT6_ASTRA_FULL_HANDOFF_20260925/08/0748_0006_0006__I01-E03__01__業務發展計畫與人力資源訓練規劃.docx,原樣保留；本次尚未確認完成驗收,44102,2f29b13aae2c4f6b4e915d7e80dc829579ad4e6916c58b606429d37f9944a5e6
749,0010_0010__I02-E01__01__學員訓練成果評核標準與說明.docx,TTQS_GPT6_ASTRA_FULL_HANDOFF_20260925/TTQS_GPT6_ASTRA_FULL_HANDOFF_20260925/TTQS_DOCUMENT_FOUNDRY_RUN_ASTRA_20260925/00_CONTROL/DOCX_FACTORY/QUALITY_RECOVERY_R01/BATCH_02_LAYOUT_REFLOW_PRE_R02/0010_0010__I02-E01__01__學員訓練成果評核標準與說明.docx,04_全部文件與歷次版本/TTQS_GPT6_ASTRA_FULL_HANDOFF_20260925/08/0749_0010_0010__I02-E01__01__學員訓練成果評核標準與說明.docx,原樣保留；本次尚未確認完成驗收,44148,e76f5fae5d32c3fb11d5cb8e9724fa2a829a6f55da5bdef1e734917f05ddb0b5
750,0020_0020__I03-E03__01__學員訓練類型及促進關鍵績效指標（KPI）_完整工作稿_R02.docx,TTQS_GPT6_ASTRA_FULL_HANDOFF_20260925/TTQS_GPT6_ASTRA_FULL_HANDOFF_20260925/TTQS_DOCUMENT_FOUNDRY_RUN_ASTRA_20260925/00_CONTROL/DOCX_FACTORY/QUALITY_RECOVERY_R01/BATCH_02_LAYOUT_REFLOW_PRE_R02/0020_0020__I03-E03__01__學員訓練類型及促進關鍵績效指標（KPI）_完整工作稿_R02.docx,04_全部文件與歷次版本/TTQS_GPT6_ASTRA_FULL_HANDOFF_20260925/08/0750_0020_0020__I03-E03__01__學員訓練類型及促進關鍵績效指標（KPI）_完整工作稿_R02.docx,原樣保留；本次尚未確認完成驗收,43958,cade646005d3e82fac3c8726a659643c3151465aee1d354a30742a0acea51ebb
751,0006_0006__I01-E03__01__業務發展計畫與人力資源訓練規劃.docx,TTQS_GPT6_ASTRA_FULL_HANDOFF_20260925/TTQS_GPT6_ASTRA_FULL_HANDOFF_20260925/TTQS_DOCUMENT_FOUNDRY_RUN_ASTRA_20260925/00_CONTROL/DOCX_FACTORY/QUALITY_RECOVERY_R01/BATCH_02_FINAL_WORKSHEET_PRE_R03/0006_0006__I01-E03__01__業務發展計畫與人力資源訓練規劃.docx,04_全部文件與歷次版本/TTQS_GPT6_ASTRA_FULL_HANDOFF_20260925/08/0751_0006_0006__I01-E03__01__業務發展計畫與人力資源訓練規劃.docx,原樣保留；本次尚未確認完成驗收,44067,8cbe393e4ba31cd58e33f36e362719a349bb459ced9b5d954d9e3cfdec4da593
752,0010_0010__I02-E01__01__學員訓練成果評核標準與說明.docx,TTQS_GPT6_ASTRA_FULL_HANDOFF_20260925/TTQS_GPT6_ASTRA_FULL_HANDOFF_20260925/TTQS_DOCUMENT_FOUNDRY_RUN_ASTRA_20260925/00_CONTROL/DOCX_FACTORY/QUALITY_RECOVERY_R01/BATCH_02_FINAL_WORKSHEET_PRE_R03/0010_0010__I02-E01__01__學員訓練成果評核標準與說明.docx,04_全部文件與歷次版本/TTQS_GPT6_ASTRA_FULL_HANDOFF_20260925/08/0752_0010_0010__I02-E01__01__學員訓練成果評核標準與說明.docx,原樣保留；本次尚未確認完成驗收,44121,9817f1d64dad674d8ece295a6ef91cad1a52205d160b36b5f3ff736edaab32aa
753,0020_0020__I03-E03__01__學員訓練類型及促進關鍵績效指標（KPI）_完整工作稿_R02.docx,TTQS_GPT6_ASTRA_FULL_HANDOFF_20260925/TTQS_GPT6_ASTRA_FULL_HANDOFF_20260925/TTQS_DOCUMENT_FOUNDRY_RUN_ASTRA_20260925/00_CONTROL/DOCX_FACTORY/QUALITY_RECOVERY_R01/BATCH_02_FINAL_WORKSHEET_PRE_R03/0020_0020__I03-E03__01__學員訓練類型及促進關鍵績效指標（KPI）_完整工作稿_R02.docx,04_全部文件與歷次版本/TTQS_GPT6_ASTRA_FULL_HANDOFF_20260925/08/0753_0020_0020__I03-E03__01__學員訓練類型及促進關鍵績效指標（KPI）_完整工作稿_R02.docx,原樣保留；本次尚未確認完成驗收,43931,23a0b18fbb6649088e9841ae4cfba6c6ef8105a460de72d385ac13874677ad32
754,0004_0004__I01-E02__02__目標市場調查執行與樣本紀錄.docx,TTQS_GPT6_ASTRA_FULL_HANDOFF_20260925/TTQS_GPT6_ASTRA_FULL_HANDOFF_20260925/TTQS_DOCUMENT_FOUNDRY_RUN_ASTRA_20260925/00_CONTROL/DOCX_FACTORY/QUALITY_RECOVERY_R01/BATCH_02_I01E02_UPGRADE_PRE_R01/0004_0004__I01-E02__02__目標市場調查執行與樣本紀錄.docx,04_全部文件與歷次版本/TTQS_GPT6_ASTRA_FULL_HANDOFF_20260925/08/0754_0004_0004__I01-E02__02__目標市場調查執行與樣本紀錄.docx,原樣保留；本次尚未確認完成驗收,46004,84b53bbde772f3770da74f59e1eb23158e8badffbe2fd0238c924eefb033fd98
755,0005_0005__I01-E02__03__目標市場需求分析報告.docx,TTQS_GPT6_ASTRA_FULL_HANDOFF_20260925/TTQS_GPT6_ASTRA_FULL_HANDOFF_20260925/TTQS_DOCUMENT_FOUNDRY_RUN_ASTRA_20260925/00_CONTROL/DOCX_FACTORY/QUALITY_RECOVERY_R01/BATCH_02_I01E02_UPGRADE_PRE_R01/0005_0005__I01-E02__03__目標市場需求分析報告.docx,04_全部文件與歷次版本/TTQS_GPT6_ASTRA_FULL_HANDOFF_20260925/08/0755_0005_0005__I01-E02__03__目標市場需求分析報告.docx,原樣保留；本次尚未確認完成驗收,43694,924ec9c5c0c4c05356f27dfe429aca7c8d1abb3bb0c940016ba75cc0667ae69f
756,0008_PRE_R06.docx,TTQS_GPT6_ASTRA_FULL_HANDOFF_20260925/TTQS_GPT6_ASTRA_FULL_HANDOFF_20260925/TTQS_DOCUMENT_FOUNDRY_RUN_ASTRA_20260925/00_CONTROL/DOCX_FACTORY/QUALITY_RECOVERY_R01/BATCH_02_PRE_R06_CANONICAL_BACKUP/0008_PRE_R06.docx,04_全部文件與歷次版本/TTQS_GPT6_ASTRA_FULL_HANDOFF_20260925/08/0756_0008_PRE_R06.docx,原樣保留；本次尚未確認完成驗收,43933,dc36325ad7d85eca9d5e6fbd90e9c9722330e5bd04d8fa515832b00ea57a2b3a
757,0009_PRE_R06.docx,TTQS_GPT6_ASTRA_FULL_HANDOFF_20260925/TTQS_GPT6_ASTRA_FULL_HANDOFF_20260925/TTQS_DOCUMENT_FOUNDRY_RUN_ASTRA_20260925/00_CONTROL/DOCX_FACTORY/QUALITY_RECOVERY_R01/BATCH_02_PRE_R06_CANONICAL_BACKUP/0009_PRE_R06.docx,04_全部文件與歷次版本/TTQS_GPT6_ASTRA_FULL_HANDOFF_20260925/08/0757_0009_PRE_R06.docx,原樣保留；本次尚未確認完成驗收,42672,d1e57c7b6b49632ad711e76c909c9604f111e9f7381eded8842bfce6f7e937b5
758,0008_PRE_R07.docx,TTQS_GPT6_ASTRA_FULL_HANDOFF_20260925/TTQS_GPT6_ASTRA_FULL_HANDOFF_20260925/TTQS_DOCUMENT_FOUNDRY_RUN_ASTRA_20260925/00_CONTROL/DOCX_FACTORY/QUALITY_RECOVERY_R01/BATCH_02_PRE_R07_CANONICAL_BACKUP/0008_PRE_R07.docx,04_全部文件與歷次版本/TTQS_GPT6_ASTRA_FULL_HANDOFF_20260925/08/0758_0008_PRE_R07.docx,原樣保留；本次尚未確認完成驗收,44878,a34558ef6e896ef2943f7d46767d25680f1063efbf489c3a5092e55cd9e117b7
759,0007_PRE_R08.docx,TTQS_GPT6_ASTRA_FULL_HANDOFF_20260925/TTQS_GPT6_ASTRA_FULL_HANDOFF_20260925/TTQS_DOCUMENT_FOUNDRY_RUN_ASTRA_20260925/00_CONTROL/DOCX_FACTORY/QUALITY_RECOVERY_R01/BATCH_02_PRE_R08_CANONICAL_BACKUP/0007_PRE_R08.docx,04_全部文件與歷次版本/TTQS_GPT6_ASTRA_FULL_HANDOFF_20260925/08/0759_0007_PRE_R08.docx,原樣保留；本次尚未確認完成驗收,43857,e0239d75397bf34eadaea7a1ee7a4c9010d1c433a4b653aaae95170075b23b94
760,0013_R03_LAYOUT_CANDIDATE.docx,TTQS_GPT6_ASTRA_FULL_HANDOFF_20260925/TTQS_GPT6_ASTRA_FULL_HANDOFF_20260925/TTQS_DOCUMENT_FOUNDRY_RUN_ASTRA_20260925/00_CONTROL/DOCX_FACTORY/QUALITY_RECOVERY_R01/BATCH_02_0013_LAYOUT_R03/0013_R03_LAYOUT_CANDIDATE.docx,04_全部文件與歷次版本/TTQS_GPT6_ASTRA_FULL_HANDOFF_20260925/08/0760_0013_R03_LAYOUT_CANDIDATE.docx,原樣保留；本次尚未確認完成驗收,44059,241eb802130769bcefdf5553f4edf30a272f1c25224b03067444ebfec8bef8ae
761,0013_R04_LAYOUT_CANDIDATE.docx,TTQS_GPT6_ASTRA_FULL_HANDOFF_20260925/TTQS_GPT6_ASTRA_FULL_HANDOFF_20260925/TTQS_DOCUMENT_FOUNDRY_RUN_ASTRA_20260925/00_CONTROL/DOCX_FACTORY/QUALITY_RECOVERY_R01/BATCH_02_0013_LAYOUT_R03/0013_R04_LAYOUT_CANDIDATE.docx,04_全部文件與歷次版本/TTQS_GPT6_ASTRA_FULL_HANDOFF_20260925/08/0761_0013_R04_LAYOUT_CANDIDATE.docx,原樣保留；本次尚未確認完成驗收,44006,6b9a55eb57144abc2456b050c698f8bb0b7716d3d43c699cffe8b85c89009684
762,0013_R05_LAYOUT_CANDIDATE.docx,TTQS_GPT6_ASTRA_FULL_HANDOFF_20260925/TTQS_GPT6_ASTRA_FULL_HANDOFF_20260925/TTQS_DOCUMENT_FOUNDRY_RUN_ASTRA_20260925/00_CONTROL/DOCX_FACTORY/QUALITY_RECOVERY_R01/BATCH_02_0013_LAYOUT_R03/0013_R05_LAYOUT_CANDIDATE.docx,04_全部文件與歷次版本/TTQS_GPT6_ASTRA_FULL_HANDOFF_20260925/08/0762_0013_R05_LAYOUT_CANDIDATE.docx,原樣保留；本次尚未確認完成驗收,43999,78505f0174b0c0d929bef5e3dee81a931d7e930377851384964bd2d10b629475
763,0013_PRE_R09.docx,TTQS_GPT6_ASTRA_FULL_HANDOFF_20260925/TTQS_GPT6_ASTRA_FULL_HANDOFF_20260925/TTQS_DOCUMENT_FOUNDRY_RUN_ASTRA_20260925/00_CONTROL/DOCX_FACTORY/QUALITY_RECOVERY_R01/BATCH_02_PRE_R09_CANONICAL_BACKUP/0013_PRE_R09.docx,04_全部文件與歷次版本/TTQS_GPT6_ASTRA_FULL_HANDOFF_20260925/08/0763_0013_PRE_R09.docx,原樣保留；本次尚未確認完成驗收,43995,29bcac805fd4917f7c4453e964bf1fa7b60139c05c70980511d7acb07dcb29b8
764,0005_R05_PRE_R06_IMMUTABLE.docx,TTQS_GPT6_ASTRA_FULL_HANDOFF_20260925/TTQS_GPT6_ASTRA_FULL_HANDOFF_20260925/TTQS_DOCUMENT_FOUNDRY_RUN_ASTRA_20260925/00_CONTROL/DOCX_FACTORY/QUALITY_RECOVERY_R01/BATCH_02_0005_SEGMENTATION_R01/0005_R05_PRE_R06_IMMUTABLE.docx,04_全部文件與歷次版本/TTQS_GPT6_ASTRA_FULL_HANDOFF_20260925/08/0764_0005_R05_PRE_R06_IMMUTABLE.docx,原樣保留；本次尚未確認完成驗收,45415,754574ba42f207b83ac768c46b2c9103481ba730b8b974078caeed1217d7a848
765,0005_R06_SEGMENTATION_CANDIDATE.docx,TTQS_GPT6_ASTRA_FULL_HANDOFF_20260925/TTQS_GPT6_ASTRA_FULL_HANDOFF_20260925/TTQS_DOCUMENT_FOUNDRY_RUN_ASTRA_20260925/00_CONTROL/DOCX_FACTORY/QUALITY_RECOVERY_R01/BATCH_02_0005_SEGMENTATION_R01/0005_R06_SEGMENTATION_CANDIDATE.docx,04_全部文件與歷次版本/TTQS_GPT6_ASTRA_FULL_HANDOFF_20260925/08/0765_0005_R06_SEGMENTATION_CANDIDATE.docx,原樣保留；本次尚未確認完成驗收,46002,327d0c03490620a2e5265e909c68b68aaea44a797cf41f011533c832b88d410e
766,0005_R06_ORPHAN_HEADER_CANDIDATE.docx,TTQS_GPT6_ASTRA_FULL_HANDOFF_20260925/TTQS_GPT6_ASTRA_FULL_HANDOFF_20260925/TTQS_DOCUMENT_FOUNDRY_RUN_ASTRA_20260925/00_CONTROL/DOCX_FACTORY/QUALITY_RECOVERY_R01/BATCH_02_0005_SEGMENTATION_R01/0005_R06_ORPHAN_HEADER_CANDIDATE.docx,04_全部文件與歷次版本/TTQS_GPT6_ASTRA_FULL_HANDOFF_20260925/08/0766_0005_R06_ORPHAN_HEADER_CANDIDATE.docx,原樣保留；本次尚未確認完成驗收,46002,327d0c03490620a2e5265e909c68b68aaea44a797cf41f011533c832b88d410e
767,0005_R07_SEGMENTATION_LAYOUT_FIX_CANDIDATE.docx,TTQS_GPT6_ASTRA_FULL_HANDOFF_20260925/TTQS_GPT6_ASTRA_FULL_HANDOFF_20260925/TTQS_DOCUMENT_FOUNDRY_RUN_ASTRA_20260925/00_CONTROL/DOCX_FACTORY/QUALITY_RECOVERY_R01/BATCH_02_0005_SEGMENTATION_R01/0005_R07_SEGMENTATION_LAYOUT_FIX_CANDIDATE.docx,04_全部文件與歷次版本/TTQS_GPT6_ASTRA_FULL_HANDOFF_20260925/08/0767_0005_R07_SEGMENTATION_LAYOUT_FIX_CANDIDATE.docx,原樣保留；本次尚未確認完成驗收,46037,516b50e70d4efba482c21307af3a666a90f5c089d0abeaafd999c754cf8707a4
768,0005_R08_WHOLE_DOCUMENT_REFLOW_CANDIDATE.docx,TTQS_GPT6_ASTRA_FULL_HANDOFF_20260925/TTQS_GPT6_ASTRA_FULL_HANDOFF_20260925/TTQS_DOCUMENT_FOUNDRY_RUN_ASTRA_20260925/00_CONTROL/DOCX_FACTORY/QUALITY_RECOVERY_R01/BATCH_02_0005_SEGMENTATION_R01/0005_R08_WHOLE_DOCUMENT_REFLOW_CANDIDATE.docx,04_全部文件與歷次版本/TTQS_GPT6_ASTRA_FULL_HANDOFF_20260925/08/0768_0005_R08_WHOLE_DOCUMENT_REFLOW_CANDIDATE.docx,原樣保留；本次尚未確認完成驗收,46053,d900b636397760cdea4f581e446909bb6f1f4a026e84b74375385e3a1c725528
769,0005_R09_VALIDATION_BLOCK_PAGINATION_CANDIDATE.docx,TTQS_GPT6_ASTRA_FULL_HANDOFF_20260925/TTQS_GPT6_ASTRA_FULL_HANDOFF_20260925/TTQS_DOCUMENT_FOUNDRY_RUN_ASTRA_20260925/00_CONTROL/DOCX_FACTORY/QUALITY_RECOVERY_R01/BATCH_02_0005_SEGMENTATION_R01/0005_R09_VALIDATION_BLOCK_PAGINATION_CANDIDATE.docx,04_全部文件與歷次版本/TTQS_GPT6_ASTRA_FULL_HANDOFF_20260925/08/0769_0005_R09_VALIDATION_BLOCK_PAGINATION_CANDIDATE.docx,原樣保留；本次尚未確認完成驗收,46034,99aeb6bd6df78ccf3fccf0804f5ec468c99570b78ca432c866017fef3008422e
770,0005_R10_END_BLOCK_BALANCED_CANDIDATE.docx,TTQS_GPT6_ASTRA_FULL_HANDOFF_20260925/TTQS_GPT6_ASTRA_FULL_HANDOFF_20260925/TTQS_DOCUMENT_FOUNDRY_RUN_ASTRA_20260925/00_CONTROL/DOCX_FACTORY/QUALITY_RECOVERY_R01/BATCH_02_0005_SEGMENTATION_R01/0005_R10_END_BLOCK_BALANCED_CANDIDATE.docx,04_全部文件與歷次版本/TTQS_GPT6_ASTRA_FULL_HANDOFF_20260925/08/0770_0005_R10_END_BLOCK_BALANCED_CANDIDATE.docx,原樣保留；本次尚未確認完成驗收,46082,b6adb766f0225d083557096ebce11c255b0b1cadaed397b9a2282b1caac3c600
771,0005_R11_FINAL_SECTION_BALANCE_CANDIDATE.docx,TTQS_GPT6_ASTRA_FULL_HANDOFF_20260925/TTQS_GPT6_ASTRA_FULL_HANDOFF_20260925/TTQS_DOCUMENT_FOUNDRY_RUN_ASTRA_20260925/00_CONTROL/DOCX_FACTORY/QUALITY_RECOVERY_R01/BATCH_02_0005_SEGMENTATION_R01/0005_R11_FINAL_SECTION_BALANCE_CANDIDATE.docx,04_全部文件與歷次版本/TTQS_GPT6_ASTRA_FULL_HANDOFF_20260925/08/0771_0005_R11_FINAL_SECTION_BALANCE_CANDIDATE.docx,原樣保留；本次尚未確認完成驗收,46082,b506910d34276ec27e1e8b99a2dbb06ada7260c2b82fe62805b12b15d96ab571
772,0005_PRE_R11_CANONICAL_BACKUP.docx,TTQS_GPT6_ASTRA_FULL_HANDOFF_20260925/TTQS_GPT6_ASTRA_FULL_HANDOFF_20260925/TTQS_DOCUMENT_FOUNDRY_RUN_ASTRA_20260925/00_CONTROL/DOCX_FACTORY/QUALITY_RECOVERY_R01/BATCH_02_0005_SEGMENTATION_R01/0005_PRE_R11_CANONICAL_BACKUP.docx,04_全部文件與歷次版本/TTQS_GPT6_ASTRA_FULL_HANDOFF_20260925/08/0772_0005_PRE_R11_CANONICAL_BACKUP.docx,原樣保留；本次尚未確認完成驗收,45415,754574ba42f207b83ac768c46b2c9103481ba730b8b974078caeed1217d7a848
773,0021_BATCH03_CANDIDATE.docx,TTQS_GPT6_ASTRA_FULL_HANDOFF_20260925/TTQS_GPT6_ASTRA_FULL_HANDOFF_20260925/TTQS_DOCUMENT_FOUNDRY_RUN_ASTRA_20260925/00_CONTROL/DOCX_FACTORY/QUALITY_RECOVERY_R01/BATCH_03_QUALITY_RECOVERY_R01/CANDIDATES/0021_BATCH03_CANDIDATE.docx,04_全部文件與歷次版本/TTQS_GPT6_ASTRA_FULL_HANDOFF_20260925/08/0773_0021_BATCH03_CANDIDATE.docx,原樣保留；本次尚未確認完成驗收,42631,6dff6a9e7016f08209e10870d1fd0ba33b012152957fbc8fde18e9a468ec8dd1
774,0022_BATCH03_CANDIDATE.docx,TTQS_GPT6_ASTRA_FULL_HANDOFF_20260925/TTQS_GPT6_ASTRA_FULL_HANDOFF_20260925/TTQS_DOCUMENT_FOUNDRY_RUN_ASTRA_20260925/00_CONTROL/DOCX_FACTORY/QUALITY_RECOVERY_R01/BATCH_03_QUALITY_RECOVERY_R01/CANDIDATES/0022_BATCH03_CANDIDATE.docx,04_全部文件與歷次版本/TTQS_GPT6_ASTRA_FULL_HANDOFF_20260925/08/0774_0022_BATCH03_CANDIDATE.docx,原樣保留；本次尚未確認完成驗收,81934,03d32aaf462ffd0df23c5ba8213dcdf0500e3a18da9b5088193716f8908dce04
775,0023_BATCH03_CANDIDATE.docx,TTQS_GPT6_ASTRA_FULL_HANDOFF_20260925/TTQS_GPT6_ASTRA_FULL_HANDOFF_20260925/TTQS_DOCUMENT_FOUNDRY_RUN_ASTRA_20260925/00_CONTROL/DOCX_FACTORY/QUALITY_RECOVERY_R01/BATCH_03_QUALITY_RECOVERY_R01/CANDIDATES/0023_BATCH03_CANDIDATE.docx,04_全部文件與歷次版本/TTQS_GPT6_ASTRA_FULL_HANDOFF_20260925/08/0775_0023_BATCH03_CANDIDATE.docx,原樣保留；本次尚未確認完成驗收,43148,656f5ee1e6e2625f2723ddad98e0535c8b2f78b72c948d2392e76aeb928cf5d7
776,0024_BATCH03_CANDIDATE.docx,TTQS_GPT6_ASTRA_FULL_HANDOFF_20260925/TTQS_GPT6_ASTRA_FULL_HANDOFF_20260925/TTQS_DOCUMENT_FOUNDRY_RUN_ASTRA_20260925/00_CONTROL/DOCX_FACTORY/QUALITY_RECOVERY_R01/BATCH_03_QUALITY_RECOVERY_R01/CANDIDATES/0024_BATCH03_CANDIDATE.docx,04_全部文件與歷次版本/TTQS_GPT6_ASTRA_FULL_HANDOFF_20260925/08/0776_0024_BATCH03_CANDIDATE.docx,原樣保留；本次尚未確認完成驗收,42545,aa343dd082a2f511e3242f625b34083d4467bb9655a7ba45c87c31d244522185
777,0026_BATCH03_CANDIDATE.docx,TTQS_GPT6_ASTRA_FULL_HANDOFF_20260925/TTQS_GPT6_ASTRA_FULL_HANDOFF_20260925/TTQS_DOCUMENT_FOUNDRY_RUN_ASTRA_20260925/00_CONTROL/DOCX_FACTORY/QUALITY_RECOVERY_R01/BATCH_03_QUALITY_RECOVERY_R01/CANDIDATES/0026_BATCH03_CANDIDATE.docx,04_全部文件與歷次版本/TTQS_GPT6_ASTRA_FULL_HANDOFF_20260925/08/0777_0026_BATCH03_CANDIDATE.docx,原樣保留；本次尚未確認完成驗收,43584,d507ff78a2e5fb29e291e54e404ef16a659ee173dfec997bfc13f5eb49010578
778,0027_BATCH03_CANDIDATE.docx,TTQS_GPT6_ASTRA_FULL_HANDOFF_20260925/TTQS_GPT6_ASTRA_FULL_HANDOFF_20260925/TTQS_DOCUMENT_FOUNDRY_RUN_ASTRA_20260925/00_CONTROL/DOCX_FACTORY/QUALITY_RECOVERY_R01/BATCH_03_QUALITY_RECOVERY_R01/CANDIDATES/0027_BATCH03_CANDIDATE.docx,04_全部文件與歷次版本/TTQS_GPT6_ASTRA_FULL_HANDOFF_20260925/08/0778_0027_BATCH03_CANDIDATE.docx,原樣保留；本次尚未確認完成驗收,41755,3d0e95cfb4c075de226425e8621ac6a63f686a6cd0f7ccc01a3dd7ff57ec398b
779,0028_BATCH03_CANDIDATE.docx,TTQS_GPT6_ASTRA_FULL_HANDOFF_20260925/TTQS_GPT6_ASTRA_FULL_HANDOFF_20260925/TTQS_DOCUMENT_FOUNDRY_RUN_ASTRA_20260925/00_CONTROL/DOCX_FACTORY/QUALITY_RECOVERY_R01/BATCH_03_QUALITY_RECOVERY_R01/CANDIDATES/0028_BATCH03_CANDIDATE.docx,04_全部文件與歷次版本/TTQS_GPT6_ASTRA_FULL_HANDOFF_20260925/08/0779_0028_BATCH03_CANDIDATE.docx,原樣保留；本次尚未確認完成驗收,42452,6268288d83f6f71700e19ff0fe8f2764ac70706cff749f4fd138bee0c36bee07
780,0030_BATCH03_CANDIDATE.docx,TTQS_GPT6_ASTRA_FULL_HANDOFF_20260925/TTQS_GPT6_ASTRA_FULL_HANDOFF_20260925/TTQS_DOCUMENT_FOUNDRY_RUN_ASTRA_20260925/00_CONTROL/DOCX_FACTORY/QUALITY_RECOVERY_R01/BATCH_03_QUALITY_RECOVERY_R01/CANDIDATES/0030_BATCH03_CANDIDATE.docx,04_全部文件與歷次版本/TTQS_GPT6_ASTRA_FULL_HANDOFF_20260925/08/0780_0030_BATCH03_CANDIDATE.docx,原樣保留；本次尚未確認完成驗收,43010,05853d1fbc3bd49709556353c6021df4505eaaeba0f080e53e9270e521cce23e
781,0031_BATCH03_CANDIDATE.docx,TTQS_GPT6_ASTRA_FULL_HANDOFF_20260925/TTQS_GPT6_ASTRA_FULL_HANDOFF_20260925/TTQS_DOCUMENT_FOUNDRY_RUN_ASTRA_20260925/00_CONTROL/DOCX_FACTORY/QUALITY_RECOVERY_R01/BATCH_03_QUALITY_RECOVERY_R01/CANDIDATES/0031_BATCH03_CANDIDATE.docx,04_全部文件與歷次版本/TTQS_GPT6_ASTRA_FULL_HANDOFF_20260925/08/0781_0031_BATCH03_CANDIDATE.docx,原樣保留；本次尚未確認完成驗收,85906,58fd99804246d746dc382caa1bbeae19fb1c8fcbc4095518b52ae6ad74c5b39f
782,0032_BATCH03_CANDIDATE.docx,TTQS_GPT6_ASTRA_FULL_HANDOFF_20260925/TTQS_GPT6_ASTRA_FULL_HANDOFF_20260925/TTQS_DOCUMENT_FOUNDRY_RUN_ASTRA_20260925/00_CONTROL/DOCX_FACTORY/QUALITY_RECOVERY_R01/BATCH_03_QUALITY_RECOVERY_R01/CANDIDATES/0032_BATCH03_CANDIDATE.docx,04_全部文件與歷次版本/TTQS_GPT6_ASTRA_FULL_HANDOFF_20260925/08/0782_0032_BATCH03_CANDIDATE.docx,原樣保留；本次尚未確認完成驗收,43636,18f3d7c067a49300ec14d4634e4a14bf5475f308887df8e237b29c6e5c08bc68
783,0033_BATCH03_CANDIDATE.docx,TTQS_GPT6_ASTRA_FULL_HANDOFF_20260925/TTQS_GPT6_ASTRA_FULL_HANDOFF_20260925/TTQS_DOCUMENT_FOUNDRY_RUN_ASTRA_20260925/00_CONTROL/DOCX_FACTORY/QUALITY_RECOVERY_R01/BATCH_03_QUALITY_RECOVERY_R01/CANDIDATES/0033_BATCH03_CANDIDATE.docx,04_全部文件與歷次版本/TTQS_GPT6_ASTRA_FULL_HANDOFF_20260925/08/0783_0033_BATCH03_CANDIDATE.docx,原樣保留；本次尚未確認完成驗收,44090,58f9dd9072ce028c0ce03ed24d5fd375602ecae99b7b30c0578b9c0a8ffab591
784,0034_BATCH03_CANDIDATE.docx,TTQS_GPT6_ASTRA_FULL_HANDOFF_20260925/TTQS_GPT6_ASTRA_FULL_HANDOFF_20260925/TTQS_DOCUMENT_FOUNDRY_RUN_ASTRA_20260925/00_CONTROL/DOCX_FACTORY/QUALITY_RECOVERY_R01/BATCH_03_QUALITY_RECOVERY_R01/CANDIDATES/0034_BATCH03_CANDIDATE.docx,04_全部文件與歷次版本/TTQS_GPT6_ASTRA_FULL_HANDOFF_20260925/08/0784_0034_BATCH03_CANDIDATE.docx,原樣保留；本次尚未確認完成驗收,82596,f78c995ab0f296fd9a983b87bc61f2aa5a8ca123938971a22b105ed09c853149
785,0035_BATCH03_CANDIDATE.docx,TTQS_GPT6_ASTRA_FULL_HANDOFF_20260925/TTQS_GPT6_ASTRA_FULL_HANDOFF_20260925/TTQS_DOCUMENT_FOUNDRY_RUN_ASTRA_20260925/00_CONTROL/DOCX_FACTORY/QUALITY_RECOVERY_R01/BATCH_03_QUALITY_RECOVERY_R01/CANDIDATES/0035_BATCH03_CANDIDATE.docx,04_全部文件與歷次版本/TTQS_GPT6_ASTRA_FULL_HANDOFF_20260925/08/0785_0035_BATCH03_CANDIDATE.docx,原樣保留；本次尚未確認完成驗收,42983,51091e0bac9becbaddaef470e1f304ec8d5974af22a7ea7fa1e3c824c8715acb
786,0036_BATCH03_CANDIDATE.docx,TTQS_GPT6_ASTRA_FULL_HANDOFF_20260925/TTQS_GPT6_ASTRA_FULL_HANDOFF_20260925/TTQS_DOCUMENT_FOUNDRY_RUN_ASTRA_20260925/00_CONTROL/DOCX_FACTORY/QUALITY_RECOVERY_R01/BATCH_03_QUALITY_RECOVERY_R01/CANDIDATES/0036_BATCH03_CANDIDATE.docx,04_全部文件與歷次版本/TTQS_GPT6_ASTRA_FULL_HANDOFF_20260925/08/0786_0036_BATCH03_CANDIDATE.docx,原樣保留；本次尚未確認完成驗收,43575,1ca1f3aab2647b6a963e630e0e45ac1f5728eb3f023fab3dcba10bd8c930ba12
787,0037_BATCH03_CANDIDATE.docx,TTQS_GPT6_ASTRA_FULL_HANDOFF_20260925/TTQS_GPT6_ASTRA_FULL_HANDOFF_20260925/TTQS_DOCUMENT_FOUNDRY_RUN_ASTRA_20260925/00_CONTROL/DOCX_FACTORY/QUALITY_RECOVERY_R01/BATCH_03_QUALITY_RECOVERY_R01/CANDIDATES/0037_BATCH03_CANDIDATE.docx,04_全部文件與歷次版本/TTQS_GPT6_ASTRA_FULL_HANDOFF_20260925/08/0787_0037_BATCH03_CANDIDATE.docx,原樣保留；本次尚未確認完成驗收,40434,09a8f0d21c77830fb002f68cfadcaa0784ae2f7cb4b4d5ce894f1530937ff52d
788,0038_BATCH03_CANDIDATE.docx,TTQS_GPT6_ASTRA_FULL_HANDOFF_20260925/TTQS_GPT6_ASTRA_FULL_HANDOFF_20260925/TTQS_DOCUMENT_FOUNDRY_RUN_ASTRA_20260925/00_CONTROL/DOCX_FACTORY/QUALITY_RECOVERY_R01/BATCH_03_QUALITY_RECOVERY_R01/CANDIDATES/0038_BATCH03_CANDIDATE.docx,04_全部文件與歷次版本/TTQS_GPT6_ASTRA_FULL_HANDOFF_20260925/08/0788_0038_BATCH03_CANDIDATE.docx,原樣保留；本次尚未確認完成驗收,42922,e8b9f09e04a5f2ab553f2199cf476814ff220a2a5b80cc6e7a43ebed563f3d77
789,0039_BATCH03_CANDIDATE.docx,TTQS_GPT6_ASTRA_FULL_HANDOFF_20260925/TTQS_GPT6_ASTRA_FULL_HANDOFF_20260925/TTQS_DOCUMENT_FOUNDRY_RUN_ASTRA_20260925/00_CONTROL/DOCX_FACTORY/QUALITY_RECOVERY_R01/BATCH_03_QUALITY_RECOVERY_R01/CANDIDATES/0039_BATCH03_CANDIDATE.docx,04_全部文件與歷次版本/TTQS_GPT6_ASTRA_FULL_HANDOFF_20260925/08/0789_0039_BATCH03_CANDIDATE.docx,原樣保留；本次尚未確認完成驗收,43357,6c140b4e5f4d001d11442d15e7f5062d3e37395b813837b183c9afee4878a76f
790,0040_BATCH03_CANDIDATE.docx,TTQS_GPT6_ASTRA_FULL_HANDOFF_20260925/TTQS_GPT6_ASTRA_FULL_HANDOFF_20260925/TTQS_DOCUMENT_FOUNDRY_RUN_ASTRA_20260925/00_CONTROL/DOCX_FACTORY/QUALITY_RECOVERY_R01/BATCH_03_QUALITY_RECOVERY_R01/CANDIDATES/0040_BATCH03_CANDIDATE.docx,04_全部文件與歷次版本/TTQS_GPT6_ASTRA_FULL_HANDOFF_20260925/08/0790_0040_BATCH03_CANDIDATE.docx,原樣保留；本次尚未確認完成驗收,43296,1718a3a9f692e50d0e269345d62fcc9c73814947e65115e7413e8bfe4a4f1ce7
791,0042_BATCH03_CANDIDATE.docx,TTQS_GPT6_ASTRA_FULL_HANDOFF_20260925/TTQS_GPT6_ASTRA_FULL_HANDOFF_20260925/TTQS_DOCUMENT_FOUNDRY_RUN_ASTRA_20260925/00_CONTROL/DOCX_FACTORY/QUALITY_RECOVERY_R01/BATCH_03_QUALITY_RECOVERY_R01/CANDIDATES/0042_BATCH03_CANDIDATE.docx,04_全部文件與歷次版本/TTQS_GPT6_ASTRA_FULL_HANDOFF_20260925/08/0791_0042_BATCH03_CANDIDATE.docx,原樣保留；本次尚未確認完成驗收,44052,e3f696416db7ce413818c0064d4b862e5e0f5f4303817298c4b4d569a90851a1
792,0043_BATCH03_CANDIDATE.docx,TTQS_GPT6_ASTRA_FULL_HANDOFF_20260925/TTQS_GPT6_ASTRA_FULL_HANDOFF_20260925/TTQS_DOCUMENT_FOUNDRY_RUN_ASTRA_20260925/00_CONTROL/DOCX_FACTORY/QUALITY_RECOVERY_R01/BATCH_03_QUALITY_RECOVERY_R01/CANDIDATES/0043_BATCH03_CANDIDATE.docx,04_全部文件與歷次版本/TTQS_GPT6_ASTRA_FULL_HANDOFF_20260925/08/0792_0043_BATCH03_CANDIDATE.docx,原樣保留；本次尚未確認完成驗收,92998,05d6bcddee8d002be923109d0098516711e56652dc596525e982f43c4853c9cd
793,0034_BATCH03_CANDIDATE_R02.docx,TTQS_GPT6_ASTRA_FULL_HANDOFF_20260925/TTQS_GPT6_ASTRA_FULL_HANDOFF_20260925/TTQS_DOCUMENT_FOUNDRY_RUN_ASTRA_20260925/00_CONTROL/DOCX_FACTORY/QUALITY_RECOVERY_R01/BATCH_03_QUALITY_RECOVERY_R01/CANDIDATES/0034_BATCH03_CANDIDATE_R02.docx,04_全部文件與歷次版本/TTQS_GPT6_ASTRA_FULL_HANDOFF_20260925/08/0793_0034_BATCH03_CANDIDATE_R02.docx,原樣保留；本次尚未確認完成驗收,82596,834ab522f0ace87d78fae6de8e9ac9600b80a6ba3c3bd72276db7057a46d9144
794,0034_BATCH03_CANDIDATE_R03.docx,TTQS_GPT6_ASTRA_FULL_HANDOFF_20260925/TTQS_GPT6_ASTRA_FULL_HANDOFF_20260925/TTQS_DOCUMENT_FOUNDRY_RUN_ASTRA_20260925/00_CONTROL/DOCX_FACTORY/QUALITY_RECOVERY_R01/BATCH_03_QUALITY_RECOVERY_R01/CANDIDATES/0034_BATCH03_CANDIDATE_R03.docx,04_全部文件與歷次版本/TTQS_GPT6_ASTRA_FULL_HANDOFF_20260925/08/0794_0034_BATCH03_CANDIDATE_R03.docx,原樣保留；本次尚未確認完成驗收,82615,aade3643a1357c951757d4292d1377c90cf721b452668a71c5cb11c8dbfde4a2
795,0034_BATCH03_CANDIDATE_R04.docx,TTQS_GPT6_ASTRA_FULL_HANDOFF_20260925/TTQS_GPT6_ASTRA_FULL_HANDOFF_20260925/TTQS_DOCUMENT_FOUNDRY_RUN_ASTRA_20260925/00_CONTROL/DOCX_FACTORY/QUALITY_RECOVERY_R01/BATCH_03_QUALITY_RECOVERY_R01/CANDIDATES/0034_BATCH03_CANDIDATE_R04.docx,04_全部文件與歷次版本/TTQS_GPT6_ASTRA_FULL_HANDOFF_20260925/08/0795_0034_BATCH03_CANDIDATE_R04.docx,原樣保留；本次尚未確認完成驗收,82648,a55472c86ac1d58fcadf6693bac131114fbda63a9eef3bb40718fa6b4fb528ad
796,0035_BATCH03_CANDIDATE_R02.docx,TTQS_GPT6_ASTRA_FULL_HANDOFF_20260925/TTQS_GPT6_ASTRA_FULL_HANDOFF_20260925/TTQS_DOCUMENT_FOUNDRY_RUN_ASTRA_20260925/00_CONTROL/DOCX_FACTORY/QUALITY_RECOVERY_R01/BATCH_03_QUALITY_RECOVERY_R01/CANDIDATES/0035_BATCH03_CANDIDATE_R02.docx,04_全部文件與歷次版本/TTQS_GPT6_ASTRA_FULL_HANDOFF_20260925/08/0796_0035_BATCH03_CANDIDATE_R02.docx,原樣保留；本次尚未確認完成驗收,43001,a668c4f7accd1a9814182825b6be3c723b6be53e6e013d43cb8f6330e98176d9
797,0037_BATCH03_CANDIDATE_R02.docx,TTQS_GPT6_ASTRA_FULL_HANDOFF_20260925/TTQS_GPT6_ASTRA_FULL_HANDOFF_20260925/TTQS_DOCUMENT_FOUNDRY_RUN_ASTRA_20260925/00_CONTROL/DOCX_FACTORY/QUALITY_RECOVERY_R01/BATCH_03_QUALITY_RECOVERY_R01/CANDIDATES/0037_BATCH03_CANDIDATE_R02.docx,04_全部文件與歷次版本/TTQS_GPT6_ASTRA_FULL_HANDOFF_20260925/08/0797_0037_BATCH03_CANDIDATE_R02.docx,原樣保留；本次尚未確認完成驗收,40491,11a8677e22e46f5077b0014b1f0103425f1aaed69a18209a308e49c544d3012a
798,0039_BATCH03_CANDIDATE_R02.docx,TTQS_GPT6_ASTRA_FULL_HANDOFF_20260925/TTQS_GPT6_ASTRA_FULL_HANDOFF_20260925/TTQS_DOCUMENT_FOUNDRY_RUN_ASTRA_20260925/00_CONTROL/DOCX_FACTORY/QUALITY_RECOVERY_R01/BATCH_03_QUALITY_RECOVERY_R01/CANDIDATES/0039_BATCH03_CANDIDATE_R02.docx,04_全部文件與歷次版本/TTQS_GPT6_ASTRA_FULL_HANDOFF_20260925/08/0798_0039_BATCH03_CANDIDATE_R02.docx,原樣保留；本次尚未確認完成驗收,43381,0fc6a03cf5673c317314a6d43687b1d76f4d754ee6a38dbea610e81d55dcc2da
799,0032_BATCH03_CANDIDATE_R02.docx,TTQS_GPT6_ASTRA_FULL_HANDOFF_20260925/TTQS_GPT6_ASTRA_FULL_HANDOFF_20260925/TTQS_DOCUMENT_FOUNDRY_RUN_ASTRA_20260925/00_CONTROL/DOCX_FACTORY/QUALITY_RECOVERY_R01/BATCH_03_QUALITY_RECOVERY_R01/CANDIDATES/0032_BATCH03_CANDIDATE_R02.docx,04_全部文件與歷次版本/TTQS_GPT6_ASTRA_FULL_HANDOFF_20260925/08/0799_0032_BATCH03_CANDIDATE_R02.docx,原樣保留；本次尚未確認完成驗收,99419,1a829b6a50e1bcbcd44c0072dc05d7eb50a28fefc39116625a709ad787452e8c
800,0033_BATCH03_CANDIDATE_R04.docx,TTQS_GPT6_ASTRA_FULL_HANDOFF_20260925/TTQS_GPT6_ASTRA_FULL_HANDOFF_20260925/TTQS_DOCUMENT_FOUNDRY_RUN_ASTRA_20260925/00_CONTROL/DOCX_FACTORY/QUALITY_RECOVERY_R01/BATCH_03_QUALITY_RECOVERY_R01/CANDIDATES/0033_BATCH03_CANDIDATE_R04.docx,04_全部文件與歷次版本/TTQS_GPT6_ASTRA_FULL_HANDOFF_20260925/08/0800_0033_BATCH03_CANDIDATE_R04.docx,原樣保留；本次尚未確認完成驗收,76469,94897941d9af99f676d55746f23cb8c64c62ec975f72020ec4c9167617c59661
801,0035_BATCH03_CANDIDATE_R03.docx,TTQS_GPT6_ASTRA_FULL_HANDOFF_20260925/TTQS_GPT6_ASTRA_FULL_HANDOFF_20260925/TTQS_DOCUMENT_FOUNDRY_RUN_ASTRA_20260925/00_CONTROL/DOCX_FACTORY/QUALITY_RECOVERY_R01/BATCH_03_QUALITY_RECOVERY_R01/CANDIDATES/0035_BATCH03_CANDIDATE_R03.docx,04_全部文件與歷次版本/TTQS_GPT6_ASTRA_FULL_HANDOFF_20260925/09/0801_0035_BATCH03_CANDIDATE_R03.docx,原樣保留；本次尚未確認完成驗收,90536,6b6c4155c028b49edb928ed4a83b3117e8037e7260325f94250f64439184553c
802,0037_BATCH03_CANDIDATE_R03.docx,TTQS_GPT6_ASTRA_FULL_HANDOFF_20260925/TTQS_GPT6_ASTRA_FULL_HANDOFF_20260925/TTQS_DOCUMENT_FOUNDRY_RUN_ASTRA_20260925/00_CONTROL/DOCX_FACTORY/QUALITY_RECOVERY_R01/BATCH_03_QUALITY_RECOVERY_R01/CANDIDATES/0037_BATCH03_CANDIDATE_R03.docx,04_全部文件與歷次版本/TTQS_GPT6_ASTRA_FULL_HANDOFF_20260925/09/0802_0037_BATCH03_CANDIDATE_R03.docx,原樣保留；本次尚未確認完成驗收,40696,31ff55a22cb82734fd3610c61ba92a7f9bb4e16b96a794b529b4b7c20c08d844
803,0038_BATCH03_CANDIDATE_R03.docx,TTQS_GPT6_ASTRA_FULL_HANDOFF_20260925/TTQS_GPT6_ASTRA_FULL_HANDOFF_20260925/TTQS_DOCUMENT_FOUNDRY_RUN_ASTRA_20260925/00_CONTROL/DOCX_FACTORY/QUALITY_RECOVERY_R01/BATCH_03_QUALITY_RECOVERY_R01/CANDIDATES/0038_BATCH03_CANDIDATE_R03.docx,04_全部文件與歷次版本/TTQS_GPT6_ASTRA_FULL_HANDOFF_20260925/09/0803_0038_BATCH03_CANDIDATE_R03.docx,原樣保留；本次尚未確認完成驗收,43109,17ea5574439cb151d41374a692a66c5a1c8658c076ae4af2b27704e28b13d437
804,0039_BATCH03_CANDIDATE_R03.docx,TTQS_GPT6_ASTRA_FULL_HANDOFF_20260925/TTQS_GPT6_ASTRA_FULL_HANDOFF_20260925/TTQS_DOCUMENT_FOUNDRY_RUN_ASTRA_20260925/00_CONTROL/DOCX_FACTORY/QUALITY_RECOVERY_R01/BATCH_03_QUALITY_RECOVERY_R01/CANDIDATES/0039_BATCH03_CANDIDATE_R03.docx,04_全部文件與歷次版本/TTQS_GPT6_ASTRA_FULL_HANDOFF_20260925/09/0804_0039_BATCH03_CANDIDATE_R03.docx,原樣保留；本次尚未確認完成驗收,43570,029029335ac7b1c16bfc93009d3f346ebd2801de22ed636d432feb17729da9aa
805,0040_BATCH03_CANDIDATE_R03.docx,TTQS_GPT6_ASTRA_FULL_HANDOFF_20260925/TTQS_GPT6_ASTRA_FULL_HANDOFF_20260925/TTQS_DOCUMENT_FOUNDRY_RUN_ASTRA_20260925/00_CONTROL/DOCX_FACTORY/QUALITY_RECOVERY_R01/BATCH_03_QUALITY_RECOVERY_R01/CANDIDATES/0040_BATCH03_CANDIDATE_R03.docx,04_全部文件與歷次版本/TTQS_GPT6_ASTRA_FULL_HANDOFF_20260925/09/0805_0040_BATCH03_CANDIDATE_R03.docx,原樣保留；本次尚未確認完成驗收,43448,95ed2aed6d00a3b151d759167812cfaff51ea997e23bb6d014557a22659b5344
806,0037_BATCH03_CANDIDATE_R04.docx,TTQS_GPT6_ASTRA_FULL_HANDOFF_20260925/TTQS_GPT6_ASTRA_FULL_HANDOFF_20260925/TTQS_DOCUMENT_FOUNDRY_RUN_ASTRA_20260925/00_CONTROL/DOCX_FACTORY/QUALITY_RECOVERY_R01/BATCH_03_QUALITY_RECOVERY_R01/CANDIDATES/0037_BATCH03_CANDIDATE_R04.docx,04_全部文件與歷次版本/TTQS_GPT6_ASTRA_FULL_HANDOFF_20260925/09/0806_0037_BATCH03_CANDIDATE_R04.docx,原樣保留；本次尚未確認完成驗收,40707,ba2fb240a422ea6b10f938f42d4d1913f80baeac8d376675c8b4e12f727d44eb
807,0037_BATCH03_CANDIDATE_R05.docx,TTQS_GPT6_ASTRA_FULL_HANDOFF_20260925/TTQS_GPT6_ASTRA_FULL_HANDOFF_20260925/TTQS_DOCUMENT_FOUNDRY_RUN_ASTRA_20260925/00_CONTROL/DOCX_FACTORY/QUALITY_RECOVERY_R01/BATCH_03_QUALITY_RECOVERY_R01/CANDIDATES/0037_BATCH03_CANDIDATE_R05.docx,04_全部文件與歷次版本/TTQS_GPT6_ASTRA_FULL_HANDOFF_20260925/09/0807_0037_BATCH03_CANDIDATE_R05.docx,原樣保留；本次尚未確認完成驗收,40714,3741726c27cedd53c3f4f38481fa9de0e4403513bf731b5c97deb7ae1bb295e3
808,0037_BATCH03_CANDIDATE_R06.docx,TTQS_GPT6_ASTRA_FULL_HANDOFF_20260925/TTQS_GPT6_ASTRA_FULL_HANDOFF_20260925/TTQS_DOCUMENT_FOUNDRY_RUN_ASTRA_20260925/00_CONTROL/DOCX_FACTORY/QUALITY_RECOVERY_R01/BATCH_03_QUALITY_RECOVERY_R01/CANDIDATES/0037_BATCH03_CANDIDATE_R06.docx,04_全部文件與歷次版本/TTQS_GPT6_ASTRA_FULL_HANDOFF_20260925/09/0808_0037_BATCH03_CANDIDATE_R06.docx,原樣保留；本次尚未確認完成驗收,40708,041a788300788bbf20cfab4b67f6427e0d37ee8db7b953a250bf35054b5e62a6
809,0022_BATCH03_CANDIDATE_R03.docx,TTQS_GPT6_ASTRA_FULL_HANDOFF_20260925/TTQS_GPT6_ASTRA_FULL_HANDOFF_20260925/TTQS_DOCUMENT_FOUNDRY_RUN_ASTRA_20260925/00_CONTROL/DOCX_FACTORY/QUALITY_RECOVERY_R01/BATCH_03_QUALITY_RECOVERY_R01/CANDIDATES/0022_BATCH03_CANDIDATE_R03.docx,04_全部文件與歷次版本/TTQS_GPT6_ASTRA_FULL_HANDOFF_20260925/09/0809_0022_BATCH03_CANDIDATE_R03.docx,原樣保留；本次尚未確認完成驗收,82606,a7f9b9f9d2cc9f72fa6bc22251d4578ab33081ca34fffd9da3d98b68ef861412
810,0023_BATCH03_CANDIDATE_R02.docx,TTQS_GPT6_ASTRA_FULL_HANDOFF_20260925/TTQS_GPT6_ASTRA_FULL_HANDOFF_20260925/TTQS_DOCUMENT_FOUNDRY_RUN_ASTRA_20260925/00_CONTROL/DOCX_FACTORY/QUALITY_RECOVERY_R01/BATCH_03_QUALITY_RECOVERY_R01/CANDIDATES/0023_BATCH03_CANDIDATE_R02.docx,04_全部文件與歷次版本/TTQS_GPT6_ASTRA_FULL_HANDOFF_20260925/09/0810_0023_BATCH03_CANDIDATE_R02.docx,原樣保留；本次尚未確認完成驗收,43871,c332be6ebf87b54ef7ebe962a4ed10b43341b5a7c1dbce57aebaf72f21a213ac
811,0024_BATCH03_CANDIDATE_R02.docx,TTQS_GPT6_ASTRA_FULL_HANDOFF_20260925/TTQS_GPT6_ASTRA_FULL_HANDOFF_20260925/TTQS_DOCUMENT_FOUNDRY_RUN_ASTRA_20260925/00_CONTROL/DOCX_FACTORY/QUALITY_RECOVERY_R01/BATCH_03_QUALITY_RECOVERY_R01/CANDIDATES/0024_BATCH03_CANDIDATE_R02.docx,04_全部文件與歷次版本/TTQS_GPT6_ASTRA_FULL_HANDOFF_20260925/09/0811_0024_BATCH03_CANDIDATE_R02.docx,原樣保留；本次尚未確認完成驗收,43615,330b5fcc0afe51a307be03f3088fab8a2bbe294be5ef375ea89655db306c757b
812,0026_BATCH03_CANDIDATE_R02.docx,TTQS_GPT6_ASTRA_FULL_HANDOFF_20260925/TTQS_GPT6_ASTRA_FULL_HANDOFF_20260925/TTQS_DOCUMENT_FOUNDRY_RUN_ASTRA_20260925/00_CONTROL/DOCX_FACTORY/QUALITY_RECOVERY_R01/BATCH_03_QUALITY_RECOVERY_R01/CANDIDATES/0026_BATCH03_CANDIDATE_R02.docx,04_全部文件與歷次版本/TTQS_GPT6_ASTRA_FULL_HANDOFF_20260925/09/0812_0026_BATCH03_CANDIDATE_R02.docx,原樣保留；本次尚未確認完成驗收,44742,46c16d4bdc64cf8888dd6578c68009bba9cf4ca27f31167c257038743e153028
813,0028_BATCH03_CANDIDATE_R02.docx,TTQS_GPT6_ASTRA_FULL_HANDOFF_20260925/TTQS_GPT6_ASTRA_FULL_HANDOFF_20260925/TTQS_DOCUMENT_FOUNDRY_RUN_ASTRA_20260925/00_CONTROL/DOCX_FACTORY/QUALITY_RECOVERY_R01/BATCH_03_QUALITY_RECOVERY_R01/CANDIDATES/0028_BATCH03_CANDIDATE_R02.docx,04_全部文件與歷次版本/TTQS_GPT6_ASTRA_FULL_HANDOFF_20260925/09/0813_0028_BATCH03_CANDIDATE_R02.docx,原樣保留；本次尚未確認完成驗收,43066,f22d800d63069feb1194b3cca172608e24b29f46c338a72cea121ab9d9b07c89
814,0030_BATCH03_CANDIDATE_R02.docx,TTQS_GPT6_ASTRA_FULL_HANDOFF_20260925/TTQS_GPT6_ASTRA_FULL_HANDOFF_20260925/TTQS_DOCUMENT_FOUNDRY_RUN_ASTRA_20260925/00_CONTROL/DOCX_FACTORY/QUALITY_RECOVERY_R01/BATCH_03_QUALITY_RECOVERY_R01/CANDIDATES/0030_BATCH03_CANDIDATE_R02.docx,04_全部文件與歷次版本/TTQS_GPT6_ASTRA_FULL_HANDOFF_20260925/09/0814_0030_BATCH03_CANDIDATE_R02.docx,原樣保留；本次尚未確認完成驗收,43631,d7ca8846233e149b59ea1b671aa4c6be9c5bccbbc05ddcce06e0ac2f10cba605
815,0032_BATCH03_CANDIDATE_R03.docx,TTQS_GPT6_ASTRA_FULL_HANDOFF_20260925/TTQS_GPT6_ASTRA_FULL_HANDOFF_20260925/TTQS_DOCUMENT_FOUNDRY_RUN_ASTRA_20260925/00_CONTROL/DOCX_FACTORY/QUALITY_RECOVERY_R01/BATCH_03_QUALITY_RECOVERY_R01/CANDIDATES/0032_BATCH03_CANDIDATE_R03.docx,04_全部文件與歷次版本/TTQS_GPT6_ASTRA_FULL_HANDOFF_20260925/09/0815_0032_BATCH03_CANDIDATE_R03.docx,原樣保留；本次尚未確認完成驗收,100065,2b132e773443eb692491fccbc0c77ccfe5f20ff34594043987276cee7636e4e7
816,0033_BATCH03_CANDIDATE_R05.docx,TTQS_GPT6_ASTRA_FULL_HANDOFF_20260925/TTQS_GPT6_ASTRA_FULL_HANDOFF_20260925/TTQS_DOCUMENT_FOUNDRY_RUN_ASTRA_20260925/00_CONTROL/DOCX_FACTORY/QUALITY_RECOVERY_R01/BATCH_03_QUALITY_RECOVERY_R01/CANDIDATES/0033_BATCH03_CANDIDATE_R05.docx,04_全部文件與歷次版本/TTQS_GPT6_ASTRA_FULL_HANDOFF_20260925/09/0816_0033_BATCH03_CANDIDATE_R05.docx,原樣保留；本次尚未確認完成驗收,77481,122da48761bfcc1478755f0dcfc962aa3a8ceb6ac21c98b46d18f75e75e325cc
817,0034_BATCH03_CANDIDATE_R05.docx,TTQS_GPT6_ASTRA_FULL_HANDOFF_20260925/TTQS_GPT6_ASTRA_FULL_HANDOFF_20260925/TTQS_DOCUMENT_FOUNDRY_RUN_ASTRA_20260925/00_CONTROL/DOCX_FACTORY/QUALITY_RECOVERY_R01/BATCH_03_QUALITY_RECOVERY_R01/CANDIDATES/0034_BATCH03_CANDIDATE_R05.docx,04_全部文件與歷次版本/TTQS_GPT6_ASTRA_FULL_HANDOFF_20260925/09/0817_0034_BATCH03_CANDIDATE_R05.docx,原樣保留；本次尚未確認完成驗收,83318,69d90c2e09ae2d3a6e1f56215b9aff38a82ee7e297831f06a5b7304fcc42c89d
818,0035_BATCH03_CANDIDATE_R04.docx,TTQS_GPT6_ASTRA_FULL_HANDOFF_20260925/TTQS_GPT6_ASTRA_FULL_HANDOFF_20260925/TTQS_DOCUMENT_FOUNDRY_RUN_ASTRA_20260925/00_CONTROL/DOCX_FACTORY/QUALITY_RECOVERY_R01/BATCH_03_QUALITY_RECOVERY_R01/CANDIDATES/0035_BATCH03_CANDIDATE_R04.docx,04_全部文件與歷次版本/TTQS_GPT6_ASTRA_FULL_HANDOFF_20260925/09/0818_0035_BATCH03_CANDIDATE_R04.docx,原樣保留；本次尚未確認完成驗收,91204,fca2bb5c108cb8f2032d9cae96a8bbad7ee5354c152d94ce22858523ed037234
819,0038_BATCH03_CANDIDATE_R04.docx,TTQS_GPT6_ASTRA_FULL_HANDOFF_20260925/TTQS_GPT6_ASTRA_FULL_HANDOFF_20260925/TTQS_DOCUMENT_FOUNDRY_RUN_ASTRA_20260925/00_CONTROL/DOCX_FACTORY/QUALITY_RECOVERY_R01/BATCH_03_QUALITY_RECOVERY_R01/CANDIDATES/0038_BATCH03_CANDIDATE_R04.docx,04_全部文件與歷次版本/TTQS_GPT6_ASTRA_FULL_HANDOFF_20260925/09/0819_0038_BATCH03_CANDIDATE_R04.docx,原樣保留；本次尚未確認完成驗收,43734,964abc3898edf0d3b7ec9ad2527c8ead1c7db93d25a02d1cbf186a1710e5ffc4
820,0039_BATCH03_CANDIDATE_R04.docx,TTQS_GPT6_ASTRA_FULL_HANDOFF_20260925/TTQS_GPT6_ASTRA_FULL_HANDOFF_20260925/TTQS_DOCUMENT_FOUNDRY_RUN_ASTRA_20260925/00_CONTROL/DOCX_FACTORY/QUALITY_RECOVERY_R01/BATCH_03_QUALITY_RECOVERY_R01/CANDIDATES/0039_BATCH03_CANDIDATE_R04.docx,04_全部文件與歷次版本/TTQS_GPT6_ASTRA_FULL_HANDOFF_20260925/09/0820_0039_BATCH03_CANDIDATE_R04.docx,原樣保留；本次尚未確認完成驗收,44441,87b2e95907329e83d3b7f962f803fa599b3bf81130483321b258cfbfd7206e13
821,0040_BATCH03_CANDIDATE_R04.docx,TTQS_GPT6_ASTRA_FULL_HANDOFF_20260925/TTQS_GPT6_ASTRA_FULL_HANDOFF_20260925/TTQS_DOCUMENT_FOUNDRY_RUN_ASTRA_20260925/00_CONTROL/DOCX_FACTORY/QUALITY_RECOVERY_R01/BATCH_03_QUALITY_RECOVERY_R01/CANDIDATES/0040_BATCH03_CANDIDATE_R04.docx,04_全部文件與歷次版本/TTQS_GPT6_ASTRA_FULL_HANDOFF_20260925/09/0821_0040_BATCH03_CANDIDATE_R04.docx,原樣保留；本次尚未確認完成驗收,44326,61a99528f2fe295f44af6c700ad91a60f6694e32e1db92acb1f68d2339341784
822,0043_BATCH03_CANDIDATE_R03.docx,TTQS_GPT6_ASTRA_FULL_HANDOFF_20260925/TTQS_GPT6_ASTRA_FULL_HANDOFF_20260925/TTQS_DOCUMENT_FOUNDRY_RUN_ASTRA_20260925/00_CONTROL/DOCX_FACTORY/QUALITY_RECOVERY_R01/BATCH_03_QUALITY_RECOVERY_R01/CANDIDATES/0043_BATCH03_CANDIDATE_R03.docx,04_全部文件與歷次版本/TTQS_GPT6_ASTRA_FULL_HANDOFF_20260925/09/0822_0043_BATCH03_CANDIDATE_R03.docx,原樣保留；本次尚未確認完成驗收,93640,6de016fc5838e5a834d28a38e8d24eea8f8a8aabf01c934d27999aab3195db2f
823,0022_BATCH03_CANDIDATE_R04.docx,TTQS_GPT6_ASTRA_FULL_HANDOFF_20260925/TTQS_GPT6_ASTRA_FULL_HANDOFF_20260925/TTQS_DOCUMENT_FOUNDRY_RUN_ASTRA_20260925/00_CONTROL/DOCX_FACTORY/QUALITY_RECOVERY_R01/BATCH_03_QUALITY_RECOVERY_R01/CANDIDATES/0022_BATCH03_CANDIDATE_R04.docx,04_全部文件與歷次版本/TTQS_GPT6_ASTRA_FULL_HANDOFF_20260925/09/0823_0022_BATCH03_CANDIDATE_R04.docx,原樣保留；本次尚未確認完成驗收,83020,487f97370eed2cf73411a7cc4d75875e40dab761d2dd7971c82c22b77c81bdda
824,0026_BATCH03_CANDIDATE_R03.docx,TTQS_GPT6_ASTRA_FULL_HANDOFF_20260925/TTQS_GPT6_ASTRA_FULL_HANDOFF_20260925/TTQS_DOCUMENT_FOUNDRY_RUN_ASTRA_20260925/00_CONTROL/DOCX_FACTORY/QUALITY_RECOVERY_R01/BATCH_03_QUALITY_RECOVERY_R01/CANDIDATES/0026_BATCH03_CANDIDATE_R03.docx,04_全部文件與歷次版本/TTQS_GPT6_ASTRA_FULL_HANDOFF_20260925/09/0824_0026_BATCH03_CANDIDATE_R03.docx,原樣保留；本次尚未確認完成驗收,44758,eac0468f8c6908d365b79d694e57873fc60b5be75d539b6e26c967bf295d68cc
825,0032_BATCH03_CANDIDATE_R04.docx,TTQS_GPT6_ASTRA_FULL_HANDOFF_20260925/TTQS_GPT6_ASTRA_FULL_HANDOFF_20260925/TTQS_DOCUMENT_FOUNDRY_RUN_ASTRA_20260925/00_CONTROL/DOCX_FACTORY/QUALITY_RECOVERY_R01/BATCH_03_QUALITY_RECOVERY_R01/CANDIDATES/0032_BATCH03_CANDIDATE_R04.docx,04_全部文件與歷次版本/TTQS_GPT6_ASTRA_FULL_HANDOFF_20260925/09/0825_0032_BATCH03_CANDIDATE_R04.docx,原樣保留；本次尚未確認完成驗收,100482,74b18c40493b027df75a8781475d3be292640f405a98e2d780b34dd2ac2eb875
826,0033_BATCH03_CANDIDATE_R06.docx,TTQS_GPT6_ASTRA_FULL_HANDOFF_20260925/TTQS_GPT6_ASTRA_FULL_HANDOFF_20260925/TTQS_DOCUMENT_FOUNDRY_RUN_ASTRA_20260925/00_CONTROL/DOCX_FACTORY/QUALITY_RECOVERY_R01/BATCH_03_QUALITY_RECOVERY_R01/CANDIDATES/0033_BATCH03_CANDIDATE_R06.docx,04_全部文件與歷次版本/TTQS_GPT6_ASTRA_FULL_HANDOFF_20260925/09/0826_0033_BATCH03_CANDIDATE_R06.docx,原樣保留；本次尚未確認完成驗收,77854,e6493972a9d9dde097e0fd7cafba842607d5e3ca802dc93a8e5a8e137c3c29e5
827,0034_BATCH03_CANDIDATE_R06.docx,TTQS_GPT6_ASTRA_FULL_HANDOFF_20260925/TTQS_GPT6_ASTRA_FULL_HANDOFF_20260925/TTQS_DOCUMENT_FOUNDRY_RUN_ASTRA_20260925/00_CONTROL/DOCX_FACTORY/QUALITY_RECOVERY_R01/BATCH_03_QUALITY_RECOVERY_R01/CANDIDATES/0034_BATCH03_CANDIDATE_R06.docx,04_全部文件與歷次版本/TTQS_GPT6_ASTRA_FULL_HANDOFF_20260925/09/0827_0034_BATCH03_CANDIDATE_R06.docx,原樣保留；本次尚未確認完成驗收,83707,a744218b4c147e9303f8b2bf62578fa3f0d33f6919eeedbbcfb591495e4a20ef
828,0035_BATCH03_CANDIDATE_R05.docx,TTQS_GPT6_ASTRA_FULL_HANDOFF_20260925/TTQS_GPT6_ASTRA_FULL_HANDOFF_20260925/TTQS_DOCUMENT_FOUNDRY_RUN_ASTRA_20260925/00_CONTROL/DOCX_FACTORY/QUALITY_RECOVERY_R01/BATCH_03_QUALITY_RECOVERY_R01/CANDIDATES/0035_BATCH03_CANDIDATE_R05.docx,04_全部文件與歷次版本/TTQS_GPT6_ASTRA_FULL_HANDOFF_20260925/09/0828_0035_BATCH03_CANDIDATE_R05.docx,原樣保留；本次尚未確認完成驗收,91596,72105a1a476f3f1871751c9c287ca9143118e6ea3f6b0a1575c8b23bb8ce3f1f
829,0038_BATCH03_CANDIDATE_R05.docx,TTQS_GPT6_ASTRA_FULL_HANDOFF_20260925/TTQS_GPT6_ASTRA_FULL_HANDOFF_20260925/TTQS_DOCUMENT_FOUNDRY_RUN_ASTRA_20260925/00_CONTROL/DOCX_FACTORY/QUALITY_RECOVERY_R01/BATCH_03_QUALITY_RECOVERY_R01/CANDIDATES/0038_BATCH03_CANDIDATE_R05.docx,04_全部文件與歷次版本/TTQS_GPT6_ASTRA_FULL_HANDOFF_20260925/09/0829_0038_BATCH03_CANDIDATE_R05.docx,原樣保留；本次尚未確認完成驗收,44121,6997b9074b355bc928ed3a25555ac078fe7f636886e61e339e7e731286313e0c
830,0039_BATCH03_CANDIDATE_R05.docx,TTQS_GPT6_ASTRA_FULL_HANDOFF_20260925/TTQS_GPT6_ASTRA_FULL_HANDOFF_20260925/TTQS_DOCUMENT_FOUNDRY_RUN_ASTRA_20260925/00_CONTROL/DOCX_FACTORY/QUALITY_RECOVERY_R01/BATCH_03_QUALITY_RECOVERY_R01/CANDIDATES/0039_BATCH03_CANDIDATE_R05.docx,04_全部文件與歷次版本/TTQS_GPT6_ASTRA_FULL_HANDOFF_20260925/09/0830_0039_BATCH03_CANDIDATE_R05.docx,原樣保留；本次尚未確認完成驗收,44802,889e53b938296ca4a5962db980cb420b9e6819129765aea60c717bab86bf1ae0
831,0040_BATCH03_CANDIDATE_R05.docx,TTQS_GPT6_ASTRA_FULL_HANDOFF_20260925/TTQS_GPT6_ASTRA_FULL_HANDOFF_20260925/TTQS_DOCUMENT_FOUNDRY_RUN_ASTRA_20260925/00_CONTROL/DOCX_FACTORY/QUALITY_RECOVERY_R01/BATCH_03_QUALITY_RECOVERY_R01/CANDIDATES/0040_BATCH03_CANDIDATE_R05.docx,04_全部文件與歷次版本/TTQS_GPT6_ASTRA_FULL_HANDOFF_20260925/09/0831_0040_BATCH03_CANDIDATE_R05.docx,原樣保留；本次尚未確認完成驗收,44691,329490e11eee1a89d13803e38009c7cb51c7630c367d173d7807c54471c86b88
832,0043_BATCH03_CANDIDATE_R04.docx,TTQS_GPT6_ASTRA_FULL_HANDOFF_20260925/TTQS_GPT6_ASTRA_FULL_HANDOFF_20260925/TTQS_DOCUMENT_FOUNDRY_RUN_ASTRA_20260925/00_CONTROL/DOCX_FACTORY/QUALITY_RECOVERY_R01/BATCH_03_QUALITY_RECOVERY_R01/CANDIDATES/0043_BATCH03_CANDIDATE_R04.docx,04_全部文件與歷次版本/TTQS_GPT6_ASTRA_FULL_HANDOFF_20260925/09/0832_0043_BATCH03_CANDIDATE_R04.docx,原樣保留；本次尚未確認完成驗收,94045,92fa4551d01ab3a600afb56b5116debdc3f9314a69c05d7e64ec34cdd3b29677
833,0033_BATCH03_CANDIDATE_R07.docx,TTQS_GPT6_ASTRA_FULL_HANDOFF_20260925/TTQS_GPT6_ASTRA_FULL_HANDOFF_20260925/TTQS_DOCUMENT_FOUNDRY_RUN_ASTRA_20260925/00_CONTROL/DOCX_FACTORY/QUALITY_RECOVERY_R01/BATCH_03_QUALITY_RECOVERY_R01/CANDIDATES/0033_BATCH03_CANDIDATE_R07.docx,04_全部文件與歷次版本/TTQS_GPT6_ASTRA_FULL_HANDOFF_20260925/09/0833_0033_BATCH03_CANDIDATE_R07.docx,原樣保留；本次尚未確認完成驗收,77487,3a1d5d4989acd64842406416871ce9f0f15c4be3824a8f09d357bd1b7d30739d
834,0037_BATCH03_CANDIDATE_R07.docx,TTQS_GPT6_ASTRA_FULL_HANDOFF_20260925/TTQS_GPT6_ASTRA_FULL_HANDOFF_20260925/TTQS_DOCUMENT_FOUNDRY_RUN_ASTRA_20260925/00_CONTROL/DOCX_FACTORY/QUALITY_RECOVERY_R01/BATCH_03_QUALITY_RECOVERY_R01/CANDIDATES/0037_BATCH03_CANDIDATE_R07.docx,04_全部文件與歷次版本/TTQS_GPT6_ASTRA_FULL_HANDOFF_20260925/09/0834_0037_BATCH03_CANDIDATE_R07.docx,原樣保留；本次尚未確認完成驗收,42482,98600b3398f72fca3ccd2198f6efed77f01d0db63d0d0ac17d45d7b863f77165
835,0023_BATCH03_CANDIDATE_R03.docx,TTQS_GPT6_ASTRA_FULL_HANDOFF_20260925/TTQS_GPT6_ASTRA_FULL_HANDOFF_20260925/TTQS_DOCUMENT_FOUNDRY_RUN_ASTRA_20260925/00_CONTROL/DOCX_FACTORY/QUALITY_RECOVERY_R01/BATCH_03_QUALITY_RECOVERY_R01/CANDIDATES/0023_BATCH03_CANDIDATE_R03.docx,04_全部文件與歷次版本/TTQS_GPT6_ASTRA_FULL_HANDOFF_20260925/09/0835_0023_BATCH03_CANDIDATE_R03.docx,原樣保留；本次尚未確認完成驗收,44573,c580374127717271fdc52022532e6b4883257738626a56b7e76e07417b0585e1
836,0024_BATCH03_CANDIDATE_R03.docx,TTQS_GPT6_ASTRA_FULL_HANDOFF_20260925/TTQS_GPT6_ASTRA_FULL_HANDOFF_20260925/TTQS_DOCUMENT_FOUNDRY_RUN_ASTRA_20260925/00_CONTROL/DOCX_FACTORY/QUALITY_RECOVERY_R01/BATCH_03_QUALITY_RECOVERY_R01/CANDIDATES/0024_BATCH03_CANDIDATE_R03.docx,04_全部文件與歷次版本/TTQS_GPT6_ASTRA_FULL_HANDOFF_20260925/09/0836_0024_BATCH03_CANDIDATE_R03.docx,原樣保留；本次尚未確認完成驗收,44387,a709ce8cfd85d41557d9d1fb7288809aab2f958f4a4014e3e538f2f7b8797b07
837,0026_BATCH03_CANDIDATE_R04.docx,TTQS_GPT6_ASTRA_FULL_HANDOFF_20260925/TTQS_GPT6_ASTRA_FULL_HANDOFF_20260925/TTQS_DOCUMENT_FOUNDRY_RUN_ASTRA_20260925/00_CONTROL/DOCX_FACTORY/QUALITY_RECOVERY_R01/BATCH_03_QUALITY_RECOVERY_R01/CANDIDATES/0026_BATCH03_CANDIDATE_R04.docx,04_全部文件與歷次版本/TTQS_GPT6_ASTRA_FULL_HANDOFF_20260925/09/0837_0026_BATCH03_CANDIDATE_R04.docx,原樣保留；本次尚未確認完成驗收,45346,6ed839c88648322c21f3c159c8281a60c9ab3654edf2258e8ddd683625d19d3f
838,0031_BATCH03_CANDIDATE_R02.docx,TTQS_GPT6_ASTRA_FULL_HANDOFF_20260925/TTQS_GPT6_ASTRA_FULL_HANDOFF_20260925/TTQS_DOCUMENT_FOUNDRY_RUN_ASTRA_20260925/00_CONTROL/DOCX_FACTORY/QUALITY_RECOVERY_R01/BATCH_03_QUALITY_RECOVERY_R01/CANDIDATES/0031_BATCH03_CANDIDATE_R02.docx,04_全部文件與歷次版本/TTQS_GPT6_ASTRA_FULL_HANDOFF_20260925/09/0838_0031_BATCH03_CANDIDATE_R02.docx,原樣保留；本次尚未確認完成驗收,86864,0a7fee56ac0db49c01089043276c5686e64988805ab6c4fa756eb9d0b121effa
839,0035_BATCH03_CANDIDATE_R06.docx,TTQS_GPT6_ASTRA_FULL_HANDOFF_20260925/TTQS_GPT6_ASTRA_FULL_HANDOFF_20260925/TTQS_DOCUMENT_FOUNDRY_RUN_ASTRA_20260925/00_CONTROL/DOCX_FACTORY/QUALITY_RECOVERY_R01/BATCH_03_QUALITY_RECOVERY_R01/CANDIDATES/0035_BATCH03_CANDIDATE_R06.docx,04_全部文件與歷次版本/TTQS_GPT6_ASTRA_FULL_HANDOFF_20260925/09/0839_0035_BATCH03_CANDIDATE_R06.docx,原樣保留；本次尚未確認完成驗收,92547,04f7ae2317bb49800fb6ac52f5cfc11dfbd41f72723db9980aecec13687916ed
840,0036_BATCH03_CANDIDATE_R02.docx,TTQS_GPT6_ASTRA_FULL_HANDOFF_20260925/TTQS_GPT6_ASTRA_FULL_HANDOFF_20260925/TTQS_DOCUMENT_FOUNDRY_RUN_ASTRA_20260925/00_CONTROL/DOCX_FACTORY/QUALITY_RECOVERY_R01/BATCH_03_QUALITY_RECOVERY_R01/CANDIDATES/0036_BATCH03_CANDIDATE_R02.docx,04_全部文件與歷次版本/TTQS_GPT6_ASTRA_FULL_HANDOFF_20260925/09/0840_0036_BATCH03_CANDIDATE_R02.docx,原樣保留；本次尚未確認完成驗收,44641,a59aea97b6a803f1510329f9ed141e9e8f7f4de56f4ed0a9679074dcd253e126
841,0038_BATCH03_CANDIDATE_R06.docx,TTQS_GPT6_ASTRA_FULL_HANDOFF_20260925/TTQS_GPT6_ASTRA_FULL_HANDOFF_20260925/TTQS_DOCUMENT_FOUNDRY_RUN_ASTRA_20260925/00_CONTROL/DOCX_FACTORY/QUALITY_RECOVERY_R01/BATCH_03_QUALITY_RECOVERY_R01/CANDIDATES/0038_BATCH03_CANDIDATE_R06.docx,04_全部文件與歷次版本/TTQS_GPT6_ASTRA_FULL_HANDOFF_20260925/09/0841_0038_BATCH03_CANDIDATE_R06.docx,原樣保留；本次尚未確認完成驗收,45217,78eb43148c8b204c4150412f995527d152bf84df018c6245c5073f2b80786e31
842,0039_BATCH03_CANDIDATE_R06.docx,TTQS_GPT6_ASTRA_FULL_HANDOFF_20260925/TTQS_GPT6_ASTRA_FULL_HANDOFF_20260925/TTQS_DOCUMENT_FOUNDRY_RUN_ASTRA_20260925/00_CONTROL/DOCX_FACTORY/QUALITY_RECOVERY_R01/BATCH_03_QUALITY_RECOVERY_R01/CANDIDATES/0039_BATCH03_CANDIDATE_R06.docx,04_全部文件與歷次版本/TTQS_GPT6_ASTRA_FULL_HANDOFF_20260925/09/0842_0039_BATCH03_CANDIDATE_R06.docx,原樣保留；本次尚未確認完成驗收,45704,1cfb4495543552512b3070443b66f5cb0329abe4591467b225be130dad23856f
843,0040_BATCH03_CANDIDATE_R06.docx,TTQS_GPT6_ASTRA_FULL_HANDOFF_20260925/TTQS_GPT6_ASTRA_FULL_HANDOFF_20260925/TTQS_DOCUMENT_FOUNDRY_RUN_ASTRA_20260925/00_CONTROL/DOCX_FACTORY/QUALITY_RECOVERY_R01/BATCH_03_QUALITY_RECOVERY_R01/CANDIDATES/0040_BATCH03_CANDIDATE_R06.docx,04_全部文件與歷次版本/TTQS_GPT6_ASTRA_FULL_HANDOFF_20260925/09/0843_0040_BATCH03_CANDIDATE_R06.docx,原樣保留；本次尚未確認完成驗收,45172,77f6a7e2f761dedd8183e7403991c34c78d2ead56e187fedf76016fa629f2bb3
844,0023_BATCH03_CANDIDATE_R04.docx,TTQS_GPT6_ASTRA_FULL_HANDOFF_20260925/TTQS_GPT6_ASTRA_FULL_HANDOFF_20260925/TTQS_DOCUMENT_FOUNDRY_RUN_ASTRA_20260925/00_CONTROL/DOCX_FACTORY/QUALITY_RECOVERY_R01/BATCH_03_QUALITY_RECOVERY_R01/CANDIDATES/0023_BATCH03_CANDIDATE_R04.docx,04_全部文件與歷次版本/TTQS_GPT6_ASTRA_FULL_HANDOFF_20260925/09/0844_0023_BATCH03_CANDIDATE_R04.docx,原樣保留；本次尚未確認完成驗收,43624,165301852892732ee34c9207507621a63bfeb9ad9be4bbb3d430412a3f97ef3c
845,0024_BATCH03_CANDIDATE_R04.docx,TTQS_GPT6_ASTRA_FULL_HANDOFF_20260925/TTQS_GPT6_ASTRA_FULL_HANDOFF_20260925/TTQS_DOCUMENT_FOUNDRY_RUN_ASTRA_20260925/00_CONTROL/DOCX_FACTORY/QUALITY_RECOVERY_R01/BATCH_03_QUALITY_RECOVERY_R01/CANDIDATES/0024_BATCH03_CANDIDATE_R04.docx,04_全部文件與歷次版本/TTQS_GPT6_ASTRA_FULL_HANDOFF_20260925/09/0845_0024_BATCH03_CANDIDATE_R04.docx,原樣保留；本次尚未確認完成驗收,43898,b1e2d911f7fbda84de09fdb40d23c0bc3b75018918c0dd58d55da75e549a9093
846,0031_BATCH03_CANDIDATE_R03.docx,TTQS_GPT6_ASTRA_FULL_HANDOFF_20260925/TTQS_GPT6_ASTRA_FULL_HANDOFF_20260925/TTQS_DOCUMENT_FOUNDRY_RUN_ASTRA_20260925/00_CONTROL/DOCX_FACTORY/QUALITY_RECOVERY_R01/BATCH_03_QUALITY_RECOVERY_R01/CANDIDATES/0031_BATCH03_CANDIDATE_R03.docx,04_全部文件與歷次版本/TTQS_GPT6_ASTRA_FULL_HANDOFF_20260925/09/0846_0031_BATCH03_CANDIDATE_R03.docx,原樣保留；本次尚未確認完成驗收,86450,6b4ca13714b0c605b92b046e364b828980c9e30b232ac624aabdcb031286d3e2
847,0035_BATCH03_CANDIDATE_R07.docx,TTQS_GPT6_ASTRA_FULL_HANDOFF_20260925/TTQS_GPT6_ASTRA_FULL_HANDOFF_20260925/TTQS_DOCUMENT_FOUNDRY_RUN_ASTRA_20260925/00_CONTROL/DOCX_FACTORY/QUALITY_RECOVERY_R01/BATCH_03_QUALITY_RECOVERY_R01/CANDIDATES/0035_BATCH03_CANDIDATE_R07.docx,04_全部文件與歷次版本/TTQS_GPT6_ASTRA_FULL_HANDOFF_20260925/09/0847_0035_BATCH03_CANDIDATE_R07.docx,原樣保留；本次尚未確認完成驗收,91929,965f9b63129a45fc6c7636afb311cd214032ac1eb0ccb00df7d3e023f1e5def9
848,0036_BATCH03_CANDIDATE_R03.docx,TTQS_GPT6_ASTRA_FULL_HANDOFF_20260925/TTQS_GPT6_ASTRA_FULL_HANDOFF_20260925/TTQS_DOCUMENT_FOUNDRY_RUN_ASTRA_20260925/00_CONTROL/DOCX_FACTORY/QUALITY_RECOVERY_R01/BATCH_03_QUALITY_RECOVERY_R01/CANDIDATES/0036_BATCH03_CANDIDATE_R03.docx,04_全部文件與歷次版本/TTQS_GPT6_ASTRA_FULL_HANDOFF_20260925/09/0848_0036_BATCH03_CANDIDATE_R03.docx,原樣保留；本次尚未確認完成驗收,44697,b6c0b5aca4b023e296be1a56ae511346ba930d17fe79c2bbd18490d590b5e794
849,0038_BATCH03_CANDIDATE_R07.docx,TTQS_GPT6_ASTRA_FULL_HANDOFF_20260925/TTQS_GPT6_ASTRA_FULL_HANDOFF_20260925/TTQS_DOCUMENT_FOUNDRY_RUN_ASTRA_20260925/00_CONTROL/DOCX_FACTORY/QUALITY_RECOVERY_R01/BATCH_03_QUALITY_RECOVERY_R01/CANDIDATES/0038_BATCH03_CANDIDATE_R07.docx,04_全部文件與歷次版本/TTQS_GPT6_ASTRA_FULL_HANDOFF_20260925/09/0849_0038_BATCH03_CANDIDATE_R07.docx,原樣保留；本次尚未確認完成驗收,44713,e86c59a651ce8c15be553399dc40bd99656cc95105a9cce9229cba85dd22485a
850,0039_BATCH03_CANDIDATE_R07.docx,TTQS_GPT6_ASTRA_FULL_HANDOFF_20260925/TTQS_GPT6_ASTRA_FULL_HANDOFF_20260925/TTQS_DOCUMENT_FOUNDRY_RUN_ASTRA_20260925/00_CONTROL/DOCX_FACTORY/QUALITY_RECOVERY_R01/BATCH_03_QUALITY_RECOVERY_R01/CANDIDATES/0039_BATCH03_CANDIDATE_R07.docx,04_全部文件與歷次版本/TTQS_GPT6_ASTRA_FULL_HANDOFF_20260925/09/0850_0039_BATCH03_CANDIDATE_R07.docx,原樣保留；本次尚未確認完成驗收,45141,3080e7b0d154e28ae94a68d3eedb631d0f7e8b80653fbd7b88dbe8eb3b7a0342
851,0024_BATCH03_CANDIDATE_R05.docx,TTQS_GPT6_ASTRA_FULL_HANDOFF_20260925/TTQS_GPT6_ASTRA_FULL_HANDOFF_20260925/TTQS_DOCUMENT_FOUNDRY_RUN_ASTRA_20260925/00_CONTROL/DOCX_FACTORY/QUALITY_RECOVERY_R01/BATCH_03_QUALITY_RECOVERY_R01/CANDIDATES/0024_BATCH03_CANDIDATE_R05.docx,04_全部文件與歷次版本/TTQS_GPT6_ASTRA_FULL_HANDOFF_20260925/09/0851_0024_BATCH03_CANDIDATE_R05.docx,原樣保留；本次尚未確認完成驗收,44221,ead2119979d0c0b1154473d3fc52fce48864ac6721319bed3a8644118a755dbf
852,0031_BATCH03_CANDIDATE_R04.docx,TTQS_GPT6_ASTRA_FULL_HANDOFF_20260925/TTQS_GPT6_ASTRA_FULL_HANDOFF_20260925/TTQS_DOCUMENT_FOUNDRY_RUN_ASTRA_20260925/00_CONTROL/DOCX_FACTORY/QUALITY_RECOVERY_R01/BATCH_03_QUALITY_RECOVERY_R01/CANDIDATES/0031_BATCH03_CANDIDATE_R04.docx,04_全部文件與歷次版本/TTQS_GPT6_ASTRA_FULL_HANDOFF_20260925/09/0852_0031_BATCH03_CANDIDATE_R04.docx,原樣保留；本次尚未確認完成驗收,86473,4ab837fb997cadd79a155ba7292dc61d0cb128c80f0fb62fcb76863c0fee2af3
853,0038_BATCH03_CANDIDATE_R08.docx,TTQS_GPT6_ASTRA_FULL_HANDOFF_20260925/TTQS_GPT6_ASTRA_FULL_HANDOFF_20260925/TTQS_DOCUMENT_FOUNDRY_RUN_ASTRA_20260925/00_CONTROL/DOCX_FACTORY/QUALITY_RECOVERY_R01/BATCH_03_QUALITY_RECOVERY_R01/CANDIDATES/0038_BATCH03_CANDIDATE_R08.docx,04_全部文件與歷次版本/TTQS_GPT6_ASTRA_FULL_HANDOFF_20260925/09/0853_0038_BATCH03_CANDIDATE_R08.docx,原樣保留；本次尚未確認完成驗收,44822,f60067d2610a420e4c8ad9a8c15ff7f53f1d583656bdfd340d5220efa22a05a7
854,0024_BATCH03_CANDIDATE_R06.docx,TTQS_GPT6_ASTRA_FULL_HANDOFF_20260925/TTQS_GPT6_ASTRA_FULL_HANDOFF_20260925/TTQS_DOCUMENT_FOUNDRY_RUN_ASTRA_20260925/00_CONTROL/DOCX_FACTORY/QUALITY_RECOVERY_R01/BATCH_03_QUALITY_RECOVERY_R01/CANDIDATES/0024_BATCH03_CANDIDATE_R06.docx,04_全部文件與歷次版本/TTQS_GPT6_ASTRA_FULL_HANDOFF_20260925/09/0854_0024_BATCH03_CANDIDATE_R06.docx,原樣保留；本次尚未確認完成驗收,44789,0561d210fc45fdb84605c653051cd58c9d91bcf1599481d2e4c8190e6e37127c
855,0031_BATCH03_CANDIDATE_R05.docx,TTQS_GPT6_ASTRA_FULL_HANDOFF_20260925/TTQS_GPT6_ASTRA_FULL_HANDOFF_20260925/TTQS_DOCUMENT_FOUNDRY_RUN_ASTRA_20260925/00_CONTROL/DOCX_FACTORY/QUALITY_RECOVERY_R01/BATCH_03_QUALITY_RECOVERY_R01/CANDIDATES/0031_BATCH03_CANDIDATE_R05.docx,04_全部文件與歷次版本/TTQS_GPT6_ASTRA_FULL_HANDOFF_20260925/09/0855_0031_BATCH03_CANDIDATE_R05.docx,原樣保留；本次尚未確認完成驗收,86523,a89f9f5b868060de5dc1c9ae4649a8cfd01b7b531561272e091123031d645a60
856,0031_BATCH03_CANDIDATE_R06.docx,TTQS_GPT6_ASTRA_FULL_HANDOFF_20260925/TTQS_GPT6_ASTRA_FULL_HANDOFF_20260925/TTQS_DOCUMENT_FOUNDRY_RUN_ASTRA_20260925/00_CONTROL/DOCX_FACTORY/QUALITY_RECOVERY_R01/BATCH_03_QUALITY_RECOVERY_R01/CANDIDATES/0031_BATCH03_CANDIDATE_R06.docx,04_全部文件與歷次版本/TTQS_GPT6_ASTRA_FULL_HANDOFF_20260925/09/0856_0031_BATCH03_CANDIDATE_R06.docx,原樣保留；本次尚未確認完成驗收,88631,e3eb5e2fd257a5673ba0181d26a08e3789fc2280e4cc4e6a88161bf78acec69a
857,0042_BATCH03_CANDIDATE_R02.docx,TTQS_GPT6_ASTRA_FULL_HANDOFF_20260925/TTQS_GPT6_ASTRA_FULL_HANDOFF_20260925/TTQS_DOCUMENT_FOUNDRY_RUN_ASTRA_20260925/00_CONTROL/DOCX_FACTORY/QUALITY_RECOVERY_R01/BATCH_03_QUALITY_RECOVERY_R01/CANDIDATES/0042_BATCH03_CANDIDATE_R02.docx,04_全部文件與歷次版本/TTQS_GPT6_ASTRA_FULL_HANDOFF_20260925/09/0857_0042_BATCH03_CANDIDATE_R02.docx,原樣保留；本次尚未確認完成驗收,44039,8d0f00c320e2696a5d314fd505d742a6b0a47842c54d0f7427d9bc9369850997
858,0042_BATCH03_CANDIDATE_R03.docx,TTQS_GPT6_ASTRA_FULL_HANDOFF_20260925/TTQS_GPT6_ASTRA_FULL_HANDOFF_20260925/TTQS_DOCUMENT_FOUNDRY_RUN_ASTRA_20260925/00_CONTROL/DOCX_FACTORY/QUALITY_RECOVERY_R01/BATCH_03_QUALITY_RECOVERY_R01/CANDIDATES/0042_BATCH03_CANDIDATE_R03.docx,04_全部文件與歷次版本/TTQS_GPT6_ASTRA_FULL_HANDOFF_20260925/09/0858_0042_BATCH03_CANDIDATE_R03.docx,原樣保留；本次尚未確認完成驗收,44082,d853a5c81b18fdbf4e0f3708bca4b05fff416da0b5e0aed3a3a5d1842cf43b3c
859,0032_BATCH03_CANDIDATE_R05.docx,TTQS_GPT6_ASTRA_FULL_HANDOFF_20260925/TTQS_GPT6_ASTRA_FULL_HANDOFF_20260925/TTQS_DOCUMENT_FOUNDRY_RUN_ASTRA_20260925/00_CONTROL/DOCX_FACTORY/QUALITY_RECOVERY_R01/BATCH_03_QUALITY_RECOVERY_R01/CANDIDATES/0032_BATCH03_CANDIDATE_R05.docx,04_全部文件與歷次版本/TTQS_GPT6_ASTRA_FULL_HANDOFF_20260925/09/0859_0032_BATCH03_CANDIDATE_R05.docx,原樣保留；本次尚未確認完成驗收,101069,94f5de68830e11dc7300b0709365ec81b33fdd733971cf746288975f83bb06e7
860,0032_BATCH03_CANDIDATE_R06.docx,TTQS_GPT6_ASTRA_FULL_HANDOFF_20260925/TTQS_GPT6_ASTRA_FULL_HANDOFF_20260925/TTQS_DOCUMENT_FOUNDRY_RUN_ASTRA_20260925/00_CONTROL/DOCX_FACTORY/QUALITY_RECOVERY_R01/BATCH_03_QUALITY_RECOVERY_R01/CANDIDATES/0032_BATCH03_CANDIDATE_R06.docx,04_全部文件與歷次版本/TTQS_GPT6_ASTRA_FULL_HANDOFF_20260925/09/0860_0032_BATCH03_CANDIDATE_R06.docx,原樣保留；本次尚未確認完成驗收,101064,5d41a4d40414bfddb0294f9c9d4b467a8254cafd866a70b15970e4adfb76abff
861,0032_BATCH03_CANDIDATE_R07.docx,TTQS_GPT6_ASTRA_FULL_HANDOFF_20260925/TTQS_GPT6_ASTRA_FULL_HANDOFF_20260925/TTQS_DOCUMENT_FOUNDRY_RUN_ASTRA_20260925/00_CONTROL/DOCX_FACTORY/QUALITY_RECOVERY_R01/BATCH_03_QUALITY_RECOVERY_R01/CANDIDATES/0032_BATCH03_CANDIDATE_R07.docx,04_全部文件與歷次版本/TTQS_GPT6_ASTRA_FULL_HANDOFF_20260925/09/0861_0032_BATCH03_CANDIDATE_R07.docx,原樣保留；本次尚未確認完成驗收,101050,76c730dd4d07b8c816403ca6d58a98b30723c7d6e8a43f96bf36e64a636c760d
862,0032_BATCH03_CANDIDATE_R08.docx,TTQS_GPT6_ASTRA_FULL_HANDOFF_20260925/TTQS_GPT6_ASTRA_FULL_HANDOFF_20260925/TTQS_DOCUMENT_FOUNDRY_RUN_ASTRA_20260925/00_CONTROL/DOCX_FACTORY/QUALITY_RECOVERY_R01/BATCH_03_QUALITY_RECOVERY_R01/CANDIDATES/0032_BATCH03_CANDIDATE_R08.docx,04_全部文件與歷次版本/TTQS_GPT6_ASTRA_FULL_HANDOFF_20260925/09/0862_0032_BATCH03_CANDIDATE_R08.docx,原樣保留；本次尚未確認完成驗收,101059,456b1d84f52b9c479203158858593f268fd1f1dbfb98637ab1d111e7cf830141
863,0032_BATCH03_CANDIDATE_R09.docx,TTQS_GPT6_ASTRA_FULL_HANDOFF_20260925/TTQS_GPT6_ASTRA_FULL_HANDOFF_20260925/TTQS_DOCUMENT_FOUNDRY_RUN_ASTRA_20260925/00_CONTROL/DOCX_FACTORY/QUALITY_RECOVERY_R01/BATCH_03_QUALITY_RECOVERY_R01/CANDIDATES/0032_BATCH03_CANDIDATE_R09.docx,04_全部文件與歷次版本/TTQS_GPT6_ASTRA_FULL_HANDOFF_20260925/09/0863_0032_BATCH03_CANDIDATE_R09.docx,原樣保留；本次尚未確認完成驗收,101044,88a8eb71cbac247a9653379b7a98fa9d4bcac5e46d5221366620c33bec099a1a
864,0032_BATCH03_CANDIDATE_R10.docx,TTQS_GPT6_ASTRA_FULL_HANDOFF_20260925/TTQS_GPT6_ASTRA_FULL_HANDOFF_20260925/TTQS_DOCUMENT_FOUNDRY_RUN_ASTRA_20260925/00_CONTROL/DOCX_FACTORY/QUALITY_RECOVERY_R01/BATCH_03_QUALITY_RECOVERY_R01/CANDIDATES/0032_BATCH03_CANDIDATE_R10.docx,04_全部文件與歷次版本/TTQS_GPT6_ASTRA_FULL_HANDOFF_20260925/09/0864_0032_BATCH03_CANDIDATE_R10.docx,原樣保留；本次尚未確認完成驗收,101061,a29c81046077cd6c8d43c6a878c79b04204457ccd54a3b1a6a829b2b4aa86a1b
865,0033_BATCH03_CANDIDATE_R08.docx,TTQS_GPT6_ASTRA_FULL_HANDOFF_20260925/TTQS_GPT6_ASTRA_FULL_HANDOFF_20260925/TTQS_DOCUMENT_FOUNDRY_RUN_ASTRA_20260925/00_CONTROL/DOCX_FACTORY/QUALITY_RECOVERY_R01/BATCH_03_QUALITY_RECOVERY_R01/CANDIDATES/0033_BATCH03_CANDIDATE_R08.docx,04_全部文件與歷次版本/TTQS_GPT6_ASTRA_FULL_HANDOFF_20260925/09/0865_0033_BATCH03_CANDIDATE_R08.docx,原樣保留；本次尚未確認完成驗收,77711,5c6c30d8665608026814f8f93927fdee15e083b6d1a71253548f0c1c64eee413
866,0036_BATCH03_CANDIDATE_R04.docx,TTQS_GPT6_ASTRA_FULL_HANDOFF_20260925/TTQS_GPT6_ASTRA_FULL_HANDOFF_20260925/TTQS_DOCUMENT_FOUNDRY_RUN_ASTRA_20260925/00_CONTROL/DOCX_FACTORY/QUALITY_RECOVERY_R01/BATCH_03_QUALITY_RECOVERY_R01/CANDIDATES/0036_BATCH03_CANDIDATE_R04.docx,04_全部文件與歷次版本/TTQS_GPT6_ASTRA_FULL_HANDOFF_20260925/09/0866_0036_BATCH03_CANDIDATE_R04.docx,原樣保留；本次尚未確認完成驗收,44799,49b4401158e6a4d8c286b99cc562d1ed11df926ff420f4db778e06a3cbcb468c
867,0031_BATCH03_CANDIDATE_R07.docx,TTQS_GPT6_ASTRA_FULL_HANDOFF_20260925/TTQS_GPT6_ASTRA_FULL_HANDOFF_20260925/TTQS_DOCUMENT_FOUNDRY_RUN_ASTRA_20260925/00_CONTROL/DOCX_FACTORY/QUALITY_RECOVERY_R01/BATCH_03_QUALITY_RECOVERY_R01/CANDIDATES/0031_BATCH03_CANDIDATE_R07.docx,04_全部文件與歷次版本/TTQS_GPT6_ASTRA_FULL_HANDOFF_20260925/09/0867_0031_BATCH03_CANDIDATE_R07.docx,原樣保留；本次尚未確認完成驗收,88745,9e3f77e7298e771a7f41864cbe8103983e7a18cd16b39f49f6b62489088446ad
868,0031_BATCH03_CANDIDATE_R08.docx,TTQS_GPT6_ASTRA_FULL_HANDOFF_20260925/TTQS_GPT6_ASTRA_FULL_HANDOFF_20260925/TTQS_DOCUMENT_FOUNDRY_RUN_ASTRA_20260925/00_CONTROL/DOCX_FACTORY/QUALITY_RECOVERY_R01/BATCH_03_QUALITY_RECOVERY_R01/CANDIDATES/0031_BATCH03_CANDIDATE_R08.docx,04_全部文件與歷次版本/TTQS_GPT6_ASTRA_FULL_HANDOFF_20260925/09/0868_0031_BATCH03_CANDIDATE_R08.docx,原樣保留；本次尚未確認完成驗收,88760,c41ccdd39113ac62b633dbaa9ccb4c6b493aeacf7ad3fc0968fa1742e8b2ec15
869,0031_BATCH03_CANDIDATE_R09.docx,TTQS_GPT6_ASTRA_FULL_HANDOFF_20260925/TTQS_GPT6_ASTRA_FULL_HANDOFF_20260925/TTQS_DOCUMENT_FOUNDRY_RUN_ASTRA_20260925/00_CONTROL/DOCX_FACTORY/QUALITY_RECOVERY_R01/BATCH_03_QUALITY_RECOVERY_R01/CANDIDATES/0031_BATCH03_CANDIDATE_R09.docx,04_全部文件與歷次版本/TTQS_GPT6_ASTRA_FULL_HANDOFF_20260925/09/0869_0031_BATCH03_CANDIDATE_R09.docx,原樣保留；本次尚未確認完成驗收,88759,ccce5f4c80ba14c8a753d63e64ffe5ef59f36f1477f6a265c6bcf25f830459c8
870,0035_BATCH03_CANDIDATE_R08.docx,TTQS_GPT6_ASTRA_FULL_HANDOFF_20260925/TTQS_GPT6_ASTRA_FULL_HANDOFF_20260925/TTQS_DOCUMENT_FOUNDRY_RUN_ASTRA_20260925/00_CONTROL/DOCX_FACTORY/QUALITY_RECOVERY_R01/BATCH_03_QUALITY_RECOVERY_R01/CANDIDATES/0035_BATCH03_CANDIDATE_R08.docx,04_全部文件與歷次版本/TTQS_GPT6_ASTRA_FULL_HANDOFF_20260925/09/0870_0035_BATCH03_CANDIDATE_R08.docx,原樣保留；本次尚未確認完成驗收,92068,a57c740155a73d6bfa573e3d5a4cc848d8ebb5f30e77ab1dceab54b3d9661af2
871,0035_BATCH03_CANDIDATE_R09.docx,TTQS_GPT6_ASTRA_FULL_HANDOFF_20260925/TTQS_GPT6_ASTRA_FULL_HANDOFF_20260925/TTQS_DOCUMENT_FOUNDRY_RUN_ASTRA_20260925/00_CONTROL/DOCX_FACTORY/QUALITY_RECOVERY_R01/BATCH_03_QUALITY_RECOVERY_R01/CANDIDATES/0035_BATCH03_CANDIDATE_R09.docx,04_全部文件與歷次版本/TTQS_GPT6_ASTRA_FULL_HANDOFF_20260925/09/0871_0035_BATCH03_CANDIDATE_R09.docx,原樣保留；本次尚未確認完成驗收,92084,5a91abc8f0c308663de73ef9bf248cf0eadc65220f315c775245f5dd7faf4c44
872,0036_BATCH03_CANDIDATE_R05.docx,TTQS_GPT6_ASTRA_FULL_HANDOFF_20260925/TTQS_GPT6_ASTRA_FULL_HANDOFF_20260925/TTQS_DOCUMENT_FOUNDRY_RUN_ASTRA_20260925/00_CONTROL/DOCX_FACTORY/QUALITY_RECOVERY_R01/BATCH_03_QUALITY_RECOVERY_R01/CANDIDATES/0036_BATCH03_CANDIDATE_R05.docx,04_全部文件與歷次版本/TTQS_GPT6_ASTRA_FULL_HANDOFF_20260925/09/0872_0036_BATCH03_CANDIDATE_R05.docx,原樣保留；本次尚未確認完成驗收,253754,8c372feae4c6084a1a3e6869fda4e3c83b25c7ddf47aacace3aea5add14148ea
873,0037_BATCH03_CANDIDATE_R08.docx,TTQS_GPT6_ASTRA_FULL_HANDOFF_20260925/TTQS_GPT6_ASTRA_FULL_HANDOFF_20260925/TTQS_DOCUMENT_FOUNDRY_RUN_ASTRA_20260925/00_CONTROL/DOCX_FACTORY/QUALITY_RECOVERY_R01/BATCH_03_QUALITY_RECOVERY_R01/CANDIDATES/0037_BATCH03_CANDIDATE_R08.docx,04_全部文件與歷次版本/TTQS_GPT6_ASTRA_FULL_HANDOFF_20260925/09/0873_0037_BATCH03_CANDIDATE_R08.docx,原樣保留；本次尚未確認完成驗收,251560,67db269c636fac22d7c9d5c595be66a4a7ab807ad4a9455a5b0d6111d11b8cd6
874,0038_BATCH03_CANDIDATE_R09.docx,TTQS_GPT6_ASTRA_FULL_HANDOFF_20260925/TTQS_GPT6_ASTRA_FULL_HANDOFF_20260925/TTQS_DOCUMENT_FOUNDRY_RUN_ASTRA_20260925/00_CONTROL/DOCX_FACTORY/QUALITY_RECOVERY_R01/BATCH_03_QUALITY_RECOVERY_R01/CANDIDATES/0038_BATCH03_CANDIDATE_R09.docx,04_全部文件與歷次版本/TTQS_GPT6_ASTRA_FULL_HANDOFF_20260925/09/0874_0038_BATCH03_CANDIDATE_R09.docx,原樣保留；本次尚未確認完成驗收,253921,a8d1d56cae9f12204f40bb7bf31140a19669ffec2c5917deba46aa0b3450f814
875,0039_BATCH03_CANDIDATE_R08.docx,TTQS_GPT6_ASTRA_FULL_HANDOFF_20260925/TTQS_GPT6_ASTRA_FULL_HANDOFF_20260925/TTQS_DOCUMENT_FOUNDRY_RUN_ASTRA_20260925/00_CONTROL/DOCX_FACTORY/QUALITY_RECOVERY_R01/BATCH_03_QUALITY_RECOVERY_R01/CANDIDATES/0039_BATCH03_CANDIDATE_R08.docx,04_全部文件與歷次版本/TTQS_GPT6_ASTRA_FULL_HANDOFF_20260925/09/0875_0039_BATCH03_CANDIDATE_R08.docx,原樣保留；本次尚未確認完成驗收,254255,2c1c313bd3efd48d89e9cf5f4d004f3f3589d0a0f1b81952d258988f7b7b533e
876,0040_BATCH03_CANDIDATE_R07.docx,TTQS_GPT6_ASTRA_FULL_HANDOFF_20260925/TTQS_GPT6_ASTRA_FULL_HANDOFF_20260925/TTQS_DOCUMENT_FOUNDRY_RUN_ASTRA_20260925/00_CONTROL/DOCX_FACTORY/QUALITY_RECOVERY_R01/BATCH_03_QUALITY_RECOVERY_R01/CANDIDATES/0040_BATCH03_CANDIDATE_R07.docx,04_全部文件與歷次版本/TTQS_GPT6_ASTRA_FULL_HANDOFF_20260925/09/0876_0040_BATCH03_CANDIDATE_R07.docx,原樣保留；本次尚未確認完成驗收,254133,3d94bd9f90371012d0ddc7e48dfe9b63f5782ebac00bedc05f76f0cabdf33beb
877,0036_BATCH03_CANDIDATE_R06.docx,TTQS_GPT6_ASTRA_FULL_HANDOFF_20260925/TTQS_GPT6_ASTRA_FULL_HANDOFF_20260925/TTQS_DOCUMENT_FOUNDRY_RUN_ASTRA_20260925/00_CONTROL/DOCX_FACTORY/QUALITY_RECOVERY_R01/BATCH_03_QUALITY_RECOVERY_R01/CANDIDATES/0036_BATCH03_CANDIDATE_R06.docx,04_全部文件與歷次版本/TTQS_GPT6_ASTRA_FULL_HANDOFF_20260925/09/0877_0036_BATCH03_CANDIDATE_R06.docx,原樣保留；本次尚未確認完成驗收,253743,4729822cb9e37743418482a2a5714e5b52930a567ce111bfbc5a5cc9685ee69a
878,0036_BATCH03_CANDIDATE_R07.docx,TTQS_GPT6_ASTRA_FULL_HANDOFF_20260925/TTQS_GPT6_ASTRA_FULL_HANDOFF_20260925/TTQS_DOCUMENT_FOUNDRY_RUN_ASTRA_20260925/00_CONTROL/DOCX_FACTORY/QUALITY_RECOVERY_R01/BATCH_03_QUALITY_RECOVERY_R01/CANDIDATES/0036_BATCH03_CANDIDATE_R07.docx,04_全部文件與歷次版本/TTQS_GPT6_ASTRA_FULL_HANDOFF_20260925/09/0878_0036_BATCH03_CANDIDATE_R07.docx,原樣保留；本次尚未確認完成驗收,253759,64507e245415a0fc993393b091845b69f6208df2743bb6e59f6f7f6835d06d57
879,0039_BATCH03_CANDIDATE_R09.docx,TTQS_GPT6_ASTRA_FULL_HANDOFF_20260925/TTQS_GPT6_ASTRA_FULL_HANDOFF_20260925/TTQS_DOCUMENT_FOUNDRY_RUN_ASTRA_20260925/00_CONTROL/DOCX_FACTORY/QUALITY_RECOVERY_R01/BATCH_03_QUALITY_RECOVERY_R01/CANDIDATES/0039_BATCH03_CANDIDATE_R09.docx,04_全部文件與歷次版本/TTQS_GPT6_ASTRA_FULL_HANDOFF_20260925/09/0879_0039_BATCH03_CANDIDATE_R09.docx,原樣保留；本次尚未確認完成驗收,254245,9463759b1b967b65b7a2d638587221e88ee640ee98c1f57aac9fe54c0a233939
880,0039_BATCH03_CANDIDATE_R10.docx,TTQS_GPT6_ASTRA_FULL_HANDOFF_20260925/TTQS_GPT6_ASTRA_FULL_HANDOFF_20260925/TTQS_DOCUMENT_FOUNDRY_RUN_ASTRA_20260925/00_CONTROL/DOCX_FACTORY/QUALITY_RECOVERY_R01/BATCH_03_QUALITY_RECOVERY_R01/CANDIDATES/0039_BATCH03_CANDIDATE_R10.docx,04_全部文件與歷次版本/TTQS_GPT6_ASTRA_FULL_HANDOFF_20260925/09/0880_0039_BATCH03_CANDIDATE_R10.docx,原樣保留；本次尚未確認完成驗收,254247,cfa9c8905bb8248ce11048bc0461e61776d2f8fdd12d707fffe8edc63e52cf83
881,0039_BATCH03_CANDIDATE_R11.docx,TTQS_GPT6_ASTRA_FULL_HANDOFF_20260925/TTQS_GPT6_ASTRA_FULL_HANDOFF_20260925/TTQS_DOCUMENT_FOUNDRY_RUN_ASTRA_20260925/00_CONTROL/DOCX_FACTORY/QUALITY_RECOVERY_R01/BATCH_03_QUALITY_RECOVERY_R01/CANDIDATES/0039_BATCH03_CANDIDATE_R11.docx,04_全部文件與歷次版本/TTQS_GPT6_ASTRA_FULL_HANDOFF_20260925/09/0881_0039_BATCH03_CANDIDATE_R11.docx,原樣保留；本次尚未確認完成驗收,254247,2a215cd10a74c5336924353ae033f927ee0991bc1b3806a595a0057795677508
882,0040_BATCH03_CANDIDATE_R08.docx,TTQS_GPT6_ASTRA_FULL_HANDOFF_20260925/TTQS_GPT6_ASTRA_FULL_HANDOFF_20260925/TTQS_DOCUMENT_FOUNDRY_RUN_ASTRA_20260925/00_CONTROL/DOCX_FACTORY/QUALITY_RECOVERY_R01/BATCH_03_QUALITY_RECOVERY_R01/CANDIDATES/0040_BATCH03_CANDIDATE_R08.docx,04_全部文件與歷次版本/TTQS_GPT6_ASTRA_FULL_HANDOFF_20260925/09/0882_0040_BATCH03_CANDIDATE_R08.docx,原樣保留；本次尚未確認完成驗收,254150,4d268a57e1f6cbd8da28d5d0904be7220ab0dba41119bb069c61c135b6e80392
883,0038_BATCH03_CANDIDATE_R10.docx,TTQS_GPT6_ASTRA_FULL_HANDOFF_20260925/TTQS_GPT6_ASTRA_FULL_HANDOFF_20260925/TTQS_DOCUMENT_FOUNDRY_RUN_ASTRA_20260925/00_CONTROL/DOCX_FACTORY/QUALITY_RECOVERY_R01/BATCH_03_QUALITY_RECOVERY_R01/CANDIDATES/0038_BATCH03_CANDIDATE_R10.docx,04_全部文件與歷次版本/TTQS_GPT6_ASTRA_FULL_HANDOFF_20260925/09/0883_0038_BATCH03_CANDIDATE_R10.docx,原樣保留；本次尚未確認完成驗收,253923,a4c245ace05115b1dd54017aae101788476ffbe55bc6a0d016243dc7574a38bd
884,0021_PRE_BATCH03_IMMUTABLE.docx,TTQS_GPT6_ASTRA_FULL_HANDOFF_20260925/TTQS_GPT6_ASTRA_FULL_HANDOFF_20260925/TTQS_DOCUMENT_FOUNDRY_RUN_ASTRA_20260925/00_CONTROL/DOCX_FACTORY/QUALITY_RECOVERY_R01/BATCH_03_QUALITY_RECOVERY_R01/CANONICAL_BACKUPS/0021_PRE_BATCH03_IMMUTABLE.docx,04_全部文件與歷次版本/TTQS_GPT6_ASTRA_FULL_HANDOFF_20260925/09/0884_0021_PRE_BATCH03_IMMUTABLE.docx,原樣保留；本次尚未確認完成驗收,41583,0bfae32d0b744b70f220d1acb3403a38b8b851de7306bbdb14000efd65c35bcb
885,0022_PRE_BATCH03_IMMUTABLE.docx,TTQS_GPT6_ASTRA_FULL_HANDOFF_20260925/TTQS_GPT6_ASTRA_FULL_HANDOFF_20260925/TTQS_DOCUMENT_FOUNDRY_RUN_ASTRA_20260925/00_CONTROL/DOCX_FACTORY/QUALITY_RECOVERY_R01/BATCH_03_QUALITY_RECOVERY_R01/CANONICAL_BACKUPS/0022_PRE_BATCH03_IMMUTABLE.docx,04_全部文件與歷次版本/TTQS_GPT6_ASTRA_FULL_HANDOFF_20260925/09/0885_0022_PRE_BATCH03_IMMUTABLE.docx,原樣保留；本次尚未確認完成驗收,42064,dba972f329be70cd62a54c5168f3800f4673a7a7224c228e5a6bf3266c4de2a1
886,0023_PRE_BATCH03_IMMUTABLE.docx,TTQS_GPT6_ASTRA_FULL_HANDOFF_20260925/TTQS_GPT6_ASTRA_FULL_HANDOFF_20260925/TTQS_DOCUMENT_FOUNDRY_RUN_ASTRA_20260925/00_CONTROL/DOCX_FACTORY/QUALITY_RECOVERY_R01/BATCH_03_QUALITY_RECOVERY_R01/CANONICAL_BACKUPS/0023_PRE_BATCH03_IMMUTABLE.docx,04_全部文件與歷次版本/TTQS_GPT6_ASTRA_FULL_HANDOFF_20260925/09/0886_0023_PRE_BATCH03_IMMUTABLE.docx,原樣保留；本次尚未確認完成驗收,41665,b4eb3d9aeaa80f7c984351fe9d01e94fe42b396d9b3483882519e1543d98561d
887,0024_PRE_BATCH03_IMMUTABLE.docx,TTQS_GPT6_ASTRA_FULL_HANDOFF_20260925/TTQS_GPT6_ASTRA_FULL_HANDOFF_20260925/TTQS_DOCUMENT_FOUNDRY_RUN_ASTRA_20260925/00_CONTROL/DOCX_FACTORY/QUALITY_RECOVERY_R01/BATCH_03_QUALITY_RECOVERY_R01/CANONICAL_BACKUPS/0024_PRE_BATCH03_IMMUTABLE.docx,04_全部文件與歷次版本/TTQS_GPT6_ASTRA_FULL_HANDOFF_20260925/09/0887_0024_PRE_BATCH03_IMMUTABLE.docx,原樣保留；本次尚未確認完成驗收,41317,5d76a7110205c45155ee82f7f6d45412b7af92ffb23006a61de94997910fc964
888,0026_PRE_BATCH03_IMMUTABLE.docx,TTQS_GPT6_ASTRA_FULL_HANDOFF_20260925/TTQS_GPT6_ASTRA_FULL_HANDOFF_20260925/TTQS_DOCUMENT_FOUNDRY_RUN_ASTRA_20260925/00_CONTROL/DOCX_FACTORY/QUALITY_RECOVERY_R01/BATCH_03_QUALITY_RECOVERY_R01/CANONICAL_BACKUPS/0026_PRE_BATCH03_IMMUTABLE.docx,04_全部文件與歷次版本/TTQS_GPT6_ASTRA_FULL_HANDOFF_20260925/09/0888_0026_PRE_BATCH03_IMMUTABLE.docx,原樣保留；本次尚未確認完成驗收,41851,e08c02726df8d27f5b9577d20cd4ca158cdc9e18c352607eef2b129cc35daefc
889,0027_PRE_BATCH03_IMMUTABLE.docx,TTQS_GPT6_ASTRA_FULL_HANDOFF_20260925/TTQS_GPT6_ASTRA_FULL_HANDOFF_20260925/TTQS_DOCUMENT_FOUNDRY_RUN_ASTRA_20260925/00_CONTROL/DOCX_FACTORY/QUALITY_RECOVERY_R01/BATCH_03_QUALITY_RECOVERY_R01/CANONICAL_BACKUPS/0027_PRE_BATCH03_IMMUTABLE.docx,04_全部文件與歷次版本/TTQS_GPT6_ASTRA_FULL_HANDOFF_20260925/09/0889_0027_PRE_BATCH03_IMMUTABLE.docx,原樣保留；本次尚未確認完成驗收,41316,15764758dc188b57cd5603781d511f1a108e2dab0e9771e8bc65bb9e9ab8acc0
890,0028_PRE_BATCH03_IMMUTABLE.docx,TTQS_GPT6_ASTRA_FULL_HANDOFF_20260925/TTQS_GPT6_ASTRA_FULL_HANDOFF_20260925/TTQS_DOCUMENT_FOUNDRY_RUN_ASTRA_20260925/00_CONTROL/DOCX_FACTORY/QUALITY_RECOVERY_R01/BATCH_03_QUALITY_RECOVERY_R01/CANONICAL_BACKUPS/0028_PRE_BATCH03_IMMUTABLE.docx,04_全部文件與歷次版本/TTQS_GPT6_ASTRA_FULL_HANDOFF_20260925/09/0890_0028_PRE_BATCH03_IMMUTABLE.docx,原樣保留；本次尚未確認完成驗收,41247,cf491eb0c21c424a54b95d909e1afb3dcc5157ba71a0d3dc40326ce1880604c0
891,0030_PRE_BATCH03_IMMUTABLE.docx,TTQS_GPT6_ASTRA_FULL_HANDOFF_20260925/TTQS_GPT6_ASTRA_FULL_HANDOFF_20260925/TTQS_DOCUMENT_FOUNDRY_RUN_ASTRA_20260925/00_CONTROL/DOCX_FACTORY/QUALITY_RECOVERY_R01/BATCH_03_QUALITY_RECOVERY_R01/CANONICAL_BACKUPS/0030_PRE_BATCH03_IMMUTABLE.docx,04_全部文件與歷次版本/TTQS_GPT6_ASTRA_FULL_HANDOFF_20260925/09/0891_0030_PRE_BATCH03_IMMUTABLE.docx,原樣保留；本次尚未確認完成驗收,41679,5ec0b5a35e82a12f47792c1a6d0e20b79bf07e6167eec9be22171b9bb2016482
892,0031_PRE_BATCH03_IMMUTABLE.docx,TTQS_GPT6_ASTRA_FULL_HANDOFF_20260925/TTQS_GPT6_ASTRA_FULL_HANDOFF_20260925/TTQS_DOCUMENT_FOUNDRY_RUN_ASTRA_20260925/00_CONTROL/DOCX_FACTORY/QUALITY_RECOVERY_R01/BATCH_03_QUALITY_RECOVERY_R01/CANONICAL_BACKUPS/0031_PRE_BATCH03_IMMUTABLE.docx,04_全部文件與歷次版本/TTQS_GPT6_ASTRA_FULL_HANDOFF_20260925/09/0892_0031_PRE_BATCH03_IMMUTABLE.docx,原樣保留；本次尚未確認完成驗收,43082,a79c76cae68c724b0cf9e1f5969074ebfaea13b8b7a00cfe8e112782387937a2
893,0032_PRE_BATCH03_IMMUTABLE.docx,TTQS_GPT6_ASTRA_FULL_HANDOFF_20260925/TTQS_GPT6_ASTRA_FULL_HANDOFF_20260925/TTQS_DOCUMENT_FOUNDRY_RUN_ASTRA_20260925/00_CONTROL/DOCX_FACTORY/QUALITY_RECOVERY_R01/BATCH_03_QUALITY_RECOVERY_R01/CANONICAL_BACKUPS/0032_PRE_BATCH03_IMMUTABLE.docx,04_全部文件與歷次版本/TTQS_GPT6_ASTRA_FULL_HANDOFF_20260925/09/0893_0032_PRE_BATCH03_IMMUTABLE.docx,原樣保留；本次尚未確認完成驗收,42548,34a654616b581e86869be6012da86e8fe391fb03452504c2bc43c8110ce76255
894,0033_PRE_BATCH03_IMMUTABLE.docx,TTQS_GPT6_ASTRA_FULL_HANDOFF_20260925/TTQS_GPT6_ASTRA_FULL_HANDOFF_20260925/TTQS_DOCUMENT_FOUNDRY_RUN_ASTRA_20260925/00_CONTROL/DOCX_FACTORY/QUALITY_RECOVERY_R01/BATCH_03_QUALITY_RECOVERY_R01/CANONICAL_BACKUPS/0033_PRE_BATCH03_IMMUTABLE.docx,04_全部文件與歷次版本/TTQS_GPT6_ASTRA_FULL_HANDOFF_20260925/09/0894_0033_PRE_BATCH03_IMMUTABLE.docx,原樣保留；本次尚未確認完成驗收,42817,2ceb6fe700db929fbde6ab8e1c002298202e93559f007777746d31ef850cbc94
895,0034_PRE_BATCH03_IMMUTABLE.docx,TTQS_GPT6_ASTRA_FULL_HANDOFF_20260925/TTQS_GPT6_ASTRA_FULL_HANDOFF_20260925/TTQS_DOCUMENT_FOUNDRY_RUN_ASTRA_20260925/00_CONTROL/DOCX_FACTORY/QUALITY_RECOVERY_R01/BATCH_03_QUALITY_RECOVERY_R01/CANONICAL_BACKUPS/0034_PRE_BATCH03_IMMUTABLE.docx,04_全部文件與歷次版本/TTQS_GPT6_ASTRA_FULL_HANDOFF_20260925/09/0895_0034_PRE_BATCH03_IMMUTABLE.docx,原樣保留；本次尚未確認完成驗收,42421,5a7dcc4bf33d6460228a5bf31c4e0a18ef6e05e5ce3e2c73216f5e64a1a0b9bd
896,0035_PRE_BATCH03_IMMUTABLE.docx,TTQS_GPT6_ASTRA_FULL_HANDOFF_20260925/TTQS_GPT6_ASTRA_FULL_HANDOFF_20260925/TTQS_DOCUMENT_FOUNDRY_RUN_ASTRA_20260925/00_CONTROL/DOCX_FACTORY/QUALITY_RECOVERY_R01/BATCH_03_QUALITY_RECOVERY_R01/CANONICAL_BACKUPS/0035_PRE_BATCH03_IMMUTABLE.docx,04_全部文件與歷次版本/TTQS_GPT6_ASTRA_FULL_HANDOFF_20260925/09/0896_0035_PRE_BATCH03_IMMUTABLE.docx,原樣保留；本次尚未確認完成驗收,42153,02fd1af5c2239c40c5a42f35d443d6ea1f735dfab56795fb0caa2dc51244f906
897,0036_PRE_BATCH03_IMMUTABLE.docx,TTQS_GPT6_ASTRA_FULL_HANDOFF_20260925/TTQS_GPT6_ASTRA_FULL_HANDOFF_20260925/TTQS_DOCUMENT_FOUNDRY_RUN_ASTRA_20260925/00_CONTROL/DOCX_FACTORY/QUALITY_RECOVERY_R01/BATCH_03_QUALITY_RECOVERY_R01/CANONICAL_BACKUPS/0036_PRE_BATCH03_IMMUTABLE.docx,04_全部文件與歷次版本/TTQS_GPT6_ASTRA_FULL_HANDOFF_20260925/09/0897_0036_PRE_BATCH03_IMMUTABLE.docx,原樣保留；本次尚未確認完成驗收,42518,5569c807fcc3770399047bac99be961bf059fbb287d311ffe988c89eb3bf43e5
898,0037_PRE_BATCH03_IMMUTABLE.docx,TTQS_GPT6_ASTRA_FULL_HANDOFF_20260925/TTQS_GPT6_ASTRA_FULL_HANDOFF_20260925/TTQS_DOCUMENT_FOUNDRY_RUN_ASTRA_20260925/00_CONTROL/DOCX_FACTORY/QUALITY_RECOVERY_R01/BATCH_03_QUALITY_RECOVERY_R01/CANONICAL_BACKUPS/0037_PRE_BATCH03_IMMUTABLE.docx,04_全部文件與歷次版本/TTQS_GPT6_ASTRA_FULL_HANDOFF_20260925/09/0898_0037_PRE_BATCH03_IMMUTABLE.docx,原樣保留；本次尚未確認完成驗收,42020,d4afc6374a8cd81090ebd89aa1d1341b4e0d827bbe5ede07e9516e70818749ba
899,0038_PRE_BATCH03_IMMUTABLE.docx,TTQS_GPT6_ASTRA_FULL_HANDOFF_20260925/TTQS_GPT6_ASTRA_FULL_HANDOFF_20260925/TTQS_DOCUMENT_FOUNDRY_RUN_ASTRA_20260925/00_CONTROL/DOCX_FACTORY/QUALITY_RECOVERY_R01/BATCH_03_QUALITY_RECOVERY_R01/CANONICAL_BACKUPS/0038_PRE_BATCH03_IMMUTABLE.docx,04_全部文件與歷次版本/TTQS_GPT6_ASTRA_FULL_HANDOFF_20260925/09/0899_0038_PRE_BATCH03_IMMUTABLE.docx,原樣保留；本次尚未確認完成驗收,41934,f4ae6e6f89aceb34b86d72659a4b75c39b1d325725dfb06190d832855c3f8212
900,0039_PRE_BATCH03_IMMUTABLE.docx,TTQS_GPT6_ASTRA_FULL_HANDOFF_20260925/TTQS_GPT6_ASTRA_FULL_HANDOFF_20260925/TTQS_DOCUMENT_FOUNDRY_RUN_ASTRA_20260925/00_CONTROL/DOCX_FACTORY/QUALITY_RECOVERY_R01/BATCH_03_QUALITY_RECOVERY_R01/CANONICAL_BACKUPS/0039_PRE_BATCH03_IMMUTABLE.docx,04_全部文件與歷次版本/TTQS_GPT6_ASTRA_FULL_HANDOFF_20260925/09/0900_0039_PRE_BATCH03_IMMUTABLE.docx,原樣保留；本次尚未確認完成驗收,42270,6e89708e261980896af4e02520950e0dec383ab88c9c6c9e2b7a52d613e67a51
901,0040_PRE_BATCH03_IMMUTABLE.docx,TTQS_GPT6_ASTRA_FULL_HANDOFF_20260925/TTQS_GPT6_ASTRA_FULL_HANDOFF_20260925/TTQS_DOCUMENT_FOUNDRY_RUN_ASTRA_20260925/00_CONTROL/DOCX_FACTORY/QUALITY_RECOVERY_R01/BATCH_03_QUALITY_RECOVERY_R01/CANONICAL_BACKUPS/0040_PRE_BATCH03_IMMUTABLE.docx,04_全部文件與歷次版本/TTQS_GPT6_ASTRA_FULL_HANDOFF_20260925/10/0901_0040_PRE_BATCH03_IMMUTABLE.docx,原樣保留；本次尚未確認完成驗收,42686,8611414fd8b093acd95e48ed8b7659b06d63062916c2c755ac0782ba7cdf2754
902,0042_PRE_BATCH03_IMMUTABLE.docx,TTQS_GPT6_ASTRA_FULL_HANDOFF_20260925/TTQS_GPT6_ASTRA_FULL_HANDOFF_20260925/TTQS_DOCUMENT_FOUNDRY_RUN_ASTRA_20260925/00_CONTROL/DOCX_FACTORY/QUALITY_RECOVERY_R01/BATCH_03_QUALITY_RECOVERY_R01/CANONICAL_BACKUPS/0042_PRE_BATCH03_IMMUTABLE.docx,04_全部文件與歷次版本/TTQS_GPT6_ASTRA_FULL_HANDOFF_20260925/10/0902_0042_PRE_BATCH03_IMMUTABLE.docx,原樣保留；本次尚未確認完成驗收,43044,7518860dc72cd4226bd92f10a1a1ed1456297829403957d0e80a4b82351f77d4
903,0043_PRE_BATCH03_IMMUTABLE.docx,TTQS_GPT6_ASTRA_FULL_HANDOFF_20260925/TTQS_GPT6_ASTRA_FULL_HANDOFF_20260925/TTQS_DOCUMENT_FOUNDRY_RUN_ASTRA_20260925/00_CONTROL/DOCX_FACTORY/QUALITY_RECOVERY_R01/BATCH_03_QUALITY_RECOVERY_R01/CANONICAL_BACKUPS/0043_PRE_BATCH03_IMMUTABLE.docx,04_全部文件與歷次版本/TTQS_GPT6_ASTRA_FULL_HANDOFF_20260925/10/0903_0043_PRE_BATCH03_IMMUTABLE.docx,原樣保留；本次尚未確認完成驗收,43441,21c80181eab29e01827f19c77e5f7f3c6dc412eea599720b3c1fd064427870a5
904,0022_PRE_LAYOUT_R02_099f517fc5a7.docx,TTQS_GPT6_ASTRA_FULL_HANDOFF_20260925/TTQS_GPT6_ASTRA_FULL_HANDOFF_20260925/TTQS_DOCUMENT_FOUNDRY_RUN_ASTRA_20260925/00_CONTROL/DOCX_FACTORY/QUALITY_RECOVERY_R01/BATCH_03_QUALITY_RECOVERY_R01/LAYOUT_REPAIR_PRESTATE_R02/0022_PRE_LAYOUT_R02_099f517fc5a7.docx,04_全部文件與歷次版本/TTQS_GPT6_ASTRA_FULL_HANDOFF_20260925/10/0904_0022_PRE_LAYOUT_R02_099f517fc5a7.docx,原樣保留；本次尚未確認完成驗收,81954,099f517fc5a7ae3526fc1a70ae57bf6bee3c2f49a73c2d029afac41c7cba7319
905,0031_PRE_LAYOUT_R02_f28c4238ee2a.docx,TTQS_GPT6_ASTRA_FULL_HANDOFF_20260925/TTQS_GPT6_ASTRA_FULL_HANDOFF_20260925/TTQS_DOCUMENT_FOUNDRY_RUN_ASTRA_20260925/00_CONTROL/DOCX_FACTORY/QUALITY_RECOVERY_R01/BATCH_03_QUALITY_RECOVERY_R01/LAYOUT_REPAIR_PRESTATE_R02/0031_PRE_LAYOUT_R02_f28c4238ee2a.docx,04_全部文件與歷次版本/TTQS_GPT6_ASTRA_FULL_HANDOFF_20260925/10/0905_0031_PRE_LAYOUT_R02_f28c4238ee2a.docx,原樣保留；本次尚未確認完成驗收,85918,f28c4238ee2addbceb8fe012c3cf5f494fbc88d4d38c2cd2831ac606e93a1bba
906,0033_PRE_LAYOUT_R02_9c4c8963b05c.docx,TTQS_GPT6_ASTRA_FULL_HANDOFF_20260925/TTQS_GPT6_ASTRA_FULL_HANDOFF_20260925/TTQS_DOCUMENT_FOUNDRY_RUN_ASTRA_20260925/00_CONTROL/DOCX_FACTORY/QUALITY_RECOVERY_R01/BATCH_03_QUALITY_RECOVERY_R01/LAYOUT_REPAIR_PRESTATE_R02/0033_PRE_LAYOUT_R02_9c4c8963b05c.docx,04_全部文件與歷次版本/TTQS_GPT6_ASTRA_FULL_HANDOFF_20260925/10/0906_0033_PRE_LAYOUT_R02_9c4c8963b05c.docx,原樣保留；本次尚未確認完成驗收,44092,9c4c8963b05c7fad724e4e7b27d1335b35c6cf21ef2196c2bfde56cf2f72f527
907,0038_PRE_LAYOUT_R02_a02d1ec5e738.docx,TTQS_GPT6_ASTRA_FULL_HANDOFF_20260925/TTQS_GPT6_ASTRA_FULL_HANDOFF_20260925/TTQS_DOCUMENT_FOUNDRY_RUN_ASTRA_20260925/00_CONTROL/DOCX_FACTORY/QUALITY_RECOVERY_R01/BATCH_03_QUALITY_RECOVERY_R01/LAYOUT_REPAIR_PRESTATE_R02/0038_PRE_LAYOUT_R02_a02d1ec5e738.docx,04_全部文件與歷次版本/TTQS_GPT6_ASTRA_FULL_HANDOFF_20260925/10/0907_0038_PRE_LAYOUT_R02_a02d1ec5e738.docx,原樣保留；本次尚未確認完成驗收,42934,a02d1ec5e738b65bcbf7d063e5b1b3410ff4f3feaacdba7ab46ebb36021fe505
908,0040_PRE_LAYOUT_R02_b3b9a5cbe97d.docx,TTQS_GPT6_ASTRA_FULL_HANDOFF_20260925/TTQS_GPT6_ASTRA_FULL_HANDOFF_20260925/TTQS_DOCUMENT_FOUNDRY_RUN_ASTRA_20260925/00_CONTROL/DOCX_FACTORY/QUALITY_RECOVERY_R01/BATCH_03_QUALITY_RECOVERY_R01/LAYOUT_REPAIR_PRESTATE_R02/0040_PRE_LAYOUT_R02_b3b9a5cbe97d.docx,04_全部文件與歷次版本/TTQS_GPT6_ASTRA_FULL_HANDOFF_20260925/10/0908_0040_PRE_LAYOUT_R02_b3b9a5cbe97d.docx,原樣保留；本次尚未確認完成驗收,43310,b3b9a5cbe97d2a9eb0fcfcf41fbdd24535679e6b512d2bdd4eb76393eed95716
909,0042_PRE_LAYOUT_R02_520b12398014.docx,TTQS_GPT6_ASTRA_FULL_HANDOFF_20260925/TTQS_GPT6_ASTRA_FULL_HANDOFF_20260925/TTQS_DOCUMENT_FOUNDRY_RUN_ASTRA_20260925/00_CONTROL/DOCX_FACTORY/QUALITY_RECOVERY_R01/BATCH_03_QUALITY_RECOVERY_R01/LAYOUT_REPAIR_PRESTATE_R02/0042_PRE_LAYOUT_R02_520b12398014.docx,04_全部文件與歷次版本/TTQS_GPT6_ASTRA_FULL_HANDOFF_20260925/10/0909_0042_PRE_LAYOUT_R02_520b12398014.docx,原樣保留；本次尚未確認完成驗收,44052,520b12398014a2d4d50b451edc4d0c00eca36df601e480a8e54c416aa372ae8d
910,0043_PRE_LAYOUT_R02_5e49ec98033b.docx,TTQS_GPT6_ASTRA_FULL_HANDOFF_20260925/TTQS_GPT6_ASTRA_FULL_HANDOFF_20260925/TTQS_DOCUMENT_FOUNDRY_RUN_ASTRA_20260925/00_CONTROL/DOCX_FACTORY/QUALITY_RECOVERY_R01/BATCH_03_QUALITY_RECOVERY_R01/LAYOUT_REPAIR_PRESTATE_R02/0043_PRE_LAYOUT_R02_5e49ec98033b.docx,04_全部文件與歷次版本/TTQS_GPT6_ASTRA_FULL_HANDOFF_20260925/10/0910_0043_PRE_LAYOUT_R02_5e49ec98033b.docx,原樣保留；本次尚未確認完成驗收,93018,5e49ec98033b915a17892386ebb173d5eccc61f8eb78ac919323706db45656b7
911,0033_PRE_LAYOUT_R03_f94f75572dca.docx,TTQS_GPT6_ASTRA_FULL_HANDOFF_20260925/TTQS_GPT6_ASTRA_FULL_HANDOFF_20260925/TTQS_DOCUMENT_FOUNDRY_RUN_ASTRA_20260925/00_CONTROL/DOCX_FACTORY/QUALITY_RECOVERY_R01/BATCH_03_QUALITY_RECOVERY_R01/LAYOUT_REPAIR_PRESTATE_R03/0033_PRE_LAYOUT_R03_f94f75572dca.docx,04_全部文件與歷次版本/TTQS_GPT6_ASTRA_FULL_HANDOFF_20260925/10/0911_0033_PRE_LAYOUT_R03_f94f75572dca.docx,原樣保留；本次尚未確認完成驗收,44077,f94f75572dca46620244832ae2fcc3f86fbaa8a8cc5cdc0ff00b83cdb6980b6d
912,0042_PRE_LAYOUT_R03_4bfa80e1a86e.docx,TTQS_GPT6_ASTRA_FULL_HANDOFF_20260925/TTQS_GPT6_ASTRA_FULL_HANDOFF_20260925/TTQS_DOCUMENT_FOUNDRY_RUN_ASTRA_20260925/00_CONTROL/DOCX_FACTORY/QUALITY_RECOVERY_R01/BATCH_03_QUALITY_RECOVERY_R01/LAYOUT_REPAIR_PRESTATE_R03/0042_PRE_LAYOUT_R03_4bfa80e1a86e.docx,04_全部文件與歷次版本/TTQS_GPT6_ASTRA_FULL_HANDOFF_20260925/10/0912_0042_PRE_LAYOUT_R03_4bfa80e1a86e.docx,原樣保留；本次尚未確認完成驗收,44039,4bfa80e1a86ef237cff38859ae464460ef2033e213c95b205ef748fe9c3f4e86
913,0044_BATCH04_CANDIDATE_R01.docx,TTQS_GPT6_ASTRA_FULL_HANDOFF_20260925/TTQS_GPT6_ASTRA_FULL_HANDOFF_20260925/TTQS_DOCUMENT_FOUNDRY_RUN_ASTRA_20260925/00_CONTROL/DOCX_FACTORY/QUALITY_RECOVERY_R01/BATCH_04_QUALITY_RECOVERY_R01/CANDIDATES/0044_BATCH04_CANDIDATE_R01.docx,04_全部文件與歷次版本/TTQS_GPT6_ASTRA_FULL_HANDOFF_20260925/10/0913_0044_BATCH04_CANDIDATE_R01.docx,原樣保留；本次尚未確認完成驗收,43240,0e25cabb87717d08bcdcbfb242ce5e8168d03ed547f5c0c3aaa7181350489d9e
914,0045_BATCH04_CANDIDATE_R01.docx,TTQS_GPT6_ASTRA_FULL_HANDOFF_20260925/TTQS_GPT6_ASTRA_FULL_HANDOFF_20260925/TTQS_DOCUMENT_FOUNDRY_RUN_ASTRA_20260925/00_CONTROL/DOCX_FACTORY/QUALITY_RECOVERY_R01/BATCH_04_QUALITY_RECOVERY_R01/CANDIDATES/0045_BATCH04_CANDIDATE_R01.docx,04_全部文件與歷次版本/TTQS_GPT6_ASTRA_FULL_HANDOFF_20260925/10/0914_0045_BATCH04_CANDIDATE_R01.docx,原樣保留；本次尚未確認完成驗收,46102,5f70a5af99adb9f9713487b7f5881dbbef36239b9ec0ed858fc791391d0debcf
915,0046_BATCH04_CANDIDATE_R01.docx,TTQS_GPT6_ASTRA_FULL_HANDOFF_20260925/TTQS_GPT6_ASTRA_FULL_HANDOFF_20260925/TTQS_DOCUMENT_FOUNDRY_RUN_ASTRA_20260925/00_CONTROL/DOCX_FACTORY/QUALITY_RECOVERY_R01/BATCH_04_QUALITY_RECOVERY_R01/CANDIDATES/0046_BATCH04_CANDIDATE_R01.docx,04_全部文件與歷次版本/TTQS_GPT6_ASTRA_FULL_HANDOFF_20260925/10/0915_0046_BATCH04_CANDIDATE_R01.docx,原樣保留；本次尚未確認完成驗收,43551,8c5b6c75e32dff9980f4cdc44a04c67a8a0bff11bf88defc1372dfbb7c29845b
916,0047_BATCH04_CANDIDATE_R01.docx,TTQS_GPT6_ASTRA_FULL_HANDOFF_20260925/TTQS_GPT6_ASTRA_FULL_HANDOFF_20260925/TTQS_DOCUMENT_FOUNDRY_RUN_ASTRA_20260925/00_CONTROL/DOCX_FACTORY/QUALITY_RECOVERY_R01/BATCH_04_QUALITY_RECOVERY_R01/CANDIDATES/0047_BATCH04_CANDIDATE_R01.docx,04_全部文件與歷次版本/TTQS_GPT6_ASTRA_FULL_HANDOFF_20260925/10/0916_0047_BATCH04_CANDIDATE_R01.docx,原樣保留；本次尚未確認完成驗收,43392,e1cd06f1cd2be8b15746b134dbfbb25080e22330d80c39971e80b28b8c9f0e82
917,0048_BATCH04_CANDIDATE_R01.docx,TTQS_GPT6_ASTRA_FULL_HANDOFF_20260925/TTQS_GPT6_ASTRA_FULL_HANDOFF_20260925/TTQS_DOCUMENT_FOUNDRY_RUN_ASTRA_20260925/00_CONTROL/DOCX_FACTORY/QUALITY_RECOVERY_R01/BATCH_04_QUALITY_RECOVERY_R01/CANDIDATES/0048_BATCH04_CANDIDATE_R01.docx,04_全部文件與歷次版本/TTQS_GPT6_ASTRA_FULL_HANDOFF_20260925/10/0917_0048_BATCH04_CANDIDATE_R01.docx,原樣保留；本次尚未確認完成驗收,43091,a2f189272d092c9ee621feb578fe04f7aa417892734a52c895d749f29ed01f1a
918,0049_BATCH04_CANDIDATE_R01.docx,TTQS_GPT6_ASTRA_FULL_HANDOFF_20260925/TTQS_GPT6_ASTRA_FULL_HANDOFF_20260925/TTQS_DOCUMENT_FOUNDRY_RUN_ASTRA_20260925/00_CONTROL/DOCX_FACTORY/QUALITY_RECOVERY_R01/BATCH_04_QUALITY_RECOVERY_R01/CANDIDATES/0049_BATCH04_CANDIDATE_R01.docx,04_全部文件與歷次版本/TTQS_GPT6_ASTRA_FULL_HANDOFF_20260925/10/0918_0049_BATCH04_CANDIDATE_R01.docx,原樣保留；本次尚未確認完成驗收,43118,33973a836e016b600b7389ae0a8397664e6eabe4bdb9569ac644fbdf18886339
919,0050_BATCH04_CANDIDATE_R01.docx,TTQS_GPT6_ASTRA_FULL_HANDOFF_20260925/TTQS_GPT6_ASTRA_FULL_HANDOFF_20260925/TTQS_DOCUMENT_FOUNDRY_RUN_ASTRA_20260925/00_CONTROL/DOCX_FACTORY/QUALITY_RECOVERY_R01/BATCH_04_QUALITY_RECOVERY_R01/CANDIDATES/0050_BATCH04_CANDIDATE_R01.docx,04_全部文件與歷次版本/TTQS_GPT6_ASTRA_FULL_HANDOFF_20260925/10/0919_0050_BATCH04_CANDIDATE_R01.docx,原樣保留；本次尚未確認完成驗收,43003,70acc4da639978d1f7a42e1cbdd99266fef038fef7e43e3c3e97b716c6117916
920,0051_BATCH04_CANDIDATE_R01.docx,TTQS_GPT6_ASTRA_FULL_HANDOFF_20260925/TTQS_GPT6_ASTRA_FULL_HANDOFF_20260925/TTQS_DOCUMENT_FOUNDRY_RUN_ASTRA_20260925/00_CONTROL/DOCX_FACTORY/QUALITY_RECOVERY_R01/BATCH_04_QUALITY_RECOVERY_R01/CANDIDATES/0051_BATCH04_CANDIDATE_R01.docx,04_全部文件與歷次版本/TTQS_GPT6_ASTRA_FULL_HANDOFF_20260925/10/0920_0051_BATCH04_CANDIDATE_R01.docx,原樣保留；本次尚未確認完成驗收,40785,ef98badb75a6a652438b5f18596cdd97002780eff0a25f7e1787ebf2f83e8ccb
921,0056_BATCH04_CANDIDATE_R01.docx,TTQS_GPT6_ASTRA_FULL_HANDOFF_20260925/TTQS_GPT6_ASTRA_FULL_HANDOFF_20260925/TTQS_DOCUMENT_FOUNDRY_RUN_ASTRA_20260925/00_CONTROL/DOCX_FACTORY/QUALITY_RECOVERY_R01/BATCH_04_QUALITY_RECOVERY_R01/CANDIDATES/0056_BATCH04_CANDIDATE_R01.docx,04_全部文件與歷次版本/TTQS_GPT6_ASTRA_FULL_HANDOFF_20260925/10/0921_0056_BATCH04_CANDIDATE_R01.docx,原樣保留；本次尚未確認完成驗收,40645,da967fbf0ab03fb5014fa38bf7750ef599dea00e7ff230c856113df70af11ad4
922,0057_BATCH04_CANDIDATE_R01.docx,TTQS_GPT6_ASTRA_FULL_HANDOFF_20260925/TTQS_GPT6_ASTRA_FULL_HANDOFF_20260925/TTQS_DOCUMENT_FOUNDRY_RUN_ASTRA_20260925/00_CONTROL/DOCX_FACTORY/QUALITY_RECOVERY_R01/BATCH_04_QUALITY_RECOVERY_R01/CANDIDATES/0057_BATCH04_CANDIDATE_R01.docx,04_全部文件與歷次版本/TTQS_GPT6_ASTRA_FULL_HANDOFF_20260925/10/0922_0057_BATCH04_CANDIDATE_R01.docx,原樣保留；本次尚未確認完成驗收,40770,fb4ed54e5382f4a6904b83980c3f0aff61ab62c19c45cc46ab3342d44ae4b308
923,0058_BATCH04_CANDIDATE_R01.docx,TTQS_GPT6_ASTRA_FULL_HANDOFF_20260925/TTQS_GPT6_ASTRA_FULL_HANDOFF_20260925/TTQS_DOCUMENT_FOUNDRY_RUN_ASTRA_20260925/00_CONTROL/DOCX_FACTORY/QUALITY_RECOVERY_R01/BATCH_04_QUALITY_RECOVERY_R01/CANDIDATES/0058_BATCH04_CANDIDATE_R01.docx,04_全部文件與歷次版本/TTQS_GPT6_ASTRA_FULL_HANDOFF_20260925/10/0923_0058_BATCH04_CANDIDATE_R01.docx,原樣保留；本次尚未確認完成驗收,41044,a1430a4fc2141246d4ce46b3e787b46d9eb4a02d62d2352baa940fa8050cf46d
924,0059_BATCH04_CANDIDATE_R01.docx,TTQS_GPT6_ASTRA_FULL_HANDOFF_20260925/TTQS_GPT6_ASTRA_FULL_HANDOFF_20260925/TTQS_DOCUMENT_FOUNDRY_RUN_ASTRA_20260925/00_CONTROL/DOCX_FACTORY/QUALITY_RECOVERY_R01/BATCH_04_QUALITY_RECOVERY_R01/CANDIDATES/0059_BATCH04_CANDIDATE_R01.docx,04_全部文件與歷次版本/TTQS_GPT6_ASTRA_FULL_HANDOFF_20260925/10/0924_0059_BATCH04_CANDIDATE_R01.docx,原樣保留；本次尚未確認完成驗收,40794,7dce6e04d5774a2328f3201574bd2e1cd3b6d1eea80e1dff4a10acc7b43d8e5c
925,0063_BATCH04_CANDIDATE_R01.docx,TTQS_GPT6_ASTRA_FULL_HANDOFF_20260925/TTQS_GPT6_ASTRA_FULL_HANDOFF_20260925/TTQS_DOCUMENT_FOUNDRY_RUN_ASTRA_20260925/00_CONTROL/DOCX_FACTORY/QUALITY_RECOVERY_R01/BATCH_04_QUALITY_RECOVERY_R01/CANDIDATES/0063_BATCH04_CANDIDATE_R01.docx,04_全部文件與歷次版本/TTQS_GPT6_ASTRA_FULL_HANDOFF_20260925/10/0925_0063_BATCH04_CANDIDATE_R01.docx,原樣保留；本次尚未確認完成驗收,41248,d5e304a6e2b64d73f80325f0bd1be160cee5df14ec6ace856b70b653a6410f1f
926,0064_BATCH04_CANDIDATE_R01.docx,TTQS_GPT6_ASTRA_FULL_HANDOFF_20260925/TTQS_GPT6_ASTRA_FULL_HANDOFF_20260925/TTQS_DOCUMENT_FOUNDRY_RUN_ASTRA_20260925/00_CONTROL/DOCX_FACTORY/QUALITY_RECOVERY_R01/BATCH_04_QUALITY_RECOVERY_R01/CANDIDATES/0064_BATCH04_CANDIDATE_R01.docx,04_全部文件與歷次版本/TTQS_GPT6_ASTRA_FULL_HANDOFF_20260925/10/0926_0064_BATCH04_CANDIDATE_R01.docx,原樣保留；本次尚未確認完成驗收,41865,88f982fa197255f234eeafe496f7f3eb6a3beca28a91b79b90203bf4967cd128
927,0065_BATCH04_CANDIDATE_R01.docx,TTQS_GPT6_ASTRA_FULL_HANDOFF_20260925/TTQS_GPT6_ASTRA_FULL_HANDOFF_20260925/TTQS_DOCUMENT_FOUNDRY_RUN_ASTRA_20260925/00_CONTROL/DOCX_FACTORY/QUALITY_RECOVERY_R01/BATCH_04_QUALITY_RECOVERY_R01/CANDIDATES/0065_BATCH04_CANDIDATE_R01.docx,04_全部文件與歷次版本/TTQS_GPT6_ASTRA_FULL_HANDOFF_20260925/10/0927_0065_BATCH04_CANDIDATE_R01.docx,原樣保留；本次尚未確認完成驗收,40918,34587bcb30c0063f8ad7f9b286c64dbfc695ccc7f59f619a3b775b52b95d88da
928,0066_BATCH04_CANDIDATE_R01.docx,TTQS_GPT6_ASTRA_FULL_HANDOFF_20260925/TTQS_GPT6_ASTRA_FULL_HANDOFF_20260925/TTQS_DOCUMENT_FOUNDRY_RUN_ASTRA_20260925/00_CONTROL/DOCX_FACTORY/QUALITY_RECOVERY_R01/BATCH_04_QUALITY_RECOVERY_R01/CANDIDATES/0066_BATCH04_CANDIDATE_R01.docx,04_全部文件與歷次版本/TTQS_GPT6_ASTRA_FULL_HANDOFF_20260925/10/0928_0066_BATCH04_CANDIDATE_R01.docx,原樣保留；本次尚未確認完成驗收,61302,1cc1ae53d93d1b99e7ca36bff93096e323511eb7ad18d98da6681d6f9dc07489
929,0067_BATCH04_CANDIDATE_R01.docx,TTQS_GPT6_ASTRA_FULL_HANDOFF_20260925/TTQS_GPT6_ASTRA_FULL_HANDOFF_20260925/TTQS_DOCUMENT_FOUNDRY_RUN_ASTRA_20260925/00_CONTROL/DOCX_FACTORY/QUALITY_RECOVERY_R01/BATCH_04_QUALITY_RECOVERY_R01/CANDIDATES/0067_BATCH04_CANDIDATE_R01.docx,04_全部文件與歷次版本/TTQS_GPT6_ASTRA_FULL_HANDOFF_20260925/10/0929_0067_BATCH04_CANDIDATE_R01.docx,原樣保留；本次尚未確認完成驗收,41394,fc73b4335f402ca2abc7e8e791852e8fe5359de667967d6cd0ce96fcb68dab1d
930,0068_BATCH04_CANDIDATE_R01.docx,TTQS_GPT6_ASTRA_FULL_HANDOFF_20260925/TTQS_GPT6_ASTRA_FULL_HANDOFF_20260925/TTQS_DOCUMENT_FOUNDRY_RUN_ASTRA_20260925/00_CONTROL/DOCX_FACTORY/QUALITY_RECOVERY_R01/BATCH_04_QUALITY_RECOVERY_R01/CANDIDATES/0068_BATCH04_CANDIDATE_R01.docx,04_全部文件與歷次版本/TTQS_GPT6_ASTRA_FULL_HANDOFF_20260925/10/0930_0068_BATCH04_CANDIDATE_R01.docx,原樣保留；本次尚未確認完成驗收,40918,bd5fe89c8aa7f83c4b826915a753baefd288ee20d540e1760f99a15b1b344331
931,0069_BATCH04_CANDIDATE_R01.docx,TTQS_GPT6_ASTRA_FULL_HANDOFF_20260925/TTQS_GPT6_ASTRA_FULL_HANDOFF_20260925/TTQS_DOCUMENT_FOUNDRY_RUN_ASTRA_20260925/00_CONTROL/DOCX_FACTORY/QUALITY_RECOVERY_R01/BATCH_04_QUALITY_RECOVERY_R01/CANDIDATES/0069_BATCH04_CANDIDATE_R01.docx,04_全部文件與歷次版本/TTQS_GPT6_ASTRA_FULL_HANDOFF_20260925/10/0931_0069_BATCH04_CANDIDATE_R01.docx,原樣保留；本次尚未確認完成驗收,41249,2ffadc8b8331d2463629872d3771a8260c764b434b40dc0b22a8d539688b93f6
932,0070_BATCH04_CANDIDATE_R01.docx,TTQS_GPT6_ASTRA_FULL_HANDOFF_20260925/TTQS_GPT6_ASTRA_FULL_HANDOFF_20260925/TTQS_DOCUMENT_FOUNDRY_RUN_ASTRA_20260925/00_CONTROL/DOCX_FACTORY/QUALITY_RECOVERY_R01/BATCH_04_QUALITY_RECOVERY_R01/CANDIDATES/0070_BATCH04_CANDIDATE_R01.docx,04_全部文件與歷次版本/TTQS_GPT6_ASTRA_FULL_HANDOFF_20260925/10/0932_0070_BATCH04_CANDIDATE_R01.docx,原樣保留；本次尚未確認完成驗收,59721,4bc597aa6193cd6de34fa5c62caa1828276940d21d0a18a3f4d1ea4b8e40ae48
933,0056_BATCH04_CANDIDATE_R02.docx,TTQS_GPT6_ASTRA_FULL_HANDOFF_20260925/TTQS_GPT6_ASTRA_FULL_HANDOFF_20260925/TTQS_DOCUMENT_FOUNDRY_RUN_ASTRA_20260925/00_CONTROL/DOCX_FACTORY/QUALITY_RECOVERY_R01/BATCH_04_QUALITY_RECOVERY_R01/CANDIDATES/0056_BATCH04_CANDIDATE_R02.docx,04_全部文件與歷次版本/TTQS_GPT6_ASTRA_FULL_HANDOFF_20260925/10/0933_0056_BATCH04_CANDIDATE_R02.docx,原樣保留；本次尚未確認完成驗收,40816,64efa775544acdb8a9f0ae9bbf995e780284b7ff98bbc1e3b7d1d0f53cc0f5e8
934,0057_BATCH04_CANDIDATE_R02.docx,TTQS_GPT6_ASTRA_FULL_HANDOFF_20260925/TTQS_GPT6_ASTRA_FULL_HANDOFF_20260925/TTQS_DOCUMENT_FOUNDRY_RUN_ASTRA_20260925/00_CONTROL/DOCX_FACTORY/QUALITY_RECOVERY_R01/BATCH_04_QUALITY_RECOVERY_R01/CANDIDATES/0057_BATCH04_CANDIDATE_R02.docx,04_全部文件與歷次版本/TTQS_GPT6_ASTRA_FULL_HANDOFF_20260925/10/0934_0057_BATCH04_CANDIDATE_R02.docx,原樣保留；本次尚未確認完成驗收,40594,c727026490a281ea4742743b5add45908edd26683dd1f04fc6cd624d3a78b13e
935,0058_BATCH04_CANDIDATE_R02.docx,TTQS_GPT6_ASTRA_FULL_HANDOFF_20260925/TTQS_GPT6_ASTRA_FULL_HANDOFF_20260925/TTQS_DOCUMENT_FOUNDRY_RUN_ASTRA_20260925/00_CONTROL/DOCX_FACTORY/QUALITY_RECOVERY_R01/BATCH_04_QUALITY_RECOVERY_R01/CANDIDATES/0058_BATCH04_CANDIDATE_R02.docx,04_全部文件與歷次版本/TTQS_GPT6_ASTRA_FULL_HANDOFF_20260925/10/0935_0058_BATCH04_CANDIDATE_R02.docx,原樣保留；本次尚未確認完成驗收,40776,4fe6f1b8f7fc11b8cf8934dcd822560a992dd2221e09e084f3e6089771a3230d
936,0059_BATCH04_CANDIDATE_R02.docx,TTQS_GPT6_ASTRA_FULL_HANDOFF_20260925/TTQS_GPT6_ASTRA_FULL_HANDOFF_20260925/TTQS_DOCUMENT_FOUNDRY_RUN_ASTRA_20260925/00_CONTROL/DOCX_FACTORY/QUALITY_RECOVERY_R01/BATCH_04_QUALITY_RECOVERY_R01/CANDIDATES/0059_BATCH04_CANDIDATE_R02.docx,04_全部文件與歷次版本/TTQS_GPT6_ASTRA_FULL_HANDOFF_20260925/10/0936_0059_BATCH04_CANDIDATE_R02.docx,原樣保留；本次尚未確認完成驗收,41771,ce3972584b29934a2327e0bf090735e1c45c5cb3238fc854698dc26b179bf9ac
937,0063_BATCH04_CANDIDATE_R02.docx,TTQS_GPT6_ASTRA_FULL_HANDOFF_20260925/TTQS_GPT6_ASTRA_FULL_HANDOFF_20260925/TTQS_DOCUMENT_FOUNDRY_RUN_ASTRA_20260925/00_CONTROL/DOCX_FACTORY/QUALITY_RECOVERY_R01/BATCH_04_QUALITY_RECOVERY_R01/CANDIDATES/0063_BATCH04_CANDIDATE_R02.docx,04_全部文件與歷次版本/TTQS_GPT6_ASTRA_FULL_HANDOFF_20260925/10/0937_0063_BATCH04_CANDIDATE_R02.docx,原樣保留；本次尚未確認完成驗收,41124,152f4fd744dc8701cf518d471109e6e3802404f4755d245d29fc17ba6fd7764d
938,0065_BATCH04_CANDIDATE_R02.docx,TTQS_GPT6_ASTRA_FULL_HANDOFF_20260925/TTQS_GPT6_ASTRA_FULL_HANDOFF_20260925/TTQS_DOCUMENT_FOUNDRY_RUN_ASTRA_20260925/00_CONTROL/DOCX_FACTORY/QUALITY_RECOVERY_R01/BATCH_04_QUALITY_RECOVERY_R01/CANDIDATES/0065_BATCH04_CANDIDATE_R02.docx,04_全部文件與歷次版本/TTQS_GPT6_ASTRA_FULL_HANDOFF_20260925/10/0938_0065_BATCH04_CANDIDATE_R02.docx,原樣保留；本次尚未確認完成驗收,40358,1e16eabb3c13926bda315f145a978663e2ddbe0f9991e10d8bbb54ea287ec1d2
939,0067_BATCH04_CANDIDATE_R02.docx,TTQS_GPT6_ASTRA_FULL_HANDOFF_20260925/TTQS_GPT6_ASTRA_FULL_HANDOFF_20260925/TTQS_DOCUMENT_FOUNDRY_RUN_ASTRA_20260925/00_CONTROL/DOCX_FACTORY/QUALITY_RECOVERY_R01/BATCH_04_QUALITY_RECOVERY_R01/CANDIDATES/0067_BATCH04_CANDIDATE_R02.docx,04_全部文件與歷次版本/TTQS_GPT6_ASTRA_FULL_HANDOFF_20260925/10/0939_0067_BATCH04_CANDIDATE_R02.docx,原樣保留；本次尚未確認完成驗收,40941,a9a69fc9a58f8bfe0cb45e893f4b48a52abe6b7b07553525eb7ad4697c536442
940,0068_BATCH04_CANDIDATE_R02.docx,TTQS_GPT6_ASTRA_FULL_HANDOFF_20260925/TTQS_GPT6_ASTRA_FULL_HANDOFF_20260925/TTQS_DOCUMENT_FOUNDRY_RUN_ASTRA_20260925/00_CONTROL/DOCX_FACTORY/QUALITY_RECOVERY_R01/BATCH_04_QUALITY_RECOVERY_R01/CANDIDATES/0068_BATCH04_CANDIDATE_R02.docx,04_全部文件與歷次版本/TTQS_GPT6_ASTRA_FULL_HANDOFF_20260925/10/0940_0068_BATCH04_CANDIDATE_R02.docx,原樣保留；本次尚未確認完成驗收,40750,95acfc7c285c250ddcc2753b3ee468ed5ccedeb61506b9585cd671ef06cb11f3
941,0044_BATCH04_CANDIDATE_R02.docx,TTQS_GPT6_ASTRA_FULL_HANDOFF_20260925/TTQS_GPT6_ASTRA_FULL_HANDOFF_20260925/TTQS_DOCUMENT_FOUNDRY_RUN_ASTRA_20260925/00_CONTROL/DOCX_FACTORY/QUALITY_RECOVERY_R01/BATCH_04_QUALITY_RECOVERY_R01/CANDIDATES/0044_BATCH04_CANDIDATE_R02.docx,04_全部文件與歷次版本/TTQS_GPT6_ASTRA_FULL_HANDOFF_20260925/10/0941_0044_BATCH04_CANDIDATE_R02.docx,原樣保留；本次尚未確認完成驗收,44240,a5aeff7fad7b05e2b72bc8ec45e5db242c9235211f414cbca4502604661383be
942,0051_BATCH04_CANDIDATE_R02.docx,TTQS_GPT6_ASTRA_FULL_HANDOFF_20260925/TTQS_GPT6_ASTRA_FULL_HANDOFF_20260925/TTQS_DOCUMENT_FOUNDRY_RUN_ASTRA_20260925/00_CONTROL/DOCX_FACTORY/QUALITY_RECOVERY_R01/BATCH_04_QUALITY_RECOVERY_R01/CANDIDATES/0051_BATCH04_CANDIDATE_R02.docx,04_全部文件與歷次版本/TTQS_GPT6_ASTRA_FULL_HANDOFF_20260925/10/0942_0051_BATCH04_CANDIDATE_R02.docx,原樣保留；本次尚未確認完成驗收,42145,692b699f968769cd2e02fc8ffaa7ef9ad27dd0ed9eb6d349d6c887fd9d53d31c
943,0064_BATCH04_CANDIDATE_R02.docx,TTQS_GPT6_ASTRA_FULL_HANDOFF_20260925/TTQS_GPT6_ASTRA_FULL_HANDOFF_20260925/TTQS_DOCUMENT_FOUNDRY_RUN_ASTRA_20260925/00_CONTROL/DOCX_FACTORY/QUALITY_RECOVERY_R01/BATCH_04_QUALITY_RECOVERY_R01/CANDIDATES/0064_BATCH04_CANDIDATE_R02.docx,04_全部文件與歷次版本/TTQS_GPT6_ASTRA_FULL_HANDOFF_20260925/10/0943_0064_BATCH04_CANDIDATE_R02.docx,原樣保留；本次尚未確認完成驗收,42769,8cd5f9aad38174660335077a33960627d7c8c5b773a6905818482c968e8bf859
944,0069_BATCH04_CANDIDATE_R02.docx,TTQS_GPT6_ASTRA_FULL_HANDOFF_20260925/TTQS_GPT6_ASTRA_FULL_HANDOFF_20260925/TTQS_DOCUMENT_FOUNDRY_RUN_ASTRA_20260925/00_CONTROL/DOCX_FACTORY/QUALITY_RECOVERY_R01/BATCH_04_QUALITY_RECOVERY_R01/CANDIDATES/0069_BATCH04_CANDIDATE_R02.docx,04_全部文件與歷次版本/TTQS_GPT6_ASTRA_FULL_HANDOFF_20260925/10/0944_0069_BATCH04_CANDIDATE_R02.docx,原樣保留；本次尚未確認完成驗收,42570,6dd4a92084a930b6dcc40d58f7b1edf1219ad3a9012392a55339b610009ab51f
945,0070_BATCH04_CANDIDATE_R02.docx,TTQS_GPT6_ASTRA_FULL_HANDOFF_20260925/TTQS_GPT6_ASTRA_FULL_HANDOFF_20260925/TTQS_DOCUMENT_FOUNDRY_RUN_ASTRA_20260925/00_CONTROL/DOCX_FACTORY/QUALITY_RECOVERY_R01/BATCH_04_QUALITY_RECOVERY_R01/CANDIDATES/0070_BATCH04_CANDIDATE_R02.docx,04_全部文件與歷次版本/TTQS_GPT6_ASTRA_FULL_HANDOFF_20260925/10/0945_0070_BATCH04_CANDIDATE_R02.docx,原樣保留；本次尚未確認完成驗收,59705,91413a63dac3358a004328f2eae2f8073acd7a1b94409344cf86554ae4632680
946,0063_BATCH04_CANDIDATE_R03.docx,TTQS_GPT6_ASTRA_FULL_HANDOFF_20260925/TTQS_GPT6_ASTRA_FULL_HANDOFF_20260925/TTQS_DOCUMENT_FOUNDRY_RUN_ASTRA_20260925/00_CONTROL/DOCX_FACTORY/QUALITY_RECOVERY_R01/BATCH_04_QUALITY_RECOVERY_R01/CANDIDATES/0063_BATCH04_CANDIDATE_R03.docx,04_全部文件與歷次版本/TTQS_GPT6_ASTRA_FULL_HANDOFF_20260925/10/0946_0063_BATCH04_CANDIDATE_R03.docx,原樣保留；本次尚未確認完成驗收,41126,b749b1c01eaa2b70da683d35e2b517e713a158463c23cdc485f7971225bf7318
947,0064_BATCH04_CANDIDATE_R03.docx,TTQS_GPT6_ASTRA_FULL_HANDOFF_20260925/TTQS_GPT6_ASTRA_FULL_HANDOFF_20260925/TTQS_DOCUMENT_FOUNDRY_RUN_ASTRA_20260925/00_CONTROL/DOCX_FACTORY/QUALITY_RECOVERY_R01/BATCH_04_QUALITY_RECOVERY_R01/CANDIDATES/0064_BATCH04_CANDIDATE_R03.docx,04_全部文件與歷次版本/TTQS_GPT6_ASTRA_FULL_HANDOFF_20260925/10/0947_0064_BATCH04_CANDIDATE_R03.docx,原樣保留；本次尚未確認完成驗收,42750,a456403f46eb4defb764e55afefac7c41ed03dd8e4a1b5ff315f8563bfdaaa30
948,0057_BATCH04_CANDIDATE_R03.docx,TTQS_GPT6_ASTRA_FULL_HANDOFF_20260925/TTQS_GPT6_ASTRA_FULL_HANDOFF_20260925/TTQS_DOCUMENT_FOUNDRY_RUN_ASTRA_20260925/00_CONTROL/DOCX_FACTORY/QUALITY_RECOVERY_R01/BATCH_04_QUALITY_RECOVERY_R01/CANDIDATES/0057_BATCH04_CANDIDATE_R03.docx,04_全部文件與歷次版本/TTQS_GPT6_ASTRA_FULL_HANDOFF_20260925/10/0948_0057_BATCH04_CANDIDATE_R03.docx,原樣保留；本次尚未確認完成驗收,40615,af57d68348214fdd212013c0ec5b3dff17b66bd5fd832de8ed9ddeb219ba3a4f
949,0058_BATCH04_CANDIDATE_R03.docx,TTQS_GPT6_ASTRA_FULL_HANDOFF_20260925/TTQS_GPT6_ASTRA_FULL_HANDOFF_20260925/TTQS_DOCUMENT_FOUNDRY_RUN_ASTRA_20260925/00_CONTROL/DOCX_FACTORY/QUALITY_RECOVERY_R01/BATCH_04_QUALITY_RECOVERY_R01/CANDIDATES/0058_BATCH04_CANDIDATE_R03.docx,04_全部文件與歷次版本/TTQS_GPT6_ASTRA_FULL_HANDOFF_20260925/10/0949_0058_BATCH04_CANDIDATE_R03.docx,原樣保留；本次尚未確認完成驗收,40797,c3072edb16db49d2265849c76d5055b8f4cb779d939534879211143a1f2671af
950,0059_BATCH04_CANDIDATE_R03.docx,TTQS_GPT6_ASTRA_FULL_HANDOFF_20260925/TTQS_GPT6_ASTRA_FULL_HANDOFF_20260925/TTQS_DOCUMENT_FOUNDRY_RUN_ASTRA_20260925/00_CONTROL/DOCX_FACTORY/QUALITY_RECOVERY_R01/BATCH_04_QUALITY_RECOVERY_R01/CANDIDATES/0059_BATCH04_CANDIDATE_R03.docx,04_全部文件與歷次版本/TTQS_GPT6_ASTRA_FULL_HANDOFF_20260925/10/0950_0059_BATCH04_CANDIDATE_R03.docx,原樣保留；本次尚未確認完成驗收,41187,3d773718c6037daf4a43f82671b46be0bbc33c4cbfc37d16cb559f0d877cd3c2
951,0059_BATCH04_CANDIDATE_R04.docx,TTQS_GPT6_ASTRA_FULL_HANDOFF_20260925/TTQS_GPT6_ASTRA_FULL_HANDOFF_20260925/TTQS_DOCUMENT_FOUNDRY_RUN_ASTRA_20260925/00_CONTROL/DOCX_FACTORY/QUALITY_RECOVERY_R01/BATCH_04_QUALITY_RECOVERY_R01/CANDIDATES/0059_BATCH04_CANDIDATE_R04.docx,04_全部文件與歷次版本/TTQS_GPT6_ASTRA_FULL_HANDOFF_20260925/10/0951_0059_BATCH04_CANDIDATE_R04.docx,原樣保留；本次尚未確認完成驗收,41189,075789eb44e64e6658b524626a6cf2bf85192ce08385b44e363d180644dc002c
952,0063_BATCH04_CANDIDATE_R04.docx,TTQS_GPT6_ASTRA_FULL_HANDOFF_20260925/TTQS_GPT6_ASTRA_FULL_HANDOFF_20260925/TTQS_DOCUMENT_FOUNDRY_RUN_ASTRA_20260925/00_CONTROL/DOCX_FACTORY/QUALITY_RECOVERY_R01/BATCH_04_QUALITY_RECOVERY_R01/CANDIDATES/0063_BATCH04_CANDIDATE_R04.docx,04_全部文件與歷次版本/TTQS_GPT6_ASTRA_FULL_HANDOFF_20260925/10/0952_0063_BATCH04_CANDIDATE_R04.docx,原樣保留；本次尚未確認完成驗收,41077,20b3f6462e7d0d2c1974da53683442a35afa26d48812f3bb92e7ecc0778c850a
953,0063_BATCH04_CANDIDATE_R05.docx,TTQS_GPT6_ASTRA_FULL_HANDOFF_20260925/TTQS_GPT6_ASTRA_FULL_HANDOFF_20260925/TTQS_DOCUMENT_FOUNDRY_RUN_ASTRA_20260925/00_CONTROL/DOCX_FACTORY/QUALITY_RECOVERY_R01/BATCH_04_QUALITY_RECOVERY_R01/CANDIDATES/0063_BATCH04_CANDIDATE_R05.docx,04_全部文件與歷次版本/TTQS_GPT6_ASTRA_FULL_HANDOFF_20260925/10/0953_0063_BATCH04_CANDIDATE_R05.docx,原樣保留；本次尚未確認完成驗收,41201,ad5cbe70d286dc0b185984a9583bbe4ec6597dbc972edb3ba7967f04333d9a2e
954,0063_BATCH04_CANDIDATE_R06.docx,TTQS_GPT6_ASTRA_FULL_HANDOFF_20260925/TTQS_GPT6_ASTRA_FULL_HANDOFF_20260925/TTQS_DOCUMENT_FOUNDRY_RUN_ASTRA_20260925/00_CONTROL/DOCX_FACTORY/QUALITY_RECOVERY_R01/BATCH_04_QUALITY_RECOVERY_R01/CANDIDATES/0063_BATCH04_CANDIDATE_R06.docx,04_全部文件與歷次版本/TTQS_GPT6_ASTRA_FULL_HANDOFF_20260925/10/0954_0063_BATCH04_CANDIDATE_R06.docx,原樣保留；本次尚未確認完成驗收,41135,1ff439d6e228958e5868635f6f0c2f1207dba74340337adc61785f643b148923
955,0063_BATCH04_CANDIDATE_R07.docx,TTQS_GPT6_ASTRA_FULL_HANDOFF_20260925/TTQS_GPT6_ASTRA_FULL_HANDOFF_20260925/TTQS_DOCUMENT_FOUNDRY_RUN_ASTRA_20260925/00_CONTROL/DOCX_FACTORY/QUALITY_RECOVERY_R01/BATCH_04_QUALITY_RECOVERY_R01/CANDIDATES/0063_BATCH04_CANDIDATE_R07.docx,04_全部文件與歷次版本/TTQS_GPT6_ASTRA_FULL_HANDOFF_20260925/10/0955_0063_BATCH04_CANDIDATE_R07.docx,原樣保留；本次尚未確認完成驗收,41222,2ec50ec327300a589999539e12724d23609f965f70d47753197198c3ec8a4536
956,0063_BATCH04_CANDIDATE_R08.docx,TTQS_GPT6_ASTRA_FULL_HANDOFF_20260925/TTQS_GPT6_ASTRA_FULL_HANDOFF_20260925/TTQS_DOCUMENT_FOUNDRY_RUN_ASTRA_20260925/00_CONTROL/DOCX_FACTORY/QUALITY_RECOVERY_R01/BATCH_04_QUALITY_RECOVERY_R01/CANDIDATES/0063_BATCH04_CANDIDATE_R08.docx,04_全部文件與歷次版本/TTQS_GPT6_ASTRA_FULL_HANDOFF_20260925/10/0956_0063_BATCH04_CANDIDATE_R08.docx,原樣保留；本次尚未確認完成驗收,41222,c547f45a692d2556a8e16dad8ae35b640e03c32da7cb0f3764f5082f19e5f088
957,0063_BATCH04_CANDIDATE_R09.docx,TTQS_GPT6_ASTRA_FULL_HANDOFF_20260925/TTQS_GPT6_ASTRA_FULL_HANDOFF_20260925/TTQS_DOCUMENT_FOUNDRY_RUN_ASTRA_20260925/00_CONTROL/DOCX_FACTORY/QUALITY_RECOVERY_R01/BATCH_04_QUALITY_RECOVERY_R01/CANDIDATES/0063_BATCH04_CANDIDATE_R09.docx,04_全部文件與歷次版本/TTQS_GPT6_ASTRA_FULL_HANDOFF_20260925/10/0957_0063_BATCH04_CANDIDATE_R09.docx,原樣保留；本次尚未確認完成驗收,42295,97336ea5f5b012fab57c0ce4b4d0e193c50017fd051a3db7a7ef4c03f5b00d0a
958,0063_BATCH04_CANDIDATE_R10.docx,TTQS_GPT6_ASTRA_FULL_HANDOFF_20260925/TTQS_GPT6_ASTRA_FULL_HANDOFF_20260925/TTQS_DOCUMENT_FOUNDRY_RUN_ASTRA_20260925/00_CONTROL/DOCX_FACTORY/QUALITY_RECOVERY_R01/BATCH_04_QUALITY_RECOVERY_R01/CANDIDATES/0063_BATCH04_CANDIDATE_R10.docx,04_全部文件與歷次版本/TTQS_GPT6_ASTRA_FULL_HANDOFF_20260925/10/0958_0063_BATCH04_CANDIDATE_R10.docx,原樣保留；本次尚未確認完成驗收,42277,2517d8bd75d9a19b7f1e8d7e5ac5f03acc7233d8b69a5ea59367769e1b13da51
959,0044_BATCH04_CANDIDATE_R03.docx,TTQS_GPT6_ASTRA_FULL_HANDOFF_20260925/TTQS_GPT6_ASTRA_FULL_HANDOFF_20260925/TTQS_DOCUMENT_FOUNDRY_RUN_ASTRA_20260925/00_CONTROL/DOCX_FACTORY/QUALITY_RECOVERY_R01/BATCH_04_QUALITY_RECOVERY_R01/CANDIDATES/0044_BATCH04_CANDIDATE_R03.docx,04_全部文件與歷次版本/TTQS_GPT6_ASTRA_FULL_HANDOFF_20260925/10/0959_0044_BATCH04_CANDIDATE_R03.docx,原樣保留；本次尚未確認完成驗收,44257,e15cadffec31d2a320a3f4abdef87ab2bc34e66c46084c80d20ef3b87632f50a
960,0051_BATCH04_CANDIDATE_R03.docx,TTQS_GPT6_ASTRA_FULL_HANDOFF_20260925/TTQS_GPT6_ASTRA_FULL_HANDOFF_20260925/TTQS_DOCUMENT_FOUNDRY_RUN_ASTRA_20260925/00_CONTROL/DOCX_FACTORY/QUALITY_RECOVERY_R01/BATCH_04_QUALITY_RECOVERY_R01/CANDIDATES/0051_BATCH04_CANDIDATE_R03.docx,04_全部文件與歷次版本/TTQS_GPT6_ASTRA_FULL_HANDOFF_20260925/10/0960_0051_BATCH04_CANDIDATE_R03.docx,原樣保留；本次尚未確認完成驗收,41589,fc94c377a12e119add6a5b6cc2fc00d6eefe42575033fe7ef510e63e6e6e2d9c
961,0056_BATCH04_CANDIDATE_R03.docx,TTQS_GPT6_ASTRA_FULL_HANDOFF_20260925/TTQS_GPT6_ASTRA_FULL_HANDOFF_20260925/TTQS_DOCUMENT_FOUNDRY_RUN_ASTRA_20260925/00_CONTROL/DOCX_FACTORY/QUALITY_RECOVERY_R01/BATCH_04_QUALITY_RECOVERY_R01/CANDIDATES/0056_BATCH04_CANDIDATE_R03.docx,04_全部文件與歷次版本/TTQS_GPT6_ASTRA_FULL_HANDOFF_20260925/10/0961_0056_BATCH04_CANDIDATE_R03.docx,原樣保留；本次尚未確認完成驗收,40838,4d4c5a0909f2c02fe4f7fd32ea34b90edc735ba9310471cc469b2cb902f1b568
962,0057_BATCH04_CANDIDATE_R04.docx,TTQS_GPT6_ASTRA_FULL_HANDOFF_20260925/TTQS_GPT6_ASTRA_FULL_HANDOFF_20260925/TTQS_DOCUMENT_FOUNDRY_RUN_ASTRA_20260925/00_CONTROL/DOCX_FACTORY/QUALITY_RECOVERY_R01/BATCH_04_QUALITY_RECOVERY_R01/CANDIDATES/0057_BATCH04_CANDIDATE_R04.docx,04_全部文件與歷次版本/TTQS_GPT6_ASTRA_FULL_HANDOFF_20260925/10/0962_0057_BATCH04_CANDIDATE_R04.docx,原樣保留；本次尚未確認完成驗收,40617,2e7549bf3a2158302597d2a46108b3a8b34338820170c3bff4f9860d5366c2ae
963,0058_BATCH04_CANDIDATE_R04.docx,TTQS_GPT6_ASTRA_FULL_HANDOFF_20260925/TTQS_GPT6_ASTRA_FULL_HANDOFF_20260925/TTQS_DOCUMENT_FOUNDRY_RUN_ASTRA_20260925/00_CONTROL/DOCX_FACTORY/QUALITY_RECOVERY_R01/BATCH_04_QUALITY_RECOVERY_R01/CANDIDATES/0058_BATCH04_CANDIDATE_R04.docx,04_全部文件與歷次版本/TTQS_GPT6_ASTRA_FULL_HANDOFF_20260925/10/0963_0058_BATCH04_CANDIDATE_R04.docx,原樣保留；本次尚未確認完成驗收,40800,a2a0f3b17963ded9de8a4f2a0aeb608525de9c68a860ec60a8e3f34610891316
964,0057_BATCH04_CANDIDATE_R05.docx,TTQS_GPT6_ASTRA_FULL_HANDOFF_20260925/TTQS_GPT6_ASTRA_FULL_HANDOFF_20260925/TTQS_DOCUMENT_FOUNDRY_RUN_ASTRA_20260925/00_CONTROL/DOCX_FACTORY/QUALITY_RECOVERY_R01/BATCH_04_QUALITY_RECOVERY_R01/CANDIDATES/0057_BATCH04_CANDIDATE_R05.docx,04_全部文件與歷次版本/TTQS_GPT6_ASTRA_FULL_HANDOFF_20260925/10/0964_0057_BATCH04_CANDIDATE_R05.docx,原樣保留；本次尚未確認完成驗收,40624,0ccd78465d099c9ba5f42917984747c0ce6df6ae3c4b691c2641fba954a08a50
965,0058_BATCH04_CANDIDATE_R05.docx,TTQS_GPT6_ASTRA_FULL_HANDOFF_20260925/TTQS_GPT6_ASTRA_FULL_HANDOFF_20260925/TTQS_DOCUMENT_FOUNDRY_RUN_ASTRA_20260925/00_CONTROL/DOCX_FACTORY/QUALITY_RECOVERY_R01/BATCH_04_QUALITY_RECOVERY_R01/CANDIDATES/0058_BATCH04_CANDIDATE_R05.docx,04_全部文件與歷次版本/TTQS_GPT6_ASTRA_FULL_HANDOFF_20260925/10/0965_0058_BATCH04_CANDIDATE_R05.docx,原樣保留；本次尚未確認完成驗收,40807,905337c1f5084209ae8dbee970d31d008bca6ffe775f9fd763b9c34fbefe950d
966,0044_BATCH04_CANDIDATE_R04.docx,TTQS_GPT6_ASTRA_FULL_HANDOFF_20260925/TTQS_GPT6_ASTRA_FULL_HANDOFF_20260925/TTQS_DOCUMENT_FOUNDRY_RUN_ASTRA_20260925/00_CONTROL/DOCX_FACTORY/QUALITY_RECOVERY_R01/BATCH_04_QUALITY_RECOVERY_R01/CANDIDATES/0044_BATCH04_CANDIDATE_R04.docx,04_全部文件與歷次版本/TTQS_GPT6_ASTRA_FULL_HANDOFF_20260925/10/0966_0044_BATCH04_CANDIDATE_R04.docx,原樣保留；本次尚未確認完成驗收,44256,a941c10fa8c8d5c4a6b34e2d639aaf9d32b45d9a5913e2bf07168d96a510b144
967,0056_BATCH04_CANDIDATE_R04.docx,TTQS_GPT6_ASTRA_FULL_HANDOFF_20260925/TTQS_GPT6_ASTRA_FULL_HANDOFF_20260925/TTQS_DOCUMENT_FOUNDRY_RUN_ASTRA_20260925/00_CONTROL/DOCX_FACTORY/QUALITY_RECOVERY_R01/BATCH_04_QUALITY_RECOVERY_R01/CANDIDATES/0056_BATCH04_CANDIDATE_R04.docx,04_全部文件與歷次版本/TTQS_GPT6_ASTRA_FULL_HANDOFF_20260925/10/0967_0056_BATCH04_CANDIDATE_R04.docx,原樣保留；本次尚未確認完成驗收,40838,93a2f623bf11936453c549fee1b284ff870d380442709ec78d6bcf2949ea34dc
968,0057_BATCH04_CANDIDATE_R06.docx,TTQS_GPT6_ASTRA_FULL_HANDOFF_20260925/TTQS_GPT6_ASTRA_FULL_HANDOFF_20260925/TTQS_DOCUMENT_FOUNDRY_RUN_ASTRA_20260925/00_CONTROL/DOCX_FACTORY/QUALITY_RECOVERY_R01/BATCH_04_QUALITY_RECOVERY_R01/CANDIDATES/0057_BATCH04_CANDIDATE_R06.docx,04_全部文件與歷次版本/TTQS_GPT6_ASTRA_FULL_HANDOFF_20260925/10/0968_0057_BATCH04_CANDIDATE_R06.docx,原樣保留；本次尚未確認完成驗收,40624,a3ecd168d8edaa06abe28c7f43cc462fb43305a74b087465cea76410c97ac126
969,0058_BATCH04_CANDIDATE_R06.docx,TTQS_GPT6_ASTRA_FULL_HANDOFF_20260925/TTQS_GPT6_ASTRA_FULL_HANDOFF_20260925/TTQS_DOCUMENT_FOUNDRY_RUN_ASTRA_20260925/00_CONTROL/DOCX_FACTORY/QUALITY_RECOVERY_R01/BATCH_04_QUALITY_RECOVERY_R01/CANDIDATES/0058_BATCH04_CANDIDATE_R06.docx,04_全部文件與歷次版本/TTQS_GPT6_ASTRA_FULL_HANDOFF_20260925/10/0969_0058_BATCH04_CANDIDATE_R06.docx,原樣保留；本次尚未確認完成驗收,40807,6e8ffc8d2341ceaeace4170b78d5b95277566048eb1429aae53058f3a6f0820d
970,0044_BATCH04_CANDIDATE_R05.docx,TTQS_GPT6_ASTRA_FULL_HANDOFF_20260925/TTQS_GPT6_ASTRA_FULL_HANDOFF_20260925/TTQS_DOCUMENT_FOUNDRY_RUN_ASTRA_20260925/00_CONTROL/DOCX_FACTORY/QUALITY_RECOVERY_R01/BATCH_04_QUALITY_RECOVERY_R01/CANDIDATES/0044_BATCH04_CANDIDATE_R05.docx,04_全部文件與歷次版本/TTQS_GPT6_ASTRA_FULL_HANDOFF_20260925/10/0970_0044_BATCH04_CANDIDATE_R05.docx,原樣保留；本次尚未確認完成驗收,44645,2bb9e155e180acfa84faf3f8ae195d0454960730347ecfa8d0fd796a39e61259
971,0049_BATCH04_CANDIDATE_R03.docx,TTQS_GPT6_ASTRA_FULL_HANDOFF_20260925/TTQS_GPT6_ASTRA_FULL_HANDOFF_20260925/TTQS_DOCUMENT_FOUNDRY_RUN_ASTRA_20260925/00_CONTROL/DOCX_FACTORY/QUALITY_RECOVERY_R01/BATCH_04_QUALITY_RECOVERY_R01/CANDIDATES/0049_BATCH04_CANDIDATE_R03.docx,04_全部文件與歷次版本/TTQS_GPT6_ASTRA_FULL_HANDOFF_20260925/10/0971_0049_BATCH04_CANDIDATE_R03.docx,原樣保留；本次尚未確認完成驗收,43521,274b197c48ee7d1bafc332c0761a4b76642b190eac4d7cc663df62eca576e736
972,0050_BATCH04_CANDIDATE_R03.docx,TTQS_GPT6_ASTRA_FULL_HANDOFF_20260925/TTQS_GPT6_ASTRA_FULL_HANDOFF_20260925/TTQS_DOCUMENT_FOUNDRY_RUN_ASTRA_20260925/00_CONTROL/DOCX_FACTORY/QUALITY_RECOVERY_R01/BATCH_04_QUALITY_RECOVERY_R01/CANDIDATES/0050_BATCH04_CANDIDATE_R03.docx,04_全部文件與歷次版本/TTQS_GPT6_ASTRA_FULL_HANDOFF_20260925/10/0972_0050_BATCH04_CANDIDATE_R03.docx,原樣保留；本次尚未確認完成驗收,43377,89062c159467c011fd48683d3d876b4a96cc72e4ecb776edf5f60c526ea85106
973,0051_BATCH04_CANDIDATE_R04.docx,TTQS_GPT6_ASTRA_FULL_HANDOFF_20260925/TTQS_GPT6_ASTRA_FULL_HANDOFF_20260925/TTQS_DOCUMENT_FOUNDRY_RUN_ASTRA_20260925/00_CONTROL/DOCX_FACTORY/QUALITY_RECOVERY_R01/BATCH_04_QUALITY_RECOVERY_R01/CANDIDATES/0051_BATCH04_CANDIDATE_R04.docx,04_全部文件與歷次版本/TTQS_GPT6_ASTRA_FULL_HANDOFF_20260925/10/0973_0051_BATCH04_CANDIDATE_R04.docx,原樣保留；本次尚未確認完成驗收,41989,af0895a4ccb1b14b3d65a2478a1febd83d32dc937b4814bef8fb03deb4f884f5
974,0057_BATCH04_CANDIDATE_R07.docx,TTQS_GPT6_ASTRA_FULL_HANDOFF_20260925/TTQS_GPT6_ASTRA_FULL_HANDOFF_20260925/TTQS_DOCUMENT_FOUNDRY_RUN_ASTRA_20260925/00_CONTROL/DOCX_FACTORY/QUALITY_RECOVERY_R01/BATCH_04_QUALITY_RECOVERY_R01/CANDIDATES/0057_BATCH04_CANDIDATE_R07.docx,04_全部文件與歷次版本/TTQS_GPT6_ASTRA_FULL_HANDOFF_20260925/10/0974_0057_BATCH04_CANDIDATE_R07.docx,原樣保留；本次尚未確認完成驗收,41062,4245d57ae9e5702b21c4013b7eccd478fa1b42b83fec56b845aa1455bfd72338
975,0058_BATCH04_CANDIDATE_R07.docx,TTQS_GPT6_ASTRA_FULL_HANDOFF_20260925/TTQS_GPT6_ASTRA_FULL_HANDOFF_20260925/TTQS_DOCUMENT_FOUNDRY_RUN_ASTRA_20260925/00_CONTROL/DOCX_FACTORY/QUALITY_RECOVERY_R01/BATCH_04_QUALITY_RECOVERY_R01/CANDIDATES/0058_BATCH04_CANDIDATE_R07.docx,04_全部文件與歷次版本/TTQS_GPT6_ASTRA_FULL_HANDOFF_20260925/10/0975_0058_BATCH04_CANDIDATE_R07.docx,原樣保留；本次尚未確認完成驗收,41262,b23f09ac8f70faef3b2c77b24346782cb5c32d5715883eee094fd3fb5ba63e8f
976,0059_BATCH04_CANDIDATE_R05.docx,TTQS_GPT6_ASTRA_FULL_HANDOFF_20260925/TTQS_GPT6_ASTRA_FULL_HANDOFF_20260925/TTQS_DOCUMENT_FOUNDRY_RUN_ASTRA_20260925/00_CONTROL/DOCX_FACTORY/QUALITY_RECOVERY_R01/BATCH_04_QUALITY_RECOVERY_R01/CANDIDATES/0059_BATCH04_CANDIDATE_R05.docx,04_全部文件與歷次版本/TTQS_GPT6_ASTRA_FULL_HANDOFF_20260925/10/0976_0059_BATCH04_CANDIDATE_R05.docx,原樣保留；本次尚未確認完成驗收,41654,35b7a2b4c5a92a3c0863849caee6961e97c8a5856149fcc54f87da0c40595f70
977,0063_BATCH04_CANDIDATE_R11.docx,TTQS_GPT6_ASTRA_FULL_HANDOFF_20260925/TTQS_GPT6_ASTRA_FULL_HANDOFF_20260925/TTQS_DOCUMENT_FOUNDRY_RUN_ASTRA_20260925/00_CONTROL/DOCX_FACTORY/QUALITY_RECOVERY_R01/BATCH_04_QUALITY_RECOVERY_R01/CANDIDATES/0063_BATCH04_CANDIDATE_R11.docx,04_全部文件與歷次版本/TTQS_GPT6_ASTRA_FULL_HANDOFF_20260925/10/0977_0063_BATCH04_CANDIDATE_R11.docx,原樣保留；本次尚未確認完成驗收,42730,a245ac4e118a9917f1be776da00b258e5439708918f9f56d7b265ceba93353d3
978,0064_BATCH04_CANDIDATE_R04.docx,TTQS_GPT6_ASTRA_FULL_HANDOFF_20260925/TTQS_GPT6_ASTRA_FULL_HANDOFF_20260925/TTQS_DOCUMENT_FOUNDRY_RUN_ASTRA_20260925/00_CONTROL/DOCX_FACTORY/QUALITY_RECOVERY_R01/BATCH_04_QUALITY_RECOVERY_R01/CANDIDATES/0064_BATCH04_CANDIDATE_R04.docx,04_全部文件與歷次版本/TTQS_GPT6_ASTRA_FULL_HANDOFF_20260925/10/0978_0064_BATCH04_CANDIDATE_R04.docx,原樣保留；本次尚未確認完成驗收,43155,34c3dd0a6a4874677c790ab56a73e239ec04a4f1e211a7ca86b99cfd893372bc
979,0066_BATCH04_CANDIDATE_R02.docx,TTQS_GPT6_ASTRA_FULL_HANDOFF_20260925/TTQS_GPT6_ASTRA_FULL_HANDOFF_20260925/TTQS_DOCUMENT_FOUNDRY_RUN_ASTRA_20260925/00_CONTROL/DOCX_FACTORY/QUALITY_RECOVERY_R01/BATCH_04_QUALITY_RECOVERY_R01/CANDIDATES/0066_BATCH04_CANDIDATE_R02.docx,04_全部文件與歷次版本/TTQS_GPT6_ASTRA_FULL_HANDOFF_20260925/10/0979_0066_BATCH04_CANDIDATE_R02.docx,原樣保留；本次尚未確認完成驗收,62491,c562c42aaabedcd022d58306148a60d8dfd0e1a52b6564022dc74869c078fced
980,0067_BATCH04_CANDIDATE_R03.docx,TTQS_GPT6_ASTRA_FULL_HANDOFF_20260925/TTQS_GPT6_ASTRA_FULL_HANDOFF_20260925/TTQS_DOCUMENT_FOUNDRY_RUN_ASTRA_20260925/00_CONTROL/DOCX_FACTORY/QUALITY_RECOVERY_R01/BATCH_04_QUALITY_RECOVERY_R01/CANDIDATES/0067_BATCH04_CANDIDATE_R03.docx,04_全部文件與歷次版本/TTQS_GPT6_ASTRA_FULL_HANDOFF_20260925/10/0980_0067_BATCH04_CANDIDATE_R03.docx,原樣保留；本次尚未確認完成驗收,41585,87d1792e73ca859c6f333ecb5480481122b361c4a9262bf8d6084d9cb9f4ad86
981,0068_BATCH04_CANDIDATE_R03.docx,TTQS_GPT6_ASTRA_FULL_HANDOFF_20260925/TTQS_GPT6_ASTRA_FULL_HANDOFF_20260925/TTQS_DOCUMENT_FOUNDRY_RUN_ASTRA_20260925/00_CONTROL/DOCX_FACTORY/QUALITY_RECOVERY_R01/BATCH_04_QUALITY_RECOVERY_R01/CANDIDATES/0068_BATCH04_CANDIDATE_R03.docx,04_全部文件與歷次版本/TTQS_GPT6_ASTRA_FULL_HANDOFF_20260925/10/0981_0068_BATCH04_CANDIDATE_R03.docx,原樣保留；本次尚未確認完成驗收,41423,21cf35e001f3ce91689d15799744b1e0ccda998f7952130fe013983d167adf0e
982,0070_BATCH04_CANDIDATE_R03.docx,TTQS_GPT6_ASTRA_FULL_HANDOFF_20260925/TTQS_GPT6_ASTRA_FULL_HANDOFF_20260925/TTQS_DOCUMENT_FOUNDRY_RUN_ASTRA_20260925/00_CONTROL/DOCX_FACTORY/QUALITY_RECOVERY_R01/BATCH_04_QUALITY_RECOVERY_R01/CANDIDATES/0070_BATCH04_CANDIDATE_R03.docx,04_全部文件與歷次版本/TTQS_GPT6_ASTRA_FULL_HANDOFF_20260925/10/0982_0070_BATCH04_CANDIDATE_R03.docx,原樣保留；本次尚未確認完成驗收,60123,4f4c1131fdf5c197d91c74e20c2eb6819350cf428415b24070c2d22b6a043a4e
983,0063_BATCH04_CANDIDATE_R12.docx,TTQS_GPT6_ASTRA_FULL_HANDOFF_20260925/TTQS_GPT6_ASTRA_FULL_HANDOFF_20260925/TTQS_DOCUMENT_FOUNDRY_RUN_ASTRA_20260925/00_CONTROL/DOCX_FACTORY/QUALITY_RECOVERY_R01/BATCH_04_QUALITY_RECOVERY_R01/CANDIDATES/0063_BATCH04_CANDIDATE_R12.docx,04_全部文件與歷次版本/TTQS_GPT6_ASTRA_FULL_HANDOFF_20260925/10/0983_0063_BATCH04_CANDIDATE_R12.docx,原樣保留；本次尚未確認完成驗收,42732,476be6767df3d732482b8d90a10b89e9d86b7eb3c9b71789ddfdb4b9c9a7aa65
984,0067_BATCH04_CANDIDATE_R04.docx,TTQS_GPT6_ASTRA_FULL_HANDOFF_20260925/TTQS_GPT6_ASTRA_FULL_HANDOFF_20260925/TTQS_DOCUMENT_FOUNDRY_RUN_ASTRA_20260925/00_CONTROL/DOCX_FACTORY/QUALITY_RECOVERY_R01/BATCH_04_QUALITY_RECOVERY_R01/CANDIDATES/0067_BATCH04_CANDIDATE_R04.docx,04_全部文件與歷次版本/TTQS_GPT6_ASTRA_FULL_HANDOFF_20260925/10/0984_0067_BATCH04_CANDIDATE_R04.docx,原樣保留；本次尚未確認完成驗收,41431,7e680868d45576a41de7f0569c4977e58a483b6c9a5fcf3c12bd7045ba596d14
985,0067_BATCH04_CANDIDATE_R05.docx,TTQS_GPT6_ASTRA_FULL_HANDOFF_20260925/TTQS_GPT6_ASTRA_FULL_HANDOFF_20260925/TTQS_DOCUMENT_FOUNDRY_RUN_ASTRA_20260925/00_CONTROL/DOCX_FACTORY/QUALITY_RECOVERY_R01/BATCH_04_QUALITY_RECOVERY_R01/CANDIDATES/0067_BATCH04_CANDIDATE_R05.docx,04_全部文件與歷次版本/TTQS_GPT6_ASTRA_FULL_HANDOFF_20260925/10/0985_0067_BATCH04_CANDIDATE_R05.docx,原樣保留；本次尚未確認完成驗收,42541,85baffb6433bfe6bee6877ca8fdcaa32f807792f632c214144129c77b7fce82a
986,0045_BATCH04_CANDIDATE_R03.docx,TTQS_GPT6_ASTRA_FULL_HANDOFF_20260925/TTQS_GPT6_ASTRA_FULL_HANDOFF_20260925/TTQS_DOCUMENT_FOUNDRY_RUN_ASTRA_20260925/00_CONTROL/DOCX_FACTORY/QUALITY_RECOVERY_R01/BATCH_04_QUALITY_RECOVERY_R01/CANDIDATES/0045_BATCH04_CANDIDATE_R03.docx,04_全部文件與歷次版本/TTQS_GPT6_ASTRA_FULL_HANDOFF_20260925/10/0986_0045_BATCH04_CANDIDATE_R03.docx,原樣保留；本次尚未確認完成驗收,46216,2f064aa0b207a47b80a40ca0173065dedb31f4a21cf9875238bf39a050a5ea49
987,0047_BATCH04_CANDIDATE_R03.docx,TTQS_GPT6_ASTRA_FULL_HANDOFF_20260925/TTQS_GPT6_ASTRA_FULL_HANDOFF_20260925/TTQS_DOCUMENT_FOUNDRY_RUN_ASTRA_20260925/00_CONTROL/DOCX_FACTORY/QUALITY_RECOVERY_R01/BATCH_04_QUALITY_RECOVERY_R01/CANDIDATES/0047_BATCH04_CANDIDATE_R03.docx,04_全部文件與歷次版本/TTQS_GPT6_ASTRA_FULL_HANDOFF_20260925/10/0987_0047_BATCH04_CANDIDATE_R03.docx,原樣保留；本次尚未確認完成驗收,43508,a5a3e04bb6a95c7be4ca85d86ac09d0d9700068220a2b9d3d0bdd57c2ba6d463
988,0048_BATCH04_CANDIDATE_R03.docx,TTQS_GPT6_ASTRA_FULL_HANDOFF_20260925/TTQS_GPT6_ASTRA_FULL_HANDOFF_20260925/TTQS_DOCUMENT_FOUNDRY_RUN_ASTRA_20260925/00_CONTROL/DOCX_FACTORY/QUALITY_RECOVERY_R01/BATCH_04_QUALITY_RECOVERY_R01/CANDIDATES/0048_BATCH04_CANDIDATE_R03.docx,04_全部文件與歷次版本/TTQS_GPT6_ASTRA_FULL_HANDOFF_20260925/10/0988_0048_BATCH04_CANDIDATE_R03.docx,原樣保留；本次尚未確認完成驗收,43186,40b7a1f6b4865f095e2a9aba0ec742c856d4133f7f08d06db9322a0ed9bfeea4
989,0046_BATCH04_CANDIDATE_R02.docx,TTQS_GPT6_ASTRA_FULL_HANDOFF_20260925/TTQS_GPT6_ASTRA_FULL_HANDOFF_20260925/TTQS_DOCUMENT_FOUNDRY_RUN_ASTRA_20260925/00_CONTROL/DOCX_FACTORY/QUALITY_RECOVERY_R01/BATCH_04_QUALITY_RECOVERY_R01/CANDIDATES/0046_BATCH04_CANDIDATE_R02.docx,04_全部文件與歷次版本/TTQS_GPT6_ASTRA_FULL_HANDOFF_20260925/10/0989_0046_BATCH04_CANDIDATE_R02.docx,原樣保留；本次尚未確認完成驗收,43708,09fe0c05008d851ca6d6b4b3b473cf7fc2c98f21a8d09b68badac44aed090ec8
990,0047_BATCH04_CANDIDATE_R04.docx,TTQS_GPT6_ASTRA_FULL_HANDOFF_20260925/TTQS_GPT6_ASTRA_FULL_HANDOFF_20260925/TTQS_DOCUMENT_FOUNDRY_RUN_ASTRA_20260925/00_CONTROL/DOCX_FACTORY/QUALITY_RECOVERY_R01/BATCH_04_QUALITY_RECOVERY_R01/CANDIDATES/0047_BATCH04_CANDIDATE_R04.docx,04_全部文件與歷次版本/TTQS_GPT6_ASTRA_FULL_HANDOFF_20260925/10/0990_0047_BATCH04_CANDIDATE_R04.docx,原樣保留；本次尚未確認完成驗收,43683,8f24d530fe4fa823281b829d39d2dce9d40a946f7e73085806d89675713156d3
991,0048_BATCH04_CANDIDATE_R02.docx,TTQS_GPT6_ASTRA_FULL_HANDOFF_20260925/TTQS_GPT6_ASTRA_FULL_HANDOFF_20260925/TTQS_DOCUMENT_FOUNDRY_RUN_ASTRA_20260925/00_CONTROL/DOCX_FACTORY/QUALITY_RECOVERY_R01/BATCH_04_QUALITY_RECOVERY_R01/CANDIDATES/0048_BATCH04_CANDIDATE_R02.docx,04_全部文件與歷次版本/TTQS_GPT6_ASTRA_FULL_HANDOFF_20260925/10/0991_0048_BATCH04_CANDIDATE_R02.docx,原樣保留；本次尚未確認完成驗收,43371,e7db698b9c62615bc01f782fbba5ddfad40f77a3ef0c3e2bd1fdec5056aae7c6
992,0050_BATCH04_CANDIDATE_R02.docx,TTQS_GPT6_ASTRA_FULL_HANDOFF_20260925/TTQS_GPT6_ASTRA_FULL_HANDOFF_20260925/TTQS_DOCUMENT_FOUNDRY_RUN_ASTRA_20260925/00_CONTROL/DOCX_FACTORY/QUALITY_RECOVERY_R01/BATCH_04_QUALITY_RECOVERY_R01/CANDIDATES/0050_BATCH04_CANDIDATE_R02.docx,04_全部文件與歷次版本/TTQS_GPT6_ASTRA_FULL_HANDOFF_20260925/10/0992_0050_BATCH04_CANDIDATE_R02.docx,原樣保留；本次尚未確認完成驗收,43542,92c3765097264902dacf862e75eeb804baa7edb11695fbc1084ce8e52a32df4f
993,0044_BATCH04_CANDIDATE_R20.docx,TTQS_GPT6_ASTRA_FULL_HANDOFF_20260925/TTQS_GPT6_ASTRA_FULL_HANDOFF_20260925/TTQS_DOCUMENT_FOUNDRY_RUN_ASTRA_20260925/00_CONTROL/DOCX_FACTORY/QUALITY_RECOVERY_R01/BATCH_04_QUALITY_RECOVERY_R01/CANDIDATES/0044_BATCH04_CANDIDATE_R20.docx,04_全部文件與歷次版本/TTQS_GPT6_ASTRA_FULL_HANDOFF_20260925/10/0993_0044_BATCH04_CANDIDATE_R20.docx,原樣保留；本次尚未確認完成驗收,44592,22394b38bb9f06807b7ce21bf09c2308a655447068d72cb76c5d5b2fab317522
994,0045_BATCH04_CANDIDATE_R20.docx,TTQS_GPT6_ASTRA_FULL_HANDOFF_20260925/TTQS_GPT6_ASTRA_FULL_HANDOFF_20260925/TTQS_DOCUMENT_FOUNDRY_RUN_ASTRA_20260925/00_CONTROL/DOCX_FACTORY/QUALITY_RECOVERY_R01/BATCH_04_QUALITY_RECOVERY_R01/CANDIDATES/0045_BATCH04_CANDIDATE_R20.docx,04_全部文件與歷次版本/TTQS_GPT6_ASTRA_FULL_HANDOFF_20260925/10/0994_0045_BATCH04_CANDIDATE_R20.docx,原樣保留；本次尚未確認完成驗收,46141,cc5a6447afd854b57d7e78344a75c19501b5b3a9a9443119fecb7a5d70e9e7c5
995,0046_BATCH04_CANDIDATE_R20.docx,TTQS_GPT6_ASTRA_FULL_HANDOFF_20260925/TTQS_GPT6_ASTRA_FULL_HANDOFF_20260925/TTQS_DOCUMENT_FOUNDRY_RUN_ASTRA_20260925/00_CONTROL/DOCX_FACTORY/QUALITY_RECOVERY_R01/BATCH_04_QUALITY_RECOVERY_R01/CANDIDATES/0046_BATCH04_CANDIDATE_R20.docx,04_全部文件與歷次版本/TTQS_GPT6_ASTRA_FULL_HANDOFF_20260925/10/0995_0046_BATCH04_CANDIDATE_R20.docx,原樣保留；本次尚未確認完成驗收,43661,de2308e865f4fc1e897b136315b41b32cb679db7c36e8c65ead65b2addbd4286
996,0047_BATCH04_CANDIDATE_R20.docx,TTQS_GPT6_ASTRA_FULL_HANDOFF_20260925/TTQS_GPT6_ASTRA_FULL_HANDOFF_20260925/TTQS_DOCUMENT_FOUNDRY_RUN_ASTRA_20260925/00_CONTROL/DOCX_FACTORY/QUALITY_RECOVERY_R01/BATCH_04_QUALITY_RECOVERY_R01/CANDIDATES/0047_BATCH04_CANDIDATE_R20.docx,04_全部文件與歷次版本/TTQS_GPT6_ASTRA_FULL_HANDOFF_20260925/10/0996_0047_BATCH04_CANDIDATE_R20.docx,原樣保留；本次尚未確認完成驗收,43638,9bba7a6811224ebcb6fbbb61471ed82754f149ef97312b494a10518a7b56edb7
997,0048_BATCH04_CANDIDATE_R20.docx,TTQS_GPT6_ASTRA_FULL_HANDOFF_20260925/TTQS_GPT6_ASTRA_FULL_HANDOFF_20260925/TTQS_DOCUMENT_FOUNDRY_RUN_ASTRA_20260925/00_CONTROL/DOCX_FACTORY/QUALITY_RECOVERY_R01/BATCH_04_QUALITY_RECOVERY_R01/CANDIDATES/0048_BATCH04_CANDIDATE_R20.docx,04_全部文件與歷次版本/TTQS_GPT6_ASTRA_FULL_HANDOFF_20260925/10/0997_0048_BATCH04_CANDIDATE_R20.docx,原樣保留；本次尚未確認完成驗收,43323,322aa24fffd2608c2e43807f955202f92316cab5e74b504d36c0c83f201231bb
998,0049_BATCH04_CANDIDATE_R20.docx,TTQS_GPT6_ASTRA_FULL_HANDOFF_20260925/TTQS_GPT6_ASTRA_FULL_HANDOFF_20260925/TTQS_DOCUMENT_FOUNDRY_RUN_ASTRA_20260925/00_CONTROL/DOCX_FACTORY/QUALITY_RECOVERY_R01/BATCH_04_QUALITY_RECOVERY_R01/CANDIDATES/0049_BATCH04_CANDIDATE_R20.docx,04_全部文件與歷次版本/TTQS_GPT6_ASTRA_FULL_HANDOFF_20260925/10/0998_0049_BATCH04_CANDIDATE_R20.docx,原樣保留；本次尚未確認完成驗收,43449,29a20b4318e42106406871dd2e350091a4a55119ad641609fde8ec120b217366
999,0050_BATCH04_CANDIDATE_R20.docx,TTQS_GPT6_ASTRA_FULL_HANDOFF_20260925/TTQS_GPT6_ASTRA_FULL_HANDOFF_20260925/TTQS_DOCUMENT_FOUNDRY_RUN_ASTRA_20260925/00_CONTROL/DOCX_FACTORY/QUALITY_RECOVERY_R01/BATCH_04_QUALITY_RECOVERY_R01/CANDIDATES/0050_BATCH04_CANDIDATE_R20.docx,04_全部文件與歷次版本/TTQS_GPT6_ASTRA_FULL_HANDOFF_20260925/10/0999_0050_BATCH04_CANDIDATE_R20.docx,原樣保留；本次尚未確認完成驗收,43462,8315cf8e7f87ffa6e1f19814af94b4cd06804587ee5e8f7cd38c093a86b39582
1000,0051_BATCH04_CANDIDATE_R20.docx,TTQS_GPT6_ASTRA_FULL_HANDOFF_20260925/TTQS_GPT6_ASTRA_FULL_HANDOFF_20260925/TTQS_DOCUMENT_FOUNDRY_RUN_ASTRA_20260925/00_CONTROL/DOCX_FACTORY/QUALITY_RECOVERY_R01/BATCH_04_QUALITY_RECOVERY_R01/CANDIDATES/0051_BATCH04_CANDIDATE_R20.docx,04_全部文件與歷次版本/TTQS_GPT6_ASTRA_FULL_HANDOFF_20260925/10/1000_0051_BATCH04_CANDIDATE_R20.docx,原樣保留；本次尚未確認完成驗收,42124,1f39e35571113c8fe1c2602e3575740cb31a571747ed66e7fcb93cb69eaf95aa
1001,0056_BATCH04_CANDIDATE_R20.docx,TTQS_GPT6_ASTRA_FULL_HANDOFF_20260925/TTQS_GPT6_ASTRA_FULL_HANDOFF_20260925/TTQS_DOCUMENT_FOUNDRY_RUN_ASTRA_20260925/00_CONTROL/DOCX_FACTORY/QUALITY_RECOVERY_R01/BATCH_04_QUALITY_RECOVERY_R01/CANDIDATES/0056_BATCH04_CANDIDATE_R20.docx,04_全部文件與歷次版本/TTQS_GPT6_ASTRA_FULL_HANDOFF_20260925/11/1001_0056_BATCH04_CANDIDATE_R20.docx,原樣保留；本次尚未確認完成驗收,40838,0cb5f552be214cd6b681dae0250f0c29956b5657f6954e17d096cb9410873930
1002,0057_BATCH04_CANDIDATE_R20.docx,TTQS_GPT6_ASTRA_FULL_HANDOFF_20260925/TTQS_GPT6_ASTRA_FULL_HANDOFF_20260925/TTQS_DOCUMENT_FOUNDRY_RUN_ASTRA_20260925/00_CONTROL/DOCX_FACTORY/QUALITY_RECOVERY_R01/BATCH_04_QUALITY_RECOVERY_R01/CANDIDATES/0057_BATCH04_CANDIDATE_R20.docx,04_全部文件與歷次版本/TTQS_GPT6_ASTRA_FULL_HANDOFF_20260925/11/1002_0057_BATCH04_CANDIDATE_R20.docx,原樣保留；本次尚未確認完成驗收,41059,0ba69c8d7b02f86fe636e5ec4cf575f071118bd5e6b6ec6ea9389e34832d7bca
1003,0058_BATCH04_CANDIDATE_R20.docx,TTQS_GPT6_ASTRA_FULL_HANDOFF_20260925/TTQS_GPT6_ASTRA_FULL_HANDOFF_20260925/TTQS_DOCUMENT_FOUNDRY_RUN_ASTRA_20260925/00_CONTROL/DOCX_FACTORY/QUALITY_RECOVERY_R01/BATCH_04_QUALITY_RECOVERY_R01/CANDIDATES/0058_BATCH04_CANDIDATE_R20.docx,04_全部文件與歷次版本/TTQS_GPT6_ASTRA_FULL_HANDOFF_20260925/11/1003_0058_BATCH04_CANDIDATE_R20.docx,原樣保留；本次尚未確認完成驗收,41259,7009423217c214448570caff2c913d77252031e2cd804eb82c870201d591fff4
1004,0059_BATCH04_CANDIDATE_R20.docx,TTQS_GPT6_ASTRA_FULL_HANDOFF_20260925/TTQS_GPT6_ASTRA_FULL_HANDOFF_20260925/TTQS_DOCUMENT_FOUNDRY_RUN_ASTRA_20260925/00_CONTROL/DOCX_FACTORY/QUALITY_RECOVERY_R01/BATCH_04_QUALITY_RECOVERY_R01/CANDIDATES/0059_BATCH04_CANDIDATE_R20.docx,04_全部文件與歷次版本/TTQS_GPT6_ASTRA_FULL_HANDOFF_20260925/11/1004_0059_BATCH04_CANDIDATE_R20.docx,原樣保留；本次尚未確認完成驗收,41768,2a59119e18d72ed04452f391860ff31e5bba6e18f427f0ed474ac97ab6ce6794
1005,0063_BATCH04_CANDIDATE_R20.docx,TTQS_GPT6_ASTRA_FULL_HANDOFF_20260925/TTQS_GPT6_ASTRA_FULL_HANDOFF_20260925/TTQS_DOCUMENT_FOUNDRY_RUN_ASTRA_20260925/00_CONTROL/DOCX_FACTORY/QUALITY_RECOVERY_R01/BATCH_04_QUALITY_RECOVERY_R01/CANDIDATES/0063_BATCH04_CANDIDATE_R20.docx,04_全部文件與歷次版本/TTQS_GPT6_ASTRA_FULL_HANDOFF_20260925/11/1005_0063_BATCH04_CANDIDATE_R20.docx,原樣保留；本次尚未確認完成驗收,42729,854abe513280cac63951ede20d73cd5508cfb5269dd6c1019cf0eb3c708b285e
1006,0064_BATCH04_CANDIDATE_R20.docx,TTQS_GPT6_ASTRA_FULL_HANDOFF_20260925/TTQS_GPT6_ASTRA_FULL_HANDOFF_20260925/TTQS_DOCUMENT_FOUNDRY_RUN_ASTRA_20260925/00_CONTROL/DOCX_FACTORY/QUALITY_RECOVERY_R01/BATCH_04_QUALITY_RECOVERY_R01/CANDIDATES/0064_BATCH04_CANDIDATE_R20.docx,04_全部文件與歷次版本/TTQS_GPT6_ASTRA_FULL_HANDOFF_20260925/11/1006_0064_BATCH04_CANDIDATE_R20.docx,原樣保留；本次尚未確認完成驗收,43118,f33868517e19c9571954cc0e01e9180140b45e14624ce62091ec3983b46cfb31
1007,0065_BATCH04_CANDIDATE_R20.docx,TTQS_GPT6_ASTRA_FULL_HANDOFF_20260925/TTQS_GPT6_ASTRA_FULL_HANDOFF_20260925/TTQS_DOCUMENT_FOUNDRY_RUN_ASTRA_20260925/00_CONTROL/DOCX_FACTORY/QUALITY_RECOVERY_R01/BATCH_04_QUALITY_RECOVERY_R01/CANDIDATES/0065_BATCH04_CANDIDATE_R20.docx,04_全部文件與歷次版本/TTQS_GPT6_ASTRA_FULL_HANDOFF_20260925/11/1007_0065_BATCH04_CANDIDATE_R20.docx,原樣保留；本次尚未確認完成驗收,40358,38212ca4c117f8c68b8d84e0ec9eef064b2f329082e8a5c958f619e6922d724e
1008,0066_BATCH04_CANDIDATE_R20.docx,TTQS_GPT6_ASTRA_FULL_HANDOFF_20260925/TTQS_GPT6_ASTRA_FULL_HANDOFF_20260925/TTQS_DOCUMENT_FOUNDRY_RUN_ASTRA_20260925/00_CONTROL/DOCX_FACTORY/QUALITY_RECOVERY_R01/BATCH_04_QUALITY_RECOVERY_R01/CANDIDATES/0066_BATCH04_CANDIDATE_R20.docx,04_全部文件與歷次版本/TTQS_GPT6_ASTRA_FULL_HANDOFF_20260925/11/1008_0066_BATCH04_CANDIDATE_R20.docx,原樣保留；本次尚未確認完成驗收,61150,6c49ca10a405a272b42b6c42644925231b9eadf1f5d7948b2906414eeca3c741
1009,0067_BATCH04_CANDIDATE_R20.docx,TTQS_GPT6_ASTRA_FULL_HANDOFF_20260925/TTQS_GPT6_ASTRA_FULL_HANDOFF_20260925/TTQS_DOCUMENT_FOUNDRY_RUN_ASTRA_20260925/00_CONTROL/DOCX_FACTORY/QUALITY_RECOVERY_R01/BATCH_04_QUALITY_RECOVERY_R01/CANDIDATES/0067_BATCH04_CANDIDATE_R20.docx,04_全部文件與歷次版本/TTQS_GPT6_ASTRA_FULL_HANDOFF_20260925/11/1009_0067_BATCH04_CANDIDATE_R20.docx,原樣保留；本次尚未確認完成驗收,42531,b9bc63597f2ee236dcfad53aeed0a81066c9414971cec5c61d4af722343e4959
1010,0068_BATCH04_CANDIDATE_R20.docx,TTQS_GPT6_ASTRA_FULL_HANDOFF_20260925/TTQS_GPT6_ASTRA_FULL_HANDOFF_20260925/TTQS_DOCUMENT_FOUNDRY_RUN_ASTRA_20260925/00_CONTROL/DOCX_FACTORY/QUALITY_RECOVERY_R01/BATCH_04_QUALITY_RECOVERY_R01/CANDIDATES/0068_BATCH04_CANDIDATE_R20.docx,04_全部文件與歷次版本/TTQS_GPT6_ASTRA_FULL_HANDOFF_20260925/11/1010_0068_BATCH04_CANDIDATE_R20.docx,原樣保留；本次尚未確認完成驗收,41409,98001ef839c644667cee59a6404e3900f8db8c1b19a0f52dfe1c30495208211a
1011,0069_BATCH04_CANDIDATE_R20.docx,TTQS_GPT6_ASTRA_FULL_HANDOFF_20260925/TTQS_GPT6_ASTRA_FULL_HANDOFF_20260925/TTQS_DOCUMENT_FOUNDRY_RUN_ASTRA_20260925/00_CONTROL/DOCX_FACTORY/QUALITY_RECOVERY_R01/BATCH_04_QUALITY_RECOVERY_R01/CANDIDATES/0069_BATCH04_CANDIDATE_R20.docx,04_全部文件與歷次版本/TTQS_GPT6_ASTRA_FULL_HANDOFF_20260925/11/1011_0069_BATCH04_CANDIDATE_R20.docx,原樣保留；本次尚未確認完成驗收,42544,3a0965dbe75a3ea607b889ad243d979252b97e4ebda66a9db575cd10f2c2813a
1012,0070_BATCH04_CANDIDATE_R20.docx,TTQS_GPT6_ASTRA_FULL_HANDOFF_20260925/TTQS_GPT6_ASTRA_FULL_HANDOFF_20260925/TTQS_DOCUMENT_FOUNDRY_RUN_ASTRA_20260925/00_CONTROL/DOCX_FACTORY/QUALITY_RECOVERY_R01/BATCH_04_QUALITY_RECOVERY_R01/CANDIDATES/0070_BATCH04_CANDIDATE_R20.docx,04_全部文件與歷次版本/TTQS_GPT6_ASTRA_FULL_HANDOFF_20260925/11/1012_0070_BATCH04_CANDIDATE_R20.docx,原樣保留；本次尚未確認完成驗收,59626,232976ce47c45b4846ec5d6bb6c91097303df64d5ae65abb645ad1a2a848257c
1013,0064_BATCH04_CANDIDATE_R21.docx,TTQS_GPT6_ASTRA_FULL_HANDOFF_20260925/TTQS_GPT6_ASTRA_FULL_HANDOFF_20260925/TTQS_DOCUMENT_FOUNDRY_RUN_ASTRA_20260925/00_CONTROL/DOCX_FACTORY/QUALITY_RECOVERY_R01/BATCH_04_QUALITY_RECOVERY_R01/CANDIDATES/0064_BATCH04_CANDIDATE_R21.docx,04_全部文件與歷次版本/TTQS_GPT6_ASTRA_FULL_HANDOFF_20260925/11/1013_0064_BATCH04_CANDIDATE_R21.docx,原樣保留；本次尚未確認完成驗收,43132,318b94c003343110fba08d17e8f0d1a28b5af27b0da628791cde7d1587c6f736
1014,0066_BATCH04_CANDIDATE_R21.docx,TTQS_GPT6_ASTRA_FULL_HANDOFF_20260925/TTQS_GPT6_ASTRA_FULL_HANDOFF_20260925/TTQS_DOCUMENT_FOUNDRY_RUN_ASTRA_20260925/00_CONTROL/DOCX_FACTORY/QUALITY_RECOVERY_R01/BATCH_04_QUALITY_RECOVERY_R01/CANDIDATES/0066_BATCH04_CANDIDATE_R21.docx,04_全部文件與歷次版本/TTQS_GPT6_ASTRA_FULL_HANDOFF_20260925/11/1014_0066_BATCH04_CANDIDATE_R21.docx,原樣保留；本次尚未確認完成驗收,61116,11035ed32348fc55040911aae642f2769c4e53bceb50c996994a8bee6a48d6d4
1015,0070_BATCH04_CANDIDATE_R21.docx,TTQS_GPT6_ASTRA_FULL_HANDOFF_20260925/TTQS_GPT6_ASTRA_FULL_HANDOFF_20260925/TTQS_DOCUMENT_FOUNDRY_RUN_ASTRA_20260925/00_CONTROL/DOCX_FACTORY/QUALITY_RECOVERY_R01/BATCH_04_QUALITY_RECOVERY_R01/CANDIDATES/0070_BATCH04_CANDIDATE_R21.docx,04_全部文件與歷次版本/TTQS_GPT6_ASTRA_FULL_HANDOFF_20260925/11/1015_0070_BATCH04_CANDIDATE_R21.docx,原樣保留；本次尚未確認完成驗收,59625,8e853d7cf43420dae0f74a355a10238e94767819de84b8d721d57364e0d8915e
1016,0064_BATCH04_CANDIDATE_R22.docx,TTQS_GPT6_ASTRA_FULL_HANDOFF_20260925/TTQS_GPT6_ASTRA_FULL_HANDOFF_20260925/TTQS_DOCUMENT_FOUNDRY_RUN_ASTRA_20260925/00_CONTROL/DOCX_FACTORY/QUALITY_RECOVERY_R01/BATCH_04_QUALITY_RECOVERY_R01/CANDIDATES/0064_BATCH04_CANDIDATE_R22.docx,04_全部文件與歷次版本/TTQS_GPT6_ASTRA_FULL_HANDOFF_20260925/11/1016_0064_BATCH04_CANDIDATE_R22.docx,原樣保留；本次尚未確認完成驗收,43180,f7f9136a659de5f7a9dea28676cfddd6cef316b4eb5b32267df5e45f78831826
1017,0066_BATCH04_CANDIDATE_R22.docx,TTQS_GPT6_ASTRA_FULL_HANDOFF_20260925/TTQS_GPT6_ASTRA_FULL_HANDOFF_20260925/TTQS_DOCUMENT_FOUNDRY_RUN_ASTRA_20260925/00_CONTROL/DOCX_FACTORY/QUALITY_RECOVERY_R01/BATCH_04_QUALITY_RECOVERY_R01/CANDIDATES/0066_BATCH04_CANDIDATE_R22.docx,04_全部文件與歷次版本/TTQS_GPT6_ASTRA_FULL_HANDOFF_20260925/11/1017_0066_BATCH04_CANDIDATE_R22.docx,原樣保留；本次尚未確認完成驗收,61101,f910da1114fcb1245fef7c212647029e9f0c0cefd52c83b0ce90c50b54426280
1018,0070_BATCH04_CANDIDATE_R22.docx,TTQS_GPT6_ASTRA_FULL_HANDOFF_20260925/TTQS_GPT6_ASTRA_FULL_HANDOFF_20260925/TTQS_DOCUMENT_FOUNDRY_RUN_ASTRA_20260925/00_CONTROL/DOCX_FACTORY/QUALITY_RECOVERY_R01/BATCH_04_QUALITY_RECOVERY_R01/CANDIDATES/0070_BATCH04_CANDIDATE_R22.docx,04_全部文件與歷次版本/TTQS_GPT6_ASTRA_FULL_HANDOFF_20260925/11/1018_0070_BATCH04_CANDIDATE_R22.docx,原樣保留；本次尚未確認完成驗收,59631,a535521192864f8fc0a9d922918f454b983649fec52de83ba8a317de00765a17
1019,0064_BATCH04_CANDIDATE_R23.docx,TTQS_GPT6_ASTRA_FULL_HANDOFF_20260925/TTQS_GPT6_ASTRA_FULL_HANDOFF_20260925/TTQS_DOCUMENT_FOUNDRY_RUN_ASTRA_20260925/00_CONTROL/DOCX_FACTORY/QUALITY_RECOVERY_R01/BATCH_04_QUALITY_RECOVERY_R01/CANDIDATES/0064_BATCH04_CANDIDATE_R23.docx,04_全部文件與歷次版本/TTQS_GPT6_ASTRA_FULL_HANDOFF_20260925/11/1019_0064_BATCH04_CANDIDATE_R23.docx,原樣保留；本次尚未確認完成驗收,43199,151ea4c7455c602c07a3062e482c347a00387416d3e25def11d7891867efe16e
1020,0066_BATCH04_CANDIDATE_R23.docx,TTQS_GPT6_ASTRA_FULL_HANDOFF_20260925/TTQS_GPT6_ASTRA_FULL_HANDOFF_20260925/TTQS_DOCUMENT_FOUNDRY_RUN_ASTRA_20260925/00_CONTROL/DOCX_FACTORY/QUALITY_RECOVERY_R01/BATCH_04_QUALITY_RECOVERY_R01/CANDIDATES/0066_BATCH04_CANDIDATE_R23.docx,04_全部文件與歷次版本/TTQS_GPT6_ASTRA_FULL_HANDOFF_20260925/11/1020_0066_BATCH04_CANDIDATE_R23.docx,原樣保留；本次尚未確認完成驗收,61116,ec6fa166fefcb37864476409ee2ec3cba3731c4d5abbf7d9d09968a2dd9f494c
1021,0045_BATCH04_CANDIDATE_R24.docx,TTQS_GPT6_ASTRA_FULL_HANDOFF_20260925/TTQS_GPT6_ASTRA_FULL_HANDOFF_20260925/TTQS_DOCUMENT_FOUNDRY_RUN_ASTRA_20260925/00_CONTROL/DOCX_FACTORY/QUALITY_RECOVERY_R01/BATCH_04_QUALITY_RECOVERY_R01/CANDIDATES/0045_BATCH04_CANDIDATE_R24.docx,04_全部文件與歷次版本/TTQS_GPT6_ASTRA_FULL_HANDOFF_20260925/11/1021_0045_BATCH04_CANDIDATE_R24.docx,原樣保留；本次尚未確認完成驗收,46159,491942c7d1e514dade605020de5dc25cb2717798d1d2aa9e6f19d1de543a15c8
1022,0046_BATCH04_CANDIDATE_R24.docx,TTQS_GPT6_ASTRA_FULL_HANDOFF_20260925/TTQS_GPT6_ASTRA_FULL_HANDOFF_20260925/TTQS_DOCUMENT_FOUNDRY_RUN_ASTRA_20260925/00_CONTROL/DOCX_FACTORY/QUALITY_RECOVERY_R01/BATCH_04_QUALITY_RECOVERY_R01/CANDIDATES/0046_BATCH04_CANDIDATE_R24.docx,04_全部文件與歷次版本/TTQS_GPT6_ASTRA_FULL_HANDOFF_20260925/11/1022_0046_BATCH04_CANDIDATE_R24.docx,原樣保留；本次尚未確認完成驗收,43687,88c57d2b9ab72bc700aa459f49871353dd211d8403fd58ccfaa35ae618c408f2
1023,0048_BATCH04_CANDIDATE_R24.docx,TTQS_GPT6_ASTRA_FULL_HANDOFF_20260925/TTQS_GPT6_ASTRA_FULL_HANDOFF_20260925/TTQS_DOCUMENT_FOUNDRY_RUN_ASTRA_20260925/00_CONTROL/DOCX_FACTORY/QUALITY_RECOVERY_R01/BATCH_04_QUALITY_RECOVERY_R01/CANDIDATES/0048_BATCH04_CANDIDATE_R24.docx,04_全部文件與歷次版本/TTQS_GPT6_ASTRA_FULL_HANDOFF_20260925/11/1023_0048_BATCH04_CANDIDATE_R24.docx,原樣保留；本次尚未確認完成驗收,43363,0205e872d3da3f8f79746336f38233953e3b448e2c45ceebdd7061e4ba5d9afe
1024,0049_BATCH04_CANDIDATE_R24.docx,TTQS_GPT6_ASTRA_FULL_HANDOFF_20260925/TTQS_GPT6_ASTRA_FULL_HANDOFF_20260925/TTQS_DOCUMENT_FOUNDRY_RUN_ASTRA_20260925/00_CONTROL/DOCX_FACTORY/QUALITY_RECOVERY_R01/BATCH_04_QUALITY_RECOVERY_R01/CANDIDATES/0049_BATCH04_CANDIDATE_R24.docx,04_全部文件與歷次版本/TTQS_GPT6_ASTRA_FULL_HANDOFF_20260925/11/1024_0049_BATCH04_CANDIDATE_R24.docx,原樣保留；本次尚未確認完成驗收,43489,48dd17515733c98475862ff2c63ab7bcfccbbfb844b15bd85378c070c810efb4
1025,0050_BATCH04_CANDIDATE_R24.docx,TTQS_GPT6_ASTRA_FULL_HANDOFF_20260925/TTQS_GPT6_ASTRA_FULL_HANDOFF_20260925/TTQS_DOCUMENT_FOUNDRY_RUN_ASTRA_20260925/00_CONTROL/DOCX_FACTORY/QUALITY_RECOVERY_R01/BATCH_04_QUALITY_RECOVERY_R01/CANDIDATES/0050_BATCH04_CANDIDATE_R24.docx,04_全部文件與歷次版本/TTQS_GPT6_ASTRA_FULL_HANDOFF_20260925/11/1025_0050_BATCH04_CANDIDATE_R24.docx,原樣保留；本次尚未確認完成驗收,43499,5fc96e3cb3541aa3c5d5ade0cab033a020c99002c1a407981e07fa8ead5bf3b5
1026,0048_BATCH04_CANDIDATE_R25.docx,TTQS_GPT6_ASTRA_FULL_HANDOFF_20260925/TTQS_GPT6_ASTRA_FULL_HANDOFF_20260925/TTQS_DOCUMENT_FOUNDRY_RUN_ASTRA_20260925/00_CONTROL/DOCX_FACTORY/QUALITY_RECOVERY_R01/BATCH_04_QUALITY_RECOVERY_R01/CANDIDATES/0048_BATCH04_CANDIDATE_R25.docx,04_全部文件與歷次版本/TTQS_GPT6_ASTRA_FULL_HANDOFF_20260925/11/1026_0048_BATCH04_CANDIDATE_R25.docx,原樣保留；本次尚未確認完成驗收,43347,16cf644ba74d6e36edf4cafe2c079b81632d0792451fccda42d2214c71fa37a5
1027,0049_BATCH04_CANDIDATE_R25.docx,TTQS_GPT6_ASTRA_FULL_HANDOFF_20260925/TTQS_GPT6_ASTRA_FULL_HANDOFF_20260925/TTQS_DOCUMENT_FOUNDRY_RUN_ASTRA_20260925/00_CONTROL/DOCX_FACTORY/QUALITY_RECOVERY_R01/BATCH_04_QUALITY_RECOVERY_R01/CANDIDATES/0049_BATCH04_CANDIDATE_R25.docx,04_全部文件與歷次版本/TTQS_GPT6_ASTRA_FULL_HANDOFF_20260925/11/1027_0049_BATCH04_CANDIDATE_R25.docx,原樣保留；本次尚未確認完成驗收,43469,467099a6f743a228d0373203c118372c443d2df77ac4e560190d6660eeee07b6
1028,0050_BATCH04_CANDIDATE_R25.docx,TTQS_GPT6_ASTRA_FULL_HANDOFF_20260925/TTQS_GPT6_ASTRA_FULL_HANDOFF_20260925/TTQS_DOCUMENT_FOUNDRY_RUN_ASTRA_20260925/00_CONTROL/DOCX_FACTORY/QUALITY_RECOVERY_R01/BATCH_04_QUALITY_RECOVERY_R01/CANDIDATES/0050_BATCH04_CANDIDATE_R25.docx,04_全部文件與歷次版本/TTQS_GPT6_ASTRA_FULL_HANDOFF_20260925/11/1028_0050_BATCH04_CANDIDATE_R25.docx,原樣保留；本次尚未確認完成驗收,43481,eb10a40ce86ff3d797bb08d2536c05ec2f4987c0dce4bf91a486d4fd23b7cb5c
1029,0047_BATCH04_CANDIDATE_R26.docx,TTQS_GPT6_ASTRA_FULL_HANDOFF_20260925/TTQS_GPT6_ASTRA_FULL_HANDOFF_20260925/TTQS_DOCUMENT_FOUNDRY_RUN_ASTRA_20260925/00_CONTROL/DOCX_FACTORY/QUALITY_RECOVERY_R01/BATCH_04_QUALITY_RECOVERY_R01/CANDIDATES/0047_BATCH04_CANDIDATE_R26.docx,04_全部文件與歷次版本/TTQS_GPT6_ASTRA_FULL_HANDOFF_20260925/11/1029_0047_BATCH04_CANDIDATE_R26.docx,原樣保留；本次尚未確認完成驗收,43661,2e4ee29b269691d7ea98868924e91ae936429afb1ae87f2109d8b0ad936e1073
1030,0046_BATCH04_CANDIDATE_R27.docx,TTQS_GPT6_ASTRA_FULL_HANDOFF_20260925/TTQS_GPT6_ASTRA_FULL_HANDOFF_20260925/TTQS_DOCUMENT_FOUNDRY_RUN_ASTRA_20260925/00_CONTROL/DOCX_FACTORY/QUALITY_RECOVERY_R01/BATCH_04_QUALITY_RECOVERY_R01/CANDIDATES/0046_BATCH04_CANDIDATE_R27.docx,04_全部文件與歷次版本/TTQS_GPT6_ASTRA_FULL_HANDOFF_20260925/11/1030_0046_BATCH04_CANDIDATE_R27.docx,原樣保留；本次尚未確認完成驗收,44447,b8ea9be94d2565811c5b1257441a9db736041b89092873662d4db6aa84b11da5
1031,0056_BATCH04_CANDIDATE_R27.docx,TTQS_GPT6_ASTRA_FULL_HANDOFF_20260925/TTQS_GPT6_ASTRA_FULL_HANDOFF_20260925/TTQS_DOCUMENT_FOUNDRY_RUN_ASTRA_20260925/00_CONTROL/DOCX_FACTORY/QUALITY_RECOVERY_R01/BATCH_04_QUALITY_RECOVERY_R01/CANDIDATES/0056_BATCH04_CANDIDATE_R27.docx,04_全部文件與歷次版本/TTQS_GPT6_ASTRA_FULL_HANDOFF_20260925/11/1031_0056_BATCH04_CANDIDATE_R27.docx,原樣保留；本次尚未確認完成驗收,41759,35c0ccdaceec7261c749881db4336beee6b12f332e9d3819e95b4ea692b7f85b
1032,0057_BATCH04_CANDIDATE_R27.docx,TTQS_GPT6_ASTRA_FULL_HANDOFF_20260925/TTQS_GPT6_ASTRA_FULL_HANDOFF_20260925/TTQS_DOCUMENT_FOUNDRY_RUN_ASTRA_20260925/00_CONTROL/DOCX_FACTORY/QUALITY_RECOVERY_R01/BATCH_04_QUALITY_RECOVERY_R01/CANDIDATES/0057_BATCH04_CANDIDATE_R27.docx,04_全部文件與歷次版本/TTQS_GPT6_ASTRA_FULL_HANDOFF_20260925/11/1032_0057_BATCH04_CANDIDATE_R27.docx,原樣保留；本次尚未確認完成驗收,41584,25f6c72f0d3fa0dc62c280251d80e77a48408e5ec638a88d1bc8550225847fbc
1033,0064_BATCH04_CANDIDATE_R27.docx,TTQS_GPT6_ASTRA_FULL_HANDOFF_20260925/TTQS_GPT6_ASTRA_FULL_HANDOFF_20260925/TTQS_DOCUMENT_FOUNDRY_RUN_ASTRA_20260925/00_CONTROL/DOCX_FACTORY/QUALITY_RECOVERY_R01/BATCH_04_QUALITY_RECOVERY_R01/CANDIDATES/0064_BATCH04_CANDIDATE_R27.docx,04_全部文件與歷次版本/TTQS_GPT6_ASTRA_FULL_HANDOFF_20260925/11/1033_0064_BATCH04_CANDIDATE_R27.docx,原樣保留；本次尚未確認完成驗收,44128,1594146ad6b167ed5f497b1e98ca0b4116ad76c163d7eae8c1e706095038e798
1034,0065_BATCH04_CANDIDATE_R27.docx,TTQS_GPT6_ASTRA_FULL_HANDOFF_20260925/TTQS_GPT6_ASTRA_FULL_HANDOFF_20260925/TTQS_DOCUMENT_FOUNDRY_RUN_ASTRA_20260925/00_CONTROL/DOCX_FACTORY/QUALITY_RECOVERY_R01/BATCH_04_QUALITY_RECOVERY_R01/CANDIDATES/0065_BATCH04_CANDIDATE_R27.docx,04_全部文件與歷次版本/TTQS_GPT6_ASTRA_FULL_HANDOFF_20260925/11/1034_0065_BATCH04_CANDIDATE_R27.docx,原樣保留；本次尚未確認完成驗收,41212,af6802ce5976b9ddd0f4f5fa09be03927eb0fd27c14478e0c07d8a00564d5152
1035,0069_BATCH04_CANDIDATE_R27.docx,TTQS_GPT6_ASTRA_FULL_HANDOFF_20260925/TTQS_GPT6_ASTRA_FULL_HANDOFF_20260925/TTQS_DOCUMENT_FOUNDRY_RUN_ASTRA_20260925/00_CONTROL/DOCX_FACTORY/QUALITY_RECOVERY_R01/BATCH_04_QUALITY_RECOVERY_R01/CANDIDATES/0069_BATCH04_CANDIDATE_R27.docx,04_全部文件與歷次版本/TTQS_GPT6_ASTRA_FULL_HANDOFF_20260925/11/1035_0069_BATCH04_CANDIDATE_R27.docx,原樣保留；本次尚未確認完成驗收,43402,f52a5461ff134963c31ead150d64a1f38ad1067eba03bfae2de5a65be55750e2
1036,0057_BATCH04_CANDIDATE_R28.docx,TTQS_GPT6_ASTRA_FULL_HANDOFF_20260925/TTQS_GPT6_ASTRA_FULL_HANDOFF_20260925/TTQS_DOCUMENT_FOUNDRY_RUN_ASTRA_20260925/00_CONTROL/DOCX_FACTORY/QUALITY_RECOVERY_R01/BATCH_04_QUALITY_RECOVERY_R01/CANDIDATES/0057_BATCH04_CANDIDATE_R28.docx,04_全部文件與歷次版本/TTQS_GPT6_ASTRA_FULL_HANDOFF_20260925/11/1036_0057_BATCH04_CANDIDATE_R28.docx,原樣保留；本次尚未確認完成驗收,41803,70b2fcde246715b98bb2bd664bb77ddd94cad62db32ba7ef24bbeee38a0e7f36
1037,0057_BATCH04_CANDIDATE_R29.docx,TTQS_GPT6_ASTRA_FULL_HANDOFF_20260925/TTQS_GPT6_ASTRA_FULL_HANDOFF_20260925/TTQS_DOCUMENT_FOUNDRY_RUN_ASTRA_20260925/00_CONTROL/DOCX_FACTORY/QUALITY_RECOVERY_R01/BATCH_04_QUALITY_RECOVERY_R01/CANDIDATES/0057_BATCH04_CANDIDATE_R29.docx,04_全部文件與歷次版本/TTQS_GPT6_ASTRA_FULL_HANDOFF_20260925/11/1037_0057_BATCH04_CANDIDATE_R29.docx,原樣保留；本次尚未確認完成驗收,41836,8a93f6d55f1201c1a95ec4b5b5fc8b76e57e7c080ae65f04ba0dad29f6170f3d
1038,0046_BATCH04_CANDIDATE_R28.docx,TTQS_GPT6_ASTRA_FULL_HANDOFF_20260925/TTQS_GPT6_ASTRA_FULL_HANDOFF_20260925/TTQS_DOCUMENT_FOUNDRY_RUN_ASTRA_20260925/00_CONTROL/DOCX_FACTORY/QUALITY_RECOVERY_R01/BATCH_04_QUALITY_RECOVERY_R01/CANDIDATES/0046_BATCH04_CANDIDATE_R28.docx,04_全部文件與歷次版本/TTQS_GPT6_ASTRA_FULL_HANDOFF_20260925/11/1038_0046_BATCH04_CANDIDATE_R28.docx,原樣保留；本次尚未確認完成驗收,44422,46ee2c6a79e71e73e5d11f28c886a1ad63e0d0c085771ceaf2ed8ce1bbc27b28
1039,0056_BATCH04_CANDIDATE_R28.docx,TTQS_GPT6_ASTRA_FULL_HANDOFF_20260925/TTQS_GPT6_ASTRA_FULL_HANDOFF_20260925/TTQS_DOCUMENT_FOUNDRY_RUN_ASTRA_20260925/00_CONTROL/DOCX_FACTORY/QUALITY_RECOVERY_R01/BATCH_04_QUALITY_RECOVERY_R01/CANDIDATES/0056_BATCH04_CANDIDATE_R28.docx,04_全部文件與歷次版本/TTQS_GPT6_ASTRA_FULL_HANDOFF_20260925/11/1039_0056_BATCH04_CANDIDATE_R28.docx,原樣保留；本次尚未確認完成驗收,41739,06bb4cdf1512ecff9c8677b989875f5e4ae6def9f929593c2699ed56fe66e6e8
1040,0056_BATCH04_CANDIDATE_R29.docx,TTQS_GPT6_ASTRA_FULL_HANDOFF_20260925/TTQS_GPT6_ASTRA_FULL_HANDOFF_20260925/TTQS_DOCUMENT_FOUNDRY_RUN_ASTRA_20260925/00_CONTROL/DOCX_FACTORY/QUALITY_RECOVERY_R01/BATCH_04_QUALITY_RECOVERY_R01/CANDIDATES/0056_BATCH04_CANDIDATE_R29.docx,04_全部文件與歷次版本/TTQS_GPT6_ASTRA_FULL_HANDOFF_20260925/11/1040_0056_BATCH04_CANDIDATE_R29.docx,原樣保留；本次尚未確認完成驗收,41756,17e5b2a423a47a3d0459ab618d3840748b3b4edfbc7dc13e8b7a6ea1335ab1d3
1041,0064_BATCH04_CANDIDATE_R28.docx,TTQS_GPT6_ASTRA_FULL_HANDOFF_20260925/TTQS_GPT6_ASTRA_FULL_HANDOFF_20260925/TTQS_DOCUMENT_FOUNDRY_RUN_ASTRA_20260925/00_CONTROL/DOCX_FACTORY/QUALITY_RECOVERY_R01/BATCH_04_QUALITY_RECOVERY_R01/CANDIDATES/0064_BATCH04_CANDIDATE_R28.docx,04_全部文件與歷次版本/TTQS_GPT6_ASTRA_FULL_HANDOFF_20260925/11/1041_0064_BATCH04_CANDIDATE_R28.docx,原樣保留；本次尚未確認完成驗收,44128,c775a49d69c15d3c98376ee8288ee3d7233c18e766bd9db2445f1a0e66994fd2
1042,0065_BATCH04_CANDIDATE_R28.docx,TTQS_GPT6_ASTRA_FULL_HANDOFF_20260925/TTQS_GPT6_ASTRA_FULL_HANDOFF_20260925/TTQS_DOCUMENT_FOUNDRY_RUN_ASTRA_20260925/00_CONTROL/DOCX_FACTORY/QUALITY_RECOVERY_R01/BATCH_04_QUALITY_RECOVERY_R01/CANDIDATES/0065_BATCH04_CANDIDATE_R28.docx,04_全部文件與歷次版本/TTQS_GPT6_ASTRA_FULL_HANDOFF_20260925/11/1042_0065_BATCH04_CANDIDATE_R28.docx,原樣保留；本次尚未確認完成驗收,41250,eb9290c0dfe70655b5d9ef483ce95bb9691435da0a21387288ba61fee6a82f71
1043,0069_BATCH04_CANDIDATE_R28.docx,TTQS_GPT6_ASTRA_FULL_HANDOFF_20260925/TTQS_GPT6_ASTRA_FULL_HANDOFF_20260925/TTQS_DOCUMENT_FOUNDRY_RUN_ASTRA_20260925/00_CONTROL/DOCX_FACTORY/QUALITY_RECOVERY_R01/BATCH_04_QUALITY_RECOVERY_R01/CANDIDATES/0069_BATCH04_CANDIDATE_R28.docx,04_全部文件與歷次版本/TTQS_GPT6_ASTRA_FULL_HANDOFF_20260925/11/1043_0069_BATCH04_CANDIDATE_R28.docx,原樣保留；本次尚未確認完成驗收,43421,03f10fa2bba8da7ec7da9ce978d6a2d49ebdd17d1b29f275fb2aa352cfeaba6d
1044,0056_BATCH04_CANDIDATE_R30.docx,TTQS_GPT6_ASTRA_FULL_HANDOFF_20260925/TTQS_GPT6_ASTRA_FULL_HANDOFF_20260925/TTQS_DOCUMENT_FOUNDRY_RUN_ASTRA_20260925/00_CONTROL/DOCX_FACTORY/QUALITY_RECOVERY_R01/BATCH_04_QUALITY_RECOVERY_R01/CANDIDATES/0056_BATCH04_CANDIDATE_R30.docx,04_全部文件與歷次版本/TTQS_GPT6_ASTRA_FULL_HANDOFF_20260925/11/1044_0056_BATCH04_CANDIDATE_R30.docx,原樣保留；本次尚未確認完成驗收,41739,badc91021635234493cda54c4d8353c6a51536d2ef648e91e06097e2fca9ddb7
1045,0064_BATCH04_CANDIDATE_R29.docx,TTQS_GPT6_ASTRA_FULL_HANDOFF_20260925/TTQS_GPT6_ASTRA_FULL_HANDOFF_20260925/TTQS_DOCUMENT_FOUNDRY_RUN_ASTRA_20260925/00_CONTROL/DOCX_FACTORY/QUALITY_RECOVERY_R01/BATCH_04_QUALITY_RECOVERY_R01/CANDIDATES/0064_BATCH04_CANDIDATE_R29.docx,04_全部文件與歷次版本/TTQS_GPT6_ASTRA_FULL_HANDOFF_20260925/11/1045_0064_BATCH04_CANDIDATE_R29.docx,原樣保留；本次尚未確認完成驗收,44106,ddb162246053f643bed3a384d3359963ef6cb4f601272741c46f9022f2c87ddc
1046,0056_BATCH04_CANDIDATE_R31.docx,TTQS_GPT6_ASTRA_FULL_HANDOFF_20260925/TTQS_GPT6_ASTRA_FULL_HANDOFF_20260925/TTQS_DOCUMENT_FOUNDRY_RUN_ASTRA_20260925/00_CONTROL/DOCX_FACTORY/QUALITY_RECOVERY_R01/BATCH_04_QUALITY_RECOVERY_R01/CANDIDATES/0056_BATCH04_CANDIDATE_R31.docx,04_全部文件與歷次版本/TTQS_GPT6_ASTRA_FULL_HANDOFF_20260925/11/1046_0056_BATCH04_CANDIDATE_R31.docx,原樣保留；本次尚未確認完成驗收,41756,6655351d4abd6a9f1cfa8e2091da340841770b483fb0e9ff7269128e66088836
1047,0064_BATCH04_CANDIDATE_R30.docx,TTQS_GPT6_ASTRA_FULL_HANDOFF_20260925/TTQS_GPT6_ASTRA_FULL_HANDOFF_20260925/TTQS_DOCUMENT_FOUNDRY_RUN_ASTRA_20260925/00_CONTROL/DOCX_FACTORY/QUALITY_RECOVERY_R01/BATCH_04_QUALITY_RECOVERY_R01/CANDIDATES/0064_BATCH04_CANDIDATE_R30.docx,04_全部文件與歷次版本/TTQS_GPT6_ASTRA_FULL_HANDOFF_20260925/11/1047_0064_BATCH04_CANDIDATE_R30.docx,原樣保留；本次尚未確認完成驗收,44129,712778169d6486e74ccf7e9159ecbe4c7e072008c01c6f7f9cc76de393f342e3
1048,0068_BATCH04_CANDIDATE_R21.docx,TTQS_GPT6_ASTRA_FULL_HANDOFF_20260925/TTQS_GPT6_ASTRA_FULL_HANDOFF_20260925/TTQS_DOCUMENT_FOUNDRY_RUN_ASTRA_20260925/00_CONTROL/DOCX_FACTORY/QUALITY_RECOVERY_R01/BATCH_04_QUALITY_RECOVERY_R01/CANDIDATES/0068_BATCH04_CANDIDATE_R21.docx,04_全部文件與歷次版本/TTQS_GPT6_ASTRA_FULL_HANDOFF_20260925/11/1048_0068_BATCH04_CANDIDATE_R21.docx,原樣保留；本次尚未確認完成驗收,42741,408615e5c6eba5dd257e653e3213625a46dfc351f54b41442d7bc97a9e4a3542
1049,0068_BATCH04_CANDIDATE_R22.docx,TTQS_GPT6_ASTRA_FULL_HANDOFF_20260925/TTQS_GPT6_ASTRA_FULL_HANDOFF_20260925/TTQS_DOCUMENT_FOUNDRY_RUN_ASTRA_20260925/00_CONTROL/DOCX_FACTORY/QUALITY_RECOVERY_R01/BATCH_04_QUALITY_RECOVERY_R01/CANDIDATES/0068_BATCH04_CANDIDATE_R22.docx,04_全部文件與歷次版本/TTQS_GPT6_ASTRA_FULL_HANDOFF_20260925/11/1049_0068_BATCH04_CANDIDATE_R22.docx,原樣保留；本次尚未確認完成驗收,42708,9c0ba321da9b5433d5e79580d91ddfecb4f795eae82e4a22ddd0dbe197328972
1050,0068_BATCH04_CANDIDATE_R23.docx,TTQS_GPT6_ASTRA_FULL_HANDOFF_20260925/TTQS_GPT6_ASTRA_FULL_HANDOFF_20260925/TTQS_DOCUMENT_FOUNDRY_RUN_ASTRA_20260925/00_CONTROL/DOCX_FACTORY/QUALITY_RECOVERY_R01/BATCH_04_QUALITY_RECOVERY_R01/CANDIDATES/0068_BATCH04_CANDIDATE_R23.docx,04_全部文件與歷次版本/TTQS_GPT6_ASTRA_FULL_HANDOFF_20260925/11/1050_0068_BATCH04_CANDIDATE_R23.docx,原樣保留；本次尚未確認完成驗收,42683,b9fddab312b095bc89738a5cdb6851075facee6bd03514a2e302be8cca605af3
1051,0064_BATCH04_CANDIDATE_R31.docx,TTQS_GPT6_ASTRA_FULL_HANDOFF_20260925/TTQS_GPT6_ASTRA_FULL_HANDOFF_20260925/TTQS_DOCUMENT_FOUNDRY_RUN_ASTRA_20260925/00_CONTROL/DOCX_FACTORY/QUALITY_RECOVERY_R01/BATCH_04_QUALITY_RECOVERY_R01/CANDIDATES/0064_BATCH04_CANDIDATE_R31.docx,04_全部文件與歷次版本/TTQS_GPT6_ASTRA_FULL_HANDOFF_20260925/11/1051_0064_BATCH04_CANDIDATE_R31.docx,原樣保留；本次尚未確認完成驗收,45579,ff723246f91e4713e7b54660011517f0af7bd8d0c19136d3dd4a6ea7ff04b316
1052,0064_BATCH04_CANDIDATE_R32.docx,TTQS_GPT6_ASTRA_FULL_HANDOFF_20260925/TTQS_GPT6_ASTRA_FULL_HANDOFF_20260925/TTQS_DOCUMENT_FOUNDRY_RUN_ASTRA_20260925/00_CONTROL/DOCX_FACTORY/QUALITY_RECOVERY_R01/BATCH_04_QUALITY_RECOVERY_R01/CANDIDATES/0064_BATCH04_CANDIDATE_R32.docx,04_全部文件與歷次版本/TTQS_GPT6_ASTRA_FULL_HANDOFF_20260925/11/1052_0064_BATCH04_CANDIDATE_R32.docx,原樣保留；本次尚未確認完成驗收,45598,ac37f4f67a515fc67ce66a51b1a3ebcb7d090b9d8e3f8c0932179ff90c7b63da
1053,0064_BATCH04_CANDIDATE_R33.docx,TTQS_GPT6_ASTRA_FULL_HANDOFF_20260925/TTQS_GPT6_ASTRA_FULL_HANDOFF_20260925/TTQS_DOCUMENT_FOUNDRY_RUN_ASTRA_20260925/00_CONTROL/DOCX_FACTORY/QUALITY_RECOVERY_R01/BATCH_04_QUALITY_RECOVERY_R01/CANDIDATES/0064_BATCH04_CANDIDATE_R33.docx,04_全部文件與歷次版本/TTQS_GPT6_ASTRA_FULL_HANDOFF_20260925/11/1053_0064_BATCH04_CANDIDATE_R33.docx,原樣保留；本次尚未確認完成驗收,45602,5302c103cf028c00be38b5cebb55bc43a1e6bf2c80f9cc3bbb67e779d230deb3
1054,0044_PRE_BATCH04.docx,TTQS_GPT6_ASTRA_FULL_HANDOFF_20260925/TTQS_GPT6_ASTRA_FULL_HANDOFF_20260925/TTQS_DOCUMENT_FOUNDRY_RUN_ASTRA_20260925/00_CONTROL/DOCX_FACTORY/QUALITY_RECOVERY_R01/BATCH_04_QUALITY_RECOVERY_R01/CANONICAL_BACKUPS/0044_PRE_BATCH04.docx,04_全部文件與歷次版本/TTQS_GPT6_ASTRA_FULL_HANDOFF_20260925/11/1054_0044_PRE_BATCH04.docx,原樣保留；本次尚未確認完成驗收,43240,0e25cabb87717d08bcdcbfb242ce5e8168d03ed547f5c0c3aaa7181350489d9e
1055,0045_PRE_BATCH04.docx,TTQS_GPT6_ASTRA_FULL_HANDOFF_20260925/TTQS_GPT6_ASTRA_FULL_HANDOFF_20260925/TTQS_DOCUMENT_FOUNDRY_RUN_ASTRA_20260925/00_CONTROL/DOCX_FACTORY/QUALITY_RECOVERY_R01/BATCH_04_QUALITY_RECOVERY_R01/CANONICAL_BACKUPS/0045_PRE_BATCH04.docx,04_全部文件與歷次版本/TTQS_GPT6_ASTRA_FULL_HANDOFF_20260925/11/1055_0045_PRE_BATCH04.docx,原樣保留；本次尚未確認完成驗收,46102,5f70a5af99adb9f9713487b7f5881dbbef36239b9ec0ed858fc791391d0debcf
1056,0046_PRE_BATCH04.docx,TTQS_GPT6_ASTRA_FULL_HANDOFF_20260925/TTQS_GPT6_ASTRA_FULL_HANDOFF_20260925/TTQS_DOCUMENT_FOUNDRY_RUN_ASTRA_20260925/00_CONTROL/DOCX_FACTORY/QUALITY_RECOVERY_R01/BATCH_04_QUALITY_RECOVERY_R01/CANONICAL_BACKUPS/0046_PRE_BATCH04.docx,04_全部文件與歷次版本/TTQS_GPT6_ASTRA_FULL_HANDOFF_20260925/11/1056_0046_PRE_BATCH04.docx,原樣保留；本次尚未確認完成驗收,43551,8c5b6c75e32dff9980f4cdc44a04c67a8a0bff11bf88defc1372dfbb7c29845b
1057,0047_PRE_BATCH04.docx,TTQS_GPT6_ASTRA_FULL_HANDOFF_20260925/TTQS_GPT6_ASTRA_FULL_HANDOFF_20260925/TTQS_DOCUMENT_FOUNDRY_RUN_ASTRA_20260925/00_CONTROL/DOCX_FACTORY/QUALITY_RECOVERY_R01/BATCH_04_QUALITY_RECOVERY_R01/CANONICAL_BACKUPS/0047_PRE_BATCH04.docx,04_全部文件與歷次版本/TTQS_GPT6_ASTRA_FULL_HANDOFF_20260925/11/1057_0047_PRE_BATCH04.docx,原樣保留；本次尚未確認完成驗收,43392,e1cd06f1cd2be8b15746b134dbfbb25080e22330d80c39971e80b28b8c9f0e82
1058,0048_PRE_BATCH04.docx,TTQS_GPT6_ASTRA_FULL_HANDOFF_20260925/TTQS_GPT6_ASTRA_FULL_HANDOFF_20260925/TTQS_DOCUMENT_FOUNDRY_RUN_ASTRA_20260925/00_CONTROL/DOCX_FACTORY/QUALITY_RECOVERY_R01/BATCH_04_QUALITY_RECOVERY_R01/CANONICAL_BACKUPS/0048_PRE_BATCH04.docx,04_全部文件與歷次版本/TTQS_GPT6_ASTRA_FULL_HANDOFF_20260925/11/1058_0048_PRE_BATCH04.docx,原樣保留；本次尚未確認完成驗收,43091,a2f189272d092c9ee621feb578fe04f7aa417892734a52c895d749f29ed01f1a
1059,0049_PRE_BATCH04.docx,TTQS_GPT6_ASTRA_FULL_HANDOFF_20260925/TTQS_GPT6_ASTRA_FULL_HANDOFF_20260925/TTQS_DOCUMENT_FOUNDRY_RUN_ASTRA_20260925/00_CONTROL/DOCX_FACTORY/QUALITY_RECOVERY_R01/BATCH_04_QUALITY_RECOVERY_R01/CANONICAL_BACKUPS/0049_PRE_BATCH04.docx,04_全部文件與歷次版本/TTQS_GPT6_ASTRA_FULL_HANDOFF_20260925/11/1059_0049_PRE_BATCH04.docx,原樣保留；本次尚未確認完成驗收,43118,33973a836e016b600b7389ae0a8397664e6eabe4bdb9569ac644fbdf18886339
1060,0050_PRE_BATCH04.docx,TTQS_GPT6_ASTRA_FULL_HANDOFF_20260925/TTQS_GPT6_ASTRA_FULL_HANDOFF_20260925/TTQS_DOCUMENT_FOUNDRY_RUN_ASTRA_20260925/00_CONTROL/DOCX_FACTORY/QUALITY_RECOVERY_R01/BATCH_04_QUALITY_RECOVERY_R01/CANONICAL_BACKUPS/0050_PRE_BATCH04.docx,04_全部文件與歷次版本/TTQS_GPT6_ASTRA_FULL_HANDOFF_20260925/11/1060_0050_PRE_BATCH04.docx,原樣保留；本次尚未確認完成驗收,43003,70acc4da639978d1f7a42e1cbdd99266fef038fef7e43e3c3e97b716c6117916
1061,0051_PRE_BATCH04.docx,TTQS_GPT6_ASTRA_FULL_HANDOFF_20260925/TTQS_GPT6_ASTRA_FULL_HANDOFF_20260925/TTQS_DOCUMENT_FOUNDRY_RUN_ASTRA_20260925/00_CONTROL/DOCX_FACTORY/QUALITY_RECOVERY_R01/BATCH_04_QUALITY_RECOVERY_R01/CANONICAL_BACKUPS/0051_PRE_BATCH04.docx,04_全部文件與歷次版本/TTQS_GPT6_ASTRA_FULL_HANDOFF_20260925/11/1061_0051_PRE_BATCH04.docx,原樣保留；本次尚未確認完成驗收,40785,ef98badb75a6a652438b5f18596cdd97002780eff0a25f7e1787ebf2f83e8ccb
1062,0056_PRE_BATCH04.docx,TTQS_GPT6_ASTRA_FULL_HANDOFF_20260925/TTQS_GPT6_ASTRA_FULL_HANDOFF_20260925/TTQS_DOCUMENT_FOUNDRY_RUN_ASTRA_20260925/00_CONTROL/DOCX_FACTORY/QUALITY_RECOVERY_R01/BATCH_04_QUALITY_RECOVERY_R01/CANONICAL_BACKUPS/0056_PRE_BATCH04.docx,04_全部文件與歷次版本/TTQS_GPT6_ASTRA_FULL_HANDOFF_20260925/11/1062_0056_PRE_BATCH04.docx,原樣保留；本次尚未確認完成驗收,40645,da967fbf0ab03fb5014fa38bf7750ef599dea00e7ff230c856113df70af11ad4
1063,0057_PRE_BATCH04.docx,TTQS_GPT6_ASTRA_FULL_HANDOFF_20260925/TTQS_GPT6_ASTRA_FULL_HANDOFF_20260925/TTQS_DOCUMENT_FOUNDRY_RUN_ASTRA_20260925/00_CONTROL/DOCX_FACTORY/QUALITY_RECOVERY_R01/BATCH_04_QUALITY_RECOVERY_R01/CANONICAL_BACKUPS/0057_PRE_BATCH04.docx,04_全部文件與歷次版本/TTQS_GPT6_ASTRA_FULL_HANDOFF_20260925/11/1063_0057_PRE_BATCH04.docx,原樣保留；本次尚未確認完成驗收,40770,fb4ed54e5382f4a6904b83980c3f0aff61ab62c19c45cc46ab3342d44ae4b308
1064,0058_PRE_BATCH04.docx,TTQS_GPT6_ASTRA_FULL_HANDOFF_20260925/TTQS_GPT6_ASTRA_FULL_HANDOFF_20260925/TTQS_DOCUMENT_FOUNDRY_RUN_ASTRA_20260925/00_CONTROL/DOCX_FACTORY/QUALITY_RECOVERY_R01/BATCH_04_QUALITY_RECOVERY_R01/CANONICAL_BACKUPS/0058_PRE_BATCH04.docx,04_全部文件與歷次版本/TTQS_GPT6_ASTRA_FULL_HANDOFF_20260925/11/1064_0058_PRE_BATCH04.docx,原樣保留；本次尚未確認完成驗收,41044,a1430a4fc2141246d4ce46b3e787b46d9eb4a02d62d2352baa940fa8050cf46d
1065,0059_PRE_BATCH04.docx,TTQS_GPT6_ASTRA_FULL_HANDOFF_20260925/TTQS_GPT6_ASTRA_FULL_HANDOFF_20260925/TTQS_DOCUMENT_FOUNDRY_RUN_ASTRA_20260925/00_CONTROL/DOCX_FACTORY/QUALITY_RECOVERY_R01/BATCH_04_QUALITY_RECOVERY_R01/CANONICAL_BACKUPS/0059_PRE_BATCH04.docx,04_全部文件與歷次版本/TTQS_GPT6_ASTRA_FULL_HANDOFF_20260925/11/1065_0059_PRE_BATCH04.docx,原樣保留；本次尚未確認完成驗收,40794,7dce6e04d5774a2328f3201574bd2e1cd3b6d1eea80e1dff4a10acc7b43d8e5c
1066,0063_PRE_BATCH04.docx,TTQS_GPT6_ASTRA_FULL_HANDOFF_20260925/TTQS_GPT6_ASTRA_FULL_HANDOFF_20260925/TTQS_DOCUMENT_FOUNDRY_RUN_ASTRA_20260925/00_CONTROL/DOCX_FACTORY/QUALITY_RECOVERY_R01/BATCH_04_QUALITY_RECOVERY_R01/CANONICAL_BACKUPS/0063_PRE_BATCH04.docx,04_全部文件與歷次版本/TTQS_GPT6_ASTRA_FULL_HANDOFF_20260925/11/1066_0063_PRE_BATCH04.docx,原樣保留；本次尚未確認完成驗收,41248,d5e304a6e2b64d73f80325f0bd1be160cee5df14ec6ace856b70b653a6410f1f
1067,0064_PRE_BATCH04.docx,TTQS_GPT6_ASTRA_FULL_HANDOFF_20260925/TTQS_GPT6_ASTRA_FULL_HANDOFF_20260925/TTQS_DOCUMENT_FOUNDRY_RUN_ASTRA_20260925/00_CONTROL/DOCX_FACTORY/QUALITY_RECOVERY_R01/BATCH_04_QUALITY_RECOVERY_R01/CANONICAL_BACKUPS/0064_PRE_BATCH04.docx,04_全部文件與歷次版本/TTQS_GPT6_ASTRA_FULL_HANDOFF_20260925/11/1067_0064_PRE_BATCH04.docx,原樣保留；本次尚未確認完成驗收,41865,88f982fa197255f234eeafe496f7f3eb6a3beca28a91b79b90203bf4967cd128
1068,0065_PRE_BATCH04.docx,TTQS_GPT6_ASTRA_FULL_HANDOFF_20260925/TTQS_GPT6_ASTRA_FULL_HANDOFF_20260925/TTQS_DOCUMENT_FOUNDRY_RUN_ASTRA_20260925/00_CONTROL/DOCX_FACTORY/QUALITY_RECOVERY_R01/BATCH_04_QUALITY_RECOVERY_R01/CANONICAL_BACKUPS/0065_PRE_BATCH04.docx,04_全部文件與歷次版本/TTQS_GPT6_ASTRA_FULL_HANDOFF_20260925/11/1068_0065_PRE_BATCH04.docx,原樣保留；本次尚未確認完成驗收,40918,34587bcb30c0063f8ad7f9b286c64dbfc695ccc7f59f619a3b775b52b95d88da
1069,0066_PRE_BATCH04.docx,TTQS_GPT6_ASTRA_FULL_HANDOFF_20260925/TTQS_GPT6_ASTRA_FULL_HANDOFF_20260925/TTQS_DOCUMENT_FOUNDRY_RUN_ASTRA_20260925/00_CONTROL/DOCX_FACTORY/QUALITY_RECOVERY_R01/BATCH_04_QUALITY_RECOVERY_R01/CANONICAL_BACKUPS/0066_PRE_BATCH04.docx,04_全部文件與歷次版本/TTQS_GPT6_ASTRA_FULL_HANDOFF_20260925/11/1069_0066_PRE_BATCH04.docx,原樣保留；本次尚未確認完成驗收,61302,1cc1ae53d93d1b99e7ca36bff93096e323511eb7ad18d98da6681d6f9dc07489
1070,0067_PRE_BATCH04.docx,TTQS_GPT6_ASTRA_FULL_HANDOFF_20260925/TTQS_GPT6_ASTRA_FULL_HANDOFF_20260925/TTQS_DOCUMENT_FOUNDRY_RUN_ASTRA_20260925/00_CONTROL/DOCX_FACTORY/QUALITY_RECOVERY_R01/BATCH_04_QUALITY_RECOVERY_R01/CANONICAL_BACKUPS/0067_PRE_BATCH04.docx,04_全部文件與歷次版本/TTQS_GPT6_ASTRA_FULL_HANDOFF_20260925/11/1070_0067_PRE_BATCH04.docx,原樣保留；本次尚未確認完成驗收,41394,fc73b4335f402ca2abc7e8e791852e8fe5359de667967d6cd0ce96fcb68dab1d
1071,0068_PRE_BATCH04.docx,TTQS_GPT6_ASTRA_FULL_HANDOFF_20260925/TTQS_GPT6_ASTRA_FULL_HANDOFF_20260925/TTQS_DOCUMENT_FOUNDRY_RUN_ASTRA_20260925/00_CONTROL/DOCX_FACTORY/QUALITY_RECOVERY_R01/BATCH_04_QUALITY_RECOVERY_R01/CANONICAL_BACKUPS/0068_PRE_BATCH04.docx,04_全部文件與歷次版本/TTQS_GPT6_ASTRA_FULL_HANDOFF_20260925/11/1071_0068_PRE_BATCH04.docx,原樣保留；本次尚未確認完成驗收,40918,bd5fe89c8aa7f83c4b826915a753baefd288ee20d540e1760f99a15b1b344331
1072,0069_PRE_BATCH04.docx,TTQS_GPT6_ASTRA_FULL_HANDOFF_20260925/TTQS_GPT6_ASTRA_FULL_HANDOFF_20260925/TTQS_DOCUMENT_FOUNDRY_RUN_ASTRA_20260925/00_CONTROL/DOCX_FACTORY/QUALITY_RECOVERY_R01/BATCH_04_QUALITY_RECOVERY_R01/CANONICAL_BACKUPS/0069_PRE_BATCH04.docx,04_全部文件與歷次版本/TTQS_GPT6_ASTRA_FULL_HANDOFF_20260925/11/1072_0069_PRE_BATCH04.docx,原樣保留；本次尚未確認完成驗收,41249,2ffadc8b8331d2463629872d3771a8260c764b434b40dc0b22a8d539688b93f6
1073,0070_PRE_BATCH04.docx,TTQS_GPT6_ASTRA_FULL_HANDOFF_20260925/TTQS_GPT6_ASTRA_FULL_HANDOFF_20260925/TTQS_DOCUMENT_FOUNDRY_RUN_ASTRA_20260925/00_CONTROL/DOCX_FACTORY/QUALITY_RECOVERY_R01/BATCH_04_QUALITY_RECOVERY_R01/CANONICAL_BACKUPS/0070_PRE_BATCH04.docx,04_全部文件與歷次版本/TTQS_GPT6_ASTRA_FULL_HANDOFF_20260925/11/1073_0070_PRE_BATCH04.docx,原樣保留；本次尚未確認完成驗收,59721,4bc597aa6193cd6de34fa5c62caa1828276940d21d0a18a3f4d1ea4b8e40ae48
1074,0052_QUALITY_REPAIR_R01.docx,TTQS_GPT6_ASTRA_FULL_HANDOFF_20260925/TTQS_GPT6_ASTRA_FULL_HANDOFF_20260925/TTQS_DOCUMENT_FOUNDRY_RUN_ASTRA_20260925/00_CONTROL/DOCX_FACTORY/QUALITY_RECOVERY_R01/PRIOR_RANDOM12_REAUDIT_R01/REPAIR_CANDIDATES_R01/0052_QUALITY_REPAIR_R01.docx,04_全部文件與歷次版本/TTQS_GPT6_ASTRA_FULL_HANDOFF_20260925/11/1074_0052_QUALITY_REPAIR_R01.docx,原樣保留；本次尚未確認完成驗收,43489,dadd574eaafd10ed40900bc935d273e0866ccae4f7071ad187af6b9e4bfc3021
1075,0054_QUALITY_REPAIR_R01.docx,TTQS_GPT6_ASTRA_FULL_HANDOFF_20260925/TTQS_GPT6_ASTRA_FULL_HANDOFF_20260925/TTQS_DOCUMENT_FOUNDRY_RUN_ASTRA_20260925/00_CONTROL/DOCX_FACTORY/QUALITY_RECOVERY_R01/PRIOR_RANDOM12_REAUDIT_R01/REPAIR_CANDIDATES_R01/0054_QUALITY_REPAIR_R01.docx,04_全部文件與歷次版本/TTQS_GPT6_ASTRA_FULL_HANDOFF_20260925/11/1075_0054_QUALITY_REPAIR_R01.docx,原樣保留；本次尚未確認完成驗收,46352,a5307175acece306bb7ae06833b9a263ee66cef52c1fc8e273519661b2115132
1076,0090_QUALITY_REPAIR_R01.docx,TTQS_GPT6_ASTRA_FULL_HANDOFF_20260925/TTQS_GPT6_ASTRA_FULL_HANDOFF_20260925/TTQS_DOCUMENT_FOUNDRY_RUN_ASTRA_20260925/00_CONTROL/DOCX_FACTORY/QUALITY_RECOVERY_R01/PRIOR_RANDOM12_REAUDIT_R01/REPAIR_CANDIDATES_R01/0090_QUALITY_REPAIR_R01.docx,04_全部文件與歷次版本/TTQS_GPT6_ASTRA_FULL_HANDOFF_20260925/11/1076_0090_QUALITY_REPAIR_R01.docx,原樣保留；本次尚未確認完成驗收,44966,a4128b90ea210840c93da1c67f6333d9db01f5c34b6f0c5e19ab71180e51820e
1077,0025_QUALITY_REPAIR_R01.docx,TTQS_GPT6_ASTRA_FULL_HANDOFF_20260925/TTQS_GPT6_ASTRA_FULL_HANDOFF_20260925/TTQS_DOCUMENT_FOUNDRY_RUN_ASTRA_20260925/00_CONTROL/DOCX_FACTORY/QUALITY_RECOVERY_R01/PRIOR_RANDOM12_REAUDIT_R01/REPAIR_CANDIDATES_R01/0025_QUALITY_REPAIR_R01.docx,04_全部文件與歷次版本/TTQS_GPT6_ASTRA_FULL_HANDOFF_20260925/11/1077_0025_QUALITY_REPAIR_R01.docx,原樣保留；本次尚未確認完成驗收,46034,2d69fe66f8389ccd9afe16d6c3af06e76468e68721b2d877858d6f68acdbebb3
1078,0100_QUALITY_REPAIR_R01.docx,TTQS_GPT6_ASTRA_FULL_HANDOFF_20260925/TTQS_GPT6_ASTRA_FULL_HANDOFF_20260925/TTQS_DOCUMENT_FOUNDRY_RUN_ASTRA_20260925/00_CONTROL/DOCX_FACTORY/QUALITY_RECOVERY_R01/PRIOR_RANDOM12_REAUDIT_R01/REPAIR_CANDIDATES_R01/0100_QUALITY_REPAIR_R01.docx,04_全部文件與歷次版本/TTQS_GPT6_ASTRA_FULL_HANDOFF_20260925/11/1078_0100_QUALITY_REPAIR_R01.docx,原樣保留；本次尚未確認完成驗收,91871,a17f74113f648e6934ffb930699da6e7b1f9f5a6b3887aaa95341a0520a9b154
1079,0116_QUALITY_REPAIR_R01.docx,TTQS_GPT6_ASTRA_FULL_HANDOFF_20260925/TTQS_GPT6_ASTRA_FULL_HANDOFF_20260925/TTQS_DOCUMENT_FOUNDRY_RUN_ASTRA_20260925/00_CONTROL/DOCX_FACTORY/QUALITY_RECOVERY_R01/PRIOR_RANDOM12_REAUDIT_R01/REPAIR_CANDIDATES_R01/0116_QUALITY_REPAIR_R01.docx,04_全部文件與歷次版本/TTQS_GPT6_ASTRA_FULL_HANDOFF_20260925/11/1079_0116_QUALITY_REPAIR_R01.docx,原樣保留；本次尚未確認完成驗收,45764,2bb7150cc6d7fa90bd640f0dcd2d1bd88e9ea63f8d9555bdb481f3d6774a33de
1080,0133_QUALITY_REPAIR_R01.docx,TTQS_GPT6_ASTRA_FULL_HANDOFF_20260925/TTQS_GPT6_ASTRA_FULL_HANDOFF_20260925/TTQS_DOCUMENT_FOUNDRY_RUN_ASTRA_20260925/00_CONTROL/DOCX_FACTORY/QUALITY_RECOVERY_R01/PRIOR_RANDOM12_REAUDIT_R01/REPAIR_CANDIDATES_R01/0133_QUALITY_REPAIR_R01.docx,04_全部文件與歷次版本/TTQS_GPT6_ASTRA_FULL_HANDOFF_20260925/11/1080_0133_QUALITY_REPAIR_R01.docx,原樣保留；本次尚未確認完成驗收,96346,3ff93f65bc2a899be8af3a139bea7b59e175551f152133e461f1dc9b45fcb99c
1081,0060_QUALITY_REPAIR_R01.docx,TTQS_GPT6_ASTRA_FULL_HANDOFF_20260925/TTQS_GPT6_ASTRA_FULL_HANDOFF_20260925/TTQS_DOCUMENT_FOUNDRY_RUN_ASTRA_20260925/00_CONTROL/DOCX_FACTORY/QUALITY_RECOVERY_R01/PRIOR_RANDOM12_REAUDIT_R01/REPAIR_CANDIDATES_R01/0060_QUALITY_REPAIR_R01.docx,04_全部文件與歷次版本/TTQS_GPT6_ASTRA_FULL_HANDOFF_20260925/11/1081_0060_QUALITY_REPAIR_R01.docx,原樣保留；本次尚未確認完成驗收,46260,663deb642b7c733fbd7a06a5c40c6e6f011a983602fb1ebb4c6cb796c621817d
1082,0061_QUALITY_REPAIR_R01.docx,TTQS_GPT6_ASTRA_FULL_HANDOFF_20260925/TTQS_GPT6_ASTRA_FULL_HANDOFF_20260925/TTQS_DOCUMENT_FOUNDRY_RUN_ASTRA_20260925/00_CONTROL/DOCX_FACTORY/QUALITY_RECOVERY_R01/PRIOR_RANDOM12_REAUDIT_R01/REPAIR_CANDIDATES_R01/0061_QUALITY_REPAIR_R01.docx,04_全部文件與歷次版本/TTQS_GPT6_ASTRA_FULL_HANDOFF_20260925/11/1082_0061_QUALITY_REPAIR_R01.docx,原樣保留；本次尚未確認完成驗收,46914,3ddd062b7a8608795f872a9429890db73cf770f98677ffacf76767288aaa380d
1083,0077_QUALITY_REPAIR_R01.docx,TTQS_GPT6_ASTRA_FULL_HANDOFF_20260925/TTQS_GPT6_ASTRA_FULL_HANDOFF_20260925/TTQS_DOCUMENT_FOUNDRY_RUN_ASTRA_20260925/00_CONTROL/DOCX_FACTORY/QUALITY_RECOVERY_R01/PRIOR_RANDOM12_REAUDIT_R01/REPAIR_CANDIDATES_R01/0077_QUALITY_REPAIR_R01.docx,04_全部文件與歷次版本/TTQS_GPT6_ASTRA_FULL_HANDOFF_20260925/11/1083_0077_QUALITY_REPAIR_R01.docx,原樣保留；本次尚未確認完成驗收,46743,eb1cb0afb9751379c5443aee9db046c39447a2f343beab7a77dbaf939ac8c3bc
1084,0090_QUALITY_REPAIR_R02.docx,TTQS_GPT6_ASTRA_FULL_HANDOFF_20260925/TTQS_GPT6_ASTRA_FULL_HANDOFF_20260925/TTQS_DOCUMENT_FOUNDRY_RUN_ASTRA_20260925/00_CONTROL/DOCX_FACTORY/QUALITY_RECOVERY_R01/PRIOR_RANDOM12_REAUDIT_R01/REPAIR_CANDIDATES_R01/R02_LAYOUT_REPAIRS/0090_QUALITY_REPAIR_R02.docx,04_全部文件與歷次版本/TTQS_GPT6_ASTRA_FULL_HANDOFF_20260925/11/1084_0090_QUALITY_REPAIR_R02.docx,原樣保留；本次尚未確認完成驗收,44702,ba12597f709ebe6186410054663dd2426c14006b1088fae20db9bb96c3158b1f
1085,0116_QUALITY_REPAIR_R02.docx,TTQS_GPT6_ASTRA_FULL_HANDOFF_20260925/TTQS_GPT6_ASTRA_FULL_HANDOFF_20260925/TTQS_DOCUMENT_FOUNDRY_RUN_ASTRA_20260925/00_CONTROL/DOCX_FACTORY/QUALITY_RECOVERY_R01/PRIOR_RANDOM12_REAUDIT_R01/REPAIR_CANDIDATES_R01/R02_LAYOUT_REPAIRS/0116_QUALITY_REPAIR_R02.docx,04_全部文件與歷次版本/TTQS_GPT6_ASTRA_FULL_HANDOFF_20260925/11/1085_0116_QUALITY_REPAIR_R02.docx,原樣保留；本次尚未確認完成驗收,45749,f291e0459e0926ee13cba290124b1402a7f80d9b06b45f569a945be0be364d25
1086,0133_QUALITY_REPAIR_R02.docx,TTQS_GPT6_ASTRA_FULL_HANDOFF_20260925/TTQS_GPT6_ASTRA_FULL_HANDOFF_20260925/TTQS_DOCUMENT_FOUNDRY_RUN_ASTRA_20260925/00_CONTROL/DOCX_FACTORY/QUALITY_RECOVERY_R01/PRIOR_RANDOM12_REAUDIT_R01/REPAIR_CANDIDATES_R01/R02_LAYOUT_REPAIRS/0133_QUALITY_REPAIR_R02.docx,04_全部文件與歷次版本/TTQS_GPT6_ASTRA_FULL_HANDOFF_20260925/11/1086_0133_QUALITY_REPAIR_R02.docx,原樣保留；本次尚未確認完成驗收,96405,fe8ad28ed8c00b9baccc3173617de33b6b4a5ece86437f98813c144bbf642d61
1087,0060_QUALITY_REPAIR_R02.docx,TTQS_GPT6_ASTRA_FULL_HANDOFF_20260925/TTQS_GPT6_ASTRA_FULL_HANDOFF_20260925/TTQS_DOCUMENT_FOUNDRY_RUN_ASTRA_20260925/00_CONTROL/DOCX_FACTORY/QUALITY_RECOVERY_R01/PRIOR_RANDOM12_REAUDIT_R01/REPAIR_CANDIDATES_R01/R02_LAYOUT_REPAIRS/0060_QUALITY_REPAIR_R02.docx,04_全部文件與歷次版本/TTQS_GPT6_ASTRA_FULL_HANDOFF_20260925/11/1087_0060_QUALITY_REPAIR_R02.docx,原樣保留；本次尚未確認完成驗收,46220,2742d42a9c3fe09e5b94674b89276eadd1646e445330015c149a0c0aa5c7799e
1088,0116_QUALITY_REPAIR_R03.docx,TTQS_GPT6_ASTRA_FULL_HANDOFF_20260925/TTQS_GPT6_ASTRA_FULL_HANDOFF_20260925/TTQS_DOCUMENT_FOUNDRY_RUN_ASTRA_20260925/00_CONTROL/DOCX_FACTORY/QUALITY_RECOVERY_R01/PRIOR_RANDOM12_REAUDIT_R01/REPAIR_CANDIDATES_R01/R03_TERMINAL_PARAGRAPH_REPAIR/0116_QUALITY_REPAIR_R03.docx,04_全部文件與歷次版本/TTQS_GPT6_ASTRA_FULL_HANDOFF_20260925/11/1088_0116_QUALITY_REPAIR_R03.docx,原樣保留；本次尚未確認完成驗收,45782,70dcb7ff6acb3f7f7ccf699ddddda73dff186532ecbfb30685e6a92b3903951f
1089,0133_QUALITY_REPAIR_R03.docx,TTQS_GPT6_ASTRA_FULL_HANDOFF_20260925/TTQS_GPT6_ASTRA_FULL_HANDOFF_20260925/TTQS_DOCUMENT_FOUNDRY_RUN_ASTRA_20260925/00_CONTROL/DOCX_FACTORY/QUALITY_RECOVERY_R01/PRIOR_RANDOM12_REAUDIT_R01/REPAIR_CANDIDATES_R01/R03_DECISION_ORDER_REPAIR/0133_QUALITY_REPAIR_R03.docx,04_全部文件與歷次版本/TTQS_GPT6_ASTRA_FULL_HANDOFF_20260925/11/1089_0133_QUALITY_REPAIR_R03.docx,原樣保留；本次尚未確認完成驗收,96406,c1ec97eb04e913beb7373c0e7c5593f2b7908024e277250f9f2121ca97f0d312
1090,0077_QUALITY_REPAIR_R02.docx,TTQS_GPT6_ASTRA_FULL_HANDOFF_20260925/TTQS_GPT6_ASTRA_FULL_HANDOFF_20260925/TTQS_DOCUMENT_FOUNDRY_RUN_ASTRA_20260925/00_CONTROL/DOCX_FACTORY/QUALITY_RECOVERY_R01/PRIOR_RANDOM12_REAUDIT_R01/REPAIR_CANDIDATES_R01/R02_0077_FIRST_PROMPT_LAYOUT/0077_QUALITY_REPAIR_R02.docx,04_全部文件與歷次版本/TTQS_GPT6_ASTRA_FULL_HANDOFF_20260925/11/1090_0077_QUALITY_REPAIR_R02.docx,原樣保留；本次尚未確認完成驗收,46753,3f7287b1e7cc23b8143b4fedadb75f27ba6eac96a35691d92016aab21bd7a6a7
1091,0052_QUALITY_REPAIR_R02.docx,TTQS_GPT6_ASTRA_FULL_HANDOFF_20260925/TTQS_GPT6_ASTRA_FULL_HANDOFF_20260925/TTQS_DOCUMENT_FOUNDRY_RUN_ASTRA_20260925/00_CONTROL/DOCX_FACTORY/QUALITY_RECOVERY_R01/PRIOR_RANDOM12_REAUDIT_R01/REPAIR_CANDIDATES_R01/R02_BLUEPRINT_FIGURES/0052_QUALITY_REPAIR_R02.docx,04_全部文件與歷次版本/TTQS_GPT6_ASTRA_FULL_HANDOFF_20260925/11/1091_0052_QUALITY_REPAIR_R02.docx,原樣保留；本次尚未確認完成驗收,43821,d61896fa2173618997afa3df6c64c6eb9f71ce6b190d731ed8520ccaae153683
1092,0025_QUALITY_REPAIR_R02.docx,TTQS_GPT6_ASTRA_FULL_HANDOFF_20260925/TTQS_GPT6_ASTRA_FULL_HANDOFF_20260925/TTQS_DOCUMENT_FOUNDRY_RUN_ASTRA_20260925/00_CONTROL/DOCX_FACTORY/QUALITY_RECOVERY_R01/PRIOR_RANDOM12_REAUDIT_R01/REPAIR_CANDIDATES_R01/R02_BLUEPRINT_FIGURES/0025_QUALITY_REPAIR_R02.docx,04_全部文件與歷次版本/TTQS_GPT6_ASTRA_FULL_HANDOFF_20260925/11/1092_0025_QUALITY_REPAIR_R02.docx,原樣保留；本次尚未確認完成驗收,46545,dc672ae84c143d238adf6857596e1e1325dab16f79d9185975110ab4cc2c4d78
1093,0025_QUALITY_REPAIR_R03.docx,TTQS_GPT6_ASTRA_FULL_HANDOFF_20260925/TTQS_GPT6_ASTRA_FULL_HANDOFF_20260925/TTQS_DOCUMENT_FOUNDRY_RUN_ASTRA_20260925/00_CONTROL/DOCX_FACTORY/QUALITY_RECOVERY_R01/PRIOR_RANDOM12_REAUDIT_R01/REPAIR_CANDIDATES_R01/R03_RACI_TABLE_KEEP/0025_QUALITY_REPAIR_R03.docx,04_全部文件與歷次版本/TTQS_GPT6_ASTRA_FULL_HANDOFF_20260925/11/1093_0025_QUALITY_REPAIR_R03.docx,原樣保留；本次尚未確認完成驗收,46579,4fa461e66871ef7d70976b8ddcb7d4a96964ab9063fd31e676cd022f63ce6c84
1094,0025_QUALITY_REPAIR_R04.docx,TTQS_GPT6_ASTRA_FULL_HANDOFF_20260925/TTQS_GPT6_ASTRA_FULL_HANDOFF_20260925/TTQS_DOCUMENT_FOUNDRY_RUN_ASTRA_20260925/00_CONTROL/DOCX_FACTORY/QUALITY_RECOVERY_R01/PRIOR_RANDOM12_REAUDIT_R01/REPAIR_CANDIDATES_R01/R04_RACI_FOOTNOTE_FLOW/0025_QUALITY_REPAIR_R04.docx,04_全部文件與歷次版本/TTQS_GPT6_ASTRA_FULL_HANDOFF_20260925/11/1094_0025_QUALITY_REPAIR_R04.docx,原樣保留；本次尚未確認完成驗收,46590,2ed092328e06aaacb613ea446259a7eb6e589a5f0ee24975c402ba500b22b15e
1095,0025_QUALITY_REPAIR_R05.docx,TTQS_GPT6_ASTRA_FULL_HANDOFF_20260925/TTQS_GPT6_ASTRA_FULL_HANDOFF_20260925/TTQS_DOCUMENT_FOUNDRY_RUN_ASTRA_20260925/00_CONTROL/DOCX_FACTORY/QUALITY_RECOVERY_R01/PRIOR_RANDOM12_REAUDIT_R01/REPAIR_CANDIDATES_R01/R05_TERMINAL_PARAGRAPH_LAYOUT/0025_QUALITY_REPAIR_R05.docx,04_全部文件與歷次版本/TTQS_GPT6_ASTRA_FULL_HANDOFF_20260925/11/1095_0025_QUALITY_REPAIR_R05.docx,原樣保留；本次尚未確認完成驗收,46672,21a0ce190699c202ba107a7cf8f0a8a14d7a3a9721bad90f03b0516d6cb77cbc
1096,0052.docx,TTQS_GPT6_ASTRA_FULL_HANDOFF_20260925/TTQS_GPT6_ASTRA_FULL_HANDOFF_20260925/TTQS_DOCUMENT_FOUNDRY_RUN_ASTRA_20260925/00_CONTROL/DOCX_FACTORY/QUALITY_RECOVERY_R01/PRIOR_RANDOM12_REAUDIT_R01/BACKUP_PRE_PROMOTION_R01/0052.docx,04_全部文件與歷次版本/TTQS_GPT6_ASTRA_FULL_HANDOFF_20260925/11/1096_0052.docx,原樣保留；本次尚未確認完成驗收,42328,f6f11d1d29e4efcbcf650b2e21caa25150ebf3c744da794a06f4acb3019733e9
1097,0054.docx,TTQS_GPT6_ASTRA_FULL_HANDOFF_20260925/TTQS_GPT6_ASTRA_FULL_HANDOFF_20260925/TTQS_DOCUMENT_FOUNDRY_RUN_ASTRA_20260925/00_CONTROL/DOCX_FACTORY/QUALITY_RECOVERY_R01/PRIOR_RANDOM12_REAUDIT_R01/BACKUP_PRE_PROMOTION_R01/0054.docx,04_全部文件與歷次版本/TTQS_GPT6_ASTRA_FULL_HANDOFF_20260925/11/1097_0054.docx,原樣保留；本次尚未確認完成驗收,43896,d63c84468297f64c6a97d37d2ff122da1909b9fa3ae4349a50d73510422e79fe
1098,0090.docx,TTQS_GPT6_ASTRA_FULL_HANDOFF_20260925/TTQS_GPT6_ASTRA_FULL_HANDOFF_20260925/TTQS_DOCUMENT_FOUNDRY_RUN_ASTRA_20260925/00_CONTROL/DOCX_FACTORY/QUALITY_RECOVERY_R01/PRIOR_RANDOM12_REAUDIT_R01/BACKUP_PRE_PROMOTION_R01/0090.docx,04_全部文件與歷次版本/TTQS_GPT6_ASTRA_FULL_HANDOFF_20260925/11/1098_0090.docx,原樣保留；本次尚未確認完成驗收,42991,e1e0d6bfa1cc7e8932be4f58ec11814303ae2538103ec145edb490d4a229547d
1099,0025.docx,TTQS_GPT6_ASTRA_FULL_HANDOFF_20260925/TTQS_GPT6_ASTRA_FULL_HANDOFF_20260925/TTQS_DOCUMENT_FOUNDRY_RUN_ASTRA_20260925/00_CONTROL/DOCX_FACTORY/QUALITY_RECOVERY_R01/PRIOR_RANDOM12_REAUDIT_R01/BACKUP_PRE_PROMOTION_R01/0025.docx,04_全部文件與歷次版本/TTQS_GPT6_ASTRA_FULL_HANDOFF_20260925/11/1099_0025.docx,原樣保留；本次尚未確認完成驗收,44716,01a78151b291a39c5ff6479e49ff4307f6e4f6c6246c222f32246bb1da28231f
1100,0100.docx,TTQS_GPT6_ASTRA_FULL_HANDOFF_20260925/TTQS_GPT6_ASTRA_FULL_HANDOFF_20260925/TTQS_DOCUMENT_FOUNDRY_RUN_ASTRA_20260925/00_CONTROL/DOCX_FACTORY/QUALITY_RECOVERY_R01/PRIOR_RANDOM12_REAUDIT_R01/BACKUP_PRE_PROMOTION_R01/0100.docx,04_全部文件與歷次版本/TTQS_GPT6_ASTRA_FULL_HANDOFF_20260925/11/1100_0100.docx,原樣保留；本次尚未確認完成驗收,89357,32795fb9890cda5966447f67d7b355f19a3de90f411139729cbb346c64666586
1101,0116.docx,TTQS_GPT6_ASTRA_FULL_HANDOFF_20260925/TTQS_GPT6_ASTRA_FULL_HANDOFF_20260925/TTQS_DOCUMENT_FOUNDRY_RUN_ASTRA_20260925/00_CONTROL/DOCX_FACTORY/QUALITY_RECOVERY_R01/PRIOR_RANDOM12_REAUDIT_R01/BACKUP_PRE_PROMOTION_R01/0116.docx,04_全部文件與歷次版本/TTQS_GPT6_ASTRA_FULL_HANDOFF_20260925/12/1101_0116.docx,原樣保留；本次尚未確認完成驗收,43701,e3485b0fbc04506640324a153b182715777198c6a56bcdc08405d5ba5578dfd1
1102,0133.docx,TTQS_GPT6_ASTRA_FULL_HANDOFF_20260925/TTQS_GPT6_ASTRA_FULL_HANDOFF_20260925/TTQS_DOCUMENT_FOUNDRY_RUN_ASTRA_20260925/00_CONTROL/DOCX_FACTORY/QUALITY_RECOVERY_R01/PRIOR_RANDOM12_REAUDIT_R01/BACKUP_PRE_PROMOTION_R01/0133.docx,04_全部文件與歷次版本/TTQS_GPT6_ASTRA_FULL_HANDOFF_20260925/12/1102_0133.docx,原樣保留；本次尚未確認完成驗收,94460,1fa566ae4bb33153b3c83ef1ff69f3e6b7957253994821cce79e9246f06eb594
1103,0060.docx,TTQS_GPT6_ASTRA_FULL_HANDOFF_20260925/TTQS_GPT6_ASTRA_FULL_HANDOFF_20260925/TTQS_DOCUMENT_FOUNDRY_RUN_ASTRA_20260925/00_CONTROL/DOCX_FACTORY/QUALITY_RECOVERY_R01/PRIOR_RANDOM12_REAUDIT_R01/BACKUP_PRE_PROMOTION_R01/0060.docx,04_全部文件與歷次版本/TTQS_GPT6_ASTRA_FULL_HANDOFF_20260925/12/1103_0060.docx,原樣保留；本次尚未確認完成驗收,44201,b6f3748ebc1ef2bd9f170ae9a922722fbf5de26d9447595aa94650be4b58b8c7
1104,0061.docx,TTQS_GPT6_ASTRA_FULL_HANDOFF_20260925/TTQS_GPT6_ASTRA_FULL_HANDOFF_20260925/TTQS_DOCUMENT_FOUNDRY_RUN_ASTRA_20260925/00_CONTROL/DOCX_FACTORY/QUALITY_RECOVERY_R01/PRIOR_RANDOM12_REAUDIT_R01/BACKUP_PRE_PROMOTION_R01/0061.docx,04_全部文件與歷次版本/TTQS_GPT6_ASTRA_FULL_HANDOFF_20260925/12/1104_0061.docx,原樣保留；本次尚未確認完成驗收,44508,340bae97bcc8542634d324de07939269f34ced5c59ba05a222368b5942a2485a
1105,0077.docx,TTQS_GPT6_ASTRA_FULL_HANDOFF_20260925/TTQS_GPT6_ASTRA_FULL_HANDOFF_20260925/TTQS_DOCUMENT_FOUNDRY_RUN_ASTRA_20260925/00_CONTROL/DOCX_FACTORY/QUALITY_RECOVERY_R01/PRIOR_RANDOM12_REAUDIT_R01/BACKUP_PRE_PROMOTION_R01/0077.docx,04_全部文件與歷次版本/TTQS_GPT6_ASTRA_FULL_HANDOFF_20260925/12/1105_0077.docx,原樣保留；本次尚未確認完成驗收,46727,51f898270fd706ec93d6e17487f36a0fe6f9942cff69c786c8912c8d7b8e73b2
1106,0071_BATCH05_CANDIDATE_R01.docx,TTQS_GPT6_ASTRA_FULL_HANDOFF_20260925/TTQS_GPT6_ASTRA_FULL_HANDOFF_20260925/TTQS_DOCUMENT_FOUNDRY_RUN_ASTRA_20260925/00_CONTROL/DOCX_FACTORY/QUALITY_RECOVERY_R01/BATCH_05_QUALITY_RECOVERY_R01/CANDIDATES/0071_BATCH05_CANDIDATE_R01.docx,04_全部文件與歷次版本/TTQS_GPT6_ASTRA_FULL_HANDOFF_20260925/12/1106_0071_BATCH05_CANDIDATE_R01.docx,原樣保留；本次尚未確認完成驗收,50070,7696028aa110395e76484bed713938a01c0213c8849290d117b250371b604467
1107,0072_BATCH05_CANDIDATE_R01.docx,TTQS_GPT6_ASTRA_FULL_HANDOFF_20260925/TTQS_GPT6_ASTRA_FULL_HANDOFF_20260925/TTQS_DOCUMENT_FOUNDRY_RUN_ASTRA_20260925/00_CONTROL/DOCX_FACTORY/QUALITY_RECOVERY_R01/BATCH_05_QUALITY_RECOVERY_R01/CANDIDATES/0072_BATCH05_CANDIDATE_R01.docx,04_全部文件與歷次版本/TTQS_GPT6_ASTRA_FULL_HANDOFF_20260925/12/1107_0072_BATCH05_CANDIDATE_R01.docx,原樣保留；本次尚未確認完成驗收,41367,22256f51c58302940bc1d73a28f5a8fe0ec4ab2cec2e1220bb192118c1059a22
1108,0073_BATCH05_CANDIDATE_R01.docx,TTQS_GPT6_ASTRA_FULL_HANDOFF_20260925/TTQS_GPT6_ASTRA_FULL_HANDOFF_20260925/TTQS_DOCUMENT_FOUNDRY_RUN_ASTRA_20260925/00_CONTROL/DOCX_FACTORY/QUALITY_RECOVERY_R01/BATCH_05_QUALITY_RECOVERY_R01/CANDIDATES/0073_BATCH05_CANDIDATE_R01.docx,04_全部文件與歷次版本/TTQS_GPT6_ASTRA_FULL_HANDOFF_20260925/12/1108_0073_BATCH05_CANDIDATE_R01.docx,原樣保留；本次尚未確認完成驗收,41536,bd2dce6eff27ca7377027a58aefa3d82e57c328d7c524951c3876257d367e39b
1109,0074_BATCH05_CANDIDATE_R01.docx,TTQS_GPT6_ASTRA_FULL_HANDOFF_20260925/TTQS_GPT6_ASTRA_FULL_HANDOFF_20260925/TTQS_DOCUMENT_FOUNDRY_RUN_ASTRA_20260925/00_CONTROL/DOCX_FACTORY/QUALITY_RECOVERY_R01/BATCH_05_QUALITY_RECOVERY_R01/CANDIDATES/0074_BATCH05_CANDIDATE_R01.docx,04_全部文件與歷次版本/TTQS_GPT6_ASTRA_FULL_HANDOFF_20260925/12/1109_0074_BATCH05_CANDIDATE_R01.docx,原樣保留；本次尚未確認完成驗收,41589,5d03b3455ec646d52031f8fac13aae674e00d01e598f1eadf3339f890ca9d5ca
1110,0075_BATCH05_CANDIDATE_R01.docx,TTQS_GPT6_ASTRA_FULL_HANDOFF_20260925/TTQS_GPT6_ASTRA_FULL_HANDOFF_20260925/TTQS_DOCUMENT_FOUNDRY_RUN_ASTRA_20260925/00_CONTROL/DOCX_FACTORY/QUALITY_RECOVERY_R01/BATCH_05_QUALITY_RECOVERY_R01/CANDIDATES/0075_BATCH05_CANDIDATE_R01.docx,04_全部文件與歷次版本/TTQS_GPT6_ASTRA_FULL_HANDOFF_20260925/12/1110_0075_BATCH05_CANDIDATE_R01.docx,原樣保留；本次尚未確認完成驗收,40939,07e3f3d65dccaa56bb7b3ccfaf24ce58b344389460db4b2c7976b1080b78c7f1
1111,0076_BATCH05_CANDIDATE_R01.docx,TTQS_GPT6_ASTRA_FULL_HANDOFF_20260925/TTQS_GPT6_ASTRA_FULL_HANDOFF_20260925/TTQS_DOCUMENT_FOUNDRY_RUN_ASTRA_20260925/00_CONTROL/DOCX_FACTORY/QUALITY_RECOVERY_R01/BATCH_05_QUALITY_RECOVERY_R01/CANDIDATES/0076_BATCH05_CANDIDATE_R01.docx,04_全部文件與歷次版本/TTQS_GPT6_ASTRA_FULL_HANDOFF_20260925/12/1111_0076_BATCH05_CANDIDATE_R01.docx,原樣保留；本次尚未確認完成驗收,55134,76e0d3e52c117813fdccf27499119471ce5755007c957089662d29de55052d83
1112,0078_BATCH05_CANDIDATE_R01.docx,TTQS_GPT6_ASTRA_FULL_HANDOFF_20260925/TTQS_GPT6_ASTRA_FULL_HANDOFF_20260925/TTQS_DOCUMENT_FOUNDRY_RUN_ASTRA_20260925/00_CONTROL/DOCX_FACTORY/QUALITY_RECOVERY_R01/BATCH_05_QUALITY_RECOVERY_R01/CANDIDATES/0078_BATCH05_CANDIDATE_R01.docx,04_全部文件與歷次版本/TTQS_GPT6_ASTRA_FULL_HANDOFF_20260925/12/1112_0078_BATCH05_CANDIDATE_R01.docx,原樣保留；本次尚未確認完成驗收,49132,e7f950b3db396532c43af2131d4b29f32f129864268e79f1c1ca83065f5e4ea1
1113,0079_BATCH05_CANDIDATE_R01.docx,TTQS_GPT6_ASTRA_FULL_HANDOFF_20260925/TTQS_GPT6_ASTRA_FULL_HANDOFF_20260925/TTQS_DOCUMENT_FOUNDRY_RUN_ASTRA_20260925/00_CONTROL/DOCX_FACTORY/QUALITY_RECOVERY_R01/BATCH_05_QUALITY_RECOVERY_R01/CANDIDATES/0079_BATCH05_CANDIDATE_R01.docx,04_全部文件與歷次版本/TTQS_GPT6_ASTRA_FULL_HANDOFF_20260925/12/1113_0079_BATCH05_CANDIDATE_R01.docx,原樣保留；本次尚未確認完成驗收,44763,4721aa76177012a2f27817ddb6f687f420febe1d9768d97670bf00d04d78fa26
1114,0080_BATCH05_CANDIDATE_R01.docx,TTQS_GPT6_ASTRA_FULL_HANDOFF_20260925/TTQS_GPT6_ASTRA_FULL_HANDOFF_20260925/TTQS_DOCUMENT_FOUNDRY_RUN_ASTRA_20260925/00_CONTROL/DOCX_FACTORY/QUALITY_RECOVERY_R01/BATCH_05_QUALITY_RECOVERY_R01/CANDIDATES/0080_BATCH05_CANDIDATE_R01.docx,04_全部文件與歷次版本/TTQS_GPT6_ASTRA_FULL_HANDOFF_20260925/12/1114_0080_BATCH05_CANDIDATE_R01.docx,原樣保留；本次尚未確認完成驗收,41270,20282680e784152a6e9fa338cac32905f153f226d149395a896c6b2f0511dbb3
1115,0081_BATCH05_CANDIDATE_R01.docx,TTQS_GPT6_ASTRA_FULL_HANDOFF_20260925/TTQS_GPT6_ASTRA_FULL_HANDOFF_20260925/TTQS_DOCUMENT_FOUNDRY_RUN_ASTRA_20260925/00_CONTROL/DOCX_FACTORY/QUALITY_RECOVERY_R01/BATCH_05_QUALITY_RECOVERY_R01/CANDIDATES/0081_BATCH05_CANDIDATE_R01.docx,04_全部文件與歷次版本/TTQS_GPT6_ASTRA_FULL_HANDOFF_20260925/12/1115_0081_BATCH05_CANDIDATE_R01.docx,原樣保留；本次尚未確認完成驗收,41648,1ecd4cf90c6c09dfbb8bd821e8354b1ab184c4c70c215f3e56d900cd0b350133
1116,0082_BATCH05_CANDIDATE_R01.docx,TTQS_GPT6_ASTRA_FULL_HANDOFF_20260925/TTQS_GPT6_ASTRA_FULL_HANDOFF_20260925/TTQS_DOCUMENT_FOUNDRY_RUN_ASTRA_20260925/00_CONTROL/DOCX_FACTORY/QUALITY_RECOVERY_R01/BATCH_05_QUALITY_RECOVERY_R01/CANDIDATES/0082_BATCH05_CANDIDATE_R01.docx,04_全部文件與歷次版本/TTQS_GPT6_ASTRA_FULL_HANDOFF_20260925/12/1116_0082_BATCH05_CANDIDATE_R01.docx,原樣保留；本次尚未確認完成驗收,41598,b39562e77310ee15dee690076530d50360ea866e49b1d115136c6caf8a057eae
1117,0083_BATCH05_CANDIDATE_R01.docx,TTQS_GPT6_ASTRA_FULL_HANDOFF_20260925/TTQS_GPT6_ASTRA_FULL_HANDOFF_20260925/TTQS_DOCUMENT_FOUNDRY_RUN_ASTRA_20260925/00_CONTROL/DOCX_FACTORY/QUALITY_RECOVERY_R01/BATCH_05_QUALITY_RECOVERY_R01/CANDIDATES/0083_BATCH05_CANDIDATE_R01.docx,04_全部文件與歷次版本/TTQS_GPT6_ASTRA_FULL_HANDOFF_20260925/12/1117_0083_BATCH05_CANDIDATE_R01.docx,原樣保留；本次尚未確認完成驗收,41149,17d0278b05070d7ae8965951713d6b67632e277ad302a6e13ce69c1c3c54f926
1118,0084_BATCH05_CANDIDATE_R01.docx,TTQS_GPT6_ASTRA_FULL_HANDOFF_20260925/TTQS_GPT6_ASTRA_FULL_HANDOFF_20260925/TTQS_DOCUMENT_FOUNDRY_RUN_ASTRA_20260925/00_CONTROL/DOCX_FACTORY/QUALITY_RECOVERY_R01/BATCH_05_QUALITY_RECOVERY_R01/CANDIDATES/0084_BATCH05_CANDIDATE_R01.docx,04_全部文件與歷次版本/TTQS_GPT6_ASTRA_FULL_HANDOFF_20260925/12/1118_0084_BATCH05_CANDIDATE_R01.docx,原樣保留；本次尚未確認完成驗收,41404,3d5819b067d92c04d2f6b54305f623c37e8b870b4ac0822549797d66a846d34c
1119,0085_BATCH05_CANDIDATE_R01.docx,TTQS_GPT6_ASTRA_FULL_HANDOFF_20260925/TTQS_GPT6_ASTRA_FULL_HANDOFF_20260925/TTQS_DOCUMENT_FOUNDRY_RUN_ASTRA_20260925/00_CONTROL/DOCX_FACTORY/QUALITY_RECOVERY_R01/BATCH_05_QUALITY_RECOVERY_R01/CANDIDATES/0085_BATCH05_CANDIDATE_R01.docx,04_全部文件與歷次版本/TTQS_GPT6_ASTRA_FULL_HANDOFF_20260925/12/1119_0085_BATCH05_CANDIDATE_R01.docx,原樣保留；本次尚未確認完成驗收,41352,4a51b62512f6868d71bfe9568a4712b13fa52cdeaad8fd28bde8fcdde7fac577
1120,0086_BATCH05_CANDIDATE_R01.docx,TTQS_GPT6_ASTRA_FULL_HANDOFF_20260925/TTQS_GPT6_ASTRA_FULL_HANDOFF_20260925/TTQS_DOCUMENT_FOUNDRY_RUN_ASTRA_20260925/00_CONTROL/DOCX_FACTORY/QUALITY_RECOVERY_R01/BATCH_05_QUALITY_RECOVERY_R01/CANDIDATES/0086_BATCH05_CANDIDATE_R01.docx,04_全部文件與歷次版本/TTQS_GPT6_ASTRA_FULL_HANDOFF_20260925/12/1120_0086_BATCH05_CANDIDATE_R01.docx,原樣保留；本次尚未確認完成驗收,41649,c1cc88b41c124bd3c8b1e6ef7da574582069086a2affa668b2dd598808d06d06
1121,0087_BATCH05_CANDIDATE_R01.docx,TTQS_GPT6_ASTRA_FULL_HANDOFF_20260925/TTQS_GPT6_ASTRA_FULL_HANDOFF_20260925/TTQS_DOCUMENT_FOUNDRY_RUN_ASTRA_20260925/00_CONTROL/DOCX_FACTORY/QUALITY_RECOVERY_R01/BATCH_05_QUALITY_RECOVERY_R01/CANDIDATES/0087_BATCH05_CANDIDATE_R01.docx,04_全部文件與歷次版本/TTQS_GPT6_ASTRA_FULL_HANDOFF_20260925/12/1121_0087_BATCH05_CANDIDATE_R01.docx,原樣保留；本次尚未確認完成驗收,53197,426754646ee5d258dca99a250f27d9fa3d4b9cf8122da3819fd2942c45ffbd88
1122,0088_BATCH05_CANDIDATE_R01.docx,TTQS_GPT6_ASTRA_FULL_HANDOFF_20260925/TTQS_GPT6_ASTRA_FULL_HANDOFF_20260925/TTQS_DOCUMENT_FOUNDRY_RUN_ASTRA_20260925/00_CONTROL/DOCX_FACTORY/QUALITY_RECOVERY_R01/BATCH_05_QUALITY_RECOVERY_R01/CANDIDATES/0088_BATCH05_CANDIDATE_R01.docx,04_全部文件與歷次版本/TTQS_GPT6_ASTRA_FULL_HANDOFF_20260925/12/1122_0088_BATCH05_CANDIDATE_R01.docx,原樣保留；本次尚未確認完成驗收,41541,fb0d15f7039e6256bc6a9c737f414fccba51139b68be8748fb3c066321709c35
1123,0089_BATCH05_CANDIDATE_R01.docx,TTQS_GPT6_ASTRA_FULL_HANDOFF_20260925/TTQS_GPT6_ASTRA_FULL_HANDOFF_20260925/TTQS_DOCUMENT_FOUNDRY_RUN_ASTRA_20260925/00_CONTROL/DOCX_FACTORY/QUALITY_RECOVERY_R01/BATCH_05_QUALITY_RECOVERY_R01/CANDIDATES/0089_BATCH05_CANDIDATE_R01.docx,04_全部文件與歷次版本/TTQS_GPT6_ASTRA_FULL_HANDOFF_20260925/12/1123_0089_BATCH05_CANDIDATE_R01.docx,原樣保留；本次尚未確認完成驗收,41139,da459a2ae9a6e33b940941d1031bafa36a84243e32876603776885a97d818db2
1124,0072_BATCH05_CANDIDATE_R02.docx,TTQS_GPT6_ASTRA_FULL_HANDOFF_20260925/TTQS_GPT6_ASTRA_FULL_HANDOFF_20260925/TTQS_DOCUMENT_FOUNDRY_RUN_ASTRA_20260925/00_CONTROL/DOCX_FACTORY/QUALITY_RECOVERY_R01/BATCH_05_QUALITY_RECOVERY_R01/CANDIDATES/0072_BATCH05_CANDIDATE_R02.docx,04_全部文件與歷次版本/TTQS_GPT6_ASTRA_FULL_HANDOFF_20260925/12/1124_0072_BATCH05_CANDIDATE_R02.docx,原樣保留；本次尚未確認完成驗收,41532,74cb9cb16f2594c5a4e6d598797f67608cdb09254cf5c0daec879912816b39dd
1125,0073_BATCH05_CANDIDATE_R02.docx,TTQS_GPT6_ASTRA_FULL_HANDOFF_20260925/TTQS_GPT6_ASTRA_FULL_HANDOFF_20260925/TTQS_DOCUMENT_FOUNDRY_RUN_ASTRA_20260925/00_CONTROL/DOCX_FACTORY/QUALITY_RECOVERY_R01/BATCH_05_QUALITY_RECOVERY_R01/CANDIDATES/0073_BATCH05_CANDIDATE_R02.docx,04_全部文件與歷次版本/TTQS_GPT6_ASTRA_FULL_HANDOFF_20260925/12/1125_0073_BATCH05_CANDIDATE_R02.docx,原樣保留；本次尚未確認完成驗收,42439,5ffce97e472c7bcd3e6b37f92a64a4973d791721472168fc246a31864c3bcb73
1126,0074_BATCH05_CANDIDATE_R02.docx,TTQS_GPT6_ASTRA_FULL_HANDOFF_20260925/TTQS_GPT6_ASTRA_FULL_HANDOFF_20260925/TTQS_DOCUMENT_FOUNDRY_RUN_ASTRA_20260925/00_CONTROL/DOCX_FACTORY/QUALITY_RECOVERY_R01/BATCH_05_QUALITY_RECOVERY_R01/CANDIDATES/0074_BATCH05_CANDIDATE_R02.docx,04_全部文件與歷次版本/TTQS_GPT6_ASTRA_FULL_HANDOFF_20260925/12/1126_0074_BATCH05_CANDIDATE_R02.docx,原樣保留；本次尚未確認完成驗收,42023,6b6754916307bfc756b6fa5cbeb196710d522baef1b2400d63bb6bd8eda7befb
1127,0072_BATCH05_CANDIDATE_R03.docx,TTQS_GPT6_ASTRA_FULL_HANDOFF_20260925/TTQS_GPT6_ASTRA_FULL_HANDOFF_20260925/TTQS_DOCUMENT_FOUNDRY_RUN_ASTRA_20260925/00_CONTROL/DOCX_FACTORY/QUALITY_RECOVERY_R01/BATCH_05_QUALITY_RECOVERY_R01/CANDIDATES/0072_BATCH05_CANDIDATE_R03.docx,04_全部文件與歷次版本/TTQS_GPT6_ASTRA_FULL_HANDOFF_20260925/12/1127_0072_BATCH05_CANDIDATE_R03.docx,原樣保留；本次尚未確認完成驗收,41391,93e914628479f6e75816988af3b968a50ce039e7c7f5ffa3ba73d05776f0affa
1128,0076_BATCH05_CANDIDATE_R02.docx,TTQS_GPT6_ASTRA_FULL_HANDOFF_20260925/TTQS_GPT6_ASTRA_FULL_HANDOFF_20260925/TTQS_DOCUMENT_FOUNDRY_RUN_ASTRA_20260925/00_CONTROL/DOCX_FACTORY/QUALITY_RECOVERY_R01/BATCH_05_QUALITY_RECOVERY_R01/CANDIDATES/0076_BATCH05_CANDIDATE_R02.docx,04_全部文件與歷次版本/TTQS_GPT6_ASTRA_FULL_HANDOFF_20260925/12/1128_0076_BATCH05_CANDIDATE_R02.docx,原樣保留；本次尚未確認完成驗收,55149,54f408e4c9e9e69a6f2e4ee37a46bcfe8a27c76a555308d5379db0eea974fd70
1129,0072_BATCH05_CANDIDATE_R04.docx,TTQS_GPT6_ASTRA_FULL_HANDOFF_20260925/TTQS_GPT6_ASTRA_FULL_HANDOFF_20260925/TTQS_DOCUMENT_FOUNDRY_RUN_ASTRA_20260925/00_CONTROL/DOCX_FACTORY/QUALITY_RECOVERY_R01/BATCH_05_QUALITY_RECOVERY_R01/CANDIDATES/0072_BATCH05_CANDIDATE_R04.docx,04_全部文件與歷次版本/TTQS_GPT6_ASTRA_FULL_HANDOFF_20260925/12/1129_0072_BATCH05_CANDIDATE_R04.docx,原樣保留；本次尚未確認完成驗收,41387,04efe3ff663307ddd135eede552b6035ca4539cf67a307739ce8f3f9e55c7907
1130,0072_BATCH05_CANDIDATE_R05.docx,TTQS_GPT6_ASTRA_FULL_HANDOFF_20260925/TTQS_GPT6_ASTRA_FULL_HANDOFF_20260925/TTQS_DOCUMENT_FOUNDRY_RUN_ASTRA_20260925/00_CONTROL/DOCX_FACTORY/QUALITY_RECOVERY_R01/BATCH_05_QUALITY_RECOVERY_R01/CANDIDATES/0072_BATCH05_CANDIDATE_R05.docx,04_全部文件與歷次版本/TTQS_GPT6_ASTRA_FULL_HANDOFF_20260925/12/1130_0072_BATCH05_CANDIDATE_R05.docx,原樣保留；本次尚未確認完成驗收,41364,c215fc2671fff106c6d8cb41da1161f5218443b6d6b678c2c8a0429a2181f504
1131,0071_PRE_BATCH05.docx,TTQS_GPT6_ASTRA_FULL_HANDOFF_20260925/TTQS_GPT6_ASTRA_FULL_HANDOFF_20260925/TTQS_DOCUMENT_FOUNDRY_RUN_ASTRA_20260925/00_CONTROL/DOCX_FACTORY/QUALITY_RECOVERY_R01/BATCH_05_QUALITY_RECOVERY_R01/PRE_BATCH05_CANONICAL_BACKUP/0071_PRE_BATCH05.docx,04_全部文件與歷次版本/TTQS_GPT6_ASTRA_FULL_HANDOFF_20260925/12/1131_0071_PRE_BATCH05.docx,原樣保留；本次尚未確認完成驗收,50070,7696028aa110395e76484bed713938a01c0213c8849290d117b250371b604467
1132,0072_PRE_BATCH05.docx,TTQS_GPT6_ASTRA_FULL_HANDOFF_20260925/TTQS_GPT6_ASTRA_FULL_HANDOFF_20260925/TTQS_DOCUMENT_FOUNDRY_RUN_ASTRA_20260925/00_CONTROL/DOCX_FACTORY/QUALITY_RECOVERY_R01/BATCH_05_QUALITY_RECOVERY_R01/PRE_BATCH05_CANONICAL_BACKUP/0072_PRE_BATCH05.docx,04_全部文件與歷次版本/TTQS_GPT6_ASTRA_FULL_HANDOFF_20260925/12/1132_0072_PRE_BATCH05.docx,原樣保留；本次尚未確認完成驗收,41367,22256f51c58302940bc1d73a28f5a8fe0ec4ab2cec2e1220bb192118c1059a22
1133,0073_PRE_BATCH05.docx,TTQS_GPT6_ASTRA_FULL_HANDOFF_20260925/TTQS_GPT6_ASTRA_FULL_HANDOFF_20260925/TTQS_DOCUMENT_FOUNDRY_RUN_ASTRA_20260925/00_CONTROL/DOCX_FACTORY/QUALITY_RECOVERY_R01/BATCH_05_QUALITY_RECOVERY_R01/PRE_BATCH05_CANONICAL_BACKUP/0073_PRE_BATCH05.docx,04_全部文件與歷次版本/TTQS_GPT6_ASTRA_FULL_HANDOFF_20260925/12/1133_0073_PRE_BATCH05.docx,原樣保留；本次尚未確認完成驗收,41536,bd2dce6eff27ca7377027a58aefa3d82e57c328d7c524951c3876257d367e39b
1134,0074_PRE_BATCH05.docx,TTQS_GPT6_ASTRA_FULL_HANDOFF_20260925/TTQS_GPT6_ASTRA_FULL_HANDOFF_20260925/TTQS_DOCUMENT_FOUNDRY_RUN_ASTRA_20260925/00_CONTROL/DOCX_FACTORY/QUALITY_RECOVERY_R01/BATCH_05_QUALITY_RECOVERY_R01/PRE_BATCH05_CANONICAL_BACKUP/0074_PRE_BATCH05.docx,04_全部文件與歷次版本/TTQS_GPT6_ASTRA_FULL_HANDOFF_20260925/12/1134_0074_PRE_BATCH05.docx,原樣保留；本次尚未確認完成驗收,41589,5d03b3455ec646d52031f8fac13aae674e00d01e598f1eadf3339f890ca9d5ca
1135,0075_PRE_BATCH05.docx,TTQS_GPT6_ASTRA_FULL_HANDOFF_20260925/TTQS_GPT6_ASTRA_FULL_HANDOFF_20260925/TTQS_DOCUMENT_FOUNDRY_RUN_ASTRA_20260925/00_CONTROL/DOCX_FACTORY/QUALITY_RECOVERY_R01/BATCH_05_QUALITY_RECOVERY_R01/PRE_BATCH05_CANONICAL_BACKUP/0075_PRE_BATCH05.docx,04_全部文件與歷次版本/TTQS_GPT6_ASTRA_FULL_HANDOFF_20260925/12/1135_0075_PRE_BATCH05.docx,原樣保留；本次尚未確認完成驗收,40939,07e3f3d65dccaa56bb7b3ccfaf24ce58b344389460db4b2c7976b1080b78c7f1
1136,0076_PRE_BATCH05.docx,TTQS_GPT6_ASTRA_FULL_HANDOFF_20260925/TTQS_GPT6_ASTRA_FULL_HANDOFF_20260925/TTQS_DOCUMENT_FOUNDRY_RUN_ASTRA_20260925/00_CONTROL/DOCX_FACTORY/QUALITY_RECOVERY_R01/BATCH_05_QUALITY_RECOVERY_R01/PRE_BATCH05_CANONICAL_BACKUP/0076_PRE_BATCH05.docx,04_全部文件與歷次版本/TTQS_GPT6_ASTRA_FULL_HANDOFF_20260925/12/1136_0076_PRE_BATCH05.docx,原樣保留；本次尚未確認完成驗收,55134,76e0d3e52c117813fdccf27499119471ce5755007c957089662d29de55052d83
1137,0078_PRE_BATCH05.docx,TTQS_GPT6_ASTRA_FULL_HANDOFF_20260925/TTQS_GPT6_ASTRA_FULL_HANDOFF_20260925/TTQS_DOCUMENT_FOUNDRY_RUN_ASTRA_20260925/00_CONTROL/DOCX_FACTORY/QUALITY_RECOVERY_R01/BATCH_05_QUALITY_RECOVERY_R01/PRE_BATCH05_CANONICAL_BACKUP/0078_PRE_BATCH05.docx,04_全部文件與歷次版本/TTQS_GPT6_ASTRA_FULL_HANDOFF_20260925/12/1137_0078_PRE_BATCH05.docx,原樣保留；本次尚未確認完成驗收,49132,e7f950b3db396532c43af2131d4b29f32f129864268e79f1c1ca83065f5e4ea1
1138,0079_PRE_BATCH05.docx,TTQS_GPT6_ASTRA_FULL_HANDOFF_20260925/TTQS_GPT6_ASTRA_FULL_HANDOFF_20260925/TTQS_DOCUMENT_FOUNDRY_RUN_ASTRA_20260925/00_CONTROL/DOCX_FACTORY/QUALITY_RECOVERY_R01/BATCH_05_QUALITY_RECOVERY_R01/PRE_BATCH05_CANONICAL_BACKUP/0079_PRE_BATCH05.docx,04_全部文件與歷次版本/TTQS_GPT6_ASTRA_FULL_HANDOFF_20260925/12/1138_0079_PRE_BATCH05.docx,原樣保留；本次尚未確認完成驗收,44763,4721aa76177012a2f27817ddb6f687f420febe1d9768d97670bf00d04d78fa26
1139,0080_PRE_BATCH05.docx,TTQS_GPT6_ASTRA_FULL_HANDOFF_20260925/TTQS_GPT6_ASTRA_FULL_HANDOFF_20260925/TTQS_DOCUMENT_FOUNDRY_RUN_ASTRA_20260925/00_CONTROL/DOCX_FACTORY/QUALITY_RECOVERY_R01/BATCH_05_QUALITY_RECOVERY_R01/PRE_BATCH05_CANONICAL_BACKUP/0080_PRE_BATCH05.docx,04_全部文件與歷次版本/TTQS_GPT6_ASTRA_FULL_HANDOFF_20260925/12/1139_0080_PRE_BATCH05.docx,原樣保留；本次尚未確認完成驗收,41270,20282680e784152a6e9fa338cac32905f153f226d149395a896c6b2f0511dbb3
1140,0081_PRE_BATCH05.docx,TTQS_GPT6_ASTRA_FULL_HANDOFF_20260925/TTQS_GPT6_ASTRA_FULL_HANDOFF_20260925/TTQS_DOCUMENT_FOUNDRY_RUN_ASTRA_20260925/00_CONTROL/DOCX_FACTORY/QUALITY_RECOVERY_R01/BATCH_05_QUALITY_RECOVERY_R01/PRE_BATCH05_CANONICAL_BACKUP/0081_PRE_BATCH05.docx,04_全部文件與歷次版本/TTQS_GPT6_ASTRA_FULL_HANDOFF_20260925/12/1140_0081_PRE_BATCH05.docx,原樣保留；本次尚未確認完成驗收,41648,1ecd4cf90c6c09dfbb8bd821e8354b1ab184c4c70c215f3e56d900cd0b350133
1141,0082_PRE_BATCH05.docx,TTQS_GPT6_ASTRA_FULL_HANDOFF_20260925/TTQS_GPT6_ASTRA_FULL_HANDOFF_20260925/TTQS_DOCUMENT_FOUNDRY_RUN_ASTRA_20260925/00_CONTROL/DOCX_FACTORY/QUALITY_RECOVERY_R01/BATCH_05_QUALITY_RECOVERY_R01/PRE_BATCH05_CANONICAL_BACKUP/0082_PRE_BATCH05.docx,04_全部文件與歷次版本/TTQS_GPT6_ASTRA_FULL_HANDOFF_20260925/12/1141_0082_PRE_BATCH05.docx,原樣保留；本次尚未確認完成驗收,41598,b39562e77310ee15dee690076530d50360ea866e49b1d115136c6caf8a057eae
1142,0083_PRE_BATCH05.docx,TTQS_GPT6_ASTRA_FULL_HANDOFF_20260925/TTQS_GPT6_ASTRA_FULL_HANDOFF_20260925/TTQS_DOCUMENT_FOUNDRY_RUN_ASTRA_20260925/00_CONTROL/DOCX_FACTORY/QUALITY_RECOVERY_R01/BATCH_05_QUALITY_RECOVERY_R01/PRE_BATCH05_CANONICAL_BACKUP/0083_PRE_BATCH05.docx,04_全部文件與歷次版本/TTQS_GPT6_ASTRA_FULL_HANDOFF_20260925/12/1142_0083_PRE_BATCH05.docx,原樣保留；本次尚未確認完成驗收,41149,17d0278b05070d7ae8965951713d6b67632e277ad302a6e13ce69c1c3c54f926
1143,0084_PRE_BATCH05.docx,TTQS_GPT6_ASTRA_FULL_HANDOFF_20260925/TTQS_GPT6_ASTRA_FULL_HANDOFF_20260925/TTQS_DOCUMENT_FOUNDRY_RUN_ASTRA_20260925/00_CONTROL/DOCX_FACTORY/QUALITY_RECOVERY_R01/BATCH_05_QUALITY_RECOVERY_R01/PRE_BATCH05_CANONICAL_BACKUP/0084_PRE_BATCH05.docx,04_全部文件與歷次版本/TTQS_GPT6_ASTRA_FULL_HANDOFF_20260925/12/1143_0084_PRE_BATCH05.docx,原樣保留；本次尚未確認完成驗收,41404,3d5819b067d92c04d2f6b54305f623c37e8b870b4ac0822549797d66a846d34c
1144,0085_PRE_BATCH05.docx,TTQS_GPT6_ASTRA_FULL_HANDOFF_20260925/TTQS_GPT6_ASTRA_FULL_HANDOFF_20260925/TTQS_DOCUMENT_FOUNDRY_RUN_ASTRA_20260925/00_CONTROL/DOCX_FACTORY/QUALITY_RECOVERY_R01/BATCH_05_QUALITY_RECOVERY_R01/PRE_BATCH05_CANONICAL_BACKUP/0085_PRE_BATCH05.docx,04_全部文件與歷次版本/TTQS_GPT6_ASTRA_FULL_HANDOFF_20260925/12/1144_0085_PRE_BATCH05.docx,原樣保留；本次尚未確認完成驗收,41352,4a51b62512f6868d71bfe9568a4712b13fa52cdeaad8fd28bde8fcdde7fac577
1145,0086_PRE_BATCH05.docx,TTQS_GPT6_ASTRA_FULL_HANDOFF_20260925/TTQS_GPT6_ASTRA_FULL_HANDOFF_20260925/TTQS_DOCUMENT_FOUNDRY_RUN_ASTRA_20260925/00_CONTROL/DOCX_FACTORY/QUALITY_RECOVERY_R01/BATCH_05_QUALITY_RECOVERY_R01/PRE_BATCH05_CANONICAL_BACKUP/0086_PRE_BATCH05.docx,04_全部文件與歷次版本/TTQS_GPT6_ASTRA_FULL_HANDOFF_20260925/12/1145_0086_PRE_BATCH05.docx,原樣保留；本次尚未確認完成驗收,41649,c1cc88b41c124bd3c8b1e6ef7da574582069086a2affa668b2dd598808d06d06
1146,0087_PRE_BATCH05.docx,TTQS_GPT6_ASTRA_FULL_HANDOFF_20260925/TTQS_GPT6_ASTRA_FULL_HANDOFF_20260925/TTQS_DOCUMENT_FOUNDRY_RUN_ASTRA_20260925/00_CONTROL/DOCX_FACTORY/QUALITY_RECOVERY_R01/BATCH_05_QUALITY_RECOVERY_R01/PRE_BATCH05_CANONICAL_BACKUP/0087_PRE_BATCH05.docx,04_全部文件與歷次版本/TTQS_GPT6_ASTRA_FULL_HANDOFF_20260925/12/1146_0087_PRE_BATCH05.docx,原樣保留；本次尚未確認完成驗收,53197,426754646ee5d258dca99a250f27d9fa3d4b9cf8122da3819fd2942c45ffbd88
1147,0088_PRE_BATCH05.docx,TTQS_GPT6_ASTRA_FULL_HANDOFF_20260925/TTQS_GPT6_ASTRA_FULL_HANDOFF_20260925/TTQS_DOCUMENT_FOUNDRY_RUN_ASTRA_20260925/00_CONTROL/DOCX_FACTORY/QUALITY_RECOVERY_R01/BATCH_05_QUALITY_RECOVERY_R01/PRE_BATCH05_CANONICAL_BACKUP/0088_PRE_BATCH05.docx,04_全部文件與歷次版本/TTQS_GPT6_ASTRA_FULL_HANDOFF_20260925/12/1147_0088_PRE_BATCH05.docx,原樣保留；本次尚未確認完成驗收,41541,fb0d15f7039e6256bc6a9c737f414fccba51139b68be8748fb3c066321709c35
1148,0089_PRE_BATCH05.docx,TTQS_GPT6_ASTRA_FULL_HANDOFF_20260925/TTQS_GPT6_ASTRA_FULL_HANDOFF_20260925/TTQS_DOCUMENT_FOUNDRY_RUN_ASTRA_20260925/00_CONTROL/DOCX_FACTORY/QUALITY_RECOVERY_R01/BATCH_05_QUALITY_RECOVERY_R01/PRE_BATCH05_CANONICAL_BACKUP/0089_PRE_BATCH05.docx,04_全部文件與歷次版本/TTQS_GPT6_ASTRA_FULL_HANDOFF_20260925/12/1148_0089_PRE_BATCH05.docx,原樣保留；本次尚未確認完成驗收,41139,da459a2ae9a6e33b940941d1031bafa36a84243e32876603776885a97d818db2
1149,0072_PRE_PROMOTION.docx,TTQS_GPT6_ASTRA_FULL_HANDOFF_20260925/TTQS_GPT6_ASTRA_FULL_HANDOFF_20260925/TTQS_DOCUMENT_FOUNDRY_RUN_ASTRA_20260925/00_CONTROL/DOCX_FACTORY/QUALITY_RECOVERY_R01/BATCH_05_QUALITY_RECOVERY_R01/PRE_BATCH05_PROMOTION_BACKUP_R01/0072_PRE_PROMOTION.docx,04_全部文件與歷次版本/TTQS_GPT6_ASTRA_FULL_HANDOFF_20260925/12/1149_0072_PRE_PROMOTION.docx,原樣保留；本次尚未確認完成驗收,41367,22256f51c58302940bc1d73a28f5a8fe0ec4ab2cec2e1220bb192118c1059a22
1150,0073_PRE_PROMOTION.docx,TTQS_GPT6_ASTRA_FULL_HANDOFF_20260925/TTQS_GPT6_ASTRA_FULL_HANDOFF_20260925/TTQS_DOCUMENT_FOUNDRY_RUN_ASTRA_20260925/00_CONTROL/DOCX_FACTORY/QUALITY_RECOVERY_R01/BATCH_05_QUALITY_RECOVERY_R01/PRE_BATCH05_PROMOTION_BACKUP_R01/0073_PRE_PROMOTION.docx,04_全部文件與歷次版本/TTQS_GPT6_ASTRA_FULL_HANDOFF_20260925/12/1150_0073_PRE_PROMOTION.docx,原樣保留；本次尚未確認完成驗收,41536,bd2dce6eff27ca7377027a58aefa3d82e57c328d7c524951c3876257d367e39b
1151,0074_PRE_PROMOTION.docx,TTQS_GPT6_ASTRA_FULL_HANDOFF_20260925/TTQS_GPT6_ASTRA_FULL_HANDOFF_20260925/TTQS_DOCUMENT_FOUNDRY_RUN_ASTRA_20260925/00_CONTROL/DOCX_FACTORY/QUALITY_RECOVERY_R01/BATCH_05_QUALITY_RECOVERY_R01/PRE_BATCH05_PROMOTION_BACKUP_R01/0074_PRE_PROMOTION.docx,04_全部文件與歷次版本/TTQS_GPT6_ASTRA_FULL_HANDOFF_20260925/12/1151_0074_PRE_PROMOTION.docx,原樣保留；本次尚未確認完成驗收,41589,5d03b3455ec646d52031f8fac13aae674e00d01e598f1eadf3339f890ca9d5ca
1152,0076_PRE_PROMOTION.docx,TTQS_GPT6_ASTRA_FULL_HANDOFF_20260925/TTQS_GPT6_ASTRA_FULL_HANDOFF_20260925/TTQS_DOCUMENT_FOUNDRY_RUN_ASTRA_20260925/00_CONTROL/DOCX_FACTORY/QUALITY_RECOVERY_R01/BATCH_05_QUALITY_RECOVERY_R01/PRE_BATCH05_PROMOTION_BACKUP_R01/0076_PRE_PROMOTION.docx,04_全部文件與歷次版本/TTQS_GPT6_ASTRA_FULL_HANDOFF_20260925/12/1152_0076_PRE_PROMOTION.docx,原樣保留；本次尚未確認完成驗收,55134,76e0d3e52c117813fdccf27499119471ce5755007c957089662d29de55052d83
1153,0093__I17D-E07__01__學員訓後雇主問卷調查表_可直接使用成品.docx,TTQS_GPT6_ASTRA_FULL_HANDOFF_20260925/TTQS_GPT6_ASTRA_FULL_HANDOFF_20260925/TTQS_DOCUMENT_FOUNDRY_RUN_ASTRA_20260925/00_CONTROL/DOCX_FACTORY/QUALITY_RECOVERY_R01/BATCH_06_QUALITY_RECOVERY_R01/BACKUP_PRE_TARGETED_REPAIR_R01/0093__I17D-E07__01__學員訓後雇主問卷調查表_可直接使用成品.docx,04_全部文件與歷次版本/TTQS_GPT6_ASTRA_FULL_HANDOFF_20260925/12/1153_0093__I17D-E07__01__學員訓後雇主問卷調查表_可直接使用成品.docx,原樣保留；本次尚未確認完成驗收,41767,60a0206b0247812c92d2f2f577bd9daff2295ecb50ee2c5c77412051915008c3
1154,0094__I18-E01__01__口述目標客戶及學員認為訓練有其功能，僅有滿意_可直接使用成品.docx,TTQS_GPT6_ASTRA_FULL_HANDOFF_20260925/TTQS_GPT6_ASTRA_FULL_HANDOFF_20260925/TTQS_DOCUMENT_FOUNDRY_RUN_ASTRA_20260925/00_CONTROL/DOCX_FACTORY/QUALITY_RECOVERY_R01/BATCH_06_QUALITY_RECOVERY_R01/BACKUP_PRE_TARGETED_REPAIR_R01/0094__I18-E01__01__口述目標客戶及學員認為訓練有其功能，僅有滿意_可直接使用成品.docx,04_全部文件與歷次版本/TTQS_GPT6_ASTRA_FULL_HANDOFF_20260925/12/1154_0094__I18-E01__01__口述目標客戶及學員認為訓練有其功能，僅有滿意_可直接使用成品.docx,原樣保留；本次尚未確認完成驗收,41824,0e8e1a302e0d48d1220ea4a9eb0c72ceb4d9368395376cfcd71909c985789e1c
1155,0103__I18-E10__01__感謝函_可直接使用成品.docx,TTQS_GPT6_ASTRA_FULL_HANDOFF_20260925/TTQS_GPT6_ASTRA_FULL_HANDOFF_20260925/TTQS_DOCUMENT_FOUNDRY_RUN_ASTRA_20260925/00_CONTROL/DOCX_FACTORY/QUALITY_RECOVERY_R01/BATCH_06_QUALITY_RECOVERY_R01/BACKUP_PRE_TARGETED_REPAIR_R01/0103__I18-E10__01__感謝函_可直接使用成品.docx,04_全部文件與歷次版本/TTQS_GPT6_ASTRA_FULL_HANDOFF_20260925/12/1155_0103__I18-E10__01__感謝函_可直接使用成品.docx,原樣保留；本次尚未確認完成驗收,41972,351336947a7ec71e146d20e426de2b46353fb71814f4833c678c9d4589c200fd
1156,0107__I18-E15__01__高證照通過率之證明資料_可直接使用成品.docx,TTQS_GPT6_ASTRA_FULL_HANDOFF_20260925/TTQS_GPT6_ASTRA_FULL_HANDOFF_20260925/TTQS_DOCUMENT_FOUNDRY_RUN_ASTRA_20260925/00_CONTROL/DOCX_FACTORY/QUALITY_RECOVERY_R01/BATCH_06_QUALITY_RECOVERY_R01/BACKUP_PRE_TARGETED_REPAIR_R01/0107__I18-E15__01__高證照通過率之證明資料_可直接使用成品.docx,04_全部文件與歷次版本/TTQS_GPT6_ASTRA_FULL_HANDOFF_20260925/12/1156_0107__I18-E15__01__高證照通過率之證明資料_可直接使用成品.docx,原樣保留；本次尚未確認完成驗收,42053,e9a885e0923d42ace43fb45a2af2c2fc80a38828d93a0ec3ba83d1e3d85a2262
1157,0108__I18-E16__01__提高薪資紀錄_可直接使用成品.docx,TTQS_GPT6_ASTRA_FULL_HANDOFF_20260925/TTQS_GPT6_ASTRA_FULL_HANDOFF_20260925/TTQS_DOCUMENT_FOUNDRY_RUN_ASTRA_20260925/00_CONTROL/DOCX_FACTORY/QUALITY_RECOVERY_R01/BATCH_06_QUALITY_RECOVERY_R01/BACKUP_PRE_TARGETED_REPAIR_R01/0108__I18-E16__01__提高薪資紀錄_可直接使用成品.docx,04_全部文件與歷次版本/TTQS_GPT6_ASTRA_FULL_HANDOFF_20260925/12/1157_0108__I18-E16__01__提高薪資紀錄_可直接使用成品.docx,原樣保留；本次尚未確認完成驗收,42237,3b1f986f0bd359dccaff01f31e60bd7367541a244d28c63d43a1b37db7e57a11
1158,0093__I17D-E07__01__學員訓後雇主問卷調查表_可直接使用成品.docx,TTQS_GPT6_ASTRA_FULL_HANDOFF_20260925/TTQS_GPT6_ASTRA_FULL_HANDOFF_20260925/TTQS_DOCUMENT_FOUNDRY_RUN_ASTRA_20260925/00_CONTROL/DOCX_FACTORY/QUALITY_RECOVERY_R01/BATCH_06_QUALITY_RECOVERY_R01/CANDIDATES_R02/0093__I17D-E07__01__學員訓後雇主問卷調查表_可直接使用成品.docx,04_全部文件與歷次版本/TTQS_GPT6_ASTRA_FULL_HANDOFF_20260925/12/1158_0093__I17D-E07__01__學員訓後雇主問卷調查表_可直接使用成品.docx,原樣保留；本次尚未確認完成驗收,43608,7b1923a4f7eef35ed26e35c462581bb13db99cb4fe6105a1b315a0189f4b8a48
1159,0094__I18-E01__01__口述目標客戶及學員認為訓練有其功能，僅有滿意_可直接使用成品.docx,TTQS_GPT6_ASTRA_FULL_HANDOFF_20260925/TTQS_GPT6_ASTRA_FULL_HANDOFF_20260925/TTQS_DOCUMENT_FOUNDRY_RUN_ASTRA_20260925/00_CONTROL/DOCX_FACTORY/QUALITY_RECOVERY_R01/BATCH_06_QUALITY_RECOVERY_R01/CANDIDATES_R02/0094__I18-E01__01__口述目標客戶及學員認為訓練有其功能，僅有滿意_可直接使用成品.docx,04_全部文件與歷次版本/TTQS_GPT6_ASTRA_FULL_HANDOFF_20260925/12/1159_0094__I18-E01__01__口述目標客戶及學員認為訓練有其功能，僅有滿意_可直接使用成品.docx,原樣保留；本次尚未確認完成驗收,44508,ce07d1afbcafb3ea1f1169e197924e81fe25b3ce7b27e0b5e18f0898250274a3
1160,0103__I18-E10__01__感謝函_可直接使用成品.docx,TTQS_GPT6_ASTRA_FULL_HANDOFF_20260925/TTQS_GPT6_ASTRA_FULL_HANDOFF_20260925/TTQS_DOCUMENT_FOUNDRY_RUN_ASTRA_20260925/00_CONTROL/DOCX_FACTORY/QUALITY_RECOVERY_R01/BATCH_06_QUALITY_RECOVERY_R01/CANDIDATES_R02/0103__I18-E10__01__感謝函_可直接使用成品.docx,04_全部文件與歷次版本/TTQS_GPT6_ASTRA_FULL_HANDOFF_20260925/12/1160_0103__I18-E10__01__感謝函_可直接使用成品.docx,原樣保留；本次尚未確認完成驗收,41989,115fc3d6bb442583c0d51db327be2e9333397a3096f5af0bfbdacbc5a465a009
1161,0107__I18-E15__01__高證照通過率之證明資料_可直接使用成品.docx,TTQS_GPT6_ASTRA_FULL_HANDOFF_20260925/TTQS_GPT6_ASTRA_FULL_HANDOFF_20260925/TTQS_DOCUMENT_FOUNDRY_RUN_ASTRA_20260925/00_CONTROL/DOCX_FACTORY/QUALITY_RECOVERY_R01/BATCH_06_QUALITY_RECOVERY_R01/CANDIDATES_R02/0107__I18-E15__01__高證照通過率之證明資料_可直接使用成品.docx,04_全部文件與歷次版本/TTQS_GPT6_ASTRA_FULL_HANDOFF_20260925/12/1161_0107__I18-E15__01__高證照通過率之證明資料_可直接使用成品.docx,原樣保留；本次尚未確認完成驗收,42067,4c2ade230a39ae33bd7f40fb7c04aef0514b48fe1f756855350120d7d035b5d3
1162,0108__I18-E16__01__提高薪資紀錄_可直接使用成品.docx,TTQS_GPT6_ASTRA_FULL_HANDOFF_20260925/TTQS_GPT6_ASTRA_FULL_HANDOFF_20260925/TTQS_DOCUMENT_FOUNDRY_RUN_ASTRA_20260925/00_CONTROL/DOCX_FACTORY/QUALITY_RECOVERY_R01/BATCH_06_QUALITY_RECOVERY_R01/CANDIDATES_R02/0108__I18-E16__01__提高薪資紀錄_可直接使用成品.docx,04_全部文件與歷次版本/TTQS_GPT6_ASTRA_FULL_HANDOFF_20260925/12/1162_0108__I18-E16__01__提高薪資紀錄_可直接使用成品.docx,原樣保留；本次尚未確認完成驗收,42261,2dd79ae989de73dd9db712d8498e48825c9d618f1abfad500b09c3d0bfa65854
1163,0102__I18-E09__01__指導學員參加技能競賽獲獎.docx,TTQS_GPT6_ASTRA_FULL_HANDOFF_20260925/TTQS_GPT6_ASTRA_FULL_HANDOFF_20260925/TTQS_DOCUMENT_FOUNDRY_RUN_ASTRA_20260925/00_CONTROL/DOCX_FACTORY/QUALITY_RECOVERY_R01/BATCH_06_QUALITY_RECOVERY_R01/CANDIDATES_R02/0102__I18-E09__01__指導學員參加技能競賽獲獎.docx,04_全部文件與歷次版本/TTQS_GPT6_ASTRA_FULL_HANDOFF_20260925/12/1163_0102__I18-E09__01__指導學員參加技能競賽獲獎.docx,原樣保留；本次尚未確認完成驗收,42043,bdaeb97815a495223ed631abee7a7ca189921501d48fa0f1e1995275e07b2b2c
1164,0099__I18-E07__R02_LAYOUT.docx,TTQS_GPT6_ASTRA_FULL_HANDOFF_20260925/TTQS_GPT6_ASTRA_FULL_HANDOFF_20260925/TTQS_DOCUMENT_FOUNDRY_RUN_ASTRA_20260925/00_CONTROL/DOCX_FACTORY/QUALITY_RECOVERY_R01/BATCH_06_QUALITY_RECOVERY_R01/CANDIDATES_R02/0099__I18-E07__R02_LAYOUT.docx,04_全部文件與歷次版本/TTQS_GPT6_ASTRA_FULL_HANDOFF_20260925/12/1164_0099__I18-E07__R02_LAYOUT.docx,原樣保留；本次尚未確認完成驗收,41566,e4db9b762f79dabd91c526f55251a650f7bbedfe42234a66481463c89a3f3236
1165,0110_R02_LAYOUT.docx,TTQS_GPT6_ASTRA_FULL_HANDOFF_20260925/TTQS_GPT6_ASTRA_FULL_HANDOFF_20260925/TTQS_DOCUMENT_FOUNDRY_RUN_ASTRA_20260925/00_CONTROL/DOCX_FACTORY/QUALITY_RECOVERY_R01/BATCH_06_QUALITY_RECOVERY_R01/CANDIDATES_R02/0110_R02_LAYOUT.docx,04_全部文件與歷次版本/TTQS_GPT6_ASTRA_FULL_HANDOFF_20260925/12/1165_0110_R02_LAYOUT.docx,原樣保留；本次尚未確認完成驗收,42520,ea888a93404437dcec39fbe3ff95ef7c408b16b3109af2d4df07e867f7b77b63
1166,0110_R03_LAYOUT.docx,TTQS_GPT6_ASTRA_FULL_HANDOFF_20260925/TTQS_GPT6_ASTRA_FULL_HANDOFF_20260925/TTQS_DOCUMENT_FOUNDRY_RUN_ASTRA_20260925/00_CONTROL/DOCX_FACTORY/QUALITY_RECOVERY_R01/BATCH_06_QUALITY_RECOVERY_R01/CANDIDATES_R02/0110_R03_LAYOUT.docx,04_全部文件與歷次版本/TTQS_GPT6_ASTRA_FULL_HANDOFF_20260925/12/1166_0110_R03_LAYOUT.docx,原樣保留；本次尚未確認完成驗收,42525,ed8b2c1005be2e74159af18b0825af2992761d70920cc1fa49519be8d851ca21
1167,0110_R04_LAYOUT.docx,TTQS_GPT6_ASTRA_FULL_HANDOFF_20260925/TTQS_GPT6_ASTRA_FULL_HANDOFF_20260925/TTQS_DOCUMENT_FOUNDRY_RUN_ASTRA_20260925/00_CONTROL/DOCX_FACTORY/QUALITY_RECOVERY_R01/BATCH_06_QUALITY_RECOVERY_R01/CANDIDATES_R02/0110_R04_LAYOUT.docx,04_全部文件與歷次版本/TTQS_GPT6_ASTRA_FULL_HANDOFF_20260925/12/1167_0110_R04_LAYOUT.docx,原樣保留；本次尚未確認完成驗收,42520,a28a594a94e3eb26ecea979c97119ad00c07f4532739a2290c4bd766f6b2d0f7
1168,0091__0091__I17D-E05__01__學員就業證明_可直接使用成品.docx,TTQS_GPT6_ASTRA_FULL_HANDOFF_20260925/TTQS_GPT6_ASTRA_FULL_HANDOFF_20260925/TTQS_DOCUMENT_FOUNDRY_RUN_ASTRA_20260925/00_CONTROL/DOCX_FACTORY/QUALITY_RECOVERY_R01/BATCH_06_QUALITY_RECOVERY_R01/BATCH_06_PRE_PROMOTION_BACKUP_R01/canonical_docs/0091__0091__I17D-E05__01__學員就業證明_可直接使用成品.docx,04_全部文件與歷次版本/TTQS_GPT6_ASTRA_FULL_HANDOFF_20260925/12/1168_0091__0091__I17D-E05__01__學員就業證明_可直接使用成品.docx,原樣保留；本次尚未確認完成驗收,41716,f11e2e0e6134b017ffa93da82e1b89b6d75bd1178a5fe10358073979037f8057
1169,0092__0092__I17D-E06__01__第三方感謝函索取稿與證據驗證登錄表.docx,TTQS_GPT6_ASTRA_FULL_HANDOFF_20260925/TTQS_GPT6_ASTRA_FULL_HANDOFF_20260925/TTQS_DOCUMENT_FOUNDRY_RUN_ASTRA_20260925/00_CONTROL/DOCX_FACTORY/QUALITY_RECOVERY_R01/BATCH_06_QUALITY_RECOVERY_R01/BATCH_06_PRE_PROMOTION_BACKUP_R01/canonical_docs/0092__0092__I17D-E06__01__第三方感謝函索取稿與證據驗證登錄表.docx,04_全部文件與歷次版本/TTQS_GPT6_ASTRA_FULL_HANDOFF_20260925/12/1169_0092__0092__I17D-E06__01__第三方感謝函索取稿與證據驗證登錄表.docx,原樣保留；本次尚未確認完成驗收,41421,94e801984238d2302c332bf097af0e4837786b8e43e427c8b0f630cd7529f7c7
1170,0093__0093__I17D-E07__01__學員訓後雇主問卷調查表_可直接使用成品.docx,TTQS_GPT6_ASTRA_FULL_HANDOFF_20260925/TTQS_GPT6_ASTRA_FULL_HANDOFF_20260925/TTQS_DOCUMENT_FOUNDRY_RUN_ASTRA_20260925/00_CONTROL/DOCX_FACTORY/QUALITY_RECOVERY_R01/BATCH_06_QUALITY_RECOVERY_R01/BATCH_06_PRE_PROMOTION_BACKUP_R01/canonical_docs/0093__0093__I17D-E07__01__學員訓後雇主問卷調查表_可直接使用成品.docx,04_全部文件與歷次版本/TTQS_GPT6_ASTRA_FULL_HANDOFF_20260925/12/1170_0093__0093__I17D-E07__01__學員訓後雇主問卷調查表_可直接使用成品.docx,原樣保留；本次尚未確認完成驗收,41767,60a0206b0247812c92d2f2f577bd9daff2295ecb50ee2c5c77412051915008c3
1171,0094__0094__I18-E01__01__口述目標客戶及學員認為訓練有其功能，僅有滿意_可直接使用成品.docx,TTQS_GPT6_ASTRA_FULL_HANDOFF_20260925/TTQS_GPT6_ASTRA_FULL_HANDOFF_20260925/TTQS_DOCUMENT_FOUNDRY_RUN_ASTRA_20260925/00_CONTROL/DOCX_FACTORY/QUALITY_RECOVERY_R01/BATCH_06_QUALITY_RECOVERY_R01/BATCH_06_PRE_PROMOTION_BACKUP_R01/canonical_docs/0094__0094__I18-E01__01__口述目標客戶及學員認為訓練有其功能，僅有滿意_可直接使用成品.docx,04_全部文件與歷次版本/TTQS_GPT6_ASTRA_FULL_HANDOFF_20260925/12/1171_0094__0094__I18-E01__01__口述目標客戶及學員認為訓練有其功能，僅有滿意_可直接使用成品.docx,原樣保留；本次尚未確認完成驗收,41824,0e8e1a302e0d48d1220ea4a9eb0c72ceb4d9368395376cfcd71909c985789e1c
1172,0095__0095__I18-E02__01__建立目標客戶及學員滿意度調查機制（系統及流程.docx,TTQS_GPT6_ASTRA_FULL_HANDOFF_20260925/TTQS_GPT6_ASTRA_FULL_HANDOFF_20260925/TTQS_DOCUMENT_FOUNDRY_RUN_ASTRA_20260925/00_CONTROL/DOCX_FACTORY/QUALITY_RECOVERY_R01/BATCH_06_QUALITY_RECOVERY_R01/BATCH_06_PRE_PROMOTION_BACKUP_R01/canonical_docs/0095__0095__I18-E02__01__建立目標客戶及學員滿意度調查機制（系統及流程.docx,04_全部文件與歷次版本/TTQS_GPT6_ASTRA_FULL_HANDOFF_20260925/12/1172_0095__0095__I18-E02__01__建立目標客戶及學員滿意度調查機制（系統及流程.docx,原樣保留；本次尚未確認完成驗收,42321,4e7cc76add9033ec61766425f93e1a03a53b85a9a2162293ab69508cb3bbefb1
1173,0096__0096__I18-E03__01__感謝函_可直接使用成品.docx,TTQS_GPT6_ASTRA_FULL_HANDOFF_20260925/TTQS_GPT6_ASTRA_FULL_HANDOFF_20260925/TTQS_DOCUMENT_FOUNDRY_RUN_ASTRA_20260925/00_CONTROL/DOCX_FACTORY/QUALITY_RECOVERY_R01/BATCH_06_QUALITY_RECOVERY_R01/BATCH_06_PRE_PROMOTION_BACKUP_R01/canonical_docs/0096__0096__I18-E03__01__感謝函_可直接使用成品.docx,04_全部文件與歷次版本/TTQS_GPT6_ASTRA_FULL_HANDOFF_20260925/12/1173_0096__0096__I18-E03__01__感謝函_可直接使用成品.docx,原樣保留；本次尚未確認完成驗收,41413,7a5ffe7f524e1bbe7a1ec40c0e20c3616b1eec60e558cc376bedab25c3ace91d
1174,0097__0097__I18-E05__01__問卷調查等顯示目標客戶及學員認為訓練有達成能.docx,TTQS_GPT6_ASTRA_FULL_HANDOFF_20260925/TTQS_GPT6_ASTRA_FULL_HANDOFF_20260925/TTQS_DOCUMENT_FOUNDRY_RUN_ASTRA_20260925/00_CONTROL/DOCX_FACTORY/QUALITY_RECOVERY_R01/BATCH_06_QUALITY_RECOVERY_R01/BATCH_06_PRE_PROMOTION_BACKUP_R01/canonical_docs/0097__0097__I18-E05__01__問卷調查等顯示目標客戶及學員認為訓練有達成能.docx,04_全部文件與歷次版本/TTQS_GPT6_ASTRA_FULL_HANDOFF_20260925/12/1174_0097__0097__I18-E05__01__問卷調查等顯示目標客戶及學員認為訓練有達成能.docx,原樣保留；本次尚未確認完成驗收,41592,24b7ea852091a0ec573936cd3852d265b2e23af1f3046e04b46ba9cbbb340ff6
1175,0098__0098__I18-E06__01__執行目標客戶及學員滿意度調查及分析（系統及流.docx,TTQS_GPT6_ASTRA_FULL_HANDOFF_20260925/TTQS_GPT6_ASTRA_FULL_HANDOFF_20260925/TTQS_DOCUMENT_FOUNDRY_RUN_ASTRA_20260925/00_CONTROL/DOCX_FACTORY/QUALITY_RECOVERY_R01/BATCH_06_QUALITY_RECOVERY_R01/BATCH_06_PRE_PROMOTION_BACKUP_R01/canonical_docs/0098__0098__I18-E06__01__執行目標客戶及學員滿意度調查及分析（系統及流.docx,04_全部文件與歷次版本/TTQS_GPT6_ASTRA_FULL_HANDOFF_20260925/12/1175_0098__0098__I18-E06__01__執行目標客戶及學員滿意度調查及分析（系統及流.docx,原樣保留；本次尚未確認完成驗收,41768,d5f6977c12b9b0e805c2636611bca9da9ccf104f8222cd735f58b8e95b6e89f0
1176,0099__0099__I18-E07__01__提出目標客戶及學員對訓練達能力提升之說明（學.docx,TTQS_GPT6_ASTRA_FULL_HANDOFF_20260925/TTQS_GPT6_ASTRA_FULL_HANDOFF_20260925/TTQS_DOCUMENT_FOUNDRY_RUN_ASTRA_20260925/00_CONTROL/DOCX_FACTORY/QUALITY_RECOVERY_R01/BATCH_06_QUALITY_RECOVERY_R01/BATCH_06_PRE_PROMOTION_BACKUP_R01/canonical_docs/0099__0099__I18-E07__01__提出目標客戶及學員對訓練達能力提升之說明（學.docx,04_全部文件與歷次版本/TTQS_GPT6_ASTRA_FULL_HANDOFF_20260925/12/1176_0099__0099__I18-E07__01__提出目標客戶及學員對訓練達能力提升之說明（學.docx,原樣保留；本次尚未確認完成驗收,41544,b2f14abdb1716f6413492bae47978b8f2775dc0b14a45b30eb8af2ba4818ffb7
1177,0101__0101__I18-E08__02__能力提升雷達分析報告.docx,TTQS_GPT6_ASTRA_FULL_HANDOFF_20260925/TTQS_GPT6_ASTRA_FULL_HANDOFF_20260925/TTQS_DOCUMENT_FOUNDRY_RUN_ASTRA_20260925/00_CONTROL/DOCX_FACTORY/QUALITY_RECOVERY_R01/BATCH_06_QUALITY_RECOVERY_R01/BATCH_06_PRE_PROMOTION_BACKUP_R01/canonical_docs/0101__0101__I18-E08__02__能力提升雷達分析報告.docx,04_全部文件與歷次版本/TTQS_GPT6_ASTRA_FULL_HANDOFF_20260925/12/1177_0101__0101__I18-E08__02__能力提升雷達分析報告.docx,原樣保留；本次尚未確認完成驗收,105528,be47c09b53a08a090828ec635e0140e787ce92999f2e67001650a11928250d05
1178,0102__0102__I18-E09__01__指導學員參加技能競賽獲獎.docx,TTQS_GPT6_ASTRA_FULL_HANDOFF_20260925/TTQS_GPT6_ASTRA_FULL_HANDOFF_20260925/TTQS_DOCUMENT_FOUNDRY_RUN_ASTRA_20260925/00_CONTROL/DOCX_FACTORY/QUALITY_RECOVERY_R01/BATCH_06_QUALITY_RECOVERY_R01/BATCH_06_PRE_PROMOTION_BACKUP_R01/canonical_docs/0102__0102__I18-E09__01__指導學員參加技能競賽獲獎.docx,04_全部文件與歷次版本/TTQS_GPT6_ASTRA_FULL_HANDOFF_20260925/12/1178_0102__0102__I18-E09__01__指導學員參加技能競賽獲獎.docx,原樣保留；本次尚未確認完成驗收,42011,4f08a97e0bf0b8572a97cae27076d9121f9684ff26f4c60201d2df93c182bd6e
1179,0103__0103__I18-E10__01__感謝函_可直接使用成品.docx,TTQS_GPT6_ASTRA_FULL_HANDOFF_20260925/TTQS_GPT6_ASTRA_FULL_HANDOFF_20260925/TTQS_DOCUMENT_FOUNDRY_RUN_ASTRA_20260925/00_CONTROL/DOCX_FACTORY/QUALITY_RECOVERY_R01/BATCH_06_QUALITY_RECOVERY_R01/BATCH_06_PRE_PROMOTION_BACKUP_R01/canonical_docs/0103__0103__I18-E10__01__感謝函_可直接使用成品.docx,04_全部文件與歷次版本/TTQS_GPT6_ASTRA_FULL_HANDOFF_20260925/12/1179_0103__0103__I18-E10__01__感謝函_可直接使用成品.docx,原樣保留；本次尚未確認完成驗收,41972,351336947a7ec71e146d20e426de2b46353fb71814f4833c678c9d4589c200fd
1180,0104__0104__I18-E11__01__證照獲取率.docx,TTQS_GPT6_ASTRA_FULL_HANDOFF_20260925/TTQS_GPT6_ASTRA_FULL_HANDOFF_20260925/TTQS_DOCUMENT_FOUNDRY_RUN_ASTRA_20260925/00_CONTROL/DOCX_FACTORY/QUALITY_RECOVERY_R01/BATCH_06_QUALITY_RECOVERY_R01/BATCH_06_PRE_PROMOTION_BACKUP_R01/canonical_docs/0104__0104__I18-E11__01__證照獲取率.docx,04_全部文件與歷次版本/TTQS_GPT6_ASTRA_FULL_HANDOFF_20260925/12/1180_0104__0104__I18-E11__01__證照獲取率.docx,原樣保留；本次尚未確認完成驗收,41809,bdc025366c97ac018fbe1a784c0e4052d092bddd1a7ad05d4bc6c3d94b33f79e
1181,0105__0105__I18-E13__01__問卷調查及課後行動計畫評估表等顯示目標客戶及_可直接使用成品.docx,TTQS_GPT6_ASTRA_FULL_HANDOFF_20260925/TTQS_GPT6_ASTRA_FULL_HANDOFF_20260925/TTQS_DOCUMENT_FOUNDRY_RUN_ASTRA_20260925/00_CONTROL/DOCX_FACTORY/QUALITY_RECOVERY_R01/BATCH_06_QUALITY_RECOVERY_R01/BATCH_06_PRE_PROMOTION_BACKUP_R01/canonical_docs/0105__0105__I18-E13__01__問卷調查及課後行動計畫評估表等顯示目標客戶及_可直接使用成品.docx,04_全部文件與歷次版本/TTQS_GPT6_ASTRA_FULL_HANDOFF_20260925/12/1181_0105__0105__I18-E13__01__問卷調查及課後行動計畫評估表等顯示目標客戶及_可直接使用成品.docx,原樣保留；本次尚未確認完成驗收,43883,1a6deaf800c8df4853837c7a78104be9bd17e062d302f8e373354f8d7a4c0604
1182,0106__0106__I18-E14__01__提出目標客戶及學員對訓練達組織績效改善之說明.docx,TTQS_GPT6_ASTRA_FULL_HANDOFF_20260925/TTQS_GPT6_ASTRA_FULL_HANDOFF_20260925/TTQS_DOCUMENT_FOUNDRY_RUN_ASTRA_20260925/00_CONTROL/DOCX_FACTORY/QUALITY_RECOVERY_R01/BATCH_06_QUALITY_RECOVERY_R01/BATCH_06_PRE_PROMOTION_BACKUP_R01/canonical_docs/0106__0106__I18-E14__01__提出目標客戶及學員對訓練達組織績效改善之說明.docx,04_全部文件與歷次版本/TTQS_GPT6_ASTRA_FULL_HANDOFF_20260925/12/1182_0106__0106__I18-E14__01__提出目標客戶及學員對訓練達組織績效改善之說明.docx,原樣保留；本次尚未確認完成驗收,42008,59a745eef63486e9b87705ed635fa517467f3857ad8d49cf162dc1ac9d48aa49
1183,0107__0107__I18-E15__01__高證照通過率之證明資料_可直接使用成品.docx,TTQS_GPT6_ASTRA_FULL_HANDOFF_20260925/TTQS_GPT6_ASTRA_FULL_HANDOFF_20260925/TTQS_DOCUMENT_FOUNDRY_RUN_ASTRA_20260925/00_CONTROL/DOCX_FACTORY/QUALITY_RECOVERY_R01/BATCH_06_QUALITY_RECOVERY_R01/BATCH_06_PRE_PROMOTION_BACKUP_R01/canonical_docs/0107__0107__I18-E15__01__高證照通過率之證明資料_可直接使用成品.docx,04_全部文件與歷次版本/TTQS_GPT6_ASTRA_FULL_HANDOFF_20260925/12/1183_0107__0107__I18-E15__01__高證照通過率之證明資料_可直接使用成品.docx,原樣保留；本次尚未確認完成驗收,42053,e9a885e0923d42ace43fb45a2af2c2fc80a38828d93a0ec3ba83d1e3d85a2262
1184,0108__0108__I18-E16__01__提高薪資紀錄_可直接使用成品.docx,TTQS_GPT6_ASTRA_FULL_HANDOFF_20260925/TTQS_GPT6_ASTRA_FULL_HANDOFF_20260925/TTQS_DOCUMENT_FOUNDRY_RUN_ASTRA_20260925/00_CONTROL/DOCX_FACTORY/QUALITY_RECOVERY_R01/BATCH_06_QUALITY_RECOVERY_R01/BATCH_06_PRE_PROMOTION_BACKUP_R01/canonical_docs/0108__0108__I18-E16__01__提高薪資紀錄_可直接使用成品.docx,04_全部文件與歷次版本/TTQS_GPT6_ASTRA_FULL_HANDOFF_20260925/12/1184_0108__0108__I18-E16__01__提高薪資紀錄_可直接使用成品.docx,原樣保留；本次尚未確認完成驗收,42237,3b1f986f0bd359dccaff01f31e60bd7367541a244d28c63d43a1b37db7e57a11
1185,0109__0109__I18-E17__01__社群網站知識討論區，人員使用網站頻率高.docx,TTQS_GPT6_ASTRA_FULL_HANDOFF_20260925/TTQS_GPT6_ASTRA_FULL_HANDOFF_20260925/TTQS_DOCUMENT_FOUNDRY_RUN_ASTRA_20260925/00_CONTROL/DOCX_FACTORY/QUALITY_RECOVERY_R01/BATCH_06_QUALITY_RECOVERY_R01/BATCH_06_PRE_PROMOTION_BACKUP_R01/canonical_docs/0109__0109__I18-E17__01__社群網站知識討論區，人員使用網站頻率高.docx,04_全部文件與歷次版本/TTQS_GPT6_ASTRA_FULL_HANDOFF_20260925/12/1185_0109__0109__I18-E17__01__社群網站知識討論區，人員使用網站頻率高.docx,原樣保留；本次尚未確認完成驗收,41535,75db58a467e9ce2ce7046dfb0fa50d486ab70a712646d6e76bc20198671667e3
1186,0110__0110__I18-E19__01__問卷調查及課後行動計畫評估表等顯示目標客戶及_可直接使用成品.docx,TTQS_GPT6_ASTRA_FULL_HANDOFF_20260925/TTQS_GPT6_ASTRA_FULL_HANDOFF_20260925/TTQS_DOCUMENT_FOUNDRY_RUN_ASTRA_20260925/00_CONTROL/DOCX_FACTORY/QUALITY_RECOVERY_R01/BATCH_06_QUALITY_RECOVERY_R01/BATCH_06_PRE_PROMOTION_BACKUP_R01/canonical_docs/0110__0110__I18-E19__01__問卷調查及課後行動計畫評估表等顯示目標客戶及_可直接使用成品.docx,04_全部文件與歷次版本/TTQS_GPT6_ASTRA_FULL_HANDOFF_20260925/12/1186_0110__0110__I18-E19__01__問卷調查及課後行動計畫評估表等顯示目標客戶及_可直接使用成品.docx,原樣保留；本次尚未確認完成驗收,42497,88dfc72ff30e32893cb000d529fd406d481b8875e387d9aba33ed059ff51b020
1187,0053_I12-E01_BASELINE.docx,TTQS_GPT6_ASTRA_FULL_HANDOFF_20260925/TTQS_GPT6_ASTRA_FULL_HANDOFF_20260925/TTQS_DOCUMENT_FOUNDRY_RUN_ASTRA_20260925/00_CONTROL/DOCX_FACTORY/QUALITY_RECOVERY_R01/BATCH_10_QUALITY_RECOVERY_R01/CANDIDATES_R01/BASELINES/0053_I12-E01_BASELINE.docx,04_全部文件與歷次版本/TTQS_GPT6_ASTRA_FULL_HANDOFF_20260925/12/1187_0053_I12-E01_BASELINE.docx,原樣保留；本次尚未確認完成驗收,42219,b3429496d142e93a5bc021ad7d02fdf41a00ff780c54d53527966a3f34808243
1188,0062_I14-E03_BASELINE.docx,TTQS_GPT6_ASTRA_FULL_HANDOFF_20260925/TTQS_GPT6_ASTRA_FULL_HANDOFF_20260925/TTQS_DOCUMENT_FOUNDRY_RUN_ASTRA_20260925/00_CONTROL/DOCX_FACTORY/QUALITY_RECOVERY_R01/BATCH_10_QUALITY_RECOVERY_R01/CANDIDATES_R01/BASELINES/0062_I14-E03_BASELINE.docx,04_全部文件與歷次版本/TTQS_GPT6_ASTRA_FULL_HANDOFF_20260925/12/1188_0062_I14-E03_BASELINE.docx,原樣保留；本次尚未確認完成驗收,43386,77392eb870b0c3d83f608378267838034a8b3b8bdfa13ff55f4cc35110fec6ae
1189,0132_I19-E21_BASELINE.docx,TTQS_GPT6_ASTRA_FULL_HANDOFF_20260925/TTQS_GPT6_ASTRA_FULL_HANDOFF_20260925/TTQS_DOCUMENT_FOUNDRY_RUN_ASTRA_20260925/00_CONTROL/DOCX_FACTORY/QUALITY_RECOVERY_R01/BATCH_10_QUALITY_RECOVERY_R01/CANDIDATES_R01/BASELINES/0132_I19-E21_BASELINE.docx,04_全部文件與歷次版本/TTQS_GPT6_ASTRA_FULL_HANDOFF_20260925/12/1189_0132_I19-E21_BASELINE.docx,原樣保留；本次尚未確認完成驗收,41213,25e3a22bb6a72baf9ae238579fc0123f19bde3490fff092ff2662c56e25570ac
1190,0134_I19-E23_BASELINE.docx,TTQS_GPT6_ASTRA_FULL_HANDOFF_20260925/TTQS_GPT6_ASTRA_FULL_HANDOFF_20260925/TTQS_DOCUMENT_FOUNDRY_RUN_ASTRA_20260925/00_CONTROL/DOCX_FACTORY/QUALITY_RECOVERY_R01/BATCH_10_QUALITY_RECOVERY_R01/CANDIDATES_R01/BASELINES/0134_I19-E23_BASELINE.docx,04_全部文件與歷次版本/TTQS_GPT6_ASTRA_FULL_HANDOFF_20260925/12/1190_0134_I19-E23_BASELINE.docx,原樣保留；本次尚未確認完成驗收,41208,0c76afa1d98bf2a93b675c3d554e19def5b55714a660ddff0d2a581359f18def
1191,0135_I19-E25_BASELINE.docx,TTQS_GPT6_ASTRA_FULL_HANDOFF_20260925/TTQS_GPT6_ASTRA_FULL_HANDOFF_20260925/TTQS_DOCUMENT_FOUNDRY_RUN_ASTRA_20260925/00_CONTROL/DOCX_FACTORY/QUALITY_RECOVERY_R01/BATCH_10_QUALITY_RECOVERY_R01/CANDIDATES_R01/BASELINES/0135_I19-E25_BASELINE.docx,04_全部文件與歷次版本/TTQS_GPT6_ASTRA_FULL_HANDOFF_20260925/12/1191_0135_I19-E25_BASELINE.docx,原樣保留；本次尚未確認完成驗收,41392,a38fe9544dc342c6a4d1e71e9c7e1ef243217111f72d26da9830e8084ca60e7d
1192,0136_I19-E26_BASELINE.docx,TTQS_GPT6_ASTRA_FULL_HANDOFF_20260925/TTQS_GPT6_ASTRA_FULL_HANDOFF_20260925/TTQS_DOCUMENT_FOUNDRY_RUN_ASTRA_20260925/00_CONTROL/DOCX_FACTORY/QUALITY_RECOVERY_R01/BATCH_10_QUALITY_RECOVERY_R01/CANDIDATES_R01/BASELINES/0136_I19-E26_BASELINE.docx,04_全部文件與歷次版本/TTQS_GPT6_ASTRA_FULL_HANDOFF_20260925/12/1192_0136_I19-E26_BASELINE.docx,原樣保留；本次尚未確認完成驗收,41332,415a6c64bf2c98aa3330557cb0310e2576d0251325b73a27f75f916291fa4f25
1193,0137_I19-E27_BASELINE.docx,TTQS_GPT6_ASTRA_FULL_HANDOFF_20260925/TTQS_GPT6_ASTRA_FULL_HANDOFF_20260925/TTQS_DOCUMENT_FOUNDRY_RUN_ASTRA_20260925/00_CONTROL/DOCX_FACTORY/QUALITY_RECOVERY_R01/BATCH_10_QUALITY_RECOVERY_R01/CANDIDATES_R01/BASELINES/0137_I19-E27_BASELINE.docx,04_全部文件與歷次版本/TTQS_GPT6_ASTRA_FULL_HANDOFF_20260925/12/1193_0137_I19-E27_BASELINE.docx,原樣保留；本次尚未確認完成驗收,41295,12fa03130e86138cff358df78a703d45e97a2713961c21a1445761f423b08e30
1194,0138_I19-E28_BASELINE.docx,TTQS_GPT6_ASTRA_FULL_HANDOFF_20260925/TTQS_GPT6_ASTRA_FULL_HANDOFF_20260925/TTQS_DOCUMENT_FOUNDRY_RUN_ASTRA_20260925/00_CONTROL/DOCX_FACTORY/QUALITY_RECOVERY_R01/BATCH_10_QUALITY_RECOVERY_R01/CANDIDATES_R01/BASELINES/0138_I19-E28_BASELINE.docx,04_全部文件與歷次版本/TTQS_GPT6_ASTRA_FULL_HANDOFF_20260925/12/1194_0138_I19-E28_BASELINE.docx,原樣保留；本次尚未確認完成驗收,41223,16b266b3bb5b697644fdf524c5e77bb99c11ace22f19e8597bde7b968b6e0485
1195,0139_I19-E29_BASELINE.docx,TTQS_GPT6_ASTRA_FULL_HANDOFF_20260925/TTQS_GPT6_ASTRA_FULL_HANDOFF_20260925/TTQS_DOCUMENT_FOUNDRY_RUN_ASTRA_20260925/00_CONTROL/DOCX_FACTORY/QUALITY_RECOVERY_R01/BATCH_10_QUALITY_RECOVERY_R01/CANDIDATES_R01/BASELINES/0139_I19-E29_BASELINE.docx,04_全部文件與歷次版本/TTQS_GPT6_ASTRA_FULL_HANDOFF_20260925/12/1195_0139_I19-E29_BASELINE.docx,原樣保留；本次尚未確認完成驗收,41310,ade91f905ab4054737745ea7b954ff107f8c677c65c84820c1ed4dc607377008
1196,0053_I12-E01_R01.docx,TTQS_GPT6_ASTRA_FULL_HANDOFF_20260925/TTQS_GPT6_ASTRA_FULL_HANDOFF_20260925/TTQS_DOCUMENT_FOUNDRY_RUN_ASTRA_20260925/00_CONTROL/DOCX_FACTORY/QUALITY_RECOVERY_R01/BATCH_10_QUALITY_RECOVERY_R01/CANDIDATES_R01/REVISED/0053_I12-E01_R01.docx,04_全部文件與歷次版本/TTQS_GPT6_ASTRA_FULL_HANDOFF_20260925/12/1196_0053_I12-E01_R01.docx,原樣保留；本次尚未確認完成驗收,42361,5ff094890e33e0be6f795bb143d11d271d3a436abd8966e406ec1de56af7fb4e
1197,0062_I14-E03_R01.docx,TTQS_GPT6_ASTRA_FULL_HANDOFF_20260925/TTQS_GPT6_ASTRA_FULL_HANDOFF_20260925/TTQS_DOCUMENT_FOUNDRY_RUN_ASTRA_20260925/00_CONTROL/DOCX_FACTORY/QUALITY_RECOVERY_R01/BATCH_10_QUALITY_RECOVERY_R01/CANDIDATES_R01/REVISED/0062_I14-E03_R01.docx,04_全部文件與歷次版本/TTQS_GPT6_ASTRA_FULL_HANDOFF_20260925/12/1197_0062_I14-E03_R01.docx,原樣保留；本次尚未確認完成驗收,43837,fb9a987bb59e9f91e64b098e1b7ff888d6ba09e5b9aabdd2a4f01dbd4917b0bc
1198,0132_I19-E21_R01.docx,TTQS_GPT6_ASTRA_FULL_HANDOFF_20260925/TTQS_GPT6_ASTRA_FULL_HANDOFF_20260925/TTQS_DOCUMENT_FOUNDRY_RUN_ASTRA_20260925/00_CONTROL/DOCX_FACTORY/QUALITY_RECOVERY_R01/BATCH_10_QUALITY_RECOVERY_R01/CANDIDATES_R01/REVISED/0132_I19-E21_R01.docx,04_全部文件與歷次版本/TTQS_GPT6_ASTRA_FULL_HANDOFF_20260925/12/1198_0132_I19-E21_R01.docx,原樣保留；本次尚未確認完成驗收,41794,9de123499d734450b7f36f5c512464a14b9e57fcc6a1e96a36825f7bf96aed42
1199,0134_I19-E23_R01.docx,TTQS_GPT6_ASTRA_FULL_HANDOFF_20260925/TTQS_GPT6_ASTRA_FULL_HANDOFF_20260925/TTQS_DOCUMENT_FOUNDRY_RUN_ASTRA_20260925/00_CONTROL/DOCX_FACTORY/QUALITY_RECOVERY_R01/BATCH_10_QUALITY_RECOVERY_R01/CANDIDATES_R01/REVISED/0134_I19-E23_R01.docx,04_全部文件與歷次版本/TTQS_GPT6_ASTRA_FULL_HANDOFF_20260925/12/1199_0134_I19-E23_R01.docx,原樣保留；本次尚未確認完成驗收,41371,39f7bda2fa20ecd360ae1ef3c2e10545f32558db1fb56dc6a9caeec8956cd4c8
1200,0135_I19-E25_R01.docx,TTQS_GPT6_ASTRA_FULL_HANDOFF_20260925/TTQS_GPT6_ASTRA_FULL_HANDOFF_20260925/TTQS_DOCUMENT_FOUNDRY_RUN_ASTRA_20260925/00_CONTROL/DOCX_FACTORY/QUALITY_RECOVERY_R01/BATCH_10_QUALITY_RECOVERY_R01/CANDIDATES_R01/REVISED/0135_I19-E25_R01.docx,04_全部文件與歷次版本/TTQS_GPT6_ASTRA_FULL_HANDOFF_20260925/12/1200_0135_I19-E25_R01.docx,原樣保留；本次尚未確認完成驗收,41864,1910f7c395a50a45879a674e10cf42ea1e3a0fece7ad5454c36600f06a1e6a54
1201,0136_I19-E26_R01.docx,TTQS_GPT6_ASTRA_FULL_HANDOFF_20260925/TTQS_GPT6_ASTRA_FULL_HANDOFF_20260925/TTQS_DOCUMENT_FOUNDRY_RUN_ASTRA_20260925/00_CONTROL/DOCX_FACTORY/QUALITY_RECOVERY_R01/BATCH_10_QUALITY_RECOVERY_R01/CANDIDATES_R01/REVISED/0136_I19-E26_R01.docx,04_全部文件與歷次版本/TTQS_GPT6_ASTRA_FULL_HANDOFF_20260925/13/1201_0136_I19-E26_R01.docx,原樣保留；本次尚未確認完成驗收,41937,dbca9f8e4a2137bb71518c3d2f337a245ac0468fcb8e0df93605915a94b58d0c
1202,0137_I19-E27_R01.docx,TTQS_GPT6_ASTRA_FULL_HANDOFF_20260925/TTQS_GPT6_ASTRA_FULL_HANDOFF_20260925/TTQS_DOCUMENT_FOUNDRY_RUN_ASTRA_20260925/00_CONTROL/DOCX_FACTORY/QUALITY_RECOVERY_R01/BATCH_10_QUALITY_RECOVERY_R01/CANDIDATES_R01/REVISED/0137_I19-E27_R01.docx,04_全部文件與歷次版本/TTQS_GPT6_ASTRA_FULL_HANDOFF_20260925/13/1202_0137_I19-E27_R01.docx,原樣保留；本次尚未確認完成驗收,41774,3f760cf723ec64acb85620a5167727ac27305b0e9ecf0a2f7efab0a66e12e484
1203,0138_I19-E28_R01.docx,TTQS_GPT6_ASTRA_FULL_HANDOFF_20260925/TTQS_GPT6_ASTRA_FULL_HANDOFF_20260925/TTQS_DOCUMENT_FOUNDRY_RUN_ASTRA_20260925/00_CONTROL/DOCX_FACTORY/QUALITY_RECOVERY_R01/BATCH_10_QUALITY_RECOVERY_R01/CANDIDATES_R01/REVISED/0138_I19-E28_R01.docx,04_全部文件與歷次版本/TTQS_GPT6_ASTRA_FULL_HANDOFF_20260925/13/1203_0138_I19-E28_R01.docx,原樣保留；本次尚未確認完成驗收,41639,e0c56f58177495cff7cf42af3dc000bd75b1b2475116267b967d8ecc1ede9b5e
1204,0139_I19-E29_R01.docx,TTQS_GPT6_ASTRA_FULL_HANDOFF_20260925/TTQS_GPT6_ASTRA_FULL_HANDOFF_20260925/TTQS_DOCUMENT_FOUNDRY_RUN_ASTRA_20260925/00_CONTROL/DOCX_FACTORY/QUALITY_RECOVERY_R01/BATCH_10_QUALITY_RECOVERY_R01/CANDIDATES_R01/REVISED/0139_I19-E29_R01.docx,04_全部文件與歷次版本/TTQS_GPT6_ASTRA_FULL_HANDOFF_20260925/13/1204_0139_I19-E29_R01.docx,原樣保留；本次尚未確認完成驗收,41722,c1298b901fb81e20873b034ec8decc324e4d7a6a7513b862c6e06c7a3c9b047f
1205,0132_I19-E21_R02.docx,TTQS_GPT6_ASTRA_FULL_HANDOFF_20260925/TTQS_GPT6_ASTRA_FULL_HANDOFF_20260925/TTQS_DOCUMENT_FOUNDRY_RUN_ASTRA_20260925/00_CONTROL/DOCX_FACTORY/QUALITY_RECOVERY_R01/BATCH_10_QUALITY_RECOVERY_R01/CANDIDATES_R02/REVISED/0132_I19-E21_R02.docx,04_全部文件與歷次版本/TTQS_GPT6_ASTRA_FULL_HANDOFF_20260925/13/1205_0132_I19-E21_R02.docx,原樣保留；本次尚未確認完成驗收,41814,c76fe95606a3cedaa13a093f0233af45332b5c97c9d59fe726e2e117d6771f87
1206,0135_I19-E25_R02.docx,TTQS_GPT6_ASTRA_FULL_HANDOFF_20260925/TTQS_GPT6_ASTRA_FULL_HANDOFF_20260925/TTQS_DOCUMENT_FOUNDRY_RUN_ASTRA_20260925/00_CONTROL/DOCX_FACTORY/QUALITY_RECOVERY_R01/BATCH_10_QUALITY_RECOVERY_R01/CANDIDATES_R02/REVISED/0135_I19-E25_R02.docx,04_全部文件與歷次版本/TTQS_GPT6_ASTRA_FULL_HANDOFF_20260925/13/1206_0135_I19-E25_R02.docx,原樣保留；本次尚未確認完成驗收,41855,3cae7e6b717dbf09b953fcd74fa2549f3593c94f6d8dd13a913321161e434337
1207,0136_I19-E26_R02.docx,TTQS_GPT6_ASTRA_FULL_HANDOFF_20260925/TTQS_GPT6_ASTRA_FULL_HANDOFF_20260925/TTQS_DOCUMENT_FOUNDRY_RUN_ASTRA_20260925/00_CONTROL/DOCX_FACTORY/QUALITY_RECOVERY_R01/BATCH_10_QUALITY_RECOVERY_R01/CANDIDATES_R02/REVISED/0136_I19-E26_R02.docx,04_全部文件與歷次版本/TTQS_GPT6_ASTRA_FULL_HANDOFF_20260925/13/1207_0136_I19-E26_R02.docx,原樣保留；本次尚未確認完成驗收,41957,7deb6780811b302c01fb60f58080a4d4942b4c0d71c39cd4cc17b7fd7c4b18f0
1208,0137_I19-E27_R02.docx,TTQS_GPT6_ASTRA_FULL_HANDOFF_20260925/TTQS_GPT6_ASTRA_FULL_HANDOFF_20260925/TTQS_DOCUMENT_FOUNDRY_RUN_ASTRA_20260925/00_CONTROL/DOCX_FACTORY/QUALITY_RECOVERY_R01/BATCH_10_QUALITY_RECOVERY_R01/CANDIDATES_R02/REVISED/0137_I19-E27_R02.docx,04_全部文件與歷次版本/TTQS_GPT6_ASTRA_FULL_HANDOFF_20260925/13/1208_0137_I19-E27_R02.docx,原樣保留；本次尚未確認完成驗收,41796,99030b45fa4e09cd5292f63283ef63c5e392fbc7dba8ea88388f97debce5f15b
1209,0138_I19-E28_R02.docx,TTQS_GPT6_ASTRA_FULL_HANDOFF_20260925/TTQS_GPT6_ASTRA_FULL_HANDOFF_20260925/TTQS_DOCUMENT_FOUNDRY_RUN_ASTRA_20260925/00_CONTROL/DOCX_FACTORY/QUALITY_RECOVERY_R01/BATCH_10_QUALITY_RECOVERY_R01/CANDIDATES_R02/REVISED/0138_I19-E28_R02.docx,04_全部文件與歷次版本/TTQS_GPT6_ASTRA_FULL_HANDOFF_20260925/13/1209_0138_I19-E28_R02.docx,原樣保留；本次尚未確認完成驗收,41667,02900e5f6f120791430824e3aa33e0a4ce6f8f232810dd519bab5ffa11cfa75d
1210,0139_I19-E29_R02.docx,TTQS_GPT6_ASTRA_FULL_HANDOFF_20260925/TTQS_GPT6_ASTRA_FULL_HANDOFF_20260925/TTQS_DOCUMENT_FOUNDRY_RUN_ASTRA_20260925/00_CONTROL/DOCX_FACTORY/QUALITY_RECOVERY_R01/BATCH_10_QUALITY_RECOVERY_R01/CANDIDATES_R02/REVISED/0139_I19-E29_R02.docx,04_全部文件與歷次版本/TTQS_GPT6_ASTRA_FULL_HANDOFF_20260925/13/1210_0139_I19-E29_R02.docx,原樣保留；本次尚未確認完成驗收,41742,55529894635d9743853398fd8454f00f520e2f23b622e5b173b356ae8dea8d26
1211,0136_I19-E26_R03.docx,TTQS_GPT6_ASTRA_FULL_HANDOFF_20260925/TTQS_GPT6_ASTRA_FULL_HANDOFF_20260925/TTQS_DOCUMENT_FOUNDRY_RUN_ASTRA_20260925/00_CONTROL/DOCX_FACTORY/QUALITY_RECOVERY_R01/BATCH_10_QUALITY_RECOVERY_R01/CANDIDATES_R03/REVISED/0136_I19-E26_R03.docx,04_全部文件與歷次版本/TTQS_GPT6_ASTRA_FULL_HANDOFF_20260925/13/1211_0136_I19-E26_R03.docx,原樣保留；本次尚未確認完成驗收,41998,f056251a6bf97b9e2cd9d68698b96aeac71a8229ee03dcddb2de079ee4bb034e
1212,0139_I19-E29_R03.docx,TTQS_GPT6_ASTRA_FULL_HANDOFF_20260925/TTQS_GPT6_ASTRA_FULL_HANDOFF_20260925/TTQS_DOCUMENT_FOUNDRY_RUN_ASTRA_20260925/00_CONTROL/DOCX_FACTORY/QUALITY_RECOVERY_R01/BATCH_10_QUALITY_RECOVERY_R01/CANDIDATES_R03/REVISED/0139_I19-E29_R03.docx,04_全部文件與歷次版本/TTQS_GPT6_ASTRA_FULL_HANDOFF_20260925/13/1212_0139_I19-E29_R03.docx,原樣保留；本次尚未確認完成驗收,41925,dba8afd468850e5e7fef1726d3245f5bd6ee7d9fc480192e6201a044a1b7afb1
1213,0053_PRE_B10.docx,TTQS_GPT6_ASTRA_FULL_HANDOFF_20260925/TTQS_GPT6_ASTRA_FULL_HANDOFF_20260925/TTQS_DOCUMENT_FOUNDRY_RUN_ASTRA_20260925/00_CONTROL/DOCX_FACTORY/QUALITY_RECOVERY_R01/BATCH_10_QUALITY_RECOVERY_R01/BACKUP_PRE_B10_PROMOTION_R01/CANONICAL_DOCX/0053_PRE_B10.docx,04_全部文件與歷次版本/TTQS_GPT6_ASTRA_FULL_HANDOFF_20260925/13/1213_0053_PRE_B10.docx,原樣保留；本次尚未確認完成驗收,42219,b3429496d142e93a5bc021ad7d02fdf41a00ff780c54d53527966a3f34808243
1214,0055_PRE_B10.docx,TTQS_GPT6_ASTRA_FULL_HANDOFF_20260925/TTQS_GPT6_ASTRA_FULL_HANDOFF_20260925/TTQS_DOCUMENT_FOUNDRY_RUN_ASTRA_20260925/00_CONTROL/DOCX_FACTORY/QUALITY_RECOVERY_R01/BATCH_10_QUALITY_RECOVERY_R01/BACKUP_PRE_B10_PROMOTION_R01/CANONICAL_DOCX/0055_PRE_B10.docx,04_全部文件與歷次版本/TTQS_GPT6_ASTRA_FULL_HANDOFF_20260925/13/1214_0055_PRE_B10.docx,原樣保留；本次尚未確認完成驗收,43045,afb97e24d9941b79a759b2e15778c39a94e3e577b925c64c9aa2359dad9b4627
1215,0062_PRE_B10.docx,TTQS_GPT6_ASTRA_FULL_HANDOFF_20260925/TTQS_GPT6_ASTRA_FULL_HANDOFF_20260925/TTQS_DOCUMENT_FOUNDRY_RUN_ASTRA_20260925/00_CONTROL/DOCX_FACTORY/QUALITY_RECOVERY_R01/BATCH_10_QUALITY_RECOVERY_R01/BACKUP_PRE_B10_PROMOTION_R01/CANONICAL_DOCX/0062_PRE_B10.docx,04_全部文件與歷次版本/TTQS_GPT6_ASTRA_FULL_HANDOFF_20260925/13/1215_0062_PRE_B10.docx,原樣保留；本次尚未確認完成驗收,43386,77392eb870b0c3d83f608378267838034a8b3b8bdfa13ff55f4cc35110fec6ae
1216,0132_PRE_B10.docx,TTQS_GPT6_ASTRA_FULL_HANDOFF_20260925/TTQS_GPT6_ASTRA_FULL_HANDOFF_20260925/TTQS_DOCUMENT_FOUNDRY_RUN_ASTRA_20260925/00_CONTROL/DOCX_FACTORY/QUALITY_RECOVERY_R01/BATCH_10_QUALITY_RECOVERY_R01/BACKUP_PRE_B10_PROMOTION_R01/CANONICAL_DOCX/0132_PRE_B10.docx,04_全部文件與歷次版本/TTQS_GPT6_ASTRA_FULL_HANDOFF_20260925/13/1216_0132_PRE_B10.docx,原樣保留；本次尚未確認完成驗收,41213,25e3a22bb6a72baf9ae238579fc0123f19bde3490fff092ff2662c56e25570ac
1217,0134_PRE_B10.docx,TTQS_GPT6_ASTRA_FULL_HANDOFF_20260925/TTQS_GPT6_ASTRA_FULL_HANDOFF_20260925/TTQS_DOCUMENT_FOUNDRY_RUN_ASTRA_20260925/00_CONTROL/DOCX_FACTORY/QUALITY_RECOVERY_R01/BATCH_10_QUALITY_RECOVERY_R01/BACKUP_PRE_B10_PROMOTION_R01/CANONICAL_DOCX/0134_PRE_B10.docx,04_全部文件與歷次版本/TTQS_GPT6_ASTRA_FULL_HANDOFF_20260925/13/1217_0134_PRE_B10.docx,原樣保留；本次尚未確認完成驗收,41208,0c76afa1d98bf2a93b675c3d554e19def5b55714a660ddff0d2a581359f18def
1218,0135_PRE_B10.docx,TTQS_GPT6_ASTRA_FULL_HANDOFF_20260925/TTQS_GPT6_ASTRA_FULL_HANDOFF_20260925/TTQS_DOCUMENT_FOUNDRY_RUN_ASTRA_20260925/00_CONTROL/DOCX_FACTORY/QUALITY_RECOVERY_R01/BATCH_10_QUALITY_RECOVERY_R01/BACKUP_PRE_B10_PROMOTION_R01/CANONICAL_DOCX/0135_PRE_B10.docx,04_全部文件與歷次版本/TTQS_GPT6_ASTRA_FULL_HANDOFF_20260925/13/1218_0135_PRE_B10.docx,原樣保留；本次尚未確認完成驗收,41392,a38fe9544dc342c6a4d1e71e9c7e1ef243217111f72d26da9830e8084ca60e7d
1219,0136_PRE_B10.docx,TTQS_GPT6_ASTRA_FULL_HANDOFF_20260925/TTQS_GPT6_ASTRA_FULL_HANDOFF_20260925/TTQS_DOCUMENT_FOUNDRY_RUN_ASTRA_20260925/00_CONTROL/DOCX_FACTORY/QUALITY_RECOVERY_R01/BATCH_10_QUALITY_RECOVERY_R01/BACKUP_PRE_B10_PROMOTION_R01/CANONICAL_DOCX/0136_PRE_B10.docx,04_全部文件與歷次版本/TTQS_GPT6_ASTRA_FULL_HANDOFF_20260925/13/1219_0136_PRE_B10.docx,原樣保留；本次尚未確認完成驗收,41332,415a6c64bf2c98aa3330557cb0310e2576d0251325b73a27f75f916291fa4f25
1220,0137_PRE_B10.docx,TTQS_GPT6_ASTRA_FULL_HANDOFF_20260925/TTQS_GPT6_ASTRA_FULL_HANDOFF_20260925/TTQS_DOCUMENT_FOUNDRY_RUN_ASTRA_20260925/00_CONTROL/DOCX_FACTORY/QUALITY_RECOVERY_R01/BATCH_10_QUALITY_RECOVERY_R01/BACKUP_PRE_B10_PROMOTION_R01/CANONICAL_DOCX/0137_PRE_B10.docx,04_全部文件與歷次版本/TTQS_GPT6_ASTRA_FULL_HANDOFF_20260925/13/1220_0137_PRE_B10.docx,原樣保留；本次尚未確認完成驗收,41295,12fa03130e86138cff358df78a703d45e97a2713961c21a1445761f423b08e30
1221,0138_PRE_B10.docx,TTQS_GPT6_ASTRA_FULL_HANDOFF_20260925/TTQS_GPT6_ASTRA_FULL_HANDOFF_20260925/TTQS_DOCUMENT_FOUNDRY_RUN_ASTRA_20260925/00_CONTROL/DOCX_FACTORY/QUALITY_RECOVERY_R01/BATCH_10_QUALITY_RECOVERY_R01/BACKUP_PRE_B10_PROMOTION_R01/CANONICAL_DOCX/0138_PRE_B10.docx,04_全部文件與歷次版本/TTQS_GPT6_ASTRA_FULL_HANDOFF_20260925/13/1221_0138_PRE_B10.docx,原樣保留；本次尚未確認完成驗收,41223,16b266b3bb5b697644fdf524c5e77bb99c11ace22f19e8597bde7b968b6e0485
1222,0139_PRE_B10.docx,TTQS_GPT6_ASTRA_FULL_HANDOFF_20260925/TTQS_GPT6_ASTRA_FULL_HANDOFF_20260925/TTQS_DOCUMENT_FOUNDRY_RUN_ASTRA_20260925/00_CONTROL/DOCX_FACTORY/QUALITY_RECOVERY_R01/BATCH_10_QUALITY_RECOVERY_R01/BACKUP_PRE_B10_PROMOTION_R01/CANONICAL_DOCX/0139_PRE_B10.docx,04_全部文件與歷次版本/TTQS_GPT6_ASTRA_FULL_HANDOFF_20260925/13/1222_0139_PRE_B10.docx,原樣保留；本次尚未確認完成驗收,41310,ade91f905ab4054737745ea7b954ff107f8c677c65c84820c1ed4dc607377008
1223,0140_PRE_B10.docx,TTQS_GPT6_ASTRA_FULL_HANDOFF_20260925/TTQS_GPT6_ASTRA_FULL_HANDOFF_20260925/TTQS_DOCUMENT_FOUNDRY_RUN_ASTRA_20260925/00_CONTROL/DOCX_FACTORY/QUALITY_RECOVERY_R01/BATCH_10_QUALITY_RECOVERY_R01/BACKUP_PRE_B10_PROMOTION_R01/CANONICAL_DOCX/0140_PRE_B10.docx,04_全部文件與歷次版本/TTQS_GPT6_ASTRA_FULL_HANDOFF_20260925/13/1223_0140_PRE_B10.docx,原樣保留；本次尚未確認完成驗收,41303,f866be7da12682c833cbbd6434f124c02420f0428693fa14388f7ccec9ec2786
1224,0141_PRE_B10.docx,TTQS_GPT6_ASTRA_FULL_HANDOFF_20260925/TTQS_GPT6_ASTRA_FULL_HANDOFF_20260925/TTQS_DOCUMENT_FOUNDRY_RUN_ASTRA_20260925/00_CONTROL/DOCX_FACTORY/QUALITY_RECOVERY_R01/BATCH_10_QUALITY_RECOVERY_R01/BACKUP_PRE_B10_PROMOTION_R01/CANONICAL_DOCX/0141_PRE_B10.docx,04_全部文件與歷次版本/TTQS_GPT6_ASTRA_FULL_HANDOFF_20260925/13/1224_0141_PRE_B10.docx,原樣保留；本次尚未確認完成驗收,41311,600f9c089253dab62008d69daecfab15ea8576ff812a1e27ce36e331fa4fee7b
1225,0142_PRE_B10.docx,TTQS_GPT6_ASTRA_FULL_HANDOFF_20260925/TTQS_GPT6_ASTRA_FULL_HANDOFF_20260925/TTQS_DOCUMENT_FOUNDRY_RUN_ASTRA_20260925/00_CONTROL/DOCX_FACTORY/QUALITY_RECOVERY_R01/BATCH_10_QUALITY_RECOVERY_R01/BACKUP_PRE_B10_PROMOTION_R01/CANONICAL_DOCX/0142_PRE_B10.docx,04_全部文件與歷次版本/TTQS_GPT6_ASTRA_FULL_HANDOFF_20260925/13/1225_0142_PRE_B10.docx,原樣保留；本次尚未確認完成驗收,41459,af951f5a12befd0e880988d678093be1c062c4d16ff09c9d0e33399ab135ff98
1226,TTQS_ONE_RECENT_WORK_HISTORY_EXTERNAL_AUDIT_AND_SESSION_HANDOFF_R01.docx,TTQS_GPT6_ASTRA_FULL_HANDOFF_20260925/TTQS_GPT6_ASTRA_FULL_HANDOFF_20260925/TTQS_DOCUMENT_FOUNDRY_RUN_ASTRA_20260925/00_CONTROL/DOCX_FACTORY/QUALITY_RECOVERY_R01/POST_AUDIT_TARGETED_REPAIR_R01/TTQS_ONE_RECENT_WORK_HISTORY_EXTERNAL_AUDIT_AND_SESSION_HANDOFF_R01.docx,04_全部文件與歷次版本/TTQS_GPT6_ASTRA_FULL_HANDOFF_20260925/13/1226_TTQS_ONE_RECENT_WORK_HISTORY_EXTERNAL_AUDIT_AND_SESSION_HANDOFF_R01.docx,原樣保留；本次尚未確認完成驗收,50671,991efcc352243bf78fddb6d3e19909d7dbcc630604d510aa831ed1556380e72b
1227,0045__I10-E01__01__訓練資源採購與甄選管理辦法__R04.docx,TTQS_GPT6_ASTRA_FULL_HANDOFF_20260925/TTQS_GPT6_ASTRA_FULL_HANDOFF_20260925/TTQS_DOCUMENT_FOUNDRY_RUN_ASTRA_20260925/00_CONTROL/DOCX_FACTORY/QUALITY_RECOVERY_R01/POST_AUDIT_TARGETED_REPAIR_R01/CANDIDATES/0045__I10-E01__01__訓練資源採購與甄選管理辦法__R04.docx,04_全部文件與歷次版本/TTQS_GPT6_ASTRA_FULL_HANDOFF_20260925/13/1227_0045__I10-E01__01__訓練資源採購與甄選管理辦法__R04.docx,原樣保留；本次尚未確認完成驗收,46157,96d621f74887d2e07f19fba0e55194d29896a016c8747710fa7482bbc1647180
1228,0134__I19-E23__01__會員人數及會費收入逐年變化分析報告__R01.docx,TTQS_GPT6_ASTRA_FULL_HANDOFF_20260925/TTQS_GPT6_ASTRA_FULL_HANDOFF_20260925/TTQS_DOCUMENT_FOUNDRY_RUN_ASTRA_20260925/00_CONTROL/DOCX_FACTORY/QUALITY_RECOVERY_R01/POST_AUDIT_TARGETED_REPAIR_R01/CANDIDATES/0134__I19-E23__01__會員人數及會費收入逐年變化分析報告__R01.docx,04_全部文件與歷次版本/TTQS_GPT6_ASTRA_FULL_HANDOFF_20260925/13/1228_0134__I19-E23__01__會員人數及會費收入逐年變化分析報告__R01.docx,原樣保留；本次尚未確認完成驗收,48247,ad0c3dd43c96bbb091d1733a506fbf25499a6b30e60554b7271a0cb414e65869
1229,0045__I10-E01__01__訓練資源採購與甄選管理辦法__R05.docx,TTQS_GPT6_ASTRA_FULL_HANDOFF_20260925/TTQS_GPT6_ASTRA_FULL_HANDOFF_20260925/TTQS_DOCUMENT_FOUNDRY_RUN_ASTRA_20260925/00_CONTROL/DOCX_FACTORY/QUALITY_RECOVERY_R01/POST_AUDIT_TARGETED_REPAIR_R01/CANDIDATES/0045__I10-E01__01__訓練資源採購與甄選管理辦法__R05.docx,04_全部文件與歷次版本/TTQS_GPT6_ASTRA_FULL_HANDOFF_20260925/13/1229_0045__I10-E01__01__訓練資源採購與甄選管理辦法__R05.docx,原樣保留；本次尚未確認完成驗收,46128,072069441ae4dd1013bc43c47b6080e29188afc57021a60a2fdfb9daa503ae8d
1230,0134__I19-E23__01__會員人數及會費收入逐年變化分析報告__R02.docx,TTQS_GPT6_ASTRA_FULL_HANDOFF_20260925/TTQS_GPT6_ASTRA_FULL_HANDOFF_20260925/TTQS_DOCUMENT_FOUNDRY_RUN_ASTRA_20260925/00_CONTROL/DOCX_FACTORY/QUALITY_RECOVERY_R01/POST_AUDIT_TARGETED_REPAIR_R01/CANDIDATES/0134__I19-E23__01__會員人數及會費收入逐年變化分析報告__R02.docx,04_全部文件與歷次版本/TTQS_GPT6_ASTRA_FULL_HANDOFF_20260925/13/1230_0134__I19-E23__01__會員人數及會費收入逐年變化分析報告__R02.docx,原樣保留；本次尚未確認完成驗收,48246,737cf7c80fcf2e30fb56576cbd4efb81ccbb85fd3808a87e9e29375dbfc203ef
1231,0045__I10-E01__01__訓練資源採購與甄選管理辦法.docx,TTQS_GPT6_ASTRA_FULL_HANDOFF_20260925/TTQS_GPT6_ASTRA_FULL_HANDOFF_20260925/TTQS_DOCUMENT_FOUNDRY_RUN_ASTRA_20260925/00_CONTROL/DOCX_FACTORY/QUALITY_RECOVERY_R01/POST_AUDIT_TARGETED_REPAIR_R01/ARCHIVE/CANONICAL_PRE_REPAIR/0045__I10-E01__01__訓練資源採購與甄選管理辦法.docx,04_全部文件與歷次版本/TTQS_GPT6_ASTRA_FULL_HANDOFF_20260925/13/1231_0045__I10-E01__01__訓練資源採購與甄選管理辦法.docx,原樣保留；本次尚未確認完成驗收,46159,491942c7d1e514dade605020de5dc25cb2717798d1d2aa9e6f19d1de543a15c8
1232,0134__I19-E23__01__會員人數與會費收入年度核對表.docx,TTQS_GPT6_ASTRA_FULL_HANDOFF_20260925/TTQS_GPT6_ASTRA_FULL_HANDOFF_20260925/TTQS_DOCUMENT_FOUNDRY_RUN_ASTRA_20260925/00_CONTROL/DOCX_FACTORY/QUALITY_RECOVERY_R01/POST_AUDIT_TARGETED_REPAIR_R01/ARCHIVE/CANONICAL_PRE_REPAIR/0134__I19-E23__01__會員人數與會費收入年度核對表.docx,04_全部文件與歷次版本/TTQS_GPT6_ASTRA_FULL_HANDOFF_20260925/13/1232_0134__I19-E23__01__會員人數與會費收入年度核對表.docx,原樣保留；本次尚未確認完成驗收,41371,39f7bda2fa20ecd360ae1ef3c2e10545f32558db1fb56dc6a9caeec8956cd4c8
1233,0045__I10-E01__01__訓練資源採購與甄選管理辦法.docx,TTQS_GPT6_ASTRA_FULL_HANDOFF_20260925/TTQS_GPT6_ASTRA_FULL_HANDOFF_20260925/TTQS_DOCUMENT_FOUNDRY_RUN_ASTRA_20260925/00_CONTROL/DOCX_FACTORY/QUALITY_RECOVERY_R01/TARGETED_READABILITY_REPAIR_R02_INSTALL_R01/PRESTATE_ARCHIVE/0045__I10-E01__01__訓練資源採購與甄選管理辦法.docx,04_全部文件與歷次版本/TTQS_GPT6_ASTRA_FULL_HANDOFF_20260925/13/1233_0045__I10-E01__01__訓練資源採購與甄選管理辦法.docx,原樣保留；本次尚未確認完成驗收,46128,072069441ae4dd1013bc43c47b6080e29188afc57021a60a2fdfb9daa503ae8d
1234,0134__I19-E23__01__會員人數及會費收入逐年變化分析報告.docx,TTQS_GPT6_ASTRA_FULL_HANDOFF_20260925/TTQS_GPT6_ASTRA_FULL_HANDOFF_20260925/TTQS_DOCUMENT_FOUNDRY_RUN_ASTRA_20260925/00_CONTROL/DOCX_FACTORY/QUALITY_RECOVERY_R01/TARGETED_READABILITY_REPAIR_R02_INSTALL_R01/PRESTATE_ARCHIVE/0134__I19-E23__01__會員人數及會費收入逐年變化分析報告.docx,04_全部文件與歷次版本/TTQS_GPT6_ASTRA_FULL_HANDOFF_20260925/13/1234_0134__I19-E23__01__會員人數及會費收入逐年變化分析報告.docx,原樣保留；本次尚未確認完成驗收,48246,737cf7c80fcf2e30fb56576cbd4efb81ccbb85fd3808a87e9e29375dbfc203ef
1235,0067__I15-E03__01__訓練執行評估指標分析及相關統計分析_分析報告.docx,TTQS_GPT6_ASTRA_FULL_HANDOFF_20260925/TTQS_GPT6_ASTRA_FULL_HANDOFF_20260925/TTQS_DOCUMENT_FOUNDRY_RUN_ASTRA_20260925/00_CONTROL/DOCX_FACTORY/QUALITY_RECOVERY_R01/TARGETED_READABILITY_REPAIR_R02_INSTALL_R01/PRESTATE_ARCHIVE/0067__I15-E03__01__訓練執行評估指標分析及相關統計分析_分析報告.docx,04_全部文件與歷次版本/TTQS_GPT6_ASTRA_FULL_HANDOFF_20260925/13/1235_0067__I15-E03__01__訓練執行評估指標分析及相關統計分析_分析報告.docx,原樣保留；本次尚未確認完成驗收,42531,b9bc63597f2ee236dcfad53aeed0a81066c9414971cec5c61d4af722343e4959
1236,0004__I01-E02__02__目標市場調查執行與樣本紀錄.docx,TTQS_GPT6_ASTRA_FULL_HANDOFF_20260925/TTQS_GPT6_ASTRA_FULL_HANDOFF_20260925/TTQS_DOCUMENT_FOUNDRY_RUN_ASTRA_20260925/00_CONTROL/DOCX_FACTORY/QUALITY_RECOVERY_R01/TARGETED_REPAIR_R03_INSTALL_R01/PRESTATE_ARCHIVE_R03/0004__I01-E02__02__目標市場調查執行與樣本紀錄.docx,04_全部文件與歷次版本/TTQS_GPT6_ASTRA_FULL_HANDOFF_20260925/13/1236_0004__I01-E02__02__目標市場調查執行與樣本紀錄.docx,原樣保留；本次尚未確認完成驗收,50524,3caac854fda52c1f35ee0a27f3860b2b5dee111d9bb58e7e6ad5a535759a1416
1237,0056__I12-E04__01__設備安檢或是場地投保證明_可直接使用成品.docx,TTQS_GPT6_ASTRA_FULL_HANDOFF_20260925/TTQS_GPT6_ASTRA_FULL_HANDOFF_20260925/TTQS_DOCUMENT_FOUNDRY_RUN_ASTRA_20260925/00_CONTROL/DOCX_FACTORY/QUALITY_RECOVERY_R01/TARGETED_REPAIR_R03_INSTALL_R01/PRESTATE_ARCHIVE_R03/0056__I12-E04__01__設備安檢或是場地投保證明_可直接使用成品.docx,04_全部文件與歷次版本/TTQS_GPT6_ASTRA_FULL_HANDOFF_20260925/13/1237_0056__I12-E04__01__設備安檢或是場地投保證明_可直接使用成品.docx,原樣保留；本次尚未確認完成驗收,41756,6655351d4abd6a9f1cfa8e2091da340841770b483fb0e9ff7269128e66088836
1238,0057__I13-E01__01__相關文件紀錄能證實近年來對訓練成果轉移及達成_可直接使用成品.docx,TTQS_GPT6_ASTRA_FULL_HANDOFF_20260925/TTQS_GPT6_ASTRA_FULL_HANDOFF_20260925/TTQS_DOCUMENT_FOUNDRY_RUN_ASTRA_20260925/00_CONTROL/DOCX_FACTORY/QUALITY_RECOVERY_R01/TARGETED_REPAIR_R03_INSTALL_R01/PRESTATE_ARCHIVE_R03/0057__I13-E01__01__相關文件紀錄能證實近年來對訓練成果轉移及達成_可直接使用成品.docx,04_全部文件與歷次版本/TTQS_GPT6_ASTRA_FULL_HANDOFF_20260925/13/1238_0057__I13-E01__01__相關文件紀錄能證實近年來對訓練成果轉移及達成_可直接使用成品.docx,原樣保留；本次尚未確認完成驗收,41836,8a93f6d55f1201c1a95ec4b5b5fc8b76e57e7c080ae65f04ba0dad29f6170f3d
1239,0058__I13-E02__01__具體明確紀錄展現提供受訓人員或客戶，如：課程_可直接使用成品.docx,TTQS_GPT6_ASTRA_FULL_HANDOFF_20260925/TTQS_GPT6_ASTRA_FULL_HANDOFF_20260925/TTQS_DOCUMENT_FOUNDRY_RUN_ASTRA_20260925/00_CONTROL/DOCX_FACTORY/QUALITY_RECOVERY_R01/TARGETED_REPAIR_R03_INSTALL_R01/PRESTATE_ARCHIVE_R03/0058__I13-E02__01__具體明確紀錄展現提供受訓人員或客戶，如：課程_可直接使用成品.docx,04_全部文件與歷次版本/TTQS_GPT6_ASTRA_FULL_HANDOFF_20260925/13/1239_0058__I13-E02__01__具體明確紀錄展現提供受訓人員或客戶，如：課程_可直接使用成品.docx,原樣保留；本次尚未確認完成驗收,41259,7009423217c214448570caff2c913d77252031e2cd804eb82c870201d591fff4
1240,0059__I13-E03__01__業主提供回訓或相關機制、學習心得交流的平台、_完整工作稿.docx,TTQS_GPT6_ASTRA_FULL_HANDOFF_20260925/TTQS_GPT6_ASTRA_FULL_HANDOFF_20260925/TTQS_DOCUMENT_FOUNDRY_RUN_ASTRA_20260925/00_CONTROL/DOCX_FACTORY/QUALITY_RECOVERY_R01/TARGETED_REPAIR_R03_INSTALL_R01/PRESTATE_ARCHIVE_R03/0059__I13-E03__01__業主提供回訓或相關機制、學習心得交流的平台、_完整工作稿.docx,04_全部文件與歷次版本/TTQS_GPT6_ASTRA_FULL_HANDOFF_20260925/13/1240_0059__I13-E03__01__業主提供回訓或相關機制、學習心得交流的平台、_完整工作稿.docx,原樣保留；本次尚未確認完成驗收,41768,2a59119e18d72ed04452f391860ff31e5bba6e18f427f0ed474ac97ab6ce6794
1241,0063__I14-E04__01__是否提供查詢功能，並具持續改善機制_完整工作稿.docx,TTQS_GPT6_ASTRA_FULL_HANDOFF_20260925/TTQS_GPT6_ASTRA_FULL_HANDOFF_20260925/TTQS_DOCUMENT_FOUNDRY_RUN_ASTRA_20260925/00_CONTROL/DOCX_FACTORY/QUALITY_RECOVERY_R01/TARGETED_REPAIR_R03_INSTALL_R01/PRESTATE_ARCHIVE_R03/0063__I14-E04__01__是否提供查詢功能，並具持續改善機制_完整工作稿.docx,04_全部文件與歷次版本/TTQS_GPT6_ASTRA_FULL_HANDOFF_20260925/13/1241_0063__I14-E04__01__是否提供查詢功能，並具持續改善機制_完整工作稿.docx,原樣保留；本次尚未確認完成驗收,42729,854abe513280cac63951ede20d73cd5508cfb5269dd6c1019cf0eb3c708b285e
1242,0065__I15-E01__01__訓後定期性綜合檢討或管理審查制度會議紀錄_可直接使用成品.docx,TTQS_GPT6_ASTRA_FULL_HANDOFF_20260925/TTQS_GPT6_ASTRA_FULL_HANDOFF_20260925/TTQS_DOCUMENT_FOUNDRY_RUN_ASTRA_20260925/00_CONTROL/DOCX_FACTORY/QUALITY_RECOVERY_R01/TARGETED_REPAIR_R03_INSTALL_R01/PRESTATE_ARCHIVE_R03/0065__I15-E01__01__訓後定期性綜合檢討或管理審查制度會議紀錄_可直接使用成品.docx,04_全部文件與歷次版本/TTQS_GPT6_ASTRA_FULL_HANDOFF_20260925/13/1242_0065__I15-E01__01__訓後定期性綜合檢討或管理審查制度會議紀錄_可直接使用成品.docx,原樣保留；本次尚未確認完成驗收,41250,eb9290c0dfe70655b5d9ef483ce95bb9691435da0a21387288ba61fee6a82f71
1243,0068__I15-E04__01__訓後改善建議追蹤報告_分析報告.docx,TTQS_GPT6_ASTRA_FULL_HANDOFF_20260925/TTQS_GPT6_ASTRA_FULL_HANDOFF_20260925/TTQS_DOCUMENT_FOUNDRY_RUN_ASTRA_20260925/00_CONTROL/DOCX_FACTORY/QUALITY_RECOVERY_R01/TARGETED_REPAIR_R03_INSTALL_R01/PRESTATE_ARCHIVE_R03/0068__I15-E04__01__訓後改善建議追蹤報告_分析報告.docx,04_全部文件與歷次版本/TTQS_GPT6_ASTRA_FULL_HANDOFF_20260925/13/1243_0068__I15-E04__01__訓後改善建議追蹤報告_分析報告.docx,原樣保留；本次尚未確認完成驗收,42683,b9fddab312b095bc89738a5cdb6851075facee6bd03514a2e302be8cca605af3
1244,0075_R02_CANDIDATE_NOT_INSTALLED.docx,TTQS_GPT6_ASTRA_FULL_HANDOFF_20260925/TTQS_GPT6_ASTRA_FULL_HANDOFF_20260925/TTQS_DOCUMENT_FOUNDRY_RUN_ASTRA_20260925/00_CONTROL/DOCX_FACTORY/QUALITY_RECOVERY_R01/TARGETED_READABILITY_0075_0080_R01/01_CANDIDATES/0075_R02_CANDIDATE_NOT_INSTALLED.docx,04_全部文件與歷次版本/TTQS_GPT6_ASTRA_FULL_HANDOFF_20260925/13/1244_0075_R02_CANDIDATE_NOT_INSTALLED.docx,原樣保留；本次尚未確認完成驗收,40928,46ac71aa174498b89e81b52edf49afa2296bc9d04dfe56fc81880c806d4aee38
1245,0080_R02_CANDIDATE_NOT_INSTALLED.docx,TTQS_GPT6_ASTRA_FULL_HANDOFF_20260925/TTQS_GPT6_ASTRA_FULL_HANDOFF_20260925/TTQS_DOCUMENT_FOUNDRY_RUN_ASTRA_20260925/00_CONTROL/DOCX_FACTORY/QUALITY_RECOVERY_R01/TARGETED_READABILITY_0075_0080_R01/01_CANDIDATES/0080_R02_CANDIDATE_NOT_INSTALLED.docx,04_全部文件與歷次版本/TTQS_GPT6_ASTRA_FULL_HANDOFF_20260925/13/1245_0080_R02_CANDIDATE_NOT_INSTALLED.docx,原樣保留；本次尚未確認完成驗收,41239,ce8057d9ea54071005006eac1d485da00d90897a34ade06a03e8018272872310
1246,0001__I01-E01__01__中長程業務發展策略地圖.docx,TTQS_GPT6_ASTRA_FULL_HANDOFF_20260925/TTQS_GPT6_ASTRA_FULL_HANDOFF_20260925/TTQS_DOCUMENT_FOUNDRY_RUN_ASTRA_20260925/10_STAGING_BUILDER_ONLY/0001/0001__I01-E01__01__中長程業務發展策略地圖.docx,04_全部文件與歷次版本/TTQS_GPT6_ASTRA_FULL_HANDOFF_20260925/13/1246_0001__I01-E01__01__中長程業務發展策略地圖.docx,原樣保留；本次尚未確認完成驗收,41535,094178a54e0c18b4331adfd9e969f04ff39dd6b5bbb6d01d74ec75672a671da5
1247,0001__I01-E01__01__中長程業務發展策略地圖.docx,TTQS_GPT6_ASTRA_FULL_HANDOFF_20260925/TTQS_GPT6_ASTRA_FULL_HANDOFF_20260925/TTQS_DOCUMENT_FOUNDRY_RUN_ASTRA_20260925/10_STAGING_BUILDER_ONLY/0001/R2/0001__I01-E01__01__中長程業務發展策略地圖.docx,04_全部文件與歷次版本/TTQS_GPT6_ASTRA_FULL_HANDOFF_20260925/13/1247_0001__I01-E01__01__中長程業務發展策略地圖.docx,原樣保留；本次尚未確認完成驗收,41796,4b620f98cb0b0c912d51ee70fe7f19bac1e3ca0343db264f2766712e30bb2208
1248,0001__I01-E01__01__中長程業務發展策略地圖.docx,TTQS_GPT6_ASTRA_FULL_HANDOFF_20260925/TTQS_GPT6_ASTRA_FULL_HANDOFF_20260925/TTQS_DOCUMENT_FOUNDRY_RUN_ASTRA_20260925/10_STAGING_BUILDER_ONLY/0001/R4/0001__I01-E01__01__中長程業務發展策略地圖.docx,04_全部文件與歷次版本/TTQS_GPT6_ASTRA_FULL_HANDOFF_20260925/13/1248_0001__I01-E01__01__中長程業務發展策略地圖.docx,原樣保留；本次尚未確認完成驗收,45859,a75c70ddca41ead08f6aa35f0b9840a497b2ac4ff8dc1f6423710db64eae796e
1249,0002__I01-E01__02__策略因果鏈與三年KPI對照表.docx,TTQS_GPT6_ASTRA_FULL_HANDOFF_20260925/TTQS_GPT6_ASTRA_FULL_HANDOFF_20260925/TTQS_DOCUMENT_FOUNDRY_RUN_ASTRA_20260925/10_STAGING_BUILDER_ONLY/0002/0002__I01-E01__02__策略因果鏈與三年KPI對照表.docx,04_全部文件與歷次版本/TTQS_GPT6_ASTRA_FULL_HANDOFF_20260925/13/1249_0002__I01-E01__02__策略因果鏈與三年KPI對照表.docx,原樣保留；本次尚未確認完成驗收,41057,b6a90714cb1d64296a7c70a6ce26091c29642a152e33de5fc835ace349b7fad3
1250,0002__I01-E01__02__策略因果鏈與三年KPI對照表.docx,TTQS_GPT6_ASTRA_FULL_HANDOFF_20260925/TTQS_GPT6_ASTRA_FULL_HANDOFF_20260925/TTQS_DOCUMENT_FOUNDRY_RUN_ASTRA_20260925/10_STAGING_BUILDER_ONLY/0002/R2/0002__I01-E01__02__策略因果鏈與三年KPI對照表.docx,04_全部文件與歷次版本/TTQS_GPT6_ASTRA_FULL_HANDOFF_20260925/13/1250_0002__I01-E01__02__策略因果鏈與三年KPI對照表.docx,原樣保留；本次尚未確認完成驗收,41398,3756a25ba0c4ba051a247e230e410f824df6dfaacf64a00aab9da870281e98b6
1251,0002__I01-E01__02__策略因果鏈與三年KPI對照表.docx,TTQS_GPT6_ASTRA_FULL_HANDOFF_20260925/TTQS_GPT6_ASTRA_FULL_HANDOFF_20260925/TTQS_DOCUMENT_FOUNDRY_RUN_ASTRA_20260925/10_STAGING_BUILDER_ONLY/0002/R4/0002__I01-E01__02__策略因果鏈與三年KPI對照表.docx,04_全部文件與歷次版本/TTQS_GPT6_ASTRA_FULL_HANDOFF_20260925/13/1251_0002__I01-E01__02__策略因果鏈與三年KPI對照表.docx,原樣保留；本次尚未確認完成驗收,46886,03b1918da66a88cc757634bc9593702b07176f42058ad188faf0e702b3cb50a3
1252,0003__I01-E02__01__目標市場需求調查問卷.docx,TTQS_GPT6_ASTRA_FULL_HANDOFF_20260925/TTQS_GPT6_ASTRA_FULL_HANDOFF_20260925/TTQS_DOCUMENT_FOUNDRY_RUN_ASTRA_20260925/10_STAGING_BUILDER_ONLY/0003/0003__I01-E02__01__目標市場需求調查問卷.docx,04_全部文件與歷次版本/TTQS_GPT6_ASTRA_FULL_HANDOFF_20260925/13/1252_0003__I01-E02__01__目標市場需求調查問卷.docx,原樣保留；本次尚未確認完成驗收,41143,766e0322dbc831c768f36417e31764d9f9ee359d3f7b41916edd162e0aad0f2d
1253,0003__I01-E02__01__目標市場需求調查問卷.docx,TTQS_GPT6_ASTRA_FULL_HANDOFF_20260925/TTQS_GPT6_ASTRA_FULL_HANDOFF_20260925/TTQS_DOCUMENT_FOUNDRY_RUN_ASTRA_20260925/10_STAGING_BUILDER_ONLY/0003/R2/0003__I01-E02__01__目標市場需求調查問卷.docx,04_全部文件與歷次版本/TTQS_GPT6_ASTRA_FULL_HANDOFF_20260925/13/1253_0003__I01-E02__01__目標市場需求調查問卷.docx,原樣保留；本次尚未確認完成驗收,41742,15075dfed264ecbeeaaa62f58bff0805f3ab5730633bd83b9582514577503b51
1254,0004__I01-E02__02__目標市場調查執行與樣本紀錄.docx,TTQS_GPT6_ASTRA_FULL_HANDOFF_20260925/TTQS_GPT6_ASTRA_FULL_HANDOFF_20260925/TTQS_DOCUMENT_FOUNDRY_RUN_ASTRA_20260925/10_STAGING_BUILDER_ONLY/0004/0004__I01-E02__02__目標市場調查執行與樣本紀錄.docx,04_全部文件與歷次版本/TTQS_GPT6_ASTRA_FULL_HANDOFF_20260925/13/1254_0004__I01-E02__02__目標市場調查執行與樣本紀錄.docx,原樣保留；本次尚未確認完成驗收,41069,c593616e0d76d373a88f9c268309ec418f21f7e537c65db524b0742a39957d33
1255,0004__I01-E02__02__目標市場調查執行與樣本紀錄.docx,TTQS_GPT6_ASTRA_FULL_HANDOFF_20260925/TTQS_GPT6_ASTRA_FULL_HANDOFF_20260925/TTQS_DOCUMENT_FOUNDRY_RUN_ASTRA_20260925/10_STAGING_BUILDER_ONLY/0004/R2/0004__I01-E02__02__目標市場調查執行與樣本紀錄.docx,04_全部文件與歷次版本/TTQS_GPT6_ASTRA_FULL_HANDOFF_20260925/13/1255_0004__I01-E02__02__目標市場調查執行與樣本紀錄.docx,原樣保留；本次尚未確認完成驗收,41729,6b0ee2e6fb16ed93389814ae244bc1207ca5b904bdd2f98b58d45e11fd3bfcaf
1256,0005__I01-E02__03__目標市場需求分析報告.docx,TTQS_GPT6_ASTRA_FULL_HANDOFF_20260925/TTQS_GPT6_ASTRA_FULL_HANDOFF_20260925/TTQS_DOCUMENT_FOUNDRY_RUN_ASTRA_20260925/10_STAGING_BUILDER_ONLY/0005/0005__I01-E02__03__目標市場需求分析報告.docx,04_全部文件與歷次版本/TTQS_GPT6_ASTRA_FULL_HANDOFF_20260925/13/1256_0005__I01-E02__03__目標市場需求分析報告.docx,原樣保留；本次尚未確認完成驗收,40853,74b07e0214b65a9b0eaf2db34b494cfa187d27b2fb13593f258c8338cc979180
1257,0005__I01-E02__03__目標市場需求分析報告.docx,TTQS_GPT6_ASTRA_FULL_HANDOFF_20260925/TTQS_GPT6_ASTRA_FULL_HANDOFF_20260925/TTQS_DOCUMENT_FOUNDRY_RUN_ASTRA_20260925/10_STAGING_BUILDER_ONLY/0005/R2/0005__I01-E02__03__目標市場需求分析報告.docx,04_全部文件與歷次版本/TTQS_GPT6_ASTRA_FULL_HANDOFF_20260925/13/1257_0005__I01-E02__03__目標市場需求分析報告.docx,原樣保留；本次尚未確認完成驗收,41494,f130c9f0b0510b2fe147482754dbad61243f567df9e4f7707862d93133913b70
1258,0025__I04-E04__01__訓練評估與實施標準化作業程序SOP.docx,TTQS_GPT6_ASTRA_FULL_HANDOFF_20260925/TTQS_GPT6_ASTRA_FULL_HANDOFF_20260925/TTQS_DOCUMENT_FOUNDRY_RUN_ASTRA_20260925/10_STAGING_BUILDER_ONLY/0025/0025__I04-E04__01__訓練評估與實施標準化作業程序SOP.docx,04_全部文件與歷次版本/TTQS_GPT6_ASTRA_FULL_HANDOFF_20260925/13/1258_0025__I04-E04__01__訓練評估與實施標準化作業程序SOP.docx,原樣保留；本次尚未確認完成驗收,41639,7d51a51bdd01e6bf1ae86e488bd9bd9d0466511270201580d7facda5d1205079
1259,0025__I04-E04__01__訓練評估與實施標準化作業程序SOP.docx,TTQS_GPT6_ASTRA_FULL_HANDOFF_20260925/TTQS_GPT6_ASTRA_FULL_HANDOFF_20260925/TTQS_DOCUMENT_FOUNDRY_RUN_ASTRA_20260925/10_STAGING_BUILDER_ONLY/0025/R2/0025__I04-E04__01__訓練評估與實施標準化作業程序SOP.docx,04_全部文件與歷次版本/TTQS_GPT6_ASTRA_FULL_HANDOFF_20260925/13/1259_0025__I04-E04__01__訓練評估與實施標準化作業程序SOP.docx,原樣保留；本次尚未確認完成驗收,41915,ba9c8aa7313615c18b31815aa0813dcf1dca1bc39771043f634300333f52849d
1260,0025__I04-E04__01__訓練評估與實施標準化作業程序SOP.docx,TTQS_GPT6_ASTRA_FULL_HANDOFF_20260925/TTQS_GPT6_ASTRA_FULL_HANDOFF_20260925/TTQS_DOCUMENT_FOUNDRY_RUN_ASTRA_20260925/10_STAGING_BUILDER_ONLY/0025/R4/0025__I04-E04__01__訓練評估與實施標準化作業程序SOP.docx,04_全部文件與歷次版本/TTQS_GPT6_ASTRA_FULL_HANDOFF_20260925/13/1260_0025__I04-E04__01__訓練評估與實施標準化作業程序SOP.docx,原樣保留；本次尚未確認完成驗收,190027,5fde5d83dc94126966eb4324e34841485a26144e9466dd1d3a6fbad0d40334a9
1261,0036__I07-E04__01__課程設計進度流程及規劃書.docx,TTQS_GPT6_ASTRA_FULL_HANDOFF_20260925/TTQS_GPT6_ASTRA_FULL_HANDOFF_20260925/TTQS_DOCUMENT_FOUNDRY_RUN_ASTRA_20260925/10_STAGING_BUILDER_ONLY/0036/0036__I07-E04__01__課程設計進度流程及規劃書.docx,04_全部文件與歷次版本/TTQS_GPT6_ASTRA_FULL_HANDOFF_20260925/13/1261_0036__I07-E04__01__課程設計進度流程及規劃書.docx,原樣保留；本次尚未確認完成驗收,41628,fb59a37c2c87a22eeee5615b363c41156f7ad0fc8686030e27aed4ff4df8ac5b
1262,0036__I07-E04__01__課程設計進度流程及規劃書.docx,TTQS_GPT6_ASTRA_FULL_HANDOFF_20260925/TTQS_GPT6_ASTRA_FULL_HANDOFF_20260925/TTQS_DOCUMENT_FOUNDRY_RUN_ASTRA_20260925/10_STAGING_BUILDER_ONLY/0036/R2/0036__I07-E04__01__課程設計進度流程及規劃書.docx,04_全部文件與歷次版本/TTQS_GPT6_ASTRA_FULL_HANDOFF_20260925/13/1262_0036__I07-E04__01__課程設計進度流程及規劃書.docx,原樣保留；本次尚未確認完成驗收,42338,9acd260614cef9b3e80b69f62de232ea5081ccbf6f5eed755bae69b37d333412
1263,0039__I08-E03__01__課程規劃與設計審查會議紀錄.docx,TTQS_GPT6_ASTRA_FULL_HANDOFF_20260925/TTQS_GPT6_ASTRA_FULL_HANDOFF_20260925/TTQS_DOCUMENT_FOUNDRY_RUN_ASTRA_20260925/10_STAGING_BUILDER_ONLY/0039/0039__I08-E03__01__課程規劃與設計審查會議紀錄.docx,04_全部文件與歷次版本/TTQS_GPT6_ASTRA_FULL_HANDOFF_20260925/13/1263_0039__I08-E03__01__課程規劃與設計審查會議紀錄.docx,原樣保留；本次尚未確認完成驗收,41233,4443966f7e6aa0f1f7a3814f99c8113097e935f1ce6bb3044230d08a393a13bc
1264,0039__I08-E03__01__課程規劃與設計審查會議紀錄.docx,TTQS_GPT6_ASTRA_FULL_HANDOFF_20260925/TTQS_GPT6_ASTRA_FULL_HANDOFF_20260925/TTQS_DOCUMENT_FOUNDRY_RUN_ASTRA_20260925/10_STAGING_BUILDER_ONLY/0039/R2/0039__I08-E03__01__課程規劃與設計審查會議紀錄.docx,04_全部文件與歷次版本/TTQS_GPT6_ASTRA_FULL_HANDOFF_20260925/13/1264_0039__I08-E03__01__課程規劃與設計審查會議紀錄.docx,原樣保留；本次尚未確認完成驗收,42000,70d7470896d76dbd6117ebdb909a4720cada0dcb3ec7412eb63075d8abe21f01
1265,0040__I08-E03__02__訓練評估方法與成效指標對照表.docx,TTQS_GPT6_ASTRA_FULL_HANDOFF_20260925/TTQS_GPT6_ASTRA_FULL_HANDOFF_20260925/TTQS_DOCUMENT_FOUNDRY_RUN_ASTRA_20260925/10_STAGING_BUILDER_ONLY/0040/0040__I08-E03__02__訓練評估方法與成效指標對照表.docx,04_全部文件與歷次版本/TTQS_GPT6_ASTRA_FULL_HANDOFF_20260925/13/1265_0040__I08-E03__02__訓練評估方法與成效指標對照表.docx,原樣保留；本次尚未確認完成驗收,41315,69f15586880cc9918a788c8bb20861ca7b51db9505b490250811aea0e2ed0dbb
1266,0040__I08-E03__02__訓練評估方法與成效指標對照表.docx,TTQS_GPT6_ASTRA_FULL_HANDOFF_20260925/TTQS_GPT6_ASTRA_FULL_HANDOFF_20260925/TTQS_DOCUMENT_FOUNDRY_RUN_ASTRA_20260925/10_STAGING_BUILDER_ONLY/0040/R2/0040__I08-E03__02__訓練評估方法與成效指標對照表.docx,04_全部文件與歷次版本/TTQS_GPT6_ASTRA_FULL_HANDOFF_20260925/13/1266_0040__I08-E03__02__訓練評估方法與成效指標對照表.docx,原樣保留；本次尚未確認完成驗收,42060,6d4436b0221c73dd796052a6f5e15758a94947fb2dd5af8106d6720355dfdd32
1267,0045__I10-E01__01__訓練資源採購與甄選管理辦法.docx,TTQS_GPT6_ASTRA_FULL_HANDOFF_20260925/TTQS_GPT6_ASTRA_FULL_HANDOFF_20260925/TTQS_DOCUMENT_FOUNDRY_RUN_ASTRA_20260925/10_STAGING_BUILDER_ONLY/0045/0045__I10-E01__01__訓練資源採購與甄選管理辦法.docx,04_全部文件與歷次版本/TTQS_GPT6_ASTRA_FULL_HANDOFF_20260925/13/1267_0045__I10-E01__01__訓練資源採購與甄選管理辦法.docx,原樣保留；本次尚未確認完成驗收,41157,264cb2c14d710782acc3594d5db0994caebb40f1f5fd25bf8cfd293567219327
1268,0045__I10-E01__01__訓練資源採購與甄選管理辦法.docx,TTQS_GPT6_ASTRA_FULL_HANDOFF_20260925/TTQS_GPT6_ASTRA_FULL_HANDOFF_20260925/TTQS_DOCUMENT_FOUNDRY_RUN_ASTRA_20260925/10_STAGING_BUILDER_ONLY/0045/R2/0045__I10-E01__01__訓練資源採購與甄選管理辦法.docx,04_全部文件與歷次版本/TTQS_GPT6_ASTRA_FULL_HANDOFF_20260925/13/1268_0045__I10-E01__01__訓練資源採購與甄選管理辦法.docx,原樣保留；本次尚未確認完成驗收,41314,a6db1e8dc8a1044140838c45ddb6c743aac79fcbe696e85a2ac8a6d97dd9b66c
1269,0046__I10-E01__02__師資教材廠商評選紀錄表.docx,TTQS_GPT6_ASTRA_FULL_HANDOFF_20260925/TTQS_GPT6_ASTRA_FULL_HANDOFF_20260925/TTQS_DOCUMENT_FOUNDRY_RUN_ASTRA_20260925/10_STAGING_BUILDER_ONLY/0046/0046__I10-E01__02__師資教材廠商評選紀錄表.docx,04_全部文件與歷次版本/TTQS_GPT6_ASTRA_FULL_HANDOFF_20260925/13/1269_0046__I10-E01__02__師資教材廠商評選紀錄表.docx,原樣保留；本次尚未確認完成驗收,41234,4667bfd5c132ce082e2c05c0f541ab47ec8261c3617e22bcdfe438e9e45d3901
1270,0046__I10-E01__02__師資教材廠商評選紀錄表.docx,TTQS_GPT6_ASTRA_FULL_HANDOFF_20260925/TTQS_GPT6_ASTRA_FULL_HANDOFF_20260925/TTQS_DOCUMENT_FOUNDRY_RUN_ASTRA_20260925/10_STAGING_BUILDER_ONLY/0046/R2/0046__I10-E01__02__師資教材廠商評選紀錄表.docx,04_全部文件與歷次版本/TTQS_GPT6_ASTRA_FULL_HANDOFF_20260925/13/1270_0046__I10-E01__02__師資教材廠商評選紀錄表.docx,原樣保留；本次尚未確認完成驗收,41365,4bab2042278acfa700f52bbf19096749d3c2a9cd4f44a8af60c16296afed3bbb
1271,0066__I15-E02__01__訓練班級完整結案報告.docx,TTQS_GPT6_ASTRA_FULL_HANDOFF_20260925/TTQS_GPT6_ASTRA_FULL_HANDOFF_20260925/TTQS_DOCUMENT_FOUNDRY_RUN_ASTRA_20260925/10_STAGING_BUILDER_ONLY/0066/0066__I15-E02__01__訓練班級完整結案報告.docx,04_全部文件與歷次版本/TTQS_GPT6_ASTRA_FULL_HANDOFF_20260925/13/1271_0066__I15-E02__01__訓練班級完整結案報告.docx,原樣保留；本次尚未確認完成驗收,42020,c9a9d5b37341ab3dbf203a7fa2639757c65da338764af54f679ab08c6c69c9e0
1272,0066__I15-E02__01__訓練班級完整結案報告.docx,TTQS_GPT6_ASTRA_FULL_HANDOFF_20260925/TTQS_GPT6_ASTRA_FULL_HANDOFF_20260925/TTQS_DOCUMENT_FOUNDRY_RUN_ASTRA_20260925/10_STAGING_BUILDER_ONLY/0066/R2/0066__I15-E02__01__訓練班級完整結案報告.docx,04_全部文件與歷次版本/TTQS_GPT6_ASTRA_FULL_HANDOFF_20260925/13/1272_0066__I15-E02__01__訓練班級完整結案報告.docx,原樣保留；本次尚未確認完成驗收,42728,86ef21e9b4506a0cf5067d617a7a78d51483991a07f5a36f65c2d1822bae3e41
1273,0066__I15-E02__01__訓練班級完整結案報告__R4.docx,TTQS_GPT6_ASTRA_FULL_HANDOFF_20260925/TTQS_GPT6_ASTRA_FULL_HANDOFF_20260925/TTQS_DOCUMENT_FOUNDRY_RUN_ASTRA_20260925/10_STAGING_BUILDER_ONLY/0066/R4/0066__I15-E02__01__訓練班級完整結案報告__R4.docx,04_全部文件與歷次版本/TTQS_GPT6_ASTRA_FULL_HANDOFF_20260925/13/1273_0066__I15-E02__01__訓練班級完整結案報告__R4.docx,原樣保留；本次尚未確認完成驗收,104673,25ab73f2d0bc28db2b43f4aeb2f5a10da365b673abc2226700446736bf732355
1274,0070__I16-E02__01__訓練異常處理程序與工具.docx,TTQS_GPT6_ASTRA_FULL_HANDOFF_20260925/TTQS_GPT6_ASTRA_FULL_HANDOFF_20260925/TTQS_DOCUMENT_FOUNDRY_RUN_ASTRA_20260925/10_STAGING_BUILDER_ONLY/0070/0070__I16-E02__01__訓練異常處理程序與工具.docx,04_全部文件與歷次版本/TTQS_GPT6_ASTRA_FULL_HANDOFF_20260925/13/1274_0070__I16-E02__01__訓練異常處理程序與工具.docx,原樣保留；本次尚未確認完成驗收,41000,020373925a916668dc537d6487374d96a309cffb3c5d247cd1dc478034d75ff0
1275,0070__I16-E02__01__訓練異常處理程序與工具.docx,TTQS_GPT6_ASTRA_FULL_HANDOFF_20260925/TTQS_GPT6_ASTRA_FULL_HANDOFF_20260925/TTQS_DOCUMENT_FOUNDRY_RUN_ASTRA_20260925/10_STAGING_BUILDER_ONLY/0070/R2/0070__I16-E02__01__訓練異常處理程序與工具.docx,04_全部文件與歷次版本/TTQS_GPT6_ASTRA_FULL_HANDOFF_20260925/13/1275_0070__I16-E02__01__訓練異常處理程序與工具.docx,原樣保留；本次尚未確認完成驗收,41225,80324913731eb38ab2c1783884a7a8a9fdf4f80ba189bace53712cb762dc6fc1
1276,0071__I16-E02__02__異常通報暨CAPA矯正預防紀錄.docx,TTQS_GPT6_ASTRA_FULL_HANDOFF_20260925/TTQS_GPT6_ASTRA_FULL_HANDOFF_20260925/TTQS_DOCUMENT_FOUNDRY_RUN_ASTRA_20260925/10_STAGING_BUILDER_ONLY/0071/0071__I16-E02__02__異常通報暨CAPA矯正預防紀錄.docx,04_全部文件與歷次版本/TTQS_GPT6_ASTRA_FULL_HANDOFF_20260925/13/1276_0071__I16-E02__02__異常通報暨CAPA矯正預防紀錄.docx,原樣保留；本次尚未確認完成驗收,41016,953aeaf5d730d201bf80c96183b8f08d911bdff54c3ca54b5596d262c66b32c6
1277,0071__I16-E02__02__異常通報暨CAPA矯正預防紀錄.docx,TTQS_GPT6_ASTRA_FULL_HANDOFF_20260925/TTQS_GPT6_ASTRA_FULL_HANDOFF_20260925/TTQS_DOCUMENT_FOUNDRY_RUN_ASTRA_20260925/10_STAGING_BUILDER_ONLY/0071/R2/0071__I16-E02__02__異常通報暨CAPA矯正預防紀錄.docx,04_全部文件與歷次版本/TTQS_GPT6_ASTRA_FULL_HANDOFF_20260925/13/1277_0071__I16-E02__02__異常通報暨CAPA矯正預防紀錄.docx,原樣保留；本次尚未確認完成驗收,41224,4f79556e914057213d3b95c989d12962de9cf9b973c3a79dbc3dcb1175740dad
1278,0076__I17B-E01__01__指標17b_考試暨實作評量紀錄.docx,TTQS_GPT6_ASTRA_FULL_HANDOFF_20260925/TTQS_GPT6_ASTRA_FULL_HANDOFF_20260925/TTQS_DOCUMENT_FOUNDRY_RUN_ASTRA_20260925/10_STAGING_BUILDER_ONLY/0076/0076__I17B-E01__01__指標17b_考試暨實作評量紀錄.docx,04_全部文件與歷次版本/TTQS_GPT6_ASTRA_FULL_HANDOFF_20260925/13/1278_0076__I17B-E01__01__指標17b_考試暨實作評量紀錄.docx,原樣保留；本次尚未確認完成驗收,41133,30b663c7697ae3add972d50b91f4cc227a933b5226fcbd805b2383e335a6cb1f
1279,0076__I17B-E01__01__指標17b_考試暨實作評量紀錄.docx,TTQS_GPT6_ASTRA_FULL_HANDOFF_20260925/TTQS_GPT6_ASTRA_FULL_HANDOFF_20260925/TTQS_DOCUMENT_FOUNDRY_RUN_ASTRA_20260925/10_STAGING_BUILDER_ONLY/0076/R2/0076__I17B-E01__01__指標17b_考試暨實作評量紀錄.docx,04_全部文件與歷次版本/TTQS_GPT6_ASTRA_FULL_HANDOFF_20260925/13/1279_0076__I17B-E01__01__指標17b_考試暨實作評量紀錄.docx,原樣保留；本次尚未確認完成驗收,41625,c6539759db74909eda7eff286ea10b9841d684b180b2d29bbad8a4fc94cb0545
1280,0077__I17B-E01__02__指標17b_學員學習心得報告.docx,TTQS_GPT6_ASTRA_FULL_HANDOFF_20260925/TTQS_GPT6_ASTRA_FULL_HANDOFF_20260925/TTQS_DOCUMENT_FOUNDRY_RUN_ASTRA_20260925/10_STAGING_BUILDER_ONLY/0077/0077__I17B-E01__02__指標17b_學員學習心得報告.docx,04_全部文件與歷次版本/TTQS_GPT6_ASTRA_FULL_HANDOFF_20260925/13/1280_0077__I17B-E01__02__指標17b_學員學習心得報告.docx,原樣保留；本次尚未確認完成驗收,40901,ea56007ffd7af32d9865827859d214998210c81da78fa728918f85262e4a3dfa
1281,0077__I17B-E01__02__指標17b_學員學習心得報告.docx,TTQS_GPT6_ASTRA_FULL_HANDOFF_20260925/TTQS_GPT6_ASTRA_FULL_HANDOFF_20260925/TTQS_DOCUMENT_FOUNDRY_RUN_ASTRA_20260925/10_STAGING_BUILDER_ONLY/0077/R2/0077__I17B-E01__02__指標17b_學員學習心得報告.docx,04_全部文件與歷次版本/TTQS_GPT6_ASTRA_FULL_HANDOFF_20260925/13/1281_0077__I17B-E01__02__指標17b_學員學習心得報告.docx,原樣保留；本次尚未確認完成驗收,41395,72e361505663e4d50ed0346ae81f450e1dd6c5cf6d1474e8b0d9794a04daf8f6
1282,0078__I17B-E01__03__指標17b_課程照片暨活動紀錄表.docx,TTQS_GPT6_ASTRA_FULL_HANDOFF_20260925/TTQS_GPT6_ASTRA_FULL_HANDOFF_20260925/TTQS_DOCUMENT_FOUNDRY_RUN_ASTRA_20260925/10_STAGING_BUILDER_ONLY/0078/0078__I17B-E01__03__指標17b_課程照片暨活動紀錄表.docx,04_全部文件與歷次版本/TTQS_GPT6_ASTRA_FULL_HANDOFF_20260925/13/1282_0078__I17B-E01__03__指標17b_課程照片暨活動紀錄表.docx,原樣保留；本次尚未確認完成驗收,41037,6588621f86ad83f9ff243b5167a303b04cdc45becbd87b166f2b8fe312175e72
1283,0078__I17B-E01__03__指標17b_課程照片暨活動紀錄表.docx,TTQS_GPT6_ASTRA_FULL_HANDOFF_20260925/TTQS_GPT6_ASTRA_FULL_HANDOFF_20260925/TTQS_DOCUMENT_FOUNDRY_RUN_ASTRA_20260925/10_STAGING_BUILDER_ONLY/0078/R2/0078__I17B-E01__03__指標17b_課程照片暨活動紀錄表.docx,04_全部文件與歷次版本/TTQS_GPT6_ASTRA_FULL_HANDOFF_20260925/13/1283_0078__I17B-E01__03__指標17b_課程照片暨活動紀錄表.docx,原樣保留；本次尚未確認完成驗收,41513,ac3754faec84dcc73e1bc3c5a9485db6791ad22e20f8abff30e6260295f4785f
1284,0079__I17B-E01__04__指標17b_訓後學員職涯規劃建議表.docx,TTQS_GPT6_ASTRA_FULL_HANDOFF_20260925/TTQS_GPT6_ASTRA_FULL_HANDOFF_20260925/TTQS_DOCUMENT_FOUNDRY_RUN_ASTRA_20260925/10_STAGING_BUILDER_ONLY/0079/0079__I17B-E01__04__指標17b_訓後學員職涯規劃建議表.docx,04_全部文件與歷次版本/TTQS_GPT6_ASTRA_FULL_HANDOFF_20260925/13/1284_0079__I17B-E01__04__指標17b_訓後學員職涯規劃建議表.docx,原樣保留；本次尚未確認完成驗收,40927,dad4c2a2c3f2655e39b6f71890ca491bac54d0af4f2c39184c51e90f0fa57c62
1285,0079__I17B-E01__04__指標17b_訓後學員職涯規劃建議表.docx,TTQS_GPT6_ASTRA_FULL_HANDOFF_20260925/TTQS_GPT6_ASTRA_FULL_HANDOFF_20260925/TTQS_DOCUMENT_FOUNDRY_RUN_ASTRA_20260925/10_STAGING_BUILDER_ONLY/0079/R2/0079__I17B-E01__04__指標17b_訓後學員職涯規劃建議表.docx,04_全部文件與歷次版本/TTQS_GPT6_ASTRA_FULL_HANDOFF_20260925/13/1285_0079__I17B-E01__04__指標17b_訓後學員職涯規劃建議表.docx,原樣保留；本次尚未確認完成驗收,41413,6d12f1607ab77b4cbc9933b2e549783f8ac604f6e55f7553d0a3e1c42836964e
1286,0087__I17D-E01__01__訓後成果追蹤調查表.docx,TTQS_GPT6_ASTRA_FULL_HANDOFF_20260925/TTQS_GPT6_ASTRA_FULL_HANDOFF_20260925/TTQS_DOCUMENT_FOUNDRY_RUN_ASTRA_20260925/10_STAGING_BUILDER_ONLY/0087/0087__I17D-E01__01__訓後成果追蹤調查表.docx,04_全部文件與歷次版本/TTQS_GPT6_ASTRA_FULL_HANDOFF_20260925/13/1286_0087__I17D-E01__01__訓後成果追蹤調查表.docx,原樣保留；本次尚未確認完成驗收,41122,736c103c97be1f86e7fdd5a4fc9fbdf408be8134a3948f37bffbd45eee34f66a
1287,0087__I17D-E01__01__訓後成果追蹤調查表.docx,TTQS_GPT6_ASTRA_FULL_HANDOFF_20260925/TTQS_GPT6_ASTRA_FULL_HANDOFF_20260925/TTQS_DOCUMENT_FOUNDRY_RUN_ASTRA_20260925/10_STAGING_BUILDER_ONLY/0087/R2/0087__I17D-E01__01__訓後成果追蹤調查表.docx,04_全部文件與歷次版本/TTQS_GPT6_ASTRA_FULL_HANDOFF_20260925/13/1287_0087__I17D-E01__01__訓後成果追蹤調查表.docx,原樣保留；本次尚未確認完成驗收,41599,07d6effa4a3872ec8f5ecee453115dd7b2b5b36c5eb71beb6064e60f92e952bc
1288,0092__I17D-E06__01__第三方感謝函索取稿與證據驗證登錄表.docx,TTQS_GPT6_ASTRA_FULL_HANDOFF_20260925/TTQS_GPT6_ASTRA_FULL_HANDOFF_20260925/TTQS_DOCUMENT_FOUNDRY_RUN_ASTRA_20260925/10_STAGING_BUILDER_ONLY/0092/0092__I17D-E06__01__第三方感謝函索取稿與證據驗證登錄表.docx,04_全部文件與歷次版本/TTQS_GPT6_ASTRA_FULL_HANDOFF_20260925/13/1288_0092__I17D-E06__01__第三方感謝函索取稿與證據驗證登錄表.docx,原樣保留；本次尚未確認完成驗收,40925,d871789cbcac25f6acadfc4c2a5920035ee6714e69a2983e686f7a49574dba37
1289,0092__I17D-E06__01__第三方感謝函索取稿與證據驗證登錄表.docx,TTQS_GPT6_ASTRA_FULL_HANDOFF_20260925/TTQS_GPT6_ASTRA_FULL_HANDOFF_20260925/TTQS_DOCUMENT_FOUNDRY_RUN_ASTRA_20260925/10_STAGING_BUILDER_ONLY/0092/R2/0092__I17D-E06__01__第三方感謝函索取稿與證據驗證登錄表.docx,04_全部文件與歷次版本/TTQS_GPT6_ASTRA_FULL_HANDOFF_20260925/13/1289_0092__I17D-E06__01__第三方感謝函索取稿與證據驗證登錄表.docx,原樣保留；本次尚未確認完成驗收,41055,361cbf30ce27291c15dd9786e023c0b7cf4b6b90b51032461e27daa490399000
1290,0100__I18-E08__01__學員培訓前後自我評量表.docx,TTQS_GPT6_ASTRA_FULL_HANDOFF_20260925/TTQS_GPT6_ASTRA_FULL_HANDOFF_20260925/TTQS_DOCUMENT_FOUNDRY_RUN_ASTRA_20260925/10_STAGING_BUILDER_ONLY/0100/0100__I18-E08__01__學員培訓前後自我評量表.docx,04_全部文件與歷次版本/TTQS_GPT6_ASTRA_FULL_HANDOFF_20260925/13/1290_0100__I18-E08__01__學員培訓前後自我評量表.docx,原樣保留；本次尚未確認完成驗收,41128,21aec0de247c9b0b164cdd8cbde93b5583844c2b437510141a6451e8c184a7be
1291,0100__I18-E08__01__學員培訓前後自我評量表.docx,TTQS_GPT6_ASTRA_FULL_HANDOFF_20260925/TTQS_GPT6_ASTRA_FULL_HANDOFF_20260925/TTQS_DOCUMENT_FOUNDRY_RUN_ASTRA_20260925/10_STAGING_BUILDER_ONLY/0100/R2/0100__I18-E08__01__學員培訓前後自我評量表.docx,04_全部文件與歷次版本/TTQS_GPT6_ASTRA_FULL_HANDOFF_20260925/13/1291_0100__I18-E08__01__學員培訓前後自我評量表.docx,原樣保留；本次尚未確認完成驗收,41381,75d13f27e6b2a197ae06a0ebc22a293acc45609aeb80012e694b713aa500e208
1292,0101__I18-E08__02__能力提升雷達分析報告.docx,TTQS_GPT6_ASTRA_FULL_HANDOFF_20260925/TTQS_GPT6_ASTRA_FULL_HANDOFF_20260925/TTQS_DOCUMENT_FOUNDRY_RUN_ASTRA_20260925/10_STAGING_BUILDER_ONLY/0101/0101__I18-E08__02__能力提升雷達分析報告.docx,04_全部文件與歷次版本/TTQS_GPT6_ASTRA_FULL_HANDOFF_20260925/13/1292_0101__I18-E08__02__能力提升雷達分析報告.docx,原樣保留；本次尚未確認完成驗收,86183,d643d7342da601f992577d4dbb63b9d2d2f479af6dae8a2ec1784b78ff219a6f
1293,0101__I18-E08__02__能力提升雷達分析報告.docx,TTQS_GPT6_ASTRA_FULL_HANDOFF_20260925/TTQS_GPT6_ASTRA_FULL_HANDOFF_20260925/TTQS_DOCUMENT_FOUNDRY_RUN_ASTRA_20260925/10_STAGING_BUILDER_ONLY/0101/R2/0101__I18-E08__02__能力提升雷達分析報告.docx,04_全部文件與歷次版本/TTQS_GPT6_ASTRA_FULL_HANDOFF_20260925/13/1293_0101__I18-E08__02__能力提升雷達分析報告.docx,原樣保留；本次尚未確認完成驗收,86440,5269fd7bd09b8f53e8e7504e9ada003337be6ca4072e4a939e3731d20a8f536e
1294,0001__I01-E01__01__中長程業務發展策略地圖.docx,TTQS_GPT6_ASTRA_FULL_HANDOFF_20260925/TTQS_GPT6_ASTRA_FULL_HANDOFF_20260925/TTQS_DOCUMENT_FOUNDRY_RUN_ASTRA_20260925/10_STAGING_BUILDER_ONLY/QE003/0001/0001__I01-E01__01__中長程業務發展策略地圖.docx,04_全部文件與歷次版本/TTQS_GPT6_ASTRA_FULL_HANDOFF_20260925/13/1294_0001__I01-E01__01__中長程業務發展策略地圖.docx,原樣保留；本次尚未確認完成驗收,48756,58bcdd038787e062f815b476d3d3da808af01c8728f8727edafa615ae09d8df7
1295,0002__I01-E01__02__策略因果鏈與三年KPI對照表.docx,TTQS_GPT6_ASTRA_FULL_HANDOFF_20260925/TTQS_GPT6_ASTRA_FULL_HANDOFF_20260925/TTQS_DOCUMENT_FOUNDRY_RUN_ASTRA_20260925/10_STAGING_BUILDER_ONLY/QE003/0002/0002__I01-E01__02__策略因果鏈與三年KPI對照表.docx,04_全部文件與歷次版本/TTQS_GPT6_ASTRA_FULL_HANDOFF_20260925/13/1295_0002__I01-E01__02__策略因果鏈與三年KPI對照表.docx,原樣保留；本次尚未確認完成驗收,54873,15827dcccf5368a3d29fda74468c331f8bd6ad6de5296ae3ff5c8af43db8e895
1296,0003__I01-E02__01__目標市場需求調查問卷.docx,TTQS_GPT6_ASTRA_FULL_HANDOFF_20260925/TTQS_GPT6_ASTRA_FULL_HANDOFF_20260925/TTQS_DOCUMENT_FOUNDRY_RUN_ASTRA_20260925/10_STAGING_BUILDER_ONLY/QE003/0003/0003__I01-E02__01__目標市場需求調查問卷.docx,04_全部文件與歷次版本/TTQS_GPT6_ASTRA_FULL_HANDOFF_20260925/13/1296_0003__I01-E02__01__目標市場需求調查問卷.docx,原樣保留；本次尚未確認完成驗收,42992,e29be4f8bec8c04001192247ab37d30f3dd62f3376ee3c0349ab376c6ae01124
1297,0005__I01-E02__03__目標市場需求分析報告.docx,TTQS_GPT6_ASTRA_FULL_HANDOFF_20260925/TTQS_GPT6_ASTRA_FULL_HANDOFF_20260925/TTQS_DOCUMENT_FOUNDRY_RUN_ASTRA_20260925/10_STAGING_BUILDER_ONLY/QE003/0005/0005__I01-E02__03__目標市場需求分析報告.docx,04_全部文件與歷次版本/TTQS_GPT6_ASTRA_FULL_HANDOFF_20260925/13/1297_0005__I01-E02__03__目標市場需求分析報告.docx,原樣保留；本次尚未確認完成驗收,43379,58b7d6e991474b75757ca75a306a5af925fb72d43c0d9265b178119ae2a73469
1298,0004__I01-E02__02__目標市場調查執行與樣本紀錄.docx,TTQS_GPT6_ASTRA_FULL_HANDOFF_20260925/TTQS_GPT6_ASTRA_FULL_HANDOFF_20260925/TTQS_DOCUMENT_FOUNDRY_RUN_ASTRA_20260925/10_STAGING_BUILDER_ONLY/QE003/0004/0004__I01-E02__02__目標市場調查執行與樣本紀錄.docx,04_全部文件與歷次版本/TTQS_GPT6_ASTRA_FULL_HANDOFF_20260925/13/1298_0004__I01-E02__02__目標市場調查執行與樣本紀錄.docx,原樣保留；本次尚未確認完成驗收,44911,d7c637892aa229d21550d166efb69c52d49a5afdacefeb89fac8e3cfeee5f412
1299,0039__I08-E03__01__課程規劃與設計審查會議紀錄.docx,TTQS_GPT6_ASTRA_FULL_HANDOFF_20260925/TTQS_GPT6_ASTRA_FULL_HANDOFF_20260925/TTQS_DOCUMENT_FOUNDRY_RUN_ASTRA_20260925/10_STAGING_BUILDER_ONLY/QE003/0039/0039__I08-E03__01__課程規劃與設計審查會議紀錄.docx,04_全部文件與歷次版本/TTQS_GPT6_ASTRA_FULL_HANDOFF_20260925/13/1299_0039__I08-E03__01__課程規劃與設計審查會議紀錄.docx,原樣保留；本次尚未確認完成驗收,49177,82a172cdd52ed264642d2ac771f6c8c54eeaae39850253034706640cf230e02b
1300,0036__I07-E04__01__課程設計進度流程及規劃書.docx,TTQS_GPT6_ASTRA_FULL_HANDOFF_20260925/TTQS_GPT6_ASTRA_FULL_HANDOFF_20260925/TTQS_DOCUMENT_FOUNDRY_RUN_ASTRA_20260925/10_STAGING_BUILDER_ONLY/QE003/0036/0036__I07-E04__01__課程設計進度流程及規劃書.docx,04_全部文件與歷次版本/TTQS_GPT6_ASTRA_FULL_HANDOFF_20260925/13/1300_0036__I07-E04__01__課程設計進度流程及規劃書.docx,原樣保留；本次尚未確認完成驗收,52734,fcd8b355289fded17c1b056799bba49e6a12c183b2079e37a7e1e49e35eceaff
1301,0025__I04-E04__01__訓練評估與實施標準化作業程序SOP.docx,TTQS_GPT6_ASTRA_FULL_HANDOFF_20260925/TTQS_GPT6_ASTRA_FULL_HANDOFF_20260925/TTQS_DOCUMENT_FOUNDRY_RUN_ASTRA_20260925/10_STAGING_BUILDER_ONLY/QE003/0025/0025__I04-E04__01__訓練評估與實施標準化作業程序SOP.docx,04_全部文件與歷次版本/TTQS_GPT6_ASTRA_FULL_HANDOFF_20260925/14/1301_0025__I04-E04__01__訓練評估與實施標準化作業程序SOP.docx,原樣保留；本次尚未確認完成驗收,51323,7c21cce908306fa0a904e62694845b8c73de1dbac38115f0b37279f991ecdc6d
1302,0040__I08-E03__02__訓練評估方法與成效指標對照表.docx,TTQS_GPT6_ASTRA_FULL_HANDOFF_20260925/TTQS_GPT6_ASTRA_FULL_HANDOFF_20260925/TTQS_DOCUMENT_FOUNDRY_RUN_ASTRA_20260925/10_STAGING_BUILDER_ONLY/QE003/0040/0040__I08-E03__02__訓練評估方法與成效指標對照表.docx,04_全部文件與歷次版本/TTQS_GPT6_ASTRA_FULL_HANDOFF_20260925/14/1302_0040__I08-E03__02__訓練評估方法與成效指標對照表.docx,原樣保留；本次尚未確認完成驗收,47825,d0b2e373dccf550d9be21987d40c8cfb10828fbbfe6eba6fcf5b0c91334abe24
1303,0045__I10-E01__01__訓練資源採購與甄選管理辦法.docx,TTQS_GPT6_ASTRA_FULL_HANDOFF_20260925/TTQS_GPT6_ASTRA_FULL_HANDOFF_20260925/TTQS_DOCUMENT_FOUNDRY_RUN_ASTRA_20260925/10_STAGING_BUILDER_ONLY/QE003/0045/0045__I10-E01__01__訓練資源採購與甄選管理辦法.docx,04_全部文件與歷次版本/TTQS_GPT6_ASTRA_FULL_HANDOFF_20260925/14/1303_0045__I10-E01__01__訓練資源採購與甄選管理辦法.docx,原樣保留；本次尚未確認完成驗收,61200,af72f0a3b9d4f3666666a73494b784ba0738a1b20636b3de9234aa68dc61db13
1304,0046__I10-E01__02__師資教材廠商評選紀錄表.docx,TTQS_GPT6_ASTRA_FULL_HANDOFF_20260925/TTQS_GPT6_ASTRA_FULL_HANDOFF_20260925/TTQS_DOCUMENT_FOUNDRY_RUN_ASTRA_20260925/10_STAGING_BUILDER_ONLY/QE003/0046/0046__I10-E01__02__師資教材廠商評選紀錄表.docx,04_全部文件與歷次版本/TTQS_GPT6_ASTRA_FULL_HANDOFF_20260925/14/1304_0046__I10-E01__02__師資教材廠商評選紀錄表.docx,原樣保留；本次尚未確認完成驗收,51228,17df30b4d1bc55071f2c421be30d20ec44e5ccec3b13913c704ee9172ad1adb1
1305,0066__I15-E02__01__訓練班級完整結案報告.docx,TTQS_GPT6_ASTRA_FULL_HANDOFF_20260925/TTQS_GPT6_ASTRA_FULL_HANDOFF_20260925/TTQS_DOCUMENT_FOUNDRY_RUN_ASTRA_20260925/10_STAGING_BUILDER_ONLY/QE003/0066/0066__I15-E02__01__訓練班級完整結案報告.docx,04_全部文件與歷次版本/TTQS_GPT6_ASTRA_FULL_HANDOFF_20260925/14/1305_0066__I15-E02__01__訓練班級完整結案報告.docx,原樣保留；本次尚未確認完成驗收,54661,32633b8ae98d4219846dc34039b23c14c833e71fde91f2bd567a02ca7244cab6
1306,0070__I16-E02__01__訓練異常處理程序與工具.docx,TTQS_GPT6_ASTRA_FULL_HANDOFF_20260925/TTQS_GPT6_ASTRA_FULL_HANDOFF_20260925/TTQS_DOCUMENT_FOUNDRY_RUN_ASTRA_20260925/10_STAGING_BUILDER_ONLY/QE003/0070/0070__I16-E02__01__訓練異常處理程序與工具.docx,04_全部文件與歷次版本/TTQS_GPT6_ASTRA_FULL_HANDOFF_20260925/14/1306_0070__I16-E02__01__訓練異常處理程序與工具.docx,原樣保留；本次尚未確認完成驗收,57157,84206822a47ba35bfbece6b0c10d59c1e95362f8bffe1b862db291f1bdaf1336
1307,0071__I16-E02__02__異常通報暨CAPA矯正預防紀錄.docx,TTQS_GPT6_ASTRA_FULL_HANDOFF_20260925/TTQS_GPT6_ASTRA_FULL_HANDOFF_20260925/TTQS_DOCUMENT_FOUNDRY_RUN_ASTRA_20260925/10_STAGING_BUILDER_ONLY/QE003/0071/0071__I16-E02__02__異常通報暨CAPA矯正預防紀錄.docx,04_全部文件與歷次版本/TTQS_GPT6_ASTRA_FULL_HANDOFF_20260925/14/1307_0071__I16-E02__02__異常通報暨CAPA矯正預防紀錄.docx,原樣保留；本次尚未確認完成驗收,46209,2b9db38ca38b80426673d3d0d758216d5c945e6cf82826aca852953d64f98606
1308,0076__I17B-E01__01__指標17b_考試暨實作評量紀錄.docx,TTQS_GPT6_ASTRA_FULL_HANDOFF_20260925/TTQS_GPT6_ASTRA_FULL_HANDOFF_20260925/TTQS_DOCUMENT_FOUNDRY_RUN_ASTRA_20260925/10_STAGING_BUILDER_ONLY/QE003/0076/0076__I17B-E01__01__指標17b_考試暨實作評量紀錄.docx,04_全部文件與歷次版本/TTQS_GPT6_ASTRA_FULL_HANDOFF_20260925/14/1308_0076__I17B-E01__01__指標17b_考試暨實作評量紀錄.docx,原樣保留；本次尚未確認完成驗收,51958,767ea52ef05c381f7d005300cb5782f16f578e41942b2c71e4156ed899455ebc
1309,0078__I17B-E01__03__指標17b_課程照片暨活動紀錄表.docx,TTQS_GPT6_ASTRA_FULL_HANDOFF_20260925/TTQS_GPT6_ASTRA_FULL_HANDOFF_20260925/TTQS_DOCUMENT_FOUNDRY_RUN_ASTRA_20260925/10_STAGING_BUILDER_ONLY/QE003/0078/0078__I17B-E01__03__指標17b_課程照片暨活動紀錄表.docx,04_全部文件與歷次版本/TTQS_GPT6_ASTRA_FULL_HANDOFF_20260925/14/1309_0078__I17B-E01__03__指標17b_課程照片暨活動紀錄表.docx,原樣保留；本次尚未確認完成驗收,46108,11a42aa9303e10acc87b1c5c266d02f7d4a2760ba017beb949f1166c92d9799e
1310,0077__I17B-E01__02__指標17b_學員學習心得報告.docx,TTQS_GPT6_ASTRA_FULL_HANDOFF_20260925/TTQS_GPT6_ASTRA_FULL_HANDOFF_20260925/TTQS_DOCUMENT_FOUNDRY_RUN_ASTRA_20260925/10_STAGING_BUILDER_ONLY/QE003/0077/0077__I17B-E01__02__指標17b_學員學習心得報告.docx,04_全部文件與歷次版本/TTQS_GPT6_ASTRA_FULL_HANDOFF_20260925/14/1310_0077__I17B-E01__02__指標17b_學員學習心得報告.docx,原樣保留；本次尚未確認完成驗收,44205,d3f9a063c5e8e016c16019c0ec2291e3d4df3da8e2ddd09fcb72e49075ad87fe
1311,0079__I17B-E01__04__指標17b_訓後學員職涯規劃建議表.docx,TTQS_GPT6_ASTRA_FULL_HANDOFF_20260925/TTQS_GPT6_ASTRA_FULL_HANDOFF_20260925/TTQS_DOCUMENT_FOUNDRY_RUN_ASTRA_20260925/10_STAGING_BUILDER_ONLY/QE003/0079/0079__I17B-E01__04__指標17b_訓後學員職涯規劃建議表.docx,04_全部文件與歷次版本/TTQS_GPT6_ASTRA_FULL_HANDOFF_20260925/14/1311_0079__I17B-E01__04__指標17b_訓後學員職涯規劃建議表.docx,原樣保留；本次尚未確認完成驗收,44569,985bb587db6a63f2470ffbd6a12acbabb63aaad3a4d13b570964681480f6b24f
1312,0092__I17D-E06__01__第三方感謝函索取稿與證據驗證登錄表.docx,TTQS_GPT6_ASTRA_FULL_HANDOFF_20260925/TTQS_GPT6_ASTRA_FULL_HANDOFF_20260925/TTQS_DOCUMENT_FOUNDRY_RUN_ASTRA_20260925/10_STAGING_BUILDER_ONLY/QE003/0092/0092__I17D-E06__01__第三方感謝函索取稿與證據驗證登錄表.docx,04_全部文件與歷次版本/TTQS_GPT6_ASTRA_FULL_HANDOFF_20260925/14/1312_0092__I17D-E06__01__第三方感謝函索取稿與證據驗證登錄表.docx,原樣保留；本次尚未確認完成驗收,43042,8bce4fba00ecef11590af8f5441c151787870c3fee3d2480a6928e1f0434902f
1313,0100__I18-E08__01__學員培訓前後自我評量表.docx,TTQS_GPT6_ASTRA_FULL_HANDOFF_20260925/TTQS_GPT6_ASTRA_FULL_HANDOFF_20260925/TTQS_DOCUMENT_FOUNDRY_RUN_ASTRA_20260925/10_STAGING_BUILDER_ONLY/QE003/0100/0100__I18-E08__01__學員培訓前後自我評量表.docx,04_全部文件與歷次版本/TTQS_GPT6_ASTRA_FULL_HANDOFF_20260925/14/1313_0100__I18-E08__01__學員培訓前後自我評量表.docx,原樣保留；本次尚未確認完成驗收,47242,63dfa713629e3e4df8170ce9059e108400f95aaf4c98d8c4ffde72aeb2f73295
1314,0087__I17D-E01__01__訓後成果追蹤調查表.docx,TTQS_GPT6_ASTRA_FULL_HANDOFF_20260925/TTQS_GPT6_ASTRA_FULL_HANDOFF_20260925/TTQS_DOCUMENT_FOUNDRY_RUN_ASTRA_20260925/10_STAGING_BUILDER_ONLY/QE003/0087/0087__I17D-E01__01__訓後成果追蹤調查表.docx,04_全部文件與歷次版本/TTQS_GPT6_ASTRA_FULL_HANDOFF_20260925/14/1314_0087__I17D-E01__01__訓後成果追蹤調查表.docx,原樣保留；本次尚未確認完成驗收,50800,1d1685498b7fa302be9d8d8414502f6c6ffc8a906df7cbac624b3362f9f6ce09
1315,0087__I17D-E01__01__訓後成果追蹤調查表.docx,TTQS_GPT6_ASTRA_FULL_HANDOFF_20260925/TTQS_GPT6_ASTRA_FULL_HANDOFF_20260925/TTQS_DOCUMENT_FOUNDRY_RUN_ASTRA_20260925/10_STAGING_BUILDER_ONLY/QE003/_PREDECESSORS/0087-QE003-DRAFT-SYNTHETIC-01/0087__I17D-E01__01__訓後成果追蹤調查表.docx,04_全部文件與歷次版本/TTQS_GPT6_ASTRA_FULL_HANDOFF_20260925/14/1315_0087__I17D-E01__01__訓後成果追蹤調查表.docx,原樣保留；本次尚未確認完成驗收,50357,4b020c8f07e1e2d0a3d2d45858404e246f434ff03c5ed5dcf1f376002be97082
1316,0101__I18-E08__02__能力提升雷達分析報告.docx,TTQS_GPT6_ASTRA_FULL_HANDOFF_20260925/TTQS_GPT6_ASTRA_FULL_HANDOFF_20260925/TTQS_DOCUMENT_FOUNDRY_RUN_ASTRA_20260925/10_STAGING_BUILDER_ONLY/QE003/0101/0101__I18-E08__02__能力提升雷達分析報告.docx,04_全部文件與歷次版本/TTQS_GPT6_ASTRA_FULL_HANDOFF_20260925/14/1316_0101__I18-E08__02__能力提升雷達分析報告.docx,原樣保留；本次尚未確認完成驗收,123537,210b45f76cb40925bb477e9d1f6d32d3e479254f5db2884efa490b7fd664dd5d
1317,0001__I01-E01__01__中長程業務發展策略地圖.docx,TTQS_GPT6_ASTRA_FULL_HANDOFF_20260925/TTQS_GPT6_ASTRA_FULL_HANDOFF_20260925/TTQS_DOCUMENT_FOUNDRY_RUN_ASTRA_20260925/10_STAGING_BUILDER_ONLY/QE003/0001_R06_SOURCE_ONLY/0001__I01-E01__01__中長程業務發展策略地圖.docx,04_全部文件與歷次版本/TTQS_GPT6_ASTRA_FULL_HANDOFF_20260925/14/1317_0001__I01-E01__01__中長程業務發展策略地圖.docx,原樣保留；本次尚未確認完成驗收,47987,32364cd3b7979411ed89cb70a0d3560382db2a63f29dcd6b666933b253acef20
1318,0001__I01-E01__01__中長程業務發展策略地圖.docx,TTQS_GPT6_ASTRA_FULL_HANDOFF_20260925/TTQS_GPT6_ASTRA_FULL_HANDOFF_20260925/TTQS_DOCUMENT_FOUNDRY_RUN_ASTRA_20260925/10_STAGING_BUILDER_ONLY/QE003/0001_R07_SOURCE_ONLY/0001__I01-E01__01__中長程業務發展策略地圖.docx,04_全部文件與歷次版本/TTQS_GPT6_ASTRA_FULL_HANDOFF_20260925/14/1318_0001__I01-E01__01__中長程業務發展策略地圖.docx,原樣保留；本次尚未確認完成驗收,47994,ff0e0ef221275d73929259ee4075235ee246f82524644d96d900e63ffef135cb
1319,0001__I01-E01__01__中長程業務發展策略地圖.docx,TTQS_GPT6_ASTRA_FULL_HANDOFF_20260925/TTQS_GPT6_ASTRA_FULL_HANDOFF_20260925/TTQS_DOCUMENT_FOUNDRY_RUN_ASTRA_20260925/10_STAGING_BUILDER_ONLY/QE003/0001_R08_SOURCE_ONLY/0001__I01-E01__01__中長程業務發展策略地圖.docx,04_全部文件與歷次版本/TTQS_GPT6_ASTRA_FULL_HANDOFF_20260925/14/1319_0001__I01-E01__01__中長程業務發展策略地圖.docx,原樣保留；本次尚未確認完成驗收,44901,dfaebcc892feadcac0d8453d404f4bcbd4f3e27f9fe061a89f444a4ce721dca4
1320,0001__I01-E01__01__中長程業務發展策略地圖.docx,TTQS_GPT6_ASTRA_FULL_HANDOFF_20260925/TTQS_GPT6_ASTRA_FULL_HANDOFF_20260925/TTQS_DOCUMENT_FOUNDRY_RUN_ASTRA_20260925/10_STAGING_BUILDER_ONLY/QE003/0001_R09_SOURCE_ONLY/0001__I01-E01__01__中長程業務發展策略地圖.docx,04_全部文件與歷次版本/TTQS_GPT6_ASTRA_FULL_HANDOFF_20260925/14/1320_0001__I01-E01__01__中長程業務發展策略地圖.docx,原樣保留；本次尚未確認完成驗收,46560,e6d45302d5b176d190192614d13a9f82ebdafd2d7741c7204ce844d97739a5de
1321,0001__I01-E01__01__中長程業務發展策略地圖.docx,TTQS_GPT6_ASTRA_FULL_HANDOFF_20260925/TTQS_GPT6_ASTRA_FULL_HANDOFF_20260925/TTQS_DOCUMENT_FOUNDRY_RUN_ASTRA_20260925/10_STAGING_BUILDER_ONLY/QE003/0001_R10_SOURCE_ONLY/0001__I01-E01__01__中長程業務發展策略地圖.docx,04_全部文件與歷次版本/TTQS_GPT6_ASTRA_FULL_HANDOFF_20260925/14/1321_0001__I01-E01__01__中長程業務發展策略地圖.docx,原樣保留；本次尚未確認完成驗收,45967,a450ee37b187ed1fad04e3f5f76a634c6d84687c1e3ac3321ff7f59d3d26f57d
1322,0001__I01-E01__01__中長程業務發展策略地圖.docx,TTQS_GPT6_ASTRA_FULL_HANDOFF_20260925/TTQS_GPT6_ASTRA_FULL_HANDOFF_20260925/TTQS_DOCUMENT_FOUNDRY_RUN_ASTRA_20260925/10_STAGING_BUILDER_ONLY/QE003/0001_R11_WHOLE_DOCUMENT_LAYOUT/0001__I01-E01__01__中長程業務發展策略地圖.docx,04_全部文件與歷次版本/TTQS_GPT6_ASTRA_FULL_HANDOFF_20260925/14/1322_0001__I01-E01__01__中長程業務發展策略地圖.docx,原樣保留；本次尚未確認完成驗收,47141,a5afca24a33f0c2e274b95bc449f67eadd75fbc9479f58768e29cd5008caaee6
1323,0025__I04-E04__01__訓練評估與實施標準化作業程序SOP.docx,TTQS_GPT6_ASTRA_FULL_HANDOFF_20260925/TTQS_GPT6_ASTRA_FULL_HANDOFF_20260925/TTQS_DOCUMENT_FOUNDRY_RUN_ASTRA_20260925/10_STAGING_BUILDER_ONLY/QP004_R0_REBUILD_R01/0025/0025__I04-E04__01__訓練評估與實施標準化作業程序SOP.docx,04_全部文件與歷次版本/TTQS_GPT6_ASTRA_FULL_HANDOFF_20260925/14/1323_0025__I04-E04__01__訓練評估與實施標準化作業程序SOP.docx,原樣保留；本次尚未確認完成驗收,50552,d965b86e91d340f520a519ed28072575a5d0dd5448aec3a807631aed716d726f
1324,0040__I08-E03__02__訓練評估方法與成效指標對照表.docx,TTQS_GPT6_ASTRA_FULL_HANDOFF_20260925/TTQS_GPT6_ASTRA_FULL_HANDOFF_20260925/TTQS_DOCUMENT_FOUNDRY_RUN_ASTRA_20260925/10_STAGING_BUILDER_ONLY/QP004_R0_REBUILD_R01/0040/0040__I08-E03__02__訓練評估方法與成效指標對照表.docx,04_全部文件與歷次版本/TTQS_GPT6_ASTRA_FULL_HANDOFF_20260925/14/1324_0040__I08-E03__02__訓練評估方法與成效指標對照表.docx,原樣保留；本次尚未確認完成驗收,50302,d4fcbf71afab0e6441e222a36fcc7fe0adc262cd4b7febb732b8ee1b12bac57f
1325,0004__I01-E02__02__目標市場調查執行與樣本紀錄.docx,TTQS_GPT6_ASTRA_FULL_HANDOFF_20260925/TTQS_GPT6_ASTRA_FULL_HANDOFF_20260925/TTQS_DOCUMENT_FOUNDRY_RUN_ASTRA_20260925/10_STAGING_BUILDER_ONLY/QP004_R0_REBUILD_R01/0004/0004__I01-E02__02__目標市場調查執行與樣本紀錄.docx,04_全部文件與歷次版本/TTQS_GPT6_ASTRA_FULL_HANDOFF_20260925/14/1325_0004__I01-E02__02__目標市場調查執行與樣本紀錄.docx,原樣保留；本次尚未確認完成驗收,50466,7651b96719819cf2ef05ff86246b3d5f06ef895c9cf2d5d4fb3ddebe7430b848
1326,0066__I15-E02__01__訓練班級完整結案報告.docx,TTQS_GPT6_ASTRA_FULL_HANDOFF_20260925/TTQS_GPT6_ASTRA_FULL_HANDOFF_20260925/TTQS_DOCUMENT_FOUNDRY_RUN_ASTRA_20260925/10_STAGING_BUILDER_ONLY/QP004_R0_REBUILD_R01/0066/0066__I15-E02__01__訓練班級完整結案報告.docx,04_全部文件與歷次版本/TTQS_GPT6_ASTRA_FULL_HANDOFF_20260925/14/1326_0066__I15-E02__01__訓練班級完整結案報告.docx,原樣保留；本次尚未確認完成驗收,57707,a94983b0a38fa350a2a8e759477aa62ebce35f8d973391d29c07c6dca8e4357c
1327,0045__I10-E01__01__訓練資源採購與甄選管理辦法.docx,TTQS_GPT6_ASTRA_FULL_HANDOFF_20260925/TTQS_GPT6_ASTRA_FULL_HANDOFF_20260925/TTQS_DOCUMENT_FOUNDRY_RUN_ASTRA_20260925/10_STAGING_BUILDER_ONLY/QP004_R0_REBUILD_R01/0045/0045__I10-E01__01__訓練資源採購與甄選管理辦法.docx,04_全部文件與歷次版本/TTQS_GPT6_ASTRA_FULL_HANDOFF_20260925/14/1327_0045__I10-E01__01__訓練資源採購與甄選管理辦法.docx,原樣保留；本次尚未確認完成驗收,52726,ca158c57aa6d0ab0e7ef075590a71080dc3bcc9651d643649825c684e78cb476
1328,0071__I16-E02__02__異常通報暨CAPA矯正預防紀錄.docx,TTQS_GPT6_ASTRA_FULL_HANDOFF_20260925/TTQS_GPT6_ASTRA_FULL_HANDOFF_20260925/TTQS_DOCUMENT_FOUNDRY_RUN_ASTRA_20260925/10_STAGING_BUILDER_ONLY/QP004_R0_REBUILD_R01/0071/0071__I16-E02__02__異常通報暨CAPA矯正預防紀錄.docx,04_全部文件與歷次版本/TTQS_GPT6_ASTRA_FULL_HANDOFF_20260925/14/1328_0071__I16-E02__02__異常通報暨CAPA矯正預防紀錄.docx,原樣保留；本次尚未確認完成驗收,48720,d0e3c545e0613b74f3049ad0f97fa764a75e0603b1df7433d3a7597bde23ff73
1329,0101__I18-E08__02__能力提升雷達分析報告.docx,TTQS_GPT6_ASTRA_FULL_HANDOFF_20260925/TTQS_GPT6_ASTRA_FULL_HANDOFF_20260925/TTQS_DOCUMENT_FOUNDRY_RUN_ASTRA_20260925/10_STAGING_BUILDER_ONLY/QP004_R0_REBUILD_R01/0101/0101__I18-E08__02__能力提升雷達分析報告.docx,04_全部文件與歷次版本/TTQS_GPT6_ASTRA_FULL_HANDOFF_20260925/14/1329_0101__I18-E08__02__能力提升雷達分析報告.docx,原樣保留；本次尚未確認完成驗收,65861,0a67347fa6d440ca0f1af3ff96a0cb22fa2485b8ad6a73cd38fc5427ef0e838b
1330,0025__I04-E04__01__訓練評估與實施標準化作業程序SOP.docx,TTQS_GPT6_ASTRA_FULL_HANDOFF_20260925/TTQS_GPT6_ASTRA_FULL_HANDOFF_20260925/TTQS_DOCUMENT_FOUNDRY_RUN_ASTRA_20260925/10_STAGING_BUILDER_ONLY/QP004_R0_REBUILD_R02/0025/0025__I04-E04__01__訓練評估與實施標準化作業程序SOP.docx,04_全部文件與歷次版本/TTQS_GPT6_ASTRA_FULL_HANDOFF_20260925/14/1330_0025__I04-E04__01__訓練評估與實施標準化作業程序SOP.docx,原樣保留；本次尚未確認完成驗收,93522,6cbc3fdd15727294301432d5a98f74c95e37c4256e77a48b2431f096f1287221
1331,0040__I08-E03__02__訓練評估方法與成效指標對照表.docx,TTQS_GPT6_ASTRA_FULL_HANDOFF_20260925/TTQS_GPT6_ASTRA_FULL_HANDOFF_20260925/TTQS_DOCUMENT_FOUNDRY_RUN_ASTRA_20260925/10_STAGING_BUILDER_ONLY/QP004_R0_REBUILD_R02/0040/0040__I08-E03__02__訓練評估方法與成效指標對照表.docx,04_全部文件與歷次版本/TTQS_GPT6_ASTRA_FULL_HANDOFF_20260925/14/1331_0040__I08-E03__02__訓練評估方法與成效指標對照表.docx,原樣保留；本次尚未確認完成驗收,44224,36fa8355d1fe08db6807873cd909518910100371502f8a45bced0a72c6f1ceef
1332,0071__I16-E02__02__異常通報暨CAPA矯正預防紀錄.docx,TTQS_GPT6_ASTRA_FULL_HANDOFF_20260925/TTQS_GPT6_ASTRA_FULL_HANDOFF_20260925/TTQS_DOCUMENT_FOUNDRY_RUN_ASTRA_20260925/10_STAGING_BUILDER_ONLY/QP004_R0_REBUILD_R02/0071/0071__I16-E02__02__異常通報暨CAPA矯正預防紀錄.docx,04_全部文件與歷次版本/TTQS_GPT6_ASTRA_FULL_HANDOFF_20260925/14/1332_0071__I16-E02__02__異常通報暨CAPA矯正預防紀錄.docx,原樣保留；本次尚未確認完成驗收,46412,c554a1658465c058616333d4aed26f8161fa406e7967f516a9ee067c9da34d81
1333,0101__I18-E08__02__能力提升雷達分析報告.docx,TTQS_GPT6_ASTRA_FULL_HANDOFF_20260925/TTQS_GPT6_ASTRA_FULL_HANDOFF_20260925/TTQS_DOCUMENT_FOUNDRY_RUN_ASTRA_20260925/10_STAGING_BUILDER_ONLY/QP004_R0_REBUILD_R02/0101/0101__I18-E08__02__能力提升雷達分析報告.docx,04_全部文件與歷次版本/TTQS_GPT6_ASTRA_FULL_HANDOFF_20260925/14/1333_0101__I18-E08__02__能力提升雷達分析報告.docx,原樣保留；本次尚未確認完成驗收,95149,d6a23d3c5ad6f97593e5d67f98b52555449f6bc5c69cc582b080fcef04baae30
1334,0025__I04-E04__01__訓練評估與實施標準化作業程序SOP.docx,TTQS_GPT6_ASTRA_FULL_HANDOFF_20260925/TTQS_GPT6_ASTRA_FULL_HANDOFF_20260925/TTQS_DOCUMENT_FOUNDRY_RUN_ASTRA_20260925/10_STAGING_BUILDER_ONLY/QP004_R0_REBUILD_R03/0025/0025__I04-E04__01__訓練評估與實施標準化作業程序SOP.docx,04_全部文件與歷次版本/TTQS_GPT6_ASTRA_FULL_HANDOFF_20260925/14/1334_0025__I04-E04__01__訓練評估與實施標準化作業程序SOP.docx,原樣保留；本次尚未確認完成驗收,94322,c2c04bd7e84543c77550d6b440e87b3a4b4ef2577043f4e9d166382ff56ea481
1335,0040__I08-E03__02__訓練評估方法與成效指標對照表.docx,TTQS_GPT6_ASTRA_FULL_HANDOFF_20260925/TTQS_GPT6_ASTRA_FULL_HANDOFF_20260925/TTQS_DOCUMENT_FOUNDRY_RUN_ASTRA_20260925/10_STAGING_BUILDER_ONLY/QP004_R0_REBUILD_R03/0040/0040__I08-E03__02__訓練評估方法與成效指標對照表.docx,04_全部文件與歷次版本/TTQS_GPT6_ASTRA_FULL_HANDOFF_20260925/14/1335_0040__I08-E03__02__訓練評估方法與成效指標對照表.docx,原樣保留；本次尚未確認完成驗收,47272,848183f86eeb5deca326a2e73fee2c672f320d16499c5bc641829c823a2bc9e1
1336,0071__I16-E02__02__異常通報暨CAPA矯正預防紀錄.docx,TTQS_GPT6_ASTRA_FULL_HANDOFF_20260925/TTQS_GPT6_ASTRA_FULL_HANDOFF_20260925/TTQS_DOCUMENT_FOUNDRY_RUN_ASTRA_20260925/10_STAGING_BUILDER_ONLY/QP004_R0_REBUILD_R03/0071/0071__I16-E02__02__異常通報暨CAPA矯正預防紀錄.docx,04_全部文件與歷次版本/TTQS_GPT6_ASTRA_FULL_HANDOFF_20260925/14/1336_0071__I16-E02__02__異常通報暨CAPA矯正預防紀錄.docx,原樣保留；本次尚未確認完成驗收,46525,f71b92b5197165d9145120d75f9064e99e3ab8461eaede80fe3e6f6a2689fad6
1337,0101__I18-E08__02__能力提升雷達分析報告.docx,TTQS_GPT6_ASTRA_FULL_HANDOFF_20260925/TTQS_GPT6_ASTRA_FULL_HANDOFF_20260925/TTQS_DOCUMENT_FOUNDRY_RUN_ASTRA_20260925/10_STAGING_BUILDER_ONLY/QP004_R0_REBUILD_R03/0101/0101__I18-E08__02__能力提升雷達分析報告.docx,04_全部文件與歷次版本/TTQS_GPT6_ASTRA_FULL_HANDOFF_20260925/14/1337_0101__I18-E08__02__能力提升雷達分析報告.docx,原樣保留；本次尚未確認完成驗收,98397,f8a79691fd432b6fd5a10b2375a381fbc8af55e9809ee3307dc7504964fa1ce1
1338,0025__I04-E04__01__訓練評估與實施標準化作業程序SOP.docx,TTQS_GPT6_ASTRA_FULL_HANDOFF_20260925/TTQS_GPT6_ASTRA_FULL_HANDOFF_20260925/TTQS_DOCUMENT_FOUNDRY_RUN_ASTRA_20260925/10_STAGING_BUILDER_ONLY/QP004_R0_REBUILD_R04/0025/0025__I04-E04__01__訓練評估與實施標準化作業程序SOP.docx,04_全部文件與歷次版本/TTQS_GPT6_ASTRA_FULL_HANDOFF_20260925/14/1338_0025__I04-E04__01__訓練評估與實施標準化作業程序SOP.docx,原樣保留；本次尚未確認完成驗收,95210,991d10b25715b32aa90c675b49d02f5e0c5cf7f0a929690a541b17ae22c92dbc
1339,0071__I16-E02__02__異常通報暨CAPA矯正預防紀錄.docx,TTQS_GPT6_ASTRA_FULL_HANDOFF_20260925/TTQS_GPT6_ASTRA_FULL_HANDOFF_20260925/TTQS_DOCUMENT_FOUNDRY_RUN_ASTRA_20260925/10_STAGING_BUILDER_ONLY/QP004_R0_REBUILD_R04/0071/0071__I16-E02__02__異常通報暨CAPA矯正預防紀錄.docx,04_全部文件與歷次版本/TTQS_GPT6_ASTRA_FULL_HANDOFF_20260925/14/1339_0071__I16-E02__02__異常通報暨CAPA矯正預防紀錄.docx,原樣保留；本次尚未確認完成驗收,46523,bd8eda0bcc4a52bacaeb1039bbff7432faa3bdff44aee8df660e0cc088a279ce
1340,0101__I18-E08__02__能力提升雷達分析報告.docx,TTQS_GPT6_ASTRA_FULL_HANDOFF_20260925/TTQS_GPT6_ASTRA_FULL_HANDOFF_20260925/TTQS_DOCUMENT_FOUNDRY_RUN_ASTRA_20260925/10_STAGING_BUILDER_ONLY/QP004_R0_REBUILD_R04/0101/0101__I18-E08__02__能力提升雷達分析報告.docx,04_全部文件與歷次版本/TTQS_GPT6_ASTRA_FULL_HANDOFF_20260925/14/1340_0101__I18-E08__02__能力提升雷達分析報告.docx,原樣保留；本次尚未確認完成驗收,98918,44a162003303cac118eebcb53a6a71afd1d5e4593825a972dac834c21f3e6ab0
1341,0025__I04-E04__01__訓練評估與實施標準化作業程序SOP.docx,TTQS_GPT6_ASTRA_FULL_HANDOFF_20260925/TTQS_GPT6_ASTRA_FULL_HANDOFF_20260925/TTQS_DOCUMENT_FOUNDRY_RUN_ASTRA_20260925/10_STAGING_BUILDER_ONLY/QP004_R0_REBUILD_R05/0025/0025__I04-E04__01__訓練評估與實施標準化作業程序SOP.docx,04_全部文件與歷次版本/TTQS_GPT6_ASTRA_FULL_HANDOFF_20260925/14/1341_0025__I04-E04__01__訓練評估與實施標準化作業程序SOP.docx,原樣保留；本次尚未確認完成驗收,47132,851319dca6ae3af9558c46d7de82fa7acb75ae5cf998ba6cac5fc39738507d8f
1342,0071__I16-E02__02__異常通報暨CAPA矯正預防紀錄.docx,TTQS_GPT6_ASTRA_FULL_HANDOFF_20260925/TTQS_GPT6_ASTRA_FULL_HANDOFF_20260925/TTQS_DOCUMENT_FOUNDRY_RUN_ASTRA_20260925/10_STAGING_BUILDER_ONLY/QP004_R0_REBUILD_R05/0071/0071__I16-E02__02__異常通報暨CAPA矯正預防紀錄.docx,04_全部文件與歷次版本/TTQS_GPT6_ASTRA_FULL_HANDOFF_20260925/14/1342_0071__I16-E02__02__異常通報暨CAPA矯正預防紀錄.docx,原樣保留；本次尚未確認完成驗收,46576,cb6d52dbe5a64225e9693e2bc1476c3f4de8dd8d77729df472ddcf9aec66284d
1343,0101__I18-E08__02__能力提升雷達分析報告.docx,TTQS_GPT6_ASTRA_FULL_HANDOFF_20260925/TTQS_GPT6_ASTRA_FULL_HANDOFF_20260925/TTQS_DOCUMENT_FOUNDRY_RUN_ASTRA_20260925/10_STAGING_BUILDER_ONLY/QP004_R0_REBUILD_R05/0101/0101__I18-E08__02__能力提升雷達分析報告.docx,04_全部文件與歷次版本/TTQS_GPT6_ASTRA_FULL_HANDOFF_20260925/14/1343_0101__I18-E08__02__能力提升雷達分析報告.docx,原樣保留；本次尚未確認完成驗收,99092,37c309f7356dcdea63df0c6a4d5421a6476447ad38f341eeba9cc8f0fa95993e
1344,0025__I04-E04__01__訓練評估與實施標準化作業程序SOP.docx,TTQS_GPT6_ASTRA_FULL_HANDOFF_20260925/TTQS_GPT6_ASTRA_FULL_HANDOFF_20260925/TTQS_DOCUMENT_FOUNDRY_RUN_ASTRA_20260925/10_STAGING_BUILDER_ONLY/QP004_R0_REBUILD_R06/0025/0025__I04-E04__01__訓練評估與實施標準化作業程序SOP.docx,04_全部文件與歷次版本/TTQS_GPT6_ASTRA_FULL_HANDOFF_20260925/14/1344_0025__I04-E04__01__訓練評估與實施標準化作業程序SOP.docx,原樣保留；本次尚未確認完成驗收,46212,28e358c58985d8b7cb0fbdc78fddd3bea30f7a727c55bc65f8efddca0e160b1f
1345,0101__I18-E08__02__能力提升雷達分析報告.docx,TTQS_GPT6_ASTRA_FULL_HANDOFF_20260925/TTQS_GPT6_ASTRA_FULL_HANDOFF_20260925/TTQS_DOCUMENT_FOUNDRY_RUN_ASTRA_20260925/10_STAGING_BUILDER_ONLY/QP004_R0_REBUILD_R06/0101/0101__I18-E08__02__能力提升雷達分析報告.docx,04_全部文件與歷次版本/TTQS_GPT6_ASTRA_FULL_HANDOFF_20260925/14/1345_0101__I18-E08__02__能力提升雷達分析報告.docx,原樣保留；本次尚未確認完成驗收,99097,edd233fc860e5f0b6c488af1f1ea53104df97e1c5b80eaf3a744895cdaf8c314
1346,0025__I04-E04__01__訓練評估與實施標準化作業程序SOP.docx,TTQS_GPT6_ASTRA_FULL_HANDOFF_20260925/TTQS_GPT6_ASTRA_FULL_HANDOFF_20260925/TTQS_DOCUMENT_FOUNDRY_RUN_ASTRA_20260925/10_STAGING_BUILDER_ONLY/QP004_R0_REBUILD_R07/0025/0025__I04-E04__01__訓練評估與實施標準化作業程序SOP.docx,04_全部文件與歷次版本/TTQS_GPT6_ASTRA_FULL_HANDOFF_20260925/14/1346_0025__I04-E04__01__訓練評估與實施標準化作業程序SOP.docx,原樣保留；本次尚未確認完成驗收,48693,d5655659269d249acdc708f2488b694b0cb38f7ab038a12e285763a65e5e8f44
1347,0101__I18-E08__02__能力提升雷達分析報告.docx,TTQS_GPT6_ASTRA_FULL_HANDOFF_20260925/TTQS_GPT6_ASTRA_FULL_HANDOFF_20260925/TTQS_DOCUMENT_FOUNDRY_RUN_ASTRA_20260925/10_STAGING_BUILDER_ONLY/QP004_R0_REBUILD_R07/0101/0101__I18-E08__02__能力提升雷達分析報告.docx,04_全部文件與歷次版本/TTQS_GPT6_ASTRA_FULL_HANDOFF_20260925/14/1347_0101__I18-E08__02__能力提升雷達分析報告.docx,原樣保留；本次尚未確認完成驗收,99101,210e5dc8f00922d79a194af53d54dd8dddef4190abeb7f6eab0f3b32f98d474c
1348,0025__I04-E04__01__訓練評估與實施標準化作業程序SOP.docx,TTQS_GPT6_ASTRA_FULL_HANDOFF_20260925/TTQS_GPT6_ASTRA_FULL_HANDOFF_20260925/TTQS_DOCUMENT_FOUNDRY_RUN_ASTRA_20260925/10_STAGING_BUILDER_ONLY/QP004_R0_REBUILD_R08/0025/0025__I04-E04__01__訓練評估與實施標準化作業程序SOP.docx,04_全部文件與歷次版本/TTQS_GPT6_ASTRA_FULL_HANDOFF_20260925/14/1348_0025__I04-E04__01__訓練評估與實施標準化作業程序SOP.docx,原樣保留；本次尚未確認完成驗收,47136,c4c4ffbf89ed018aa5806499a393fe35b2fb5fac5ae5f13b57c3b2970f3fd7cc
1349,0101__I18-E08__02__能力提升雷達分析報告.docx,TTQS_GPT6_ASTRA_FULL_HANDOFF_20260925/TTQS_GPT6_ASTRA_FULL_HANDOFF_20260925/TTQS_DOCUMENT_FOUNDRY_RUN_ASTRA_20260925/10_STAGING_BUILDER_ONLY/QP004_R0_REBUILD_R08/0101/0101__I18-E08__02__能力提升雷達分析報告.docx,04_全部文件與歷次版本/TTQS_GPT6_ASTRA_FULL_HANDOFF_20260925/14/1349_0101__I18-E08__02__能力提升雷達分析報告.docx,原樣保留；本次尚未確認完成驗收,100605,f4bfb8ecb9bae92f223a1773d42d697ec9357c1c302115a696585f5f65399828
1350,0071__I16-E02__02__異常通報暨CAPA矯正預防紀錄.docx,TTQS_GPT6_ASTRA_FULL_HANDOFF_20260925/TTQS_GPT6_ASTRA_FULL_HANDOFF_20260925/TTQS_DOCUMENT_FOUNDRY_RUN_ASTRA_20260925/10_STAGING_BUILDER_ONLY/QP004_R0_REBUILD_R06_PACKAGE/0071/0071__I16-E02__02__異常通報暨CAPA矯正預防紀錄.docx,04_全部文件與歷次版本/TTQS_GPT6_ASTRA_FULL_HANDOFF_20260925/14/1350_0071__I16-E02__02__異常通報暨CAPA矯正預防紀錄.docx,原樣保留；本次尚未確認完成驗收,46576,cb6d52dbe5a64225e9693e2bc1476c3f4de8dd8d77729df472ddcf9aec66284d
1351,0101__I18-E08__02__能力提升雷達分析報告.docx,TTQS_GPT6_ASTRA_FULL_HANDOFF_20260925/TTQS_GPT6_ASTRA_FULL_HANDOFF_20260925/TTQS_DOCUMENT_FOUNDRY_RUN_ASTRA_20260925/10_STAGING_BUILDER_ONLY/QP004_R0_REBUILD_R09/0101/0101__I18-E08__02__能力提升雷達分析報告.docx,04_全部文件與歷次版本/TTQS_GPT6_ASTRA_FULL_HANDOFF_20260925/14/1351_0101__I18-E08__02__能力提升雷達分析報告.docx,原樣保留；本次尚未確認完成驗收,100652,241a990fa4a4c7f7a2469866ff856e065ce7695d0e664e27c509fdc2192f511c
1352,0101__I18-E08__02__能力提升雷達分析報告.docx,TTQS_GPT6_ASTRA_FULL_HANDOFF_20260925/TTQS_GPT6_ASTRA_FULL_HANDOFF_20260925/TTQS_DOCUMENT_FOUNDRY_RUN_ASTRA_20260925/10_STAGING_BUILDER_ONLY/QP004_R0_REBUILD_R10/0101/0101__I18-E08__02__能力提升雷達分析報告.docx,04_全部文件與歷次版本/TTQS_GPT6_ASTRA_FULL_HANDOFF_20260925/14/1352_0101__I18-E08__02__能力提升雷達分析報告.docx,原樣保留；本次尚未確認完成驗收,101841,c9278bdd4a4b3a67b3312447e352f05ee10dae2b05d849649f851ddce4836f46
1353,0101__I18-E08__02__能力提升雷達分析報告.docx,TTQS_GPT6_ASTRA_FULL_HANDOFF_20260925/TTQS_GPT6_ASTRA_FULL_HANDOFF_20260925/TTQS_DOCUMENT_FOUNDRY_RUN_ASTRA_20260925/10_STAGING_BUILDER_ONLY/QP004_R0_REBUILD_R10_LAYOUT02/0101/0101__I18-E08__02__能力提升雷達分析報告.docx,04_全部文件與歷次版本/TTQS_GPT6_ASTRA_FULL_HANDOFF_20260925/14/1353_0101__I18-E08__02__能力提升雷達分析報告.docx,原樣保留；本次尚未確認完成驗收,102394,f204e1df2fe568a63f7cd52a366b3031f09f18817adc96dd9db4b351ee250621
1354,0001__I01-E01__01__中長程業務發展策略地圖.docx,TTQS_GPT6_ASTRA_FULL_HANDOFF_20260925/TTQS_GPT6_ASTRA_FULL_HANDOFF_20260925/TTQS_DOCUMENT_FOUNDRY_RUN_ASTRA_20260925/20_FROZEN_REVISIONS/0001/R1/0001__I01-E01__01__中長程業務發展策略地圖.docx,04_全部文件與歷次版本/TTQS_GPT6_ASTRA_FULL_HANDOFF_20260925/14/1354_0001__I01-E01__01__中長程業務發展策略地圖.docx,原樣保留；本次尚未確認完成驗收,41535,094178a54e0c18b4331adfd9e969f04ff39dd6b5bbb6d01d74ec75672a671da5
1355,0001__I01-E01__01__中長程業務發展策略地圖.docx,TTQS_GPT6_ASTRA_FULL_HANDOFF_20260925/TTQS_GPT6_ASTRA_FULL_HANDOFF_20260925/TTQS_DOCUMENT_FOUNDRY_RUN_ASTRA_20260925/20_FROZEN_REVISIONS/0001/R2/0001__I01-E01__01__中長程業務發展策略地圖.docx,04_全部文件與歷次版本/TTQS_GPT6_ASTRA_FULL_HANDOFF_20260925/14/1355_0001__I01-E01__01__中長程業務發展策略地圖.docx,原樣保留；本次尚未確認完成驗收,41796,4b620f98cb0b0c912d51ee70fe7f19bac1e3ca0343db264f2766712e30bb2208
1356,0001__I01-E01__01__中長程業務發展策略地圖.docx,TTQS_GPT6_ASTRA_FULL_HANDOFF_20260925/TTQS_GPT6_ASTRA_FULL_HANDOFF_20260925/TTQS_DOCUMENT_FOUNDRY_RUN_ASTRA_20260925/20_FROZEN_REVISIONS/0001/R4/0001__I01-E01__01__中長程業務發展策略地圖.docx,04_全部文件與歷次版本/TTQS_GPT6_ASTRA_FULL_HANDOFF_20260925/14/1356_0001__I01-E01__01__中長程業務發展策略地圖.docx,原樣保留；本次尚未確認完成驗收,45859,a75c70ddca41ead08f6aa35f0b9840a497b2ac4ff8dc1f6423710db64eae796e
1357,0001__I01-E01__01__中長程業務發展策略地圖.docx,TTQS_GPT6_ASTRA_FULL_HANDOFF_20260925/TTQS_GPT6_ASTRA_FULL_HANDOFF_20260925/TTQS_DOCUMENT_FOUNDRY_RUN_ASTRA_20260925/20_FROZEN_REVISIONS/0001/QP004_R4_R11/0001__I01-E01__01__中長程業務發展策略地圖.docx,04_全部文件與歷次版本/TTQS_GPT6_ASTRA_FULL_HANDOFF_20260925/14/1357_0001__I01-E01__01__中長程業務發展策略地圖.docx,原樣保留；本次尚未確認完成驗收,47141,a5afca24a33f0c2e274b95bc449f67eadd75fbc9479f58768e29cd5008caaee6
1358,0002__I01-E01__02__策略因果鏈與三年KPI對照表.docx,TTQS_GPT6_ASTRA_FULL_HANDOFF_20260925/TTQS_GPT6_ASTRA_FULL_HANDOFF_20260925/TTQS_DOCUMENT_FOUNDRY_RUN_ASTRA_20260925/20_FROZEN_REVISIONS/0002/R1/0002__I01-E01__02__策略因果鏈與三年KPI對照表.docx,04_全部文件與歷次版本/TTQS_GPT6_ASTRA_FULL_HANDOFF_20260925/14/1358_0002__I01-E01__02__策略因果鏈與三年KPI對照表.docx,原樣保留；本次尚未確認完成驗收,41057,b6a90714cb1d64296a7c70a6ce26091c29642a152e33de5fc835ace349b7fad3
1359,0002__I01-E01__02__策略因果鏈與三年KPI對照表.docx,TTQS_GPT6_ASTRA_FULL_HANDOFF_20260925/TTQS_GPT6_ASTRA_FULL_HANDOFF_20260925/TTQS_DOCUMENT_FOUNDRY_RUN_ASTRA_20260925/20_FROZEN_REVISIONS/0002/R2/0002__I01-E01__02__策略因果鏈與三年KPI對照表.docx,04_全部文件與歷次版本/TTQS_GPT6_ASTRA_FULL_HANDOFF_20260925/14/1359_0002__I01-E01__02__策略因果鏈與三年KPI對照表.docx,原樣保留；本次尚未確認完成驗收,41398,3756a25ba0c4ba051a247e230e410f824df6dfaacf64a00aab9da870281e98b6
1360,0002__I01-E01__02__策略因果鏈與三年KPI對照表.docx,TTQS_GPT6_ASTRA_FULL_HANDOFF_20260925/TTQS_GPT6_ASTRA_FULL_HANDOFF_20260925/TTQS_DOCUMENT_FOUNDRY_RUN_ASTRA_20260925/20_FROZEN_REVISIONS/0002/R4/0002__I01-E01__02__策略因果鏈與三年KPI對照表.docx,04_全部文件與歷次版本/TTQS_GPT6_ASTRA_FULL_HANDOFF_20260925/14/1360_0002__I01-E01__02__策略因果鏈與三年KPI對照表.docx,原樣保留；本次尚未確認完成驗收,46886,03b1918da66a88cc757634bc9593702b07176f42058ad188faf0e702b3cb50a3
1361,0003__I01-E02__01__目標市場需求調查問卷.docx,TTQS_GPT6_ASTRA_FULL_HANDOFF_20260925/TTQS_GPT6_ASTRA_FULL_HANDOFF_20260925/TTQS_DOCUMENT_FOUNDRY_RUN_ASTRA_20260925/20_FROZEN_REVISIONS/0003/R1/0003__I01-E02__01__目標市場需求調查問卷.docx,04_全部文件與歷次版本/TTQS_GPT6_ASTRA_FULL_HANDOFF_20260925/14/1361_0003__I01-E02__01__目標市場需求調查問卷.docx,原樣保留；本次尚未確認完成驗收,41143,766e0322dbc831c768f36417e31764d9f9ee359d3f7b41916edd162e0aad0f2d
1362,0003__I01-E02__01__目標市場需求調查問卷.docx,TTQS_GPT6_ASTRA_FULL_HANDOFF_20260925/TTQS_GPT6_ASTRA_FULL_HANDOFF_20260925/TTQS_DOCUMENT_FOUNDRY_RUN_ASTRA_20260925/20_FROZEN_REVISIONS/0003/R2/0003__I01-E02__01__目標市場需求調查問卷.docx,04_全部文件與歷次版本/TTQS_GPT6_ASTRA_FULL_HANDOFF_20260925/14/1362_0003__I01-E02__01__目標市場需求調查問卷.docx,原樣保留；本次尚未確認完成驗收,41742,15075dfed264ecbeeaaa62f58bff0805f3ab5730633bd83b9582514577503b51
1363,0004__I01-E02__02__目標市場調查執行與樣本紀錄.docx,TTQS_GPT6_ASTRA_FULL_HANDOFF_20260925/TTQS_GPT6_ASTRA_FULL_HANDOFF_20260925/TTQS_DOCUMENT_FOUNDRY_RUN_ASTRA_20260925/20_FROZEN_REVISIONS/0004/R1/0004__I01-E02__02__目標市場調查執行與樣本紀錄.docx,04_全部文件與歷次版本/TTQS_GPT6_ASTRA_FULL_HANDOFF_20260925/14/1363_0004__I01-E02__02__目標市場調查執行與樣本紀錄.docx,原樣保留；本次尚未確認完成驗收,41069,c593616e0d76d373a88f9c268309ec418f21f7e537c65db524b0742a39957d33
1364,0004__I01-E02__02__目標市場調查執行與樣本紀錄.docx,TTQS_GPT6_ASTRA_FULL_HANDOFF_20260925/TTQS_GPT6_ASTRA_FULL_HANDOFF_20260925/TTQS_DOCUMENT_FOUNDRY_RUN_ASTRA_20260925/20_FROZEN_REVISIONS/0004/R2/0004__I01-E02__02__目標市場調查執行與樣本紀錄.docx,04_全部文件與歷次版本/TTQS_GPT6_ASTRA_FULL_HANDOFF_20260925/14/1364_0004__I01-E02__02__目標市場調查執行與樣本紀錄.docx,原樣保留；本次尚未確認完成驗收,41729,6b0ee2e6fb16ed93389814ae244bc1207ca5b904bdd2f98b58d45e11fd3bfcaf
1365,0004__I01-E02__02__目標市場調查執行與樣本紀錄.docx,TTQS_GPT6_ASTRA_FULL_HANDOFF_20260925/TTQS_GPT6_ASTRA_FULL_HANDOFF_20260925/TTQS_DOCUMENT_FOUNDRY_RUN_ASTRA_20260925/20_FROZEN_REVISIONS/0004/QP004_R0_R01/0004__I01-E02__02__目標市場調查執行與樣本紀錄.docx,04_全部文件與歷次版本/TTQS_GPT6_ASTRA_FULL_HANDOFF_20260925/14/1365_0004__I01-E02__02__目標市場調查執行與樣本紀錄.docx,原樣保留；本次尚未確認完成驗收,50466,7651b96719819cf2ef05ff86246b3d5f06ef895c9cf2d5d4fb3ddebe7430b848
1366,0005__I01-E02__03__目標市場需求分析報告.docx,TTQS_GPT6_ASTRA_FULL_HANDOFF_20260925/TTQS_GPT6_ASTRA_FULL_HANDOFF_20260925/TTQS_DOCUMENT_FOUNDRY_RUN_ASTRA_20260925/20_FROZEN_REVISIONS/0005/R1/0005__I01-E02__03__目標市場需求分析報告.docx,04_全部文件與歷次版本/TTQS_GPT6_ASTRA_FULL_HANDOFF_20260925/14/1366_0005__I01-E02__03__目標市場需求分析報告.docx,原樣保留；本次尚未確認完成驗收,40853,74b07e0214b65a9b0eaf2db34b494cfa187d27b2fb13593f258c8338cc979180
1367,0005__I01-E02__03__目標市場需求分析報告.docx,TTQS_GPT6_ASTRA_FULL_HANDOFF_20260925/TTQS_GPT6_ASTRA_FULL_HANDOFF_20260925/TTQS_DOCUMENT_FOUNDRY_RUN_ASTRA_20260925/20_FROZEN_REVISIONS/0005/R2/0005__I01-E02__03__目標市場需求分析報告.docx,04_全部文件與歷次版本/TTQS_GPT6_ASTRA_FULL_HANDOFF_20260925/14/1367_0005__I01-E02__03__目標市場需求分析報告.docx,原樣保留；本次尚未確認完成驗收,41494,f130c9f0b0510b2fe147482754dbad61243f567df9e4f7707862d93133913b70
1368,0025__I04-E04__01__訓練評估與實施標準化作業程序SOP.docx,TTQS_GPT6_ASTRA_FULL_HANDOFF_20260925/TTQS_GPT6_ASTRA_FULL_HANDOFF_20260925/TTQS_DOCUMENT_FOUNDRY_RUN_ASTRA_20260925/20_FROZEN_REVISIONS/0025/R1/0025__I04-E04__01__訓練評估與實施標準化作業程序SOP.docx,04_全部文件與歷次版本/TTQS_GPT6_ASTRA_FULL_HANDOFF_20260925/14/1368_0025__I04-E04__01__訓練評估與實施標準化作業程序SOP.docx,原樣保留；本次尚未確認完成驗收,41639,7d51a51bdd01e6bf1ae86e488bd9bd9d0466511270201580d7facda5d1205079
1369,0025__I04-E04__01__訓練評估與實施標準化作業程序SOP.docx,TTQS_GPT6_ASTRA_FULL_HANDOFF_20260925/TTQS_GPT6_ASTRA_FULL_HANDOFF_20260925/TTQS_DOCUMENT_FOUNDRY_RUN_ASTRA_20260925/20_FROZEN_REVISIONS/0025/R2/0025__I04-E04__01__訓練評估與實施標準化作業程序SOP.docx,04_全部文件與歷次版本/TTQS_GPT6_ASTRA_FULL_HANDOFF_20260925/14/1369_0025__I04-E04__01__訓練評估與實施標準化作業程序SOP.docx,原樣保留；本次尚未確認完成驗收,41915,ba9c8aa7313615c18b31815aa0813dcf1dca1bc39771043f634300333f52849d
1370,0025__I04-E04__01__訓練評估與實施標準化作業程序SOP.docx,TTQS_GPT6_ASTRA_FULL_HANDOFF_20260925/TTQS_GPT6_ASTRA_FULL_HANDOFF_20260925/TTQS_DOCUMENT_FOUNDRY_RUN_ASTRA_20260925/20_FROZEN_REVISIONS/0025/R4/0025__I04-E04__01__訓練評估與實施標準化作業程序SOP.docx,04_全部文件與歷次版本/TTQS_GPT6_ASTRA_FULL_HANDOFF_20260925/14/1370_0025__I04-E04__01__訓練評估與實施標準化作業程序SOP.docx,原樣保留；本次尚未確認完成驗收,190027,5fde5d83dc94126966eb4324e34841485a26144e9466dd1d3a6fbad0d40334a9
1371,0025__I04-E04__01__訓練評估與實施標準化作業程序SOP.docx,TTQS_GPT6_ASTRA_FULL_HANDOFF_20260925/TTQS_GPT6_ASTRA_FULL_HANDOFF_20260925/TTQS_DOCUMENT_FOUNDRY_RUN_ASTRA_20260925/20_FROZEN_REVISIONS/0025/QP004_R0_R01/0025__I04-E04__01__訓練評估與實施標準化作業程序SOP.docx,04_全部文件與歷次版本/TTQS_GPT6_ASTRA_FULL_HANDOFF_20260925/14/1371_0025__I04-E04__01__訓練評估與實施標準化作業程序SOP.docx,原樣保留；本次尚未確認完成驗收,50552,d965b86e91d340f520a519ed28072575a5d0dd5448aec3a807631aed716d726f
1372,0025__I04-E04__01__訓練評估與實施標準化作業程序SOP.docx,TTQS_GPT6_ASTRA_FULL_HANDOFF_20260925/TTQS_GPT6_ASTRA_FULL_HANDOFF_20260925/TTQS_DOCUMENT_FOUNDRY_RUN_ASTRA_20260925/20_FROZEN_REVISIONS/0025/QP004_R0_R02/0025__I04-E04__01__訓練評估與實施標準化作業程序SOP.docx,04_全部文件與歷次版本/TTQS_GPT6_ASTRA_FULL_HANDOFF_20260925/14/1372_0025__I04-E04__01__訓練評估與實施標準化作業程序SOP.docx,原樣保留；本次尚未確認完成驗收,93522,6cbc3fdd15727294301432d5a98f74c95e37c4256e77a48b2431f096f1287221
1373,0025__I04-E04__01__訓練評估與實施標準化作業程序SOP.docx,TTQS_GPT6_ASTRA_FULL_HANDOFF_20260925/TTQS_GPT6_ASTRA_FULL_HANDOFF_20260925/TTQS_DOCUMENT_FOUNDRY_RUN_ASTRA_20260925/20_FROZEN_REVISIONS/0025/QP004_R0_R03/0025__I04-E04__01__訓練評估與實施標準化作業程序SOP.docx,04_全部文件與歷次版本/TTQS_GPT6_ASTRA_FULL_HANDOFF_20260925/14/1373_0025__I04-E04__01__訓練評估與實施標準化作業程序SOP.docx,原樣保留；本次尚未確認完成驗收,94322,c2c04bd7e84543c77550d6b440e87b3a4b4ef2577043f4e9d166382ff56ea481
1374,0025__I04-E04__01__訓練評估與實施標準化作業程序SOP.docx,TTQS_GPT6_ASTRA_FULL_HANDOFF_20260925/TTQS_GPT6_ASTRA_FULL_HANDOFF_20260925/TTQS_DOCUMENT_FOUNDRY_RUN_ASTRA_20260925/20_FROZEN_REVISIONS/0025/QP004_R0_R04/0025__I04-E04__01__訓練評估與實施標準化作業程序SOP.docx,04_全部文件與歷次版本/TTQS_GPT6_ASTRA_FULL_HANDOFF_20260925/14/1374_0025__I04-E04__01__訓練評估與實施標準化作業程序SOP.docx,原樣保留；本次尚未確認完成驗收,95210,991d10b25715b32aa90c675b49d02f5e0c5cf7f0a929690a541b17ae22c92dbc
1375,0025__I04-E04__01__訓練評估與實施標準化作業程序SOP.docx,TTQS_GPT6_ASTRA_FULL_HANDOFF_20260925/TTQS_GPT6_ASTRA_FULL_HANDOFF_20260925/TTQS_DOCUMENT_FOUNDRY_RUN_ASTRA_20260925/20_FROZEN_REVISIONS/0025/QP004_R0_R05/0025__I04-E04__01__訓練評估與實施標準化作業程序SOP.docx,04_全部文件與歷次版本/TTQS_GPT6_ASTRA_FULL_HANDOFF_20260925/14/1375_0025__I04-E04__01__訓練評估與實施標準化作業程序SOP.docx,原樣保留；本次尚未確認完成驗收,47132,851319dca6ae3af9558c46d7de82fa7acb75ae5cf998ba6cac5fc39738507d8f
1376,0025__I04-E04__01__訓練評估與實施標準化作業程序SOP.docx,TTQS_GPT6_ASTRA_FULL_HANDOFF_20260925/TTQS_GPT6_ASTRA_FULL_HANDOFF_20260925/TTQS_DOCUMENT_FOUNDRY_RUN_ASTRA_20260925/20_FROZEN_REVISIONS/0025/QP004_R0_R06/0025__I04-E04__01__訓練評估與實施標準化作業程序SOP.docx,04_全部文件與歷次版本/TTQS_GPT6_ASTRA_FULL_HANDOFF_20260925/14/1376_0025__I04-E04__01__訓練評估與實施標準化作業程序SOP.docx,原樣保留；本次尚未確認完成驗收,46212,28e358c58985d8b7cb0fbdc78fddd3bea30f7a727c55bc65f8efddca0e160b1f
1377,0025__I04-E04__01__訓練評估與實施標準化作業程序SOP.docx,TTQS_GPT6_ASTRA_FULL_HANDOFF_20260925/TTQS_GPT6_ASTRA_FULL_HANDOFF_20260925/TTQS_DOCUMENT_FOUNDRY_RUN_ASTRA_20260925/20_FROZEN_REVISIONS/0025/QP004_R0_R07/0025__I04-E04__01__訓練評估與實施標準化作業程序SOP.docx,04_全部文件與歷次版本/TTQS_GPT6_ASTRA_FULL_HANDOFF_20260925/14/1377_0025__I04-E04__01__訓練評估與實施標準化作業程序SOP.docx,原樣保留；本次尚未確認完成驗收,48693,d5655659269d249acdc708f2488b694b0cb38f7ab038a12e285763a65e5e8f44
1378,0025__I04-E04__01__訓練評估與實施標準化作業程序SOP.docx,TTQS_GPT6_ASTRA_FULL_HANDOFF_20260925/TTQS_GPT6_ASTRA_FULL_HANDOFF_20260925/TTQS_DOCUMENT_FOUNDRY_RUN_ASTRA_20260925/20_FROZEN_REVISIONS/0025/QP004_R0_R08/0025__I04-E04__01__訓練評估與實施標準化作業程序SOP.docx,04_全部文件與歷次版本/TTQS_GPT6_ASTRA_FULL_HANDOFF_20260925/14/1378_0025__I04-E04__01__訓練評估與實施標準化作業程序SOP.docx,原樣保留；本次尚未確認完成驗收,47136,c4c4ffbf89ed018aa5806499a393fe35b2fb5fac5ae5f13b57c3b2970f3fd7cc
1379,0036__I07-E04__01__課程設計進度流程及規劃書.docx,TTQS_GPT6_ASTRA_FULL_HANDOFF_20260925/TTQS_GPT6_ASTRA_FULL_HANDOFF_20260925/TTQS_DOCUMENT_FOUNDRY_RUN_ASTRA_20260925/20_FROZEN_REVISIONS/0036/R1/0036__I07-E04__01__課程設計進度流程及規劃書.docx,04_全部文件與歷次版本/TTQS_GPT6_ASTRA_FULL_HANDOFF_20260925/14/1379_0036__I07-E04__01__課程設計進度流程及規劃書.docx,原樣保留；本次尚未確認完成驗收,41628,fb59a37c2c87a22eeee5615b363c41156f7ad0fc8686030e27aed4ff4df8ac5b
1380,0036__I07-E04__01__課程設計進度流程及規劃書.docx,TTQS_GPT6_ASTRA_FULL_HANDOFF_20260925/TTQS_GPT6_ASTRA_FULL_HANDOFF_20260925/TTQS_DOCUMENT_FOUNDRY_RUN_ASTRA_20260925/20_FROZEN_REVISIONS/0036/R2/0036__I07-E04__01__課程設計進度流程及規劃書.docx,04_全部文件與歷次版本/TTQS_GPT6_ASTRA_FULL_HANDOFF_20260925/14/1380_0036__I07-E04__01__課程設計進度流程及規劃書.docx,原樣保留；本次尚未確認完成驗收,42338,9acd260614cef9b3e80b69f62de232ea5081ccbf6f5eed755bae69b37d333412
1381,0039__I08-E03__01__課程規劃與設計審查會議紀錄.docx,TTQS_GPT6_ASTRA_FULL_HANDOFF_20260925/TTQS_GPT6_ASTRA_FULL_HANDOFF_20260925/TTQS_DOCUMENT_FOUNDRY_RUN_ASTRA_20260925/20_FROZEN_REVISIONS/0039/R1/0039__I08-E03__01__課程規劃與設計審查會議紀錄.docx,04_全部文件與歷次版本/TTQS_GPT6_ASTRA_FULL_HANDOFF_20260925/14/1381_0039__I08-E03__01__課程規劃與設計審查會議紀錄.docx,原樣保留；本次尚未確認完成驗收,41233,4443966f7e6aa0f1f7a3814f99c8113097e935f1ce6bb3044230d08a393a13bc
1382,0039__I08-E03__01__課程規劃與設計審查會議紀錄.docx,TTQS_GPT6_ASTRA_FULL_HANDOFF_20260925/TTQS_GPT6_ASTRA_FULL_HANDOFF_20260925/TTQS_DOCUMENT_FOUNDRY_RUN_ASTRA_20260925/20_FROZEN_REVISIONS/0039/R2/0039__I08-E03__01__課程規劃與設計審查會議紀錄.docx,04_全部文件與歷次版本/TTQS_GPT6_ASTRA_FULL_HANDOFF_20260925/14/1382_0039__I08-E03__01__課程規劃與設計審查會議紀錄.docx,原樣保留；本次尚未確認完成驗收,42000,70d7470896d76dbd6117ebdb909a4720cada0dcb3ec7412eb63075d8abe21f01
1383,0040__I08-E03__02__訓練評估方法與成效指標對照表.docx,TTQS_GPT6_ASTRA_FULL_HANDOFF_20260925/TTQS_GPT6_ASTRA_FULL_HANDOFF_20260925/TTQS_DOCUMENT_FOUNDRY_RUN_ASTRA_20260925/20_FROZEN_REVISIONS/0040/R1/0040__I08-E03__02__訓練評估方法與成效指標對照表.docx,04_全部文件與歷次版本/TTQS_GPT6_ASTRA_FULL_HANDOFF_20260925/14/1383_0040__I08-E03__02__訓練評估方法與成效指標對照表.docx,原樣保留；本次尚未確認完成驗收,41315,69f15586880cc9918a788c8bb20861ca7b51db9505b490250811aea0e2ed0dbb
1384,0040__I08-E03__02__訓練評估方法與成效指標對照表.docx,TTQS_GPT6_ASTRA_FULL_HANDOFF_20260925/TTQS_GPT6_ASTRA_FULL_HANDOFF_20260925/TTQS_DOCUMENT_FOUNDRY_RUN_ASTRA_20260925/20_FROZEN_REVISIONS/0040/R2/0040__I08-E03__02__訓練評估方法與成效指標對照表.docx,04_全部文件與歷次版本/TTQS_GPT6_ASTRA_FULL_HANDOFF_20260925/14/1384_0040__I08-E03__02__訓練評估方法與成效指標對照表.docx,原樣保留；本次尚未確認完成驗收,42060,6d4436b0221c73dd796052a6f5e15758a94947fb2dd5af8106d6720355dfdd32
1385,0040__I08-E03__02__訓練評估方法與成效指標對照表.docx,TTQS_GPT6_ASTRA_FULL_HANDOFF_20260925/TTQS_GPT6_ASTRA_FULL_HANDOFF_20260925/TTQS_DOCUMENT_FOUNDRY_RUN_ASTRA_20260925/20_FROZEN_REVISIONS/0040/QP004_R0_R01/0040__I08-E03__02__訓練評估方法與成效指標對照表.docx,04_全部文件與歷次版本/TTQS_GPT6_ASTRA_FULL_HANDOFF_20260925/14/1385_0040__I08-E03__02__訓練評估方法與成效指標對照表.docx,原樣保留；本次尚未確認完成驗收,50302,d4fcbf71afab0e6441e222a36fcc7fe0adc262cd4b7febb732b8ee1b12bac57f
1386,0040__I08-E03__02__訓練評估方法與成效指標對照表.docx,TTQS_GPT6_ASTRA_FULL_HANDOFF_20260925/TTQS_GPT6_ASTRA_FULL_HANDOFF_20260925/TTQS_DOCUMENT_FOUNDRY_RUN_ASTRA_20260925/20_FROZEN_REVISIONS/0040/QP004_R0_R02/0040__I08-E03__02__訓練評估方法與成效指標對照表.docx,04_全部文件與歷次版本/TTQS_GPT6_ASTRA_FULL_HANDOFF_20260925/14/1386_0040__I08-E03__02__訓練評估方法與成效指標對照表.docx,原樣保留；本次尚未確認完成驗收,44224,36fa8355d1fe08db6807873cd909518910100371502f8a45bced0a72c6f1ceef
1387,0040__I08-E03__02__訓練評估方法與成效指標對照表.docx,TTQS_GPT6_ASTRA_FULL_HANDOFF_20260925/TTQS_GPT6_ASTRA_FULL_HANDOFF_20260925/TTQS_DOCUMENT_FOUNDRY_RUN_ASTRA_20260925/20_FROZEN_REVISIONS/0040/QP004_R0_R03/0040__I08-E03__02__訓練評估方法與成效指標對照表.docx,04_全部文件與歷次版本/TTQS_GPT6_ASTRA_FULL_HANDOFF_20260925/14/1387_0040__I08-E03__02__訓練評估方法與成效指標對照表.docx,原樣保留；本次尚未確認完成驗收,47272,848183f86eeb5deca326a2e73fee2c672f320d16499c5bc641829c823a2bc9e1
1388,0045__I10-E01__01__訓練資源採購與甄選管理辦法.docx,TTQS_GPT6_ASTRA_FULL_HANDOFF_20260925/TTQS_GPT6_ASTRA_FULL_HANDOFF_20260925/TTQS_DOCUMENT_FOUNDRY_RUN_ASTRA_20260925/20_FROZEN_REVISIONS/0045/R1/0045__I10-E01__01__訓練資源採購與甄選管理辦法.docx,04_全部文件與歷次版本/TTQS_GPT6_ASTRA_FULL_HANDOFF_20260925/14/1388_0045__I10-E01__01__訓練資源採購與甄選管理辦法.docx,原樣保留；本次尚未確認完成驗收,41157,264cb2c14d710782acc3594d5db0994caebb40f1f5fd25bf8cfd293567219327
1389,0045__I10-E01__01__訓練資源採購與甄選管理辦法.docx,TTQS_GPT6_ASTRA_FULL_HANDOFF_20260925/TTQS_GPT6_ASTRA_FULL_HANDOFF_20260925/TTQS_DOCUMENT_FOUNDRY_RUN_ASTRA_20260925/20_FROZEN_REVISIONS/0045/R2/0045__I10-E01__01__訓練資源採購與甄選管理辦法.docx,04_全部文件與歷次版本/TTQS_GPT6_ASTRA_FULL_HANDOFF_20260925/14/1389_0045__I10-E01__01__訓練資源採購與甄選管理辦法.docx,原樣保留；本次尚未確認完成驗收,41314,a6db1e8dc8a1044140838c45ddb6c743aac79fcbe696e85a2ac8a6d97dd9b66c
1390,0045__I10-E01__01__訓練資源採購與甄選管理辦法.docx,TTQS_GPT6_ASTRA_FULL_HANDOFF_20260925/TTQS_GPT6_ASTRA_FULL_HANDOFF_20260925/TTQS_DOCUMENT_FOUNDRY_RUN_ASTRA_20260925/20_FROZEN_REVISIONS/0045/QP004_R0_R01/0045__I10-E01__01__訓練資源採購與甄選管理辦法.docx,04_全部文件與歷次版本/TTQS_GPT6_ASTRA_FULL_HANDOFF_20260925/14/1390_0045__I10-E01__01__訓練資源採購與甄選管理辦法.docx,原樣保留；本次尚未確認完成驗收,52726,ca158c57aa6d0ab0e7ef075590a71080dc3bcc9651d643649825c684e78cb476
1391,0046__I10-E01__02__師資教材廠商評選紀錄表.docx,TTQS_GPT6_ASTRA_FULL_HANDOFF_20260925/TTQS_GPT6_ASTRA_FULL_HANDOFF_20260925/TTQS_DOCUMENT_FOUNDRY_RUN_ASTRA_20260925/20_FROZEN_REVISIONS/0046/R1/0046__I10-E01__02__師資教材廠商評選紀錄表.docx,04_全部文件與歷次版本/TTQS_GPT6_ASTRA_FULL_HANDOFF_20260925/14/1391_0046__I10-E01__02__師資教材廠商評選紀錄表.docx,原樣保留；本次尚未確認完成驗收,41234,4667bfd5c132ce082e2c05c0f541ab47ec8261c3617e22bcdfe438e9e45d3901
1392,0046__I10-E01__02__師資教材廠商評選紀錄表.docx,TTQS_GPT6_ASTRA_FULL_HANDOFF_20260925/TTQS_GPT6_ASTRA_FULL_HANDOFF_20260925/TTQS_DOCUMENT_FOUNDRY_RUN_ASTRA_20260925/20_FROZEN_REVISIONS/0046/R2/0046__I10-E01__02__師資教材廠商評選紀錄表.docx,04_全部文件與歷次版本/TTQS_GPT6_ASTRA_FULL_HANDOFF_20260925/14/1392_0046__I10-E01__02__師資教材廠商評選紀錄表.docx,原樣保留；本次尚未確認完成驗收,41365,4bab2042278acfa700f52bbf19096749d3c2a9cd4f44a8af60c16296afed3bbb
1393,0066__I15-E02__01__訓練班級完整結案報告.docx,TTQS_GPT6_ASTRA_FULL_HANDOFF_20260925/TTQS_GPT6_ASTRA_FULL_HANDOFF_20260925/TTQS_DOCUMENT_FOUNDRY_RUN_ASTRA_20260925/20_FROZEN_REVISIONS/0066/R1/0066__I15-E02__01__訓練班級完整結案報告.docx,04_全部文件與歷次版本/TTQS_GPT6_ASTRA_FULL_HANDOFF_20260925/14/1393_0066__I15-E02__01__訓練班級完整結案報告.docx,原樣保留；本次尚未確認完成驗收,42020,c9a9d5b37341ab3dbf203a7fa2639757c65da338764af54f679ab08c6c69c9e0
1394,0066__I15-E02__01__訓練班級完整結案報告.docx,TTQS_GPT6_ASTRA_FULL_HANDOFF_20260925/TTQS_GPT6_ASTRA_FULL_HANDOFF_20260925/TTQS_DOCUMENT_FOUNDRY_RUN_ASTRA_20260925/20_FROZEN_REVISIONS/0066/R2/0066__I15-E02__01__訓練班級完整結案報告.docx,04_全部文件與歷次版本/TTQS_GPT6_ASTRA_FULL_HANDOFF_20260925/14/1394_0066__I15-E02__01__訓練班級完整結案報告.docx,原樣保留；本次尚未確認完成驗收,42728,86ef21e9b4506a0cf5067d617a7a78d51483991a07f5a36f65c2d1822bae3e41
1395,0066__I15-E02__01__訓練班級完整結案報告__R4.docx,TTQS_GPT6_ASTRA_FULL_HANDOFF_20260925/TTQS_GPT6_ASTRA_FULL_HANDOFF_20260925/TTQS_DOCUMENT_FOUNDRY_RUN_ASTRA_20260925/20_FROZEN_REVISIONS/0066/R4/0066__I15-E02__01__訓練班級完整結案報告__R4.docx,04_全部文件與歷次版本/TTQS_GPT6_ASTRA_FULL_HANDOFF_20260925/14/1395_0066__I15-E02__01__訓練班級完整結案報告__R4.docx,原樣保留；本次尚未確認完成驗收,104673,25ab73f2d0bc28db2b43f4aeb2f5a10da365b673abc2226700446736bf732355
1396,0066__I15-E02__01__訓練班級完整結案報告.docx,TTQS_GPT6_ASTRA_FULL_HANDOFF_20260925/TTQS_GPT6_ASTRA_FULL_HANDOFF_20260925/TTQS_DOCUMENT_FOUNDRY_RUN_ASTRA_20260925/20_FROZEN_REVISIONS/0066/QP004_R0_R01/0066__I15-E02__01__訓練班級完整結案報告.docx,04_全部文件與歷次版本/TTQS_GPT6_ASTRA_FULL_HANDOFF_20260925/14/1396_0066__I15-E02__01__訓練班級完整結案報告.docx,原樣保留；本次尚未確認完成驗收,57707,a94983b0a38fa350a2a8e759477aa62ebce35f8d973391d29c07c6dca8e4357c
1397,0070__I16-E02__01__訓練異常處理程序與工具.docx,TTQS_GPT6_ASTRA_FULL_HANDOFF_20260925/TTQS_GPT6_ASTRA_FULL_HANDOFF_20260925/TTQS_DOCUMENT_FOUNDRY_RUN_ASTRA_20260925/20_FROZEN_REVISIONS/0070/R1/0070__I16-E02__01__訓練異常處理程序與工具.docx,04_全部文件與歷次版本/TTQS_GPT6_ASTRA_FULL_HANDOFF_20260925/14/1397_0070__I16-E02__01__訓練異常處理程序與工具.docx,原樣保留；本次尚未確認完成驗收,41000,020373925a916668dc537d6487374d96a309cffb3c5d247cd1dc478034d75ff0
1398,0070__I16-E02__01__訓練異常處理程序與工具.docx,TTQS_GPT6_ASTRA_FULL_HANDOFF_20260925/TTQS_GPT6_ASTRA_FULL_HANDOFF_20260925/TTQS_DOCUMENT_FOUNDRY_RUN_ASTRA_20260925/20_FROZEN_REVISIONS/0070/R2/0070__I16-E02__01__訓練異常處理程序與工具.docx,04_全部文件與歷次版本/TTQS_GPT6_ASTRA_FULL_HANDOFF_20260925/14/1398_0070__I16-E02__01__訓練異常處理程序與工具.docx,原樣保留；本次尚未確認完成驗收,41225,80324913731eb38ab2c1783884a7a8a9fdf4f80ba189bace53712cb762dc6fc1
1399,0071__I16-E02__02__異常通報暨CAPA矯正預防紀錄.docx,TTQS_GPT6_ASTRA_FULL_HANDOFF_20260925/TTQS_GPT6_ASTRA_FULL_HANDOFF_20260925/TTQS_DOCUMENT_FOUNDRY_RUN_ASTRA_20260925/20_FROZEN_REVISIONS/0071/R1/0071__I16-E02__02__異常通報暨CAPA矯正預防紀錄.docx,04_全部文件與歷次版本/TTQS_GPT6_ASTRA_FULL_HANDOFF_20260925/14/1399_0071__I16-E02__02__異常通報暨CAPA矯正預防紀錄.docx,原樣保留；本次尚未確認完成驗收,41016,953aeaf5d730d201bf80c96183b8f08d911bdff54c3ca54b5596d262c66b32c6
1400,0071__I16-E02__02__異常通報暨CAPA矯正預防紀錄.docx,TTQS_GPT6_ASTRA_FULL_HANDOFF_20260925/TTQS_GPT6_ASTRA_FULL_HANDOFF_20260925/TTQS_DOCUMENT_FOUNDRY_RUN_ASTRA_20260925/20_FROZEN_REVISIONS/0071/R2/0071__I16-E02__02__異常通報暨CAPA矯正預防紀錄.docx,04_全部文件與歷次版本/TTQS_GPT6_ASTRA_FULL_HANDOFF_20260925/14/1400_0071__I16-E02__02__異常通報暨CAPA矯正預防紀錄.docx,原樣保留；本次尚未確認完成驗收,41224,4f79556e914057213d3b95c989d12962de9cf9b973c3a79dbc3dcb1175740dad
1401,0071__I16-E02__02__異常通報暨CAPA矯正預防紀錄.docx,TTQS_GPT6_ASTRA_FULL_HANDOFF_20260925/TTQS_GPT6_ASTRA_FULL_HANDOFF_20260925/TTQS_DOCUMENT_FOUNDRY_RUN_ASTRA_20260925/20_FROZEN_REVISIONS/0071/QP004_R0_R01/0071__I16-E02__02__異常通報暨CAPA矯正預防紀錄.docx,04_全部文件與歷次版本/TTQS_GPT6_ASTRA_FULL_HANDOFF_20260925/15/1401_0071__I16-E02__02__異常通報暨CAPA矯正預防紀錄.docx,原樣保留；本次尚未確認完成驗收,48720,d0e3c545e0613b74f3049ad0f97fa764a75e0603b1df7433d3a7597bde23ff73
1402,0071__I16-E02__02__異常通報暨CAPA矯正預防紀錄.docx,TTQS_GPT6_ASTRA_FULL_HANDOFF_20260925/TTQS_GPT6_ASTRA_FULL_HANDOFF_20260925/TTQS_DOCUMENT_FOUNDRY_RUN_ASTRA_20260925/20_FROZEN_REVISIONS/0071/QP004_R0_R02/0071__I16-E02__02__異常通報暨CAPA矯正預防紀錄.docx,04_全部文件與歷次版本/TTQS_GPT6_ASTRA_FULL_HANDOFF_20260925/15/1402_0071__I16-E02__02__異常通報暨CAPA矯正預防紀錄.docx,原樣保留；本次尚未確認完成驗收,46412,c554a1658465c058616333d4aed26f8161fa406e7967f516a9ee067c9da34d81
1403,0071__I16-E02__02__異常通報暨CAPA矯正預防紀錄.docx,TTQS_GPT6_ASTRA_FULL_HANDOFF_20260925/TTQS_GPT6_ASTRA_FULL_HANDOFF_20260925/TTQS_DOCUMENT_FOUNDRY_RUN_ASTRA_20260925/20_FROZEN_REVISIONS/0071/QP004_R0_R03/0071__I16-E02__02__異常通報暨CAPA矯正預防紀錄.docx,04_全部文件與歷次版本/TTQS_GPT6_ASTRA_FULL_HANDOFF_20260925/15/1403_0071__I16-E02__02__異常通報暨CAPA矯正預防紀錄.docx,原樣保留；本次尚未確認完成驗收,46525,f71b92b5197165d9145120d75f9064e99e3ab8461eaede80fe3e6f6a2689fad6
1404,0071__I16-E02__02__異常通報暨CAPA矯正預防紀錄.docx,TTQS_GPT6_ASTRA_FULL_HANDOFF_20260925/TTQS_GPT6_ASTRA_FULL_HANDOFF_20260925/TTQS_DOCUMENT_FOUNDRY_RUN_ASTRA_20260925/20_FROZEN_REVISIONS/0071/QP004_R0_R04/0071__I16-E02__02__異常通報暨CAPA矯正預防紀錄.docx,04_全部文件與歷次版本/TTQS_GPT6_ASTRA_FULL_HANDOFF_20260925/15/1404_0071__I16-E02__02__異常通報暨CAPA矯正預防紀錄.docx,原樣保留；本次尚未確認完成驗收,46523,bd8eda0bcc4a52bacaeb1039bbff7432faa3bdff44aee8df660e0cc088a279ce
1405,0071__I16-E02__02__異常通報暨CAPA矯正預防紀錄.docx,TTQS_GPT6_ASTRA_FULL_HANDOFF_20260925/TTQS_GPT6_ASTRA_FULL_HANDOFF_20260925/TTQS_DOCUMENT_FOUNDRY_RUN_ASTRA_20260925/20_FROZEN_REVISIONS/0071/QP004_R0_R05/0071__I16-E02__02__異常通報暨CAPA矯正預防紀錄.docx,04_全部文件與歷次版本/TTQS_GPT6_ASTRA_FULL_HANDOFF_20260925/15/1405_0071__I16-E02__02__異常通報暨CAPA矯正預防紀錄.docx,原樣保留；本次尚未確認完成驗收,46576,cb6d52dbe5a64225e9693e2bc1476c3f4de8dd8d77729df472ddcf9aec66284d
1406,0071__I16-E02__02__異常通報暨CAPA矯正預防紀錄.docx,TTQS_GPT6_ASTRA_FULL_HANDOFF_20260925/TTQS_GPT6_ASTRA_FULL_HANDOFF_20260925/TTQS_DOCUMENT_FOUNDRY_RUN_ASTRA_20260925/20_FROZEN_REVISIONS/0071/QP004_R0_R06/0071__I16-E02__02__異常通報暨CAPA矯正預防紀錄.docx,04_全部文件與歷次版本/TTQS_GPT6_ASTRA_FULL_HANDOFF_20260925/15/1406_0071__I16-E02__02__異常通報暨CAPA矯正預防紀錄.docx,原樣保留；本次尚未確認完成驗收,46576,cb6d52dbe5a64225e9693e2bc1476c3f4de8dd8d77729df472ddcf9aec66284d
1407,0076__I17B-E01__01__指標17b_考試暨實作評量紀錄.docx,TTQS_GPT6_ASTRA_FULL_HANDOFF_20260925/TTQS_GPT6_ASTRA_FULL_HANDOFF_20260925/TTQS_DOCUMENT_FOUNDRY_RUN_ASTRA_20260925/20_FROZEN_REVISIONS/0076/R1/0076__I17B-E01__01__指標17b_考試暨實作評量紀錄.docx,04_全部文件與歷次版本/TTQS_GPT6_ASTRA_FULL_HANDOFF_20260925/15/1407_0076__I17B-E01__01__指標17b_考試暨實作評量紀錄.docx,原樣保留；本次尚未確認完成驗收,41133,30b663c7697ae3add972d50b91f4cc227a933b5226fcbd805b2383e335a6cb1f
1408,0076__I17B-E01__01__指標17b_考試暨實作評量紀錄.docx,TTQS_GPT6_ASTRA_FULL_HANDOFF_20260925/TTQS_GPT6_ASTRA_FULL_HANDOFF_20260925/TTQS_DOCUMENT_FOUNDRY_RUN_ASTRA_20260925/20_FROZEN_REVISIONS/0076/R2/0076__I17B-E01__01__指標17b_考試暨實作評量紀錄.docx,04_全部文件與歷次版本/TTQS_GPT6_ASTRA_FULL_HANDOFF_20260925/15/1408_0076__I17B-E01__01__指標17b_考試暨實作評量紀錄.docx,原樣保留；本次尚未確認完成驗收,41625,c6539759db74909eda7eff286ea10b9841d684b180b2d29bbad8a4fc94cb0545
1409,0077__I17B-E01__02__指標17b_學員學習心得報告.docx,TTQS_GPT6_ASTRA_FULL_HANDOFF_20260925/TTQS_GPT6_ASTRA_FULL_HANDOFF_20260925/TTQS_DOCUMENT_FOUNDRY_RUN_ASTRA_20260925/20_FROZEN_REVISIONS/0077/R1/0077__I17B-E01__02__指標17b_學員學習心得報告.docx,04_全部文件與歷次版本/TTQS_GPT6_ASTRA_FULL_HANDOFF_20260925/15/1409_0077__I17B-E01__02__指標17b_學員學習心得報告.docx,原樣保留；本次尚未確認完成驗收,40901,ea56007ffd7af32d9865827859d214998210c81da78fa728918f85262e4a3dfa
1410,0077__I17B-E01__02__指標17b_學員學習心得報告.docx,TTQS_GPT6_ASTRA_FULL_HANDOFF_20260925/TTQS_GPT6_ASTRA_FULL_HANDOFF_20260925/TTQS_DOCUMENT_FOUNDRY_RUN_ASTRA_20260925/20_FROZEN_REVISIONS/0077/R2/0077__I17B-E01__02__指標17b_學員學習心得報告.docx,04_全部文件與歷次版本/TTQS_GPT6_ASTRA_FULL_HANDOFF_20260925/15/1410_0077__I17B-E01__02__指標17b_學員學習心得報告.docx,原樣保留；本次尚未確認完成驗收,41395,72e361505663e4d50ed0346ae81f450e1dd6c5cf6d1474e8b0d9794a04daf8f6
1411,0078__I17B-E01__03__指標17b_課程照片暨活動紀錄表.docx,TTQS_GPT6_ASTRA_FULL_HANDOFF_20260925/TTQS_GPT6_ASTRA_FULL_HANDOFF_20260925/TTQS_DOCUMENT_FOUNDRY_RUN_ASTRA_20260925/20_FROZEN_REVISIONS/0078/R1/0078__I17B-E01__03__指標17b_課程照片暨活動紀錄表.docx,04_全部文件與歷次版本/TTQS_GPT6_ASTRA_FULL_HANDOFF_20260925/15/1411_0078__I17B-E01__03__指標17b_課程照片暨活動紀錄表.docx,原樣保留；本次尚未確認完成驗收,41037,6588621f86ad83f9ff243b5167a303b04cdc45becbd87b166f2b8fe312175e72
1412,0078__I17B-E01__03__指標17b_課程照片暨活動紀錄表.docx,TTQS_GPT6_ASTRA_FULL_HANDOFF_20260925/TTQS_GPT6_ASTRA_FULL_HANDOFF_20260925/TTQS_DOCUMENT_FOUNDRY_RUN_ASTRA_20260925/20_FROZEN_REVISIONS/0078/R2/0078__I17B-E01__03__指標17b_課程照片暨活動紀錄表.docx,04_全部文件與歷次版本/TTQS_GPT6_ASTRA_FULL_HANDOFF_20260925/15/1412_0078__I17B-E01__03__指標17b_課程照片暨活動紀錄表.docx,原樣保留；本次尚未確認完成驗收,41513,ac3754faec84dcc73e1bc3c5a9485db6791ad22e20f8abff30e6260295f4785f
1413,0079__I17B-E01__04__指標17b_訓後學員職涯規劃建議表.docx,TTQS_GPT6_ASTRA_FULL_HANDOFF_20260925/TTQS_GPT6_ASTRA_FULL_HANDOFF_20260925/TTQS_DOCUMENT_FOUNDRY_RUN_ASTRA_20260925/20_FROZEN_REVISIONS/0079/R1/0079__I17B-E01__04__指標17b_訓後學員職涯規劃建議表.docx,04_全部文件與歷次版本/TTQS_GPT6_ASTRA_FULL_HANDOFF_20260925/15/1413_0079__I17B-E01__04__指標17b_訓後學員職涯規劃建議表.docx,原樣保留；本次尚未確認完成驗收,40927,dad4c2a2c3f2655e39b6f71890ca491bac54d0af4f2c39184c51e90f0fa57c62
1414,0079__I17B-E01__04__指標17b_訓後學員職涯規劃建議表.docx,TTQS_GPT6_ASTRA_FULL_HANDOFF_20260925/TTQS_GPT6_ASTRA_FULL_HANDOFF_20260925/TTQS_DOCUMENT_FOUNDRY_RUN_ASTRA_20260925/20_FROZEN_REVISIONS/0079/R2/0079__I17B-E01__04__指標17b_訓後學員職涯規劃建議表.docx,04_全部文件與歷次版本/TTQS_GPT6_ASTRA_FULL_HANDOFF_20260925/15/1414_0079__I17B-E01__04__指標17b_訓後學員職涯規劃建議表.docx,原樣保留；本次尚未確認完成驗收,41413,6d12f1607ab77b4cbc9933b2e549783f8ac604f6e55f7553d0a3e1c42836964e
1415,0087__I17D-E01__01__訓後成果追蹤調查表.docx,TTQS_GPT6_ASTRA_FULL_HANDOFF_20260925/TTQS_GPT6_ASTRA_FULL_HANDOFF_20260925/TTQS_DOCUMENT_FOUNDRY_RUN_ASTRA_20260925/20_FROZEN_REVISIONS/0087/R1/0087__I17D-E01__01__訓後成果追蹤調查表.docx,04_全部文件與歷次版本/TTQS_GPT6_ASTRA_FULL_HANDOFF_20260925/15/1415_0087__I17D-E01__01__訓後成果追蹤調查表.docx,原樣保留；本次尚未確認完成驗收,41122,736c103c97be1f86e7fdd5a4fc9fbdf408be8134a3948f37bffbd45eee34f66a
1416,0087__I17D-E01__01__訓後成果追蹤調查表.docx,TTQS_GPT6_ASTRA_FULL_HANDOFF_20260925/TTQS_GPT6_ASTRA_FULL_HANDOFF_20260925/TTQS_DOCUMENT_FOUNDRY_RUN_ASTRA_20260925/20_FROZEN_REVISIONS/0087/R2/0087__I17D-E01__01__訓後成果追蹤調查表.docx,04_全部文件與歷次版本/TTQS_GPT6_ASTRA_FULL_HANDOFF_20260925/15/1416_0087__I17D-E01__01__訓後成果追蹤調查表.docx,原樣保留；本次尚未確認完成驗收,41599,07d6effa4a3872ec8f5ecee453115dd7b2b5b36c5eb71beb6064e60f92e952bc
1417,0092__I17D-E06__01__第三方感謝函索取稿與證據驗證登錄表.docx,TTQS_GPT6_ASTRA_FULL_HANDOFF_20260925/TTQS_GPT6_ASTRA_FULL_HANDOFF_20260925/TTQS_DOCUMENT_FOUNDRY_RUN_ASTRA_20260925/20_FROZEN_REVISIONS/0092/R1/0092__I17D-E06__01__第三方感謝函索取稿與證據驗證登錄表.docx,04_全部文件與歷次版本/TTQS_GPT6_ASTRA_FULL_HANDOFF_20260925/15/1417_0092__I17D-E06__01__第三方感謝函索取稿與證據驗證登錄表.docx,原樣保留；本次尚未確認完成驗收,40925,d871789cbcac25f6acadfc4c2a5920035ee6714e69a2983e686f7a49574dba37
1418,0092__I17D-E06__01__第三方感謝函索取稿與證據驗證登錄表.docx,TTQS_GPT6_ASTRA_FULL_HANDOFF_20260925/TTQS_GPT6_ASTRA_FULL_HANDOFF_20260925/TTQS_DOCUMENT_FOUNDRY_RUN_ASTRA_20260925/20_FROZEN_REVISIONS/0092/R2/0092__I17D-E06__01__第三方感謝函索取稿與證據驗證登錄表.docx,04_全部文件與歷次版本/TTQS_GPT6_ASTRA_FULL_HANDOFF_20260925/15/1418_0092__I17D-E06__01__第三方感謝函索取稿與證據驗證登錄表.docx,原樣保留；本次尚未確認完成驗收,41055,361cbf30ce27291c15dd9786e023c0b7cf4b6b90b51032461e27daa490399000
1419,0100__I18-E08__01__學員培訓前後自我評量表.docx,TTQS_GPT6_ASTRA_FULL_HANDOFF_20260925/TTQS_GPT6_ASTRA_FULL_HANDOFF_20260925/TTQS_DOCUMENT_FOUNDRY_RUN_ASTRA_20260925/20_FROZEN_REVISIONS/0100/R1/0100__I18-E08__01__學員培訓前後自我評量表.docx,04_全部文件與歷次版本/TTQS_GPT6_ASTRA_FULL_HANDOFF_20260925/15/1419_0100__I18-E08__01__學員培訓前後自我評量表.docx,原樣保留；本次尚未確認完成驗收,41128,21aec0de247c9b0b164cdd8cbde93b5583844c2b437510141a6451e8c184a7be
1420,0100__I18-E08__01__學員培訓前後自我評量表.docx,TTQS_GPT6_ASTRA_FULL_HANDOFF_20260925/TTQS_GPT6_ASTRA_FULL_HANDOFF_20260925/TTQS_DOCUMENT_FOUNDRY_RUN_ASTRA_20260925/20_FROZEN_REVISIONS/0100/R2/0100__I18-E08__01__學員培訓前後自我評量表.docx,04_全部文件與歷次版本/TTQS_GPT6_ASTRA_FULL_HANDOFF_20260925/15/1420_0100__I18-E08__01__學員培訓前後自我評量表.docx,原樣保留；本次尚未確認完成驗收,41381,75d13f27e6b2a197ae06a0ebc22a293acc45609aeb80012e694b713aa500e208
1421,0101__I18-E08__02__能力提升雷達分析報告.docx,TTQS_GPT6_ASTRA_FULL_HANDOFF_20260925/TTQS_GPT6_ASTRA_FULL_HANDOFF_20260925/TTQS_DOCUMENT_FOUNDRY_RUN_ASTRA_20260925/20_FROZEN_REVISIONS/0101/R1/0101__I18-E08__02__能力提升雷達分析報告.docx,04_全部文件與歷次版本/TTQS_GPT6_ASTRA_FULL_HANDOFF_20260925/15/1421_0101__I18-E08__02__能力提升雷達分析報告.docx,原樣保留；本次尚未確認完成驗收,86183,d643d7342da601f992577d4dbb63b9d2d2f479af6dae8a2ec1784b78ff219a6f
1422,0101__I18-E08__02__能力提升雷達分析報告.docx,TTQS_GPT6_ASTRA_FULL_HANDOFF_20260925/TTQS_GPT6_ASTRA_FULL_HANDOFF_20260925/TTQS_DOCUMENT_FOUNDRY_RUN_ASTRA_20260925/20_FROZEN_REVISIONS/0101/R2/0101__I18-E08__02__能力提升雷達分析報告.docx,04_全部文件與歷次版本/TTQS_GPT6_ASTRA_FULL_HANDOFF_20260925/15/1422_0101__I18-E08__02__能力提升雷達分析報告.docx,原樣保留；本次尚未確認完成驗收,86440,5269fd7bd09b8f53e8e7504e9ada003337be6ca4072e4a939e3731d20a8f536e
1423,0101__I18-E08__02__能力提升雷達分析報告.docx,TTQS_GPT6_ASTRA_FULL_HANDOFF_20260925/TTQS_GPT6_ASTRA_FULL_HANDOFF_20260925/TTQS_DOCUMENT_FOUNDRY_RUN_ASTRA_20260925/20_FROZEN_REVISIONS/0101/QP004_R0_R02/0101__I18-E08__02__能力提升雷達分析報告.docx,04_全部文件與歷次版本/TTQS_GPT6_ASTRA_FULL_HANDOFF_20260925/15/1423_0101__I18-E08__02__能力提升雷達分析報告.docx,原樣保留；本次尚未確認完成驗收,95149,d6a23d3c5ad6f97593e5d67f98b52555449f6bc5c69cc582b080fcef04baae30
1424,0101__I18-E08__02__能力提升雷達分析報告.docx,TTQS_GPT6_ASTRA_FULL_HANDOFF_20260925/TTQS_GPT6_ASTRA_FULL_HANDOFF_20260925/TTQS_DOCUMENT_FOUNDRY_RUN_ASTRA_20260925/20_FROZEN_REVISIONS/0101/QP004_R0_R03/0101__I18-E08__02__能力提升雷達分析報告.docx,04_全部文件與歷次版本/TTQS_GPT6_ASTRA_FULL_HANDOFF_20260925/15/1424_0101__I18-E08__02__能力提升雷達分析報告.docx,原樣保留；本次尚未確認完成驗收,98397,f8a79691fd432b6fd5a10b2375a381fbc8af55e9809ee3307dc7504964fa1ce1
1425,0101__I18-E08__02__能力提升雷達分析報告.docx,TTQS_GPT6_ASTRA_FULL_HANDOFF_20260925/TTQS_GPT6_ASTRA_FULL_HANDOFF_20260925/TTQS_DOCUMENT_FOUNDRY_RUN_ASTRA_20260925/20_FROZEN_REVISIONS/0101/QP004_R0_R04/0101__I18-E08__02__能力提升雷達分析報告.docx,04_全部文件與歷次版本/TTQS_GPT6_ASTRA_FULL_HANDOFF_20260925/15/1425_0101__I18-E08__02__能力提升雷達分析報告.docx,原樣保留；本次尚未確認完成驗收,98918,44a162003303cac118eebcb53a6a71afd1d5e4593825a972dac834c21f3e6ab0
1426,0101__I18-E08__02__能力提升雷達分析報告.docx,TTQS_GPT6_ASTRA_FULL_HANDOFF_20260925/TTQS_GPT6_ASTRA_FULL_HANDOFF_20260925/TTQS_DOCUMENT_FOUNDRY_RUN_ASTRA_20260925/20_FROZEN_REVISIONS/0101/QP004_R0_R05/0101__I18-E08__02__能力提升雷達分析報告.docx,04_全部文件與歷次版本/TTQS_GPT6_ASTRA_FULL_HANDOFF_20260925/15/1426_0101__I18-E08__02__能力提升雷達分析報告.docx,原樣保留；本次尚未確認完成驗收,99092,37c309f7356dcdea63df0c6a4d5421a6476447ad38f341eeba9cc8f0fa95993e
1427,0101__I18-E08__02__能力提升雷達分析報告.docx,TTQS_GPT6_ASTRA_FULL_HANDOFF_20260925/TTQS_GPT6_ASTRA_FULL_HANDOFF_20260925/TTQS_DOCUMENT_FOUNDRY_RUN_ASTRA_20260925/20_FROZEN_REVISIONS/0101/QP004_R0_R06/0101__I18-E08__02__能力提升雷達分析報告.docx,04_全部文件與歷次版本/TTQS_GPT6_ASTRA_FULL_HANDOFF_20260925/15/1427_0101__I18-E08__02__能力提升雷達分析報告.docx,原樣保留；本次尚未確認完成驗收,99097,edd233fc860e5f0b6c488af1f1ea53104df97e1c5b80eaf3a744895cdaf8c314
1428,0101__I18-E08__02__能力提升雷達分析報告.docx,TTQS_GPT6_ASTRA_FULL_HANDOFF_20260925/TTQS_GPT6_ASTRA_FULL_HANDOFF_20260925/TTQS_DOCUMENT_FOUNDRY_RUN_ASTRA_20260925/20_FROZEN_REVISIONS/0101/QP004_R0_R07/0101__I18-E08__02__能力提升雷達分析報告.docx,04_全部文件與歷次版本/TTQS_GPT6_ASTRA_FULL_HANDOFF_20260925/15/1428_0101__I18-E08__02__能力提升雷達分析報告.docx,原樣保留；本次尚未確認完成驗收,99101,210e5dc8f00922d79a194af53d54dd8dddef4190abeb7f6eab0f3b32f98d474c
1429,0101__I18-E08__02__能力提升雷達分析報告.docx,TTQS_GPT6_ASTRA_FULL_HANDOFF_20260925/TTQS_GPT6_ASTRA_FULL_HANDOFF_20260925/TTQS_DOCUMENT_FOUNDRY_RUN_ASTRA_20260925/20_FROZEN_REVISIONS/0101/QP004_R0_R08/0101__I18-E08__02__能力提升雷達分析報告.docx,04_全部文件與歷次版本/TTQS_GPT6_ASTRA_FULL_HANDOFF_20260925/15/1429_0101__I18-E08__02__能力提升雷達分析報告.docx,原樣保留；本次尚未確認完成驗收,100605,f4bfb8ecb9bae92f223a1773d42d697ec9357c1c302115a696585f5f65399828
1430,0101__I18-E08__02__能力提升雷達分析報告.docx,TTQS_GPT6_ASTRA_FULL_HANDOFF_20260925/TTQS_GPT6_ASTRA_FULL_HANDOFF_20260925/TTQS_DOCUMENT_FOUNDRY_RUN_ASTRA_20260925/20_FROZEN_REVISIONS/0101/QP004_R0_R09/0101__I18-E08__02__能力提升雷達分析報告.docx,04_全部文件與歷次版本/TTQS_GPT6_ASTRA_FULL_HANDOFF_20260925/15/1430_0101__I18-E08__02__能力提升雷達分析報告.docx,原樣保留；本次尚未確認完成驗收,100652,241a990fa4a4c7f7a2469866ff856e065ce7695d0e664e27c509fdc2192f511c
1431,0101__I18-E08__02__能力提升雷達分析報告.docx,TTQS_GPT6_ASTRA_FULL_HANDOFF_20260925/TTQS_GPT6_ASTRA_FULL_HANDOFF_20260925/TTQS_DOCUMENT_FOUNDRY_RUN_ASTRA_20260925/20_FROZEN_REVISIONS/0101/QP004_R0_R10/0101__I18-E08__02__能力提升雷達分析報告.docx,04_全部文件與歷次版本/TTQS_GPT6_ASTRA_FULL_HANDOFF_20260925/15/1431_0101__I18-E08__02__能力提升雷達分析報告.docx,原樣保留；本次尚未確認完成驗收,102394,f204e1df2fe568a63f7cd52a366b3031f09f18817adc96dd9db4b351ee250621
1432,0001__I01-E01__01__中長程業務發展策略地圖__READABILITY_R01.docx,TTQS_GPT6_ASTRA_FULL_HANDOFF_20260925/TTQS_GPT6_ASTRA_FULL_HANDOFF_20260925/TTQS_DOCUMENT_FOUNDRY_RUN_ASTRA_20260925/20_FROZEN_REVISIONS/READABILITY_R01/0001/0001__I01-E01__01__中長程業務發展策略地圖__READABILITY_R01.docx,04_全部文件與歷次版本/TTQS_GPT6_ASTRA_FULL_HANDOFF_20260925/15/1432_0001__I01-E01__01__中長程業務發展策略地圖__READABILITY_R01.docx,原樣保留；本次尚未確認完成驗收,47790,02a7becf30ee97107d92417f21f080a1edb47e4296085e33b60535f78398d07b
1433,0002__I01-E01__02__策略因果鏈與三年KPI對照表__READABILITY_R01.docx,TTQS_GPT6_ASTRA_FULL_HANDOFF_20260925/TTQS_GPT6_ASTRA_FULL_HANDOFF_20260925/TTQS_DOCUMENT_FOUNDRY_RUN_ASTRA_20260925/20_FROZEN_REVISIONS/READABILITY_R01/0002/0002__I01-E01__02__策略因果鏈與三年KPI對照表__READABILITY_R01.docx,04_全部文件與歷次版本/TTQS_GPT6_ASTRA_FULL_HANDOFF_20260925/15/1433_0002__I01-E01__02__策略因果鏈與三年KPI對照表__READABILITY_R01.docx,原樣保留；本次尚未確認完成驗收,55180,667ecd152110ca15527838a999abbc0ec1e0c7d29deb0d1e83142c5c61cbeef3
1434,0004__I01-E02__02__目標市場調查執行與樣本紀錄__READABILITY_R01.docx,TTQS_GPT6_ASTRA_FULL_HANDOFF_20260925/TTQS_GPT6_ASTRA_FULL_HANDOFF_20260925/TTQS_DOCUMENT_FOUNDRY_RUN_ASTRA_20260925/20_FROZEN_REVISIONS/READABILITY_R01/0004/0004__I01-E02__02__目標市場調查執行與樣本紀錄__READABILITY_R01.docx,04_全部文件與歷次版本/TTQS_GPT6_ASTRA_FULL_HANDOFF_20260925/15/1434_0004__I01-E02__02__目標市場調查執行與樣本紀錄__READABILITY_R01.docx,原樣保留；本次尚未確認完成驗收,52976,6799c97e35c8c9ee60ac9d5960b13e4e6fd52d4022d84c743a4b8cd38c3ab885
1435,0025__I04-E04__01__訓練評估與實施標準化作業程序SOP__READABILITY_R01.docx,TTQS_GPT6_ASTRA_FULL_HANDOFF_20260925/TTQS_GPT6_ASTRA_FULL_HANDOFF_20260925/TTQS_DOCUMENT_FOUNDRY_RUN_ASTRA_20260925/20_FROZEN_REVISIONS/READABILITY_R01/0025/0025__I04-E04__01__訓練評估與實施標準化作業程序SOP__READABILITY_R01.docx,04_全部文件與歷次版本/TTQS_GPT6_ASTRA_FULL_HANDOFF_20260925/15/1435_0025__I04-E04__01__訓練評估與實施標準化作業程序SOP__READABILITY_R01.docx,原樣保留；本次尚未確認完成驗收,47248,312980d094b549c6df0e4597b3e63c1a0731c2f41a8b120bdb3206042dea7135
1436,0036__I07-E04__01__課程設計進度流程及規劃書__READABILITY_R01.docx,TTQS_GPT6_ASTRA_FULL_HANDOFF_20260925/TTQS_GPT6_ASTRA_FULL_HANDOFF_20260925/TTQS_DOCUMENT_FOUNDRY_RUN_ASTRA_20260925/20_FROZEN_REVISIONS/READABILITY_R01/0036/0036__I07-E04__01__課程設計進度流程及規劃書__READABILITY_R01.docx,04_全部文件與歷次版本/TTQS_GPT6_ASTRA_FULL_HANDOFF_20260925/15/1436_0036__I07-E04__01__課程設計進度流程及規劃書__READABILITY_R01.docx,原樣保留；本次尚未確認完成驗收,53083,2619bed013b30f2ba3cf682f9895d72c496857d2ab1d36c3267c73ba2da930f9
1437,0039__I08-E03__01__課程規劃與設計審查會議紀錄__READABILITY_R01.docx,TTQS_GPT6_ASTRA_FULL_HANDOFF_20260925/TTQS_GPT6_ASTRA_FULL_HANDOFF_20260925/TTQS_DOCUMENT_FOUNDRY_RUN_ASTRA_20260925/20_FROZEN_REVISIONS/READABILITY_R01/0039/0039__I08-E03__01__課程規劃與設計審查會議紀錄__READABILITY_R01.docx,04_全部文件與歷次版本/TTQS_GPT6_ASTRA_FULL_HANDOFF_20260925/15/1437_0039__I08-E03__01__課程規劃與設計審查會議紀錄__READABILITY_R01.docx,原樣保留；本次尚未確認完成驗收,50287,2b4395164788641985429145a5b3ad29f09192777effb17a91628e1e14fb94fb
1438,0040__I08-E03__02__訓練評估方法與成效指標對照表__READABILITY_R01.docx,TTQS_GPT6_ASTRA_FULL_HANDOFF_20260925/TTQS_GPT6_ASTRA_FULL_HANDOFF_20260925/TTQS_DOCUMENT_FOUNDRY_RUN_ASTRA_20260925/20_FROZEN_REVISIONS/READABILITY_R01/0040/0040__I08-E03__02__訓練評估方法與成效指標對照表__READABILITY_R01.docx,04_全部文件與歷次版本/TTQS_GPT6_ASTRA_FULL_HANDOFF_20260925/15/1438_0040__I08-E03__02__訓練評估方法與成效指標對照表__READABILITY_R01.docx,原樣保留；本次尚未確認完成驗收,47748,ecf8744d4451a23c38eb84013cae0d355263c72c5c09615d9a9b208ae12b866f
1439,0045__I10-E01__01__訓練資源採購與甄選管理辦法__READABILITY_R01.docx,TTQS_GPT6_ASTRA_FULL_HANDOFF_20260925/TTQS_GPT6_ASTRA_FULL_HANDOFF_20260925/TTQS_DOCUMENT_FOUNDRY_RUN_ASTRA_20260925/20_FROZEN_REVISIONS/READABILITY_R01/0045/0045__I10-E01__01__訓練資源採購與甄選管理辦法__READABILITY_R01.docx,04_全部文件與歷次版本/TTQS_GPT6_ASTRA_FULL_HANDOFF_20260925/15/1439_0045__I10-E01__01__訓練資源採購與甄選管理辦法__READABILITY_R01.docx,原樣保留；本次尚未確認完成驗收,53984,37ee34e4b921a936a4f18bce318d9e5c9c65b031806dfe4839e58b39e1b8df29
1440,0066__I15-E02__01__訓練班級完整結案報告__READABILITY_R01.docx,TTQS_GPT6_ASTRA_FULL_HANDOFF_20260925/TTQS_GPT6_ASTRA_FULL_HANDOFF_20260925/TTQS_DOCUMENT_FOUNDRY_RUN_ASTRA_20260925/20_FROZEN_REVISIONS/READABILITY_R01/0066/0066__I15-E02__01__訓練班級完整結案報告__READABILITY_R01.docx,04_全部文件與歷次版本/TTQS_GPT6_ASTRA_FULL_HANDOFF_20260925/15/1440_0066__I15-E02__01__訓練班級完整結案報告__READABILITY_R01.docx,原樣保留；本次尚未確認完成驗收,57728,1b0caf25076047afc58dadcba4d80110d36f12e79b1ce46ae0826fcfbc6f2748
1441,0070__I16-E02__01__訓練異常處理程序與工具__READABILITY_R01.docx,TTQS_GPT6_ASTRA_FULL_HANDOFF_20260925/TTQS_GPT6_ASTRA_FULL_HANDOFF_20260925/TTQS_DOCUMENT_FOUNDRY_RUN_ASTRA_20260925/20_FROZEN_REVISIONS/READABILITY_R01/0070/0070__I16-E02__01__訓練異常處理程序與工具__READABILITY_R01.docx,04_全部文件與歷次版本/TTQS_GPT6_ASTRA_FULL_HANDOFF_20260925/15/1441_0070__I16-E02__01__訓練異常處理程序與工具__READABILITY_R01.docx,原樣保留；本次尚未確認完成驗收,57202,35521e303d3b64ba231bba620233301534270f620ef247c0111503de9fa546d6
1442,0071__I16-E02__02__異常通報暨CAPA矯正預防紀錄__READABILITY_R01.docx,TTQS_GPT6_ASTRA_FULL_HANDOFF_20260925/TTQS_GPT6_ASTRA_FULL_HANDOFF_20260925/TTQS_DOCUMENT_FOUNDRY_RUN_ASTRA_20260925/20_FROZEN_REVISIONS/READABILITY_R01/0071/0071__I16-E02__02__異常通報暨CAPA矯正預防紀錄__READABILITY_R01.docx,04_全部文件與歷次版本/TTQS_GPT6_ASTRA_FULL_HANDOFF_20260925/15/1442_0071__I16-E02__02__異常通報暨CAPA矯正預防紀錄__READABILITY_R01.docx,原樣保留；本次尚未確認完成驗收,47498,4021f9340307dfd8bad149da10ae075340ef825a2cf76800fb9dc1e3a527bd19
1443,0076__I17B-E01__01__指標17b_考試暨實作評量紀錄__READABILITY_R01.docx,TTQS_GPT6_ASTRA_FULL_HANDOFF_20260925/TTQS_GPT6_ASTRA_FULL_HANDOFF_20260925/TTQS_DOCUMENT_FOUNDRY_RUN_ASTRA_20260925/20_FROZEN_REVISIONS/READABILITY_R01/0076/0076__I17B-E01__01__指標17b_考試暨實作評量紀錄__READABILITY_R01.docx,04_全部文件與歷次版本/TTQS_GPT6_ASTRA_FULL_HANDOFF_20260925/15/1443_0076__I17B-E01__01__指標17b_考試暨實作評量紀錄__READABILITY_R01.docx,原樣保留；本次尚未確認完成驗收,52396,957b3692f941a366f8f588beaa0d3f20eed07a6c4bb02946182bd2c35b7c9da4
1444,0077__I17B-E01__02__指標17b_學員學習心得報告__READABILITY_R01.docx,TTQS_GPT6_ASTRA_FULL_HANDOFF_20260925/TTQS_GPT6_ASTRA_FULL_HANDOFF_20260925/TTQS_DOCUMENT_FOUNDRY_RUN_ASTRA_20260925/20_FROZEN_REVISIONS/READABILITY_R01/0077/0077__I17B-E01__02__指標17b_學員學習心得報告__READABILITY_R01.docx,04_全部文件與歷次版本/TTQS_GPT6_ASTRA_FULL_HANDOFF_20260925/15/1444_0077__I17B-E01__02__指標17b_學員學習心得報告__READABILITY_R01.docx,原樣保留；本次尚未確認完成驗收,44338,71272edc29e98a41ccc4a5f17645fe1e0195845738fc2e45d6643feb26e8c988
1445,0078__I17B-E01__03__指標17b_課程照片暨活動紀錄表__READABILITY_R01.docx,TTQS_GPT6_ASTRA_FULL_HANDOFF_20260925/TTQS_GPT6_ASTRA_FULL_HANDOFF_20260925/TTQS_DOCUMENT_FOUNDRY_RUN_ASTRA_20260925/20_FROZEN_REVISIONS/READABILITY_R01/0078/0078__I17B-E01__03__指標17b_課程照片暨活動紀錄表__READABILITY_R01.docx,04_全部文件與歷次版本/TTQS_GPT6_ASTRA_FULL_HANDOFF_20260925/15/1445_0078__I17B-E01__03__指標17b_課程照片暨活動紀錄表__READABILITY_R01.docx,原樣保留；本次尚未確認完成驗收,46699,8789b711309bff17f5ba977bd2375fd47da46a56f7c387837518ae3640555c88
1446,0087__I17D-E01__01__訓後成果追蹤調查表__READABILITY_R01.docx,TTQS_GPT6_ASTRA_FULL_HANDOFF_20260925/TTQS_GPT6_ASTRA_FULL_HANDOFF_20260925/TTQS_DOCUMENT_FOUNDRY_RUN_ASTRA_20260925/20_FROZEN_REVISIONS/READABILITY_R01/0087/0087__I17D-E01__01__訓後成果追蹤調查表__READABILITY_R01.docx,04_全部文件與歷次版本/TTQS_GPT6_ASTRA_FULL_HANDOFF_20260925/15/1446_0087__I17D-E01__01__訓後成果追蹤調查表__READABILITY_R01.docx,原樣保留；本次尚未確認完成驗收,51298,951016dadb482f38667f5436d26971529779e2e76e334d2f3787942df02b2c51
1447,0092__I17D-E06__01__第三方感謝函索取稿與證據驗證登錄表__READABILITY_R01.docx,TTQS_GPT6_ASTRA_FULL_HANDOFF_20260925/TTQS_GPT6_ASTRA_FULL_HANDOFF_20260925/TTQS_DOCUMENT_FOUNDRY_RUN_ASTRA_20260925/20_FROZEN_REVISIONS/READABILITY_R01/0092/0092__I17D-E06__01__第三方感謝函索取稿與證據驗證登錄表__READABILITY_R01.docx,04_全部文件與歷次版本/TTQS_GPT6_ASTRA_FULL_HANDOFF_20260925/15/1447_0092__I17D-E06__01__第三方感謝函索取稿與證據驗證登錄表__READABILITY_R01.docx,原樣保留；本次尚未確認完成驗收,44143,9c0d72587e114bbcc78603ae61c234c8ff165162b282aed765d30d02e74ae1dd
1448,0100__I18-E08__01__學員培訓前後自我評量表__READABILITY_R01.docx,TTQS_GPT6_ASTRA_FULL_HANDOFF_20260925/TTQS_GPT6_ASTRA_FULL_HANDOFF_20260925/TTQS_DOCUMENT_FOUNDRY_RUN_ASTRA_20260925/20_FROZEN_REVISIONS/READABILITY_R01/0100/0100__I18-E08__01__學員培訓前後自我評量表__READABILITY_R01.docx,04_全部文件與歷次版本/TTQS_GPT6_ASTRA_FULL_HANDOFF_20260925/15/1448_0100__I18-E08__01__學員培訓前後自我評量表__READABILITY_R01.docx,原樣保留；本次尚未確認完成驗收,47918,fe55490d04617f38fd96a5b5d254a7a2f9069970a6d71f8c8a55757b47c64059
1449,0101__I18-E08__02__能力提升雷達分析報告__READABILITY_R01.docx,TTQS_GPT6_ASTRA_FULL_HANDOFF_20260925/TTQS_GPT6_ASTRA_FULL_HANDOFF_20260925/TTQS_DOCUMENT_FOUNDRY_RUN_ASTRA_20260925/20_FROZEN_REVISIONS/READABILITY_R01/0101/0101__I18-E08__02__能力提升雷達分析報告__READABILITY_R01.docx,04_全部文件與歷次版本/TTQS_GPT6_ASTRA_FULL_HANDOFF_20260925/15/1449_0101__I18-E08__02__能力提升雷達分析報告__READABILITY_R01.docx,原樣保留；本次尚未確認完成驗收,103141,c75b41af10dba9e54ad47038af83291203fb57ac9b4f75a09583ff174ed60ab6
1450,0001__I01-E01__01__中長程業務發展策略地圖__READABILITY_R02.docx,TTQS_GPT6_ASTRA_FULL_HANDOFF_20260925/TTQS_GPT6_ASTRA_FULL_HANDOFF_20260925/TTQS_DOCUMENT_FOUNDRY_RUN_ASTRA_20260925/20_FROZEN_REVISIONS/READABILITY_R02/0001/0001__I01-E01__01__中長程業務發展策略地圖__READABILITY_R02.docx,04_全部文件與歷次版本/TTQS_GPT6_ASTRA_FULL_HANDOFF_20260925/15/1450_0001__I01-E01__01__中長程業務發展策略地圖__READABILITY_R02.docx,原樣保留；本次尚未確認完成驗收,48970,8e73671f32cf99d973c9447c1ab4de37e7c8bca677a310ed251f77eb433c892b
1451,0002__I01-E01__02__策略因果鏈與三年KPI對照表__READABILITY_R02.docx,TTQS_GPT6_ASTRA_FULL_HANDOFF_20260925/TTQS_GPT6_ASTRA_FULL_HANDOFF_20260925/TTQS_DOCUMENT_FOUNDRY_RUN_ASTRA_20260925/20_FROZEN_REVISIONS/READABILITY_R02/0002/0002__I01-E01__02__策略因果鏈與三年KPI對照表__READABILITY_R02.docx,04_全部文件與歷次版本/TTQS_GPT6_ASTRA_FULL_HANDOFF_20260925/15/1451_0002__I01-E01__02__策略因果鏈與三年KPI對照表__READABILITY_R02.docx,原樣保留；本次尚未確認完成驗收,57417,6c3e0af8f1ca77e905c32cfe8a333636f04a4653f91eead2161595091681f9aa
1452,0004__I01-E02__02__目標市場調查執行與樣本紀錄__READABILITY_R02.docx,TTQS_GPT6_ASTRA_FULL_HANDOFF_20260925/TTQS_GPT6_ASTRA_FULL_HANDOFF_20260925/TTQS_DOCUMENT_FOUNDRY_RUN_ASTRA_20260925/20_FROZEN_REVISIONS/READABILITY_R02/0004/0004__I01-E02__02__目標市場調查執行與樣本紀錄__READABILITY_R02.docx,04_全部文件與歷次版本/TTQS_GPT6_ASTRA_FULL_HANDOFF_20260925/15/1452_0004__I01-E02__02__目標市場調查執行與樣本紀錄__READABILITY_R02.docx,原樣保留；本次尚未確認完成驗收,53011,c40a920e85df48e1584e4170696f6061a96a0f54333cd69831bd51a9e168cdc6
1453,0025__I04-E04__01__訓練評估與實施標準化作業程序SOP__READABILITY_R02.docx,TTQS_GPT6_ASTRA_FULL_HANDOFF_20260925/TTQS_GPT6_ASTRA_FULL_HANDOFF_20260925/TTQS_DOCUMENT_FOUNDRY_RUN_ASTRA_20260925/20_FROZEN_REVISIONS/READABILITY_R02/0025/0025__I04-E04__01__訓練評估與實施標準化作業程序SOP__READABILITY_R02.docx,04_全部文件與歷次版本/TTQS_GPT6_ASTRA_FULL_HANDOFF_20260925/15/1453_0025__I04-E04__01__訓練評估與實施標準化作業程序SOP__READABILITY_R02.docx,原樣保留；本次尚未確認完成驗收,49536,9435004bdf2da0b749c7d99edd220ba478a09312455b5145e975023cb8afcae9
1454,0036__I07-E04__01__課程設計進度流程及規劃書__READABILITY_R02.docx,TTQS_GPT6_ASTRA_FULL_HANDOFF_20260925/TTQS_GPT6_ASTRA_FULL_HANDOFF_20260925/TTQS_DOCUMENT_FOUNDRY_RUN_ASTRA_20260925/20_FROZEN_REVISIONS/READABILITY_R02/0036/0036__I07-E04__01__課程設計進度流程及規劃書__READABILITY_R02.docx,04_全部文件與歷次版本/TTQS_GPT6_ASTRA_FULL_HANDOFF_20260925/15/1454_0036__I07-E04__01__課程設計進度流程及規劃書__READABILITY_R02.docx,原樣保留；本次尚未確認完成驗收,55145,70127ed0bd37c9e44ce0c400352699054e9c132b2bd0536b75c433f107894163
1455,0039__I08-E03__01__課程規劃與設計審查會議紀錄__READABILITY_R02.docx,TTQS_GPT6_ASTRA_FULL_HANDOFF_20260925/TTQS_GPT6_ASTRA_FULL_HANDOFF_20260925/TTQS_DOCUMENT_FOUNDRY_RUN_ASTRA_20260925/20_FROZEN_REVISIONS/READABILITY_R02/0039/0039__I08-E03__01__課程規劃與設計審查會議紀錄__READABILITY_R02.docx,04_全部文件與歷次版本/TTQS_GPT6_ASTRA_FULL_HANDOFF_20260925/15/1455_0039__I08-E03__01__課程規劃與設計審查會議紀錄__READABILITY_R02.docx,原樣保留；本次尚未確認完成驗收,52539,5e652e2e2b02e0ada8ca425b3121d78f7182d472ff725d23fc53ab7b182870f9
1456,0040__I08-E03__02__訓練評估方法與成效指標對照表__READABILITY_R02.docx,TTQS_GPT6_ASTRA_FULL_HANDOFF_20260925/TTQS_GPT6_ASTRA_FULL_HANDOFF_20260925/TTQS_DOCUMENT_FOUNDRY_RUN_ASTRA_20260925/20_FROZEN_REVISIONS/READABILITY_R02/0040/0040__I08-E03__02__訓練評估方法與成效指標對照表__READABILITY_R02.docx,04_全部文件與歷次版本/TTQS_GPT6_ASTRA_FULL_HANDOFF_20260925/15/1456_0040__I08-E03__02__訓練評估方法與成效指標對照表__READABILITY_R02.docx,原樣保留；本次尚未確認完成驗收,50006,810103a732576d90b74309cc9316ae507ff68f5221cbf0804a99f29a042d06f5
1457,0045__I10-E01__01__訓練資源採購與甄選管理辦法__READABILITY_R02.docx,TTQS_GPT6_ASTRA_FULL_HANDOFF_20260925/TTQS_GPT6_ASTRA_FULL_HANDOFF_20260925/TTQS_DOCUMENT_FOUNDRY_RUN_ASTRA_20260925/20_FROZEN_REVISIONS/READABILITY_R02/0045/0045__I10-E01__01__訓練資源採購與甄選管理辦法__READABILITY_R02.docx,04_全部文件與歷次版本/TTQS_GPT6_ASTRA_FULL_HANDOFF_20260925/15/1457_0045__I10-E01__01__訓練資源採購與甄選管理辦法__READABILITY_R02.docx,原樣保留；本次尚未確認完成驗收,56222,17b891c8eaffa43bf665385d301d19ebd19f22b5388e7e424dea525362adfe19
1458,0066__I15-E02__01__訓練班級完整結案報告__READABILITY_R02.docx,TTQS_GPT6_ASTRA_FULL_HANDOFF_20260925/TTQS_GPT6_ASTRA_FULL_HANDOFF_20260925/TTQS_DOCUMENT_FOUNDRY_RUN_ASTRA_20260925/20_FROZEN_REVISIONS/READABILITY_R02/0066/0066__I15-E02__01__訓練班級完整結案報告__READABILITY_R02.docx,04_全部文件與歷次版本/TTQS_GPT6_ASTRA_FULL_HANDOFF_20260925/15/1458_0066__I15-E02__01__訓練班級完整結案報告__READABILITY_R02.docx,原樣保留；本次尚未確認完成驗收,60014,794e9c089deed7e6552c86998d125b075a4d566c6b1fd894e39c2633bb002720
1459,0070__I16-E02__01__訓練異常處理程序與工具__READABILITY_R02.docx,TTQS_GPT6_ASTRA_FULL_HANDOFF_20260925/TTQS_GPT6_ASTRA_FULL_HANDOFF_20260925/TTQS_DOCUMENT_FOUNDRY_RUN_ASTRA_20260925/20_FROZEN_REVISIONS/READABILITY_R02/0070/0070__I16-E02__01__訓練異常處理程序與工具__READABILITY_R02.docx,04_全部文件與歷次版本/TTQS_GPT6_ASTRA_FULL_HANDOFF_20260925/15/1459_0070__I16-E02__01__訓練異常處理程序與工具__READABILITY_R02.docx,原樣保留；本次尚未確認完成驗收,59523,d5f689a7f32339a4c5aee4745623457ca11591cbe4ef05a90a36948c0e6486f2
1460,0071__I16-E02__02__異常通報暨CAPA矯正預防紀錄__READABILITY_R02.docx,TTQS_GPT6_ASTRA_FULL_HANDOFF_20260925/TTQS_GPT6_ASTRA_FULL_HANDOFF_20260925/TTQS_DOCUMENT_FOUNDRY_RUN_ASTRA_20260925/20_FROZEN_REVISIONS/READABILITY_R02/0071/0071__I16-E02__02__異常通報暨CAPA矯正預防紀錄__READABILITY_R02.docx,04_全部文件與歷次版本/TTQS_GPT6_ASTRA_FULL_HANDOFF_20260925/15/1460_0071__I16-E02__02__異常通報暨CAPA矯正預防紀錄__READABILITY_R02.docx,原樣保留；本次尚未確認完成驗收,49779,6f1f646fdd9388162cb1e0bea5f7a86d2ca27f49ac776ecf6751cf39e67c3f11
1461,0076__I17B-E01__01__指標17b_考試暨實作評量紀錄__READABILITY_R02.docx,TTQS_GPT6_ASTRA_FULL_HANDOFF_20260925/TTQS_GPT6_ASTRA_FULL_HANDOFF_20260925/TTQS_DOCUMENT_FOUNDRY_RUN_ASTRA_20260925/20_FROZEN_REVISIONS/READABILITY_R02/0076/0076__I17B-E01__01__指標17b_考試暨實作評量紀錄__READABILITY_R02.docx,04_全部文件與歷次版本/TTQS_GPT6_ASTRA_FULL_HANDOFF_20260925/15/1461_0076__I17B-E01__01__指標17b_考試暨實作評量紀錄__READABILITY_R02.docx,原樣保留；本次尚未確認完成驗收,54707,aa0a7e84b9415d6c805c79b0a8fb7b3693115803f2934de6f0ed6ab715473d2f
1462,0077__I17B-E01__02__指標17b_學員學習心得報告__READABILITY_R02.docx,TTQS_GPT6_ASTRA_FULL_HANDOFF_20260925/TTQS_GPT6_ASTRA_FULL_HANDOFF_20260925/TTQS_DOCUMENT_FOUNDRY_RUN_ASTRA_20260925/20_FROZEN_REVISIONS/READABILITY_R02/0077/0077__I17B-E01__02__指標17b_學員學習心得報告__READABILITY_R02.docx,04_全部文件與歷次版本/TTQS_GPT6_ASTRA_FULL_HANDOFF_20260925/15/1462_0077__I17B-E01__02__指標17b_學員學習心得報告__READABILITY_R02.docx,原樣保留；本次尚未確認完成驗收,46520,c4fdebb1f0ae14e05af576d351a4276fe6f81f66ad0b91e1b3764afe42eeb1ef
1463,0078__I17B-E01__03__指標17b_課程照片暨活動紀錄表__READABILITY_R02.docx,TTQS_GPT6_ASTRA_FULL_HANDOFF_20260925/TTQS_GPT6_ASTRA_FULL_HANDOFF_20260925/TTQS_DOCUMENT_FOUNDRY_RUN_ASTRA_20260925/20_FROZEN_REVISIONS/READABILITY_R02/0078/0078__I17B-E01__03__指標17b_課程照片暨活動紀錄表__READABILITY_R02.docx,04_全部文件與歷次版本/TTQS_GPT6_ASTRA_FULL_HANDOFF_20260925/15/1463_0078__I17B-E01__03__指標17b_課程照片暨活動紀錄表__READABILITY_R02.docx,原樣保留；本次尚未確認完成驗收,48950,77103166976afe284f1454f18d991b45d104d034b64fdd6fc140f3d7a4916007
1464,0087__I17D-E01__01__訓後成果追蹤調查表__READABILITY_R02.docx,TTQS_GPT6_ASTRA_FULL_HANDOFF_20260925/TTQS_GPT6_ASTRA_FULL_HANDOFF_20260925/TTQS_DOCUMENT_FOUNDRY_RUN_ASTRA_20260925/20_FROZEN_REVISIONS/READABILITY_R02/0087/0087__I17D-E01__01__訓後成果追蹤調查表__READABILITY_R02.docx,04_全部文件與歷次版本/TTQS_GPT6_ASTRA_FULL_HANDOFF_20260925/15/1464_0087__I17D-E01__01__訓後成果追蹤調查表__READABILITY_R02.docx,原樣保留；本次尚未確認完成驗收,53199,78ef776c3cbb73ed9189496c8dcfcafdfd4a486bbe5c50d57822e006c34ba1e7
1465,0092__I17D-E06__01__第三方感謝函索取稿與證據驗證登錄表__READABILITY_R02.docx,TTQS_GPT6_ASTRA_FULL_HANDOFF_20260925/TTQS_GPT6_ASTRA_FULL_HANDOFF_20260925/TTQS_DOCUMENT_FOUNDRY_RUN_ASTRA_20260925/20_FROZEN_REVISIONS/READABILITY_R02/0092/0092__I17D-E06__01__第三方感謝函索取稿與證據驗證登錄表__READABILITY_R02.docx,04_全部文件與歷次版本/TTQS_GPT6_ASTRA_FULL_HANDOFF_20260925/15/1465_0092__I17D-E06__01__第三方感謝函索取稿與證據驗證登錄表__READABILITY_R02.docx,原樣保留；本次尚未確認完成驗收,46326,3242e2d42148cc1867224df766f7a454a18314f1ea22809f109d4e7c432127ec
1466,0100__I18-E08__01__學員培訓前後自我評量表__READABILITY_R02.docx,TTQS_GPT6_ASTRA_FULL_HANDOFF_20260925/TTQS_GPT6_ASTRA_FULL_HANDOFF_20260925/TTQS_DOCUMENT_FOUNDRY_RUN_ASTRA_20260925/20_FROZEN_REVISIONS/READABILITY_R02/0100/0100__I18-E08__01__學員培訓前後自我評量表__READABILITY_R02.docx,04_全部文件與歷次版本/TTQS_GPT6_ASTRA_FULL_HANDOFF_20260925/15/1466_0100__I18-E08__01__學員培訓前後自我評量表__READABILITY_R02.docx,原樣保留；本次尚未確認完成驗收,50208,29d9aba7e7640113b0c288343a2e20ca0b39448049b7ec5923e6bcd48bea3374
1467,0101__I18-E08__02__能力提升雷達分析報告__READABILITY_R02.docx,TTQS_GPT6_ASTRA_FULL_HANDOFF_20260925/TTQS_GPT6_ASTRA_FULL_HANDOFF_20260925/TTQS_DOCUMENT_FOUNDRY_RUN_ASTRA_20260925/20_FROZEN_REVISIONS/READABILITY_R02/0101/0101__I18-E08__02__能力提升雷達分析報告__READABILITY_R02.docx,04_全部文件與歷次版本/TTQS_GPT6_ASTRA_FULL_HANDOFF_20260925/15/1467_0101__I18-E08__02__能力提升雷達分析報告__READABILITY_R02.docx,原樣保留；本次尚未確認完成驗收,105556,ec75c29b526a1f144fa64035a80b977e699de2657a59e8782db268325b00ec60
1468,0066__I15-E02__01__訓練班級完整結案報告.docx,TTQS_GPT6_ASTRA_FULL_HANDOFF_20260925/TTQS_GPT6_ASTRA_FULL_HANDOFF_20260925/TTQS_DOCUMENT_FOUNDRY_RUN_ASTRA_20260925/50_REBUILD_WORKSPACE/R4/0066/0066__I15-E02__01__訓練班級完整結案報告.docx,04_全部文件與歷次版本/TTQS_GPT6_ASTRA_FULL_HANDOFF_20260925/15/1468_0066__I15-E02__01__訓練班級完整結案報告.docx,原樣保留；本次尚未確認完成驗收,104673,25ab73f2d0bc28db2b43f4aeb2f5a10da365b673abc2226700446736bf732355
1469,0001__I01-E01__01__中長程業務發展策略地圖.docx,TTQS_GPT6_ASTRA_FULL_HANDOFF_20260925/TTQS_GPT6_ASTRA_FULL_HANDOFF_20260925/TTQS_DOCUMENT_FOUNDRY_RUN_ASTRA_20260925/50_REBUILD_WORKSPACE/R4_0001/0001__I01-E01__01__中長程業務發展策略地圖.docx,04_全部文件與歷次版本/TTQS_GPT6_ASTRA_FULL_HANDOFF_20260925/15/1469_0001__I01-E01__01__中長程業務發展策略地圖.docx,原樣保留；本次尚未確認完成驗收,45859,a75c70ddca41ead08f6aa35f0b9840a497b2ac4ff8dc1f6423710db64eae796e
1470,0025_landscape_section_continuous_candidate.docx,TTQS_GPT6_ASTRA_FULL_HANDOFF_20260925/TTQS_GPT6_ASTRA_FULL_HANDOFF_20260925/TTQS_DOCUMENT_FOUNDRY_RUN_ASTRA_20260925/50_REBUILD_WORKSPACE/QE003/ROOT_QA/R05_DEFECT_TRIAGE_0025/0025_landscape_section_continuous_candidate.docx,04_全部文件與歷次版本/TTQS_GPT6_ASTRA_FULL_HANDOFF_20260925/15/1470_0025_landscape_section_continuous_candidate.docx,原樣保留；本次尚未確認完成驗收,51328,e9f3f15e477e645587a7a86648c3d7532a09e4c4d142d335bb6d7f2403ce2f67
1471,0025_compact_section_break_candidate.docx,TTQS_GPT6_ASTRA_FULL_HANDOFF_20260925/TTQS_GPT6_ASTRA_FULL_HANDOFF_20260925/TTQS_DOCUMENT_FOUNDRY_RUN_ASTRA_20260925/50_REBUILD_WORKSPACE/QE003/ROOT_QA/R05_DEFECT_TRIAGE_0025/0025_compact_section_break_candidate.docx,04_全部文件與歷次版本/TTQS_GPT6_ASTRA_FULL_HANDOFF_20260925/15/1471_0025_compact_section_break_candidate.docx,原樣保留；本次尚未確認完成驗收,51349,7c2cce306a701bc28377d05b467897b3806fae4c5ad351a9cd380b2d7529f5e9
1472,00_LEGACY_RECOVERED_PTYSD-TTQS-P-01_中長程發展規劃與策略地圖.docx,TTQS_GPT6_ASTRA_FULL_HANDOFF_20260925/TTQS_GPT6_ASTRA_FULL_HANDOFF_20260925/TTQS_DOCUMENT_FOUNDRY_RUN_ASTRA_20260925/50_REBUILD_WORKSPACE/TAKEOVER_READBACK_20260926/ZIP_UTF8_MIRROR_R01/TTQS_GPT6_ASTRA_FULL_HANDOFF_20260925/03_FIRST_DOCUMENT_STRATEGY_MAP_EVOLUTION/00_LEGACY_RECOVERED_PTYSD-TTQS-P-01_中長程發展規劃與策略地圖.docx,04_全部文件與歷次版本/TTQS_GPT6_ASTRA_FULL_HANDOFF_20260925/15/1472_00_LEGACY_RECOVERED_PTYSD-TTQS-P-01_中長程發展規劃與策略地圖.docx,原樣保留；本次尚未確認完成驗收,9208702,d849d8b71ea1bf631251f8dd8a4cc2cda1b52c77675edda1a2643a1117fe13e7
1473,03_V4_BAD_BATCH_OFR-001_EXAMPLE.docx,TTQS_GPT6_ASTRA_FULL_HANDOFF_20260925/TTQS_GPT6_ASTRA_FULL_HANDOFF_20260925/TTQS_DOCUMENT_FOUNDRY_RUN_ASTRA_20260925/50_REBUILD_WORKSPACE/TAKEOVER_READBACK_20260926/ZIP_UTF8_MIRROR_R01/TTQS_GPT6_ASTRA_FULL_HANDOFF_20260925/03_FIRST_DOCUMENT_STRATEGY_MAP_EVOLUTION/03_V4_BAD_BATCH_OFR-001_EXAMPLE.docx,04_全部文件與歷次版本/TTQS_GPT6_ASTRA_FULL_HANDOFF_20260925/15/1473_03_V4_BAD_BATCH_OFR-001_EXAMPLE.docx,原樣保留；本次尚未確認完成驗收,42989,313c091811a41525924f47298786ea5b2c008ff2a8771691b16efc80fcf16f27
1474,OFR-002-D01_I01_市場需求調查問卷_目標市場需求調查_D1.docx,TTQS_GPT6_ASTRA_FULL_HANDOFF_20260925/TTQS_GPT6_ASTRA_FULL_HANDOFF_20260925/TTQS_DOCUMENT_FOUNDRY_RUN_ASTRA_20260925/50_REBUILD_WORKSPACE/TAKEOVER_READBACK_20260926/ZIP_UTF8_MIRROR_R01/TTQS_GPT6_ASTRA_FULL_HANDOFF_20260925/04_HISTORICAL_CODEX_FAILURES_AND_AUDITS/BAD_BATCH_DOCX/OFR-002-D01_I01_市場需求調查問卷_目標市場需求調查_D1.docx,04_全部文件與歷次版本/TTQS_GPT6_ASTRA_FULL_HANDOFF_20260925/15/1474_OFR-002-D01_I01_市場需求調查問卷_目標市場需求調查_D1.docx,原樣保留；本次尚未確認完成驗收,42781,32a811d93b60f4ff4505235785fd9456c4207ef5d4799d882cac57baf08dd1fb
1475,OFR-020-D01_I04_課程規劃書_不同訓練課程的設計與規劃方向_D1.docx,TTQS_GPT6_ASTRA_FULL_HANDOFF_20260925/TTQS_GPT6_ASTRA_FULL_HANDOFF_20260925/TTQS_DOCUMENT_FOUNDRY_RUN_ASTRA_20260925/50_REBUILD_WORKSPACE/TAKEOVER_READBACK_20260926/ZIP_UTF8_MIRROR_R01/TTQS_GPT6_ASTRA_FULL_HANDOFF_20260925/04_HISTORICAL_CODEX_FAILURES_AND_AUDITS/BAD_BATCH_DOCX/OFR-020-D01_I04_課程規劃書_不同訓練課程的設計與規劃方向_D1.docx,04_全部文件與歷次版本/TTQS_GPT6_ASTRA_FULL_HANDOFF_20260925/15/1475_OFR-020-D01_I04_課程規劃書_不同訓練課程的設計與規劃方向_D1.docx,原樣保留；本次尚未確認完成驗收,43546,3ff6334baf05e15e9b1e773adda37043680d2dea19dbf0f083afdcd3490d4f7c
1476,OFR-003-D02_I01_人力資源發展與訓練規劃_D2.docx,TTQS_GPT6_ASTRA_FULL_HANDOFF_20260925/TTQS_GPT6_ASTRA_FULL_HANDOFF_20260925/TTQS_DOCUMENT_FOUNDRY_RUN_ASTRA_20260925/50_REBUILD_WORKSPACE/TAKEOVER_READBACK_20260926/ZIP_UTF8_MIRROR_R01/TTQS_GPT6_ASTRA_FULL_HANDOFF_20260925/04_HISTORICAL_CODEX_FAILURES_AND_AUDITS/BAD_BATCH_DOCX/OFR-003-D02_I01_人力資源發展與訓練規劃_D2.docx,04_全部文件與歷次版本/TTQS_GPT6_ASTRA_FULL_HANDOFF_20260925/15/1476_OFR-003-D02_I01_人力資源發展與訓練規劃_D2.docx,原樣保留；本次尚未確認完成驗收,42764,ed7777735bea408f3a2b4247bde6c61709ea4e24f052e027931d926980457d34
1477,OFR-005-D01_I01_年度發展計畫_各類別訓練課程年度成長計畫_D1.docx,TTQS_GPT6_ASTRA_FULL_HANDOFF_20260925/TTQS_GPT6_ASTRA_FULL_HANDOFF_20260925/TTQS_DOCUMENT_FOUNDRY_RUN_ASTRA_20260925/50_REBUILD_WORKSPACE/TAKEOVER_READBACK_20260926/ZIP_UTF8_MIRROR_R01/TTQS_GPT6_ASTRA_FULL_HANDOFF_20260925/04_HISTORICAL_CODEX_FAILURES_AND_AUDITS/BAD_BATCH_DOCX/OFR-005-D01_I01_年度發展計畫_各類別訓練課程年度成長計畫_D1.docx,04_全部文件與歷次版本/TTQS_GPT6_ASTRA_FULL_HANDOFF_20260925/15/1477_OFR-005-D01_I01_年度發展計畫_各類別訓練課程年度成長計畫_D1.docx,原樣保留；本次尚未確認完成驗收,42742,600cd8c3cdb695deffec91fadca53871ddbac0555d7d018d5ef520a242d91f7a
1478,OFR-016-D01_I03_年度發展計畫_學員訓練類型及促進關鍵績效指標KPI_D1.docx,TTQS_GPT6_ASTRA_FULL_HANDOFF_20260925/TTQS_GPT6_ASTRA_FULL_HANDOFF_20260925/TTQS_DOCUMENT_FOUNDRY_RUN_ASTRA_20260925/50_REBUILD_WORKSPACE/TAKEOVER_READBACK_20260926/ZIP_UTF8_MIRROR_R01/TTQS_GPT6_ASTRA_FULL_HANDOFF_20260925/04_HISTORICAL_CODEX_FAILURES_AND_AUDITS/BAD_BATCH_DOCX/OFR-016-D01_I03_年度發展計畫_學員訓練類型及促進關鍵績效指標KPI_D1.docx,04_全部文件與歷次版本/TTQS_GPT6_ASTRA_FULL_HANDOFF_20260925/15/1478_OFR-016-D01_I03_年度發展計畫_學員訓練類型及促進關鍵績效指標KPI_D1.docx,原樣保留；本次尚未確認完成驗收,42593,65f1de2ed939de63656b9cb97911d4979df6b813176f3a7720edcb602a648f7e
1479,OFR-014-D01_I03_流程圖與責任矩陣_訓練體系圖解及核心訓練類別名稱_D1.docx,TTQS_GPT6_ASTRA_FULL_HANDOFF_20260925/TTQS_GPT6_ASTRA_FULL_HANDOFF_20260925/TTQS_DOCUMENT_FOUNDRY_RUN_ASTRA_20260925/50_REBUILD_WORKSPACE/TAKEOVER_READBACK_20260926/ZIP_UTF8_MIRROR_R01/TTQS_GPT6_ASTRA_FULL_HANDOFF_20260925/04_HISTORICAL_CODEX_FAILURES_AND_AUDITS/BAD_BATCH_DOCX/OFR-014-D01_I03_流程圖與責任矩陣_訓練體系圖解及核心訓練類別名稱_D1.docx,04_全部文件與歷次版本/TTQS_GPT6_ASTRA_FULL_HANDOFF_20260925/15/1479_OFR-014-D01_I03_流程圖與責任矩陣_訓練體系圖解及核心訓練類別名稱_D1.docx,原樣保留；本次尚未確認完成驗收,41969,cddf6eaa66178f4703a1958da66a626102f5113e965cc20639ebdeeb699ff642
1480,OFR-022-D02_I04_訓練結果評估與標準化流程_D2.docx,TTQS_GPT6_ASTRA_FULL_HANDOFF_20260925/TTQS_GPT6_ASTRA_FULL_HANDOFF_20260925/TTQS_DOCUMENT_FOUNDRY_RUN_ASTRA_20260925/50_REBUILD_WORKSPACE/TAKEOVER_READBACK_20260926/ZIP_UTF8_MIRROR_R01/TTQS_GPT6_ASTRA_FULL_HANDOFF_20260925/04_HISTORICAL_CODEX_FAILURES_AND_AUDITS/BAD_BATCH_DOCX/OFR-022-D02_I04_訓練結果評估與標準化流程_D2.docx,04_全部文件與歷次版本/TTQS_GPT6_ASTRA_FULL_HANDOFF_20260925/15/1480_OFR-022-D02_I04_訓練結果評估與標準化流程_D2.docx,原樣保留；本次尚未確認完成驗收,42085,d7909f862bf58cfbc1b514a05ecbaf982c6f013e13465fb10b521c90d71882fc
1481,OFR-030-D02_I06_專業訓練人員職能評量量規_D2.docx,TTQS_GPT6_ASTRA_FULL_HANDOFF_20260925/TTQS_GPT6_ASTRA_FULL_HANDOFF_20260925/TTQS_DOCUMENT_FOUNDRY_RUN_ASTRA_20260925/50_REBUILD_WORKSPACE/TAKEOVER_READBACK_20260926/ZIP_UTF8_MIRROR_R01/TTQS_GPT6_ASTRA_FULL_HANDOFF_20260925/04_HISTORICAL_CODEX_FAILURES_AND_AUDITS/BAD_BATCH_DOCX/OFR-030-D02_I06_專業訓練人員職能評量量規_D2.docx,04_全部文件與歷次版本/TTQS_GPT6_ASTRA_FULL_HANDOFF_20260925/15/1481_OFR-030-D02_I06_專業訓練人員職能評量量規_D2.docx,原樣保留；本次尚未確認完成驗收,42543,a0b9da0c4ab7c74437893c126fbff3adb2cede64bf17dbc1c2b197187e02a35d
1482,0001__I01-E01__01__中長程業務發展策略地圖.docx,TTQS_GPT6_ASTRA_FULL_HANDOFF_20260925/TTQS_GPT6_ASTRA_FULL_HANDOFF_20260925/TTQS_DOCUMENT_FOUNDRY_RUN_ASTRA_20260925/60_QUARANTINE/R2_CURRENT/0001/0001__I01-E01__01__中長程業務發展策略地圖.docx,04_全部文件與歷次版本/TTQS_GPT6_ASTRA_FULL_HANDOFF_20260925/15/1482_0001__I01-E01__01__中長程業務發展策略地圖.docx,原樣保留；本次尚未確認完成驗收,41796,4b620f98cb0b0c912d51ee70fe7f19bac1e3ca0343db264f2766712e30bb2208
1483,0002__I01-E01__02__策略因果鏈與三年KPI對照表.docx,TTQS_GPT6_ASTRA_FULL_HANDOFF_20260925/TTQS_GPT6_ASTRA_FULL_HANDOFF_20260925/TTQS_DOCUMENT_FOUNDRY_RUN_ASTRA_20260925/60_QUARANTINE/R2_CURRENT/0002/0002__I01-E01__02__策略因果鏈與三年KPI對照表.docx,04_全部文件與歷次版本/TTQS_GPT6_ASTRA_FULL_HANDOFF_20260925/15/1483_0002__I01-E01__02__策略因果鏈與三年KPI對照表.docx,原樣保留；本次尚未確認完成驗收,41398,3756a25ba0c4ba051a247e230e410f824df6dfaacf64a00aab9da870281e98b6
1484,0003__I01-E02__01__目標市場需求調查問卷.docx,TTQS_GPT6_ASTRA_FULL_HANDOFF_20260925/TTQS_GPT6_ASTRA_FULL_HANDOFF_20260925/TTQS_DOCUMENT_FOUNDRY_RUN_ASTRA_20260925/60_QUARANTINE/R2_CURRENT/0003/0003__I01-E02__01__目標市場需求調查問卷.docx,04_全部文件與歷次版本/TTQS_GPT6_ASTRA_FULL_HANDOFF_20260925/15/1484_0003__I01-E02__01__目標市場需求調查問卷.docx,原樣保留；本次尚未確認完成驗收,41742,15075dfed264ecbeeaaa62f58bff0805f3ab5730633bd83b9582514577503b51
1485,0004__I01-E02__02__目標市場調查執行與樣本紀錄.docx,TTQS_GPT6_ASTRA_FULL_HANDOFF_20260925/TTQS_GPT6_ASTRA_FULL_HANDOFF_20260925/TTQS_DOCUMENT_FOUNDRY_RUN_ASTRA_20260925/60_QUARANTINE/R2_CURRENT/0004/0004__I01-E02__02__目標市場調查執行與樣本紀錄.docx,04_全部文件與歷次版本/TTQS_GPT6_ASTRA_FULL_HANDOFF_20260925/15/1485_0004__I01-E02__02__目標市場調查執行與樣本紀錄.docx,原樣保留；本次尚未確認完成驗收,41729,6b0ee2e6fb16ed93389814ae244bc1207ca5b904bdd2f98b58d45e11fd3bfcaf
1486,0005__I01-E02__03__目標市場需求分析報告.docx,TTQS_GPT6_ASTRA_FULL_HANDOFF_20260925/TTQS_GPT6_ASTRA_FULL_HANDOFF_20260925/TTQS_DOCUMENT_FOUNDRY_RUN_ASTRA_20260925/60_QUARANTINE/R2_CURRENT/0005/0005__I01-E02__03__目標市場需求分析報告.docx,04_全部文件與歷次版本/TTQS_GPT6_ASTRA_FULL_HANDOFF_20260925/15/1486_0005__I01-E02__03__目標市場需求分析報告.docx,原樣保留；本次尚未確認完成驗收,41494,f130c9f0b0510b2fe147482754dbad61243f567df9e4f7707862d93133913b70
1487,0025__I04-E04__01__訓練評估與實施標準化作業程序SOP.docx,TTQS_GPT6_ASTRA_FULL_HANDOFF_20260925/TTQS_GPT6_ASTRA_FULL_HANDOFF_20260925/TTQS_DOCUMENT_FOUNDRY_RUN_ASTRA_20260925/60_QUARANTINE/R2_CURRENT/0025/0025__I04-E04__01__訓練評估與實施標準化作業程序SOP.docx,04_全部文件與歷次版本/TTQS_GPT6_ASTRA_FULL_HANDOFF_20260925/15/1487_0025__I04-E04__01__訓練評估與實施標準化作業程序SOP.docx,原樣保留；本次尚未確認完成驗收,41915,ba9c8aa7313615c18b31815aa0813dcf1dca1bc39771043f634300333f52849d
1488,0036__I07-E04__01__課程設計進度流程及規劃書.docx,TTQS_GPT6_ASTRA_FULL_HANDOFF_20260925/TTQS_GPT6_ASTRA_FULL_HANDOFF_20260925/TTQS_DOCUMENT_FOUNDRY_RUN_ASTRA_20260925/60_QUARANTINE/R2_CURRENT/0036/0036__I07-E04__01__課程設計進度流程及規劃書.docx,04_全部文件與歷次版本/TTQS_GPT6_ASTRA_FULL_HANDOFF_20260925/15/1488_0036__I07-E04__01__課程設計進度流程及規劃書.docx,原樣保留；本次尚未確認完成驗收,42338,9acd260614cef9b3e80b69f62de232ea5081ccbf6f5eed755bae69b37d333412
1489,0039__I08-E03__01__課程規劃與設計審查會議紀錄.docx,TTQS_GPT6_ASTRA_FULL_HANDOFF_20260925/TTQS_GPT6_ASTRA_FULL_HANDOFF_20260925/TTQS_DOCUMENT_FOUNDRY_RUN_ASTRA_20260925/60_QUARANTINE/R2_CURRENT/0039/0039__I08-E03__01__課程規劃與設計審查會議紀錄.docx,04_全部文件與歷次版本/TTQS_GPT6_ASTRA_FULL_HANDOFF_20260925/15/1489_0039__I08-E03__01__課程規劃與設計審查會議紀錄.docx,原樣保留；本次尚未確認完成驗收,42000,70d7470896d76dbd6117ebdb909a4720cada0dcb3ec7412eb63075d8abe21f01
1490,0040__I08-E03__02__訓練評估方法與成效指標對照表.docx,TTQS_GPT6_ASTRA_FULL_HANDOFF_20260925/TTQS_GPT6_ASTRA_FULL_HANDOFF_20260925/TTQS_DOCUMENT_FOUNDRY_RUN_ASTRA_20260925/60_QUARANTINE/R2_CURRENT/0040/0040__I08-E03__02__訓練評估方法與成效指標對照表.docx,04_全部文件與歷次版本/TTQS_GPT6_ASTRA_FULL_HANDOFF_20260925/15/1490_0040__I08-E03__02__訓練評估方法與成效指標對照表.docx,原樣保留；本次尚未確認完成驗收,42060,6d4436b0221c73dd796052a6f5e15758a94947fb2dd5af8106d6720355dfdd32
1491,0045__I10-E01__01__訓練資源採購與甄選管理辦法.docx,TTQS_GPT6_ASTRA_FULL_HANDOFF_20260925/TTQS_GPT6_ASTRA_FULL_HANDOFF_20260925/TTQS_DOCUMENT_FOUNDRY_RUN_ASTRA_20260925/60_QUARANTINE/R2_CURRENT/0045/0045__I10-E01__01__訓練資源採購與甄選管理辦法.docx,04_全部文件與歷次版本/TTQS_GPT6_ASTRA_FULL_HANDOFF_20260925/15/1491_0045__I10-E01__01__訓練資源採購與甄選管理辦法.docx,原樣保留；本次尚未確認完成驗收,41314,a6db1e8dc8a1044140838c45ddb6c743aac79fcbe696e85a2ac8a6d97dd9b66c
1492,0046__I10-E01__02__師資教材廠商評選紀錄表.docx,TTQS_GPT6_ASTRA_FULL_HANDOFF_20260925/TTQS_GPT6_ASTRA_FULL_HANDOFF_20260925/TTQS_DOCUMENT_FOUNDRY_RUN_ASTRA_20260925/60_QUARANTINE/R2_CURRENT/0046/0046__I10-E01__02__師資教材廠商評選紀錄表.docx,04_全部文件與歷次版本/TTQS_GPT6_ASTRA_FULL_HANDOFF_20260925/15/1492_0046__I10-E01__02__師資教材廠商評選紀錄表.docx,原樣保留；本次尚未確認完成驗收,41365,4bab2042278acfa700f52bbf19096749d3c2a9cd4f44a8af60c16296afed3bbb
1493,0066__I15-E02__01__訓練班級完整結案報告.docx,TTQS_GPT6_ASTRA_FULL_HANDOFF_20260925/TTQS_GPT6_ASTRA_FULL_HANDOFF_20260925/TTQS_DOCUMENT_FOUNDRY_RUN_ASTRA_20260925/60_QUARANTINE/R2_CURRENT/0066/0066__I15-E02__01__訓練班級完整結案報告.docx,04_全部文件與歷次版本/TTQS_GPT6_ASTRA_FULL_HANDOFF_20260925/15/1493_0066__I15-E02__01__訓練班級完整結案報告.docx,原樣保留；本次尚未確認完成驗收,42728,86ef21e9b4506a0cf5067d617a7a78d51483991a07f5a36f65c2d1822bae3e41
1494,0070__I16-E02__01__訓練異常處理程序與工具.docx,TTQS_GPT6_ASTRA_FULL_HANDOFF_20260925/TTQS_GPT6_ASTRA_FULL_HANDOFF_20260925/TTQS_DOCUMENT_FOUNDRY_RUN_ASTRA_20260925/60_QUARANTINE/R2_CURRENT/0070/0070__I16-E02__01__訓練異常處理程序與工具.docx,04_全部文件與歷次版本/TTQS_GPT6_ASTRA_FULL_HANDOFF_20260925/15/1494_0070__I16-E02__01__訓練異常處理程序與工具.docx,原樣保留；本次尚未確認完成驗收,41225,80324913731eb38ab2c1783884a7a8a9fdf4f80ba189bace53712cb762dc6fc1
1495,0071__I16-E02__02__異常通報暨CAPA矯正預防紀錄.docx,TTQS_GPT6_ASTRA_FULL_HANDOFF_20260925/TTQS_GPT6_ASTRA_FULL_HANDOFF_20260925/TTQS_DOCUMENT_FOUNDRY_RUN_ASTRA_20260925/60_QUARANTINE/R2_CURRENT/0071/0071__I16-E02__02__異常通報暨CAPA矯正預防紀錄.docx,04_全部文件與歷次版本/TTQS_GPT6_ASTRA_FULL_HANDOFF_20260925/15/1495_0071__I16-E02__02__異常通報暨CAPA矯正預防紀錄.docx,原樣保留；本次尚未確認完成驗收,41224,4f79556e914057213d3b95c989d12962de9cf9b973c3a79dbc3dcb1175740dad
1496,0076__I17B-E01__01__指標17b_考試暨實作評量紀錄.docx,TTQS_GPT6_ASTRA_FULL_HANDOFF_20260925/TTQS_GPT6_ASTRA_FULL_HANDOFF_20260925/TTQS_DOCUMENT_FOUNDRY_RUN_ASTRA_20260925/60_QUARANTINE/R2_CURRENT/0076/0076__I17B-E01__01__指標17b_考試暨實作評量紀錄.docx,04_全部文件與歷次版本/TTQS_GPT6_ASTRA_FULL_HANDOFF_20260925/15/1496_0076__I17B-E01__01__指標17b_考試暨實作評量紀錄.docx,原樣保留；本次尚未確認完成驗收,41625,c6539759db74909eda7eff286ea10b9841d684b180b2d29bbad8a4fc94cb0545
1497,0077__I17B-E01__02__指標17b_學員學習心得報告.docx,TTQS_GPT6_ASTRA_FULL_HANDOFF_20260925/TTQS_GPT6_ASTRA_FULL_HANDOFF_20260925/TTQS_DOCUMENT_FOUNDRY_RUN_ASTRA_20260925/60_QUARANTINE/R2_CURRENT/0077/0077__I17B-E01__02__指標17b_學員學習心得報告.docx,04_全部文件與歷次版本/TTQS_GPT6_ASTRA_FULL_HANDOFF_20260925/15/1497_0077__I17B-E01__02__指標17b_學員學習心得報告.docx,原樣保留；本次尚未確認完成驗收,41395,72e361505663e4d50ed0346ae81f450e1dd6c5cf6d1474e8b0d9794a04daf8f6
1498,0078__I17B-E01__03__指標17b_課程照片暨活動紀錄表.docx,TTQS_GPT6_ASTRA_FULL_HANDOFF_20260925/TTQS_GPT6_ASTRA_FULL_HANDOFF_20260925/TTQS_DOCUMENT_FOUNDRY_RUN_ASTRA_20260925/60_QUARANTINE/R2_CURRENT/0078/0078__I17B-E01__03__指標17b_課程照片暨活動紀錄表.docx,04_全部文件與歷次版本/TTQS_GPT6_ASTRA_FULL_HANDOFF_20260925/15/1498_0078__I17B-E01__03__指標17b_課程照片暨活動紀錄表.docx,原樣保留；本次尚未確認完成驗收,41513,ac3754faec84dcc73e1bc3c5a9485db6791ad22e20f8abff30e6260295f4785f
1499,0079__I17B-E01__04__指標17b_訓後學員職涯規劃建議表.docx,TTQS_GPT6_ASTRA_FULL_HANDOFF_20260925/TTQS_GPT6_ASTRA_FULL_HANDOFF_20260925/TTQS_DOCUMENT_FOUNDRY_RUN_ASTRA_20260925/60_QUARANTINE/R2_CURRENT/0079/0079__I17B-E01__04__指標17b_訓後學員職涯規劃建議表.docx,04_全部文件與歷次版本/TTQS_GPT6_ASTRA_FULL_HANDOFF_20260925/15/1499_0079__I17B-E01__04__指標17b_訓後學員職涯規劃建議表.docx,原樣保留；本次尚未確認完成驗收,41413,6d12f1607ab77b4cbc9933b2e549783f8ac604f6e55f7553d0a3e1c42836964e
1500,0087__I17D-E01__01__訓後成果追蹤調查表.docx,TTQS_GPT6_ASTRA_FULL_HANDOFF_20260925/TTQS_GPT6_ASTRA_FULL_HANDOFF_20260925/TTQS_DOCUMENT_FOUNDRY_RUN_ASTRA_20260925/60_QUARANTINE/R2_CURRENT/0087/0087__I17D-E01__01__訓後成果追蹤調查表.docx,04_全部文件與歷次版本/TTQS_GPT6_ASTRA_FULL_HANDOFF_20260925/15/1500_0087__I17D-E01__01__訓後成果追蹤調查表.docx,原樣保留；本次尚未確認完成驗收,41599,07d6effa4a3872ec8f5ecee453115dd7b2b5b36c5eb71beb6064e60f92e952bc
1501,0092__I17D-E06__01__第三方感謝函索取稿與證據驗證登錄表.docx,TTQS_GPT6_ASTRA_FULL_HANDOFF_20260925/TTQS_GPT6_ASTRA_FULL_HANDOFF_20260925/TTQS_DOCUMENT_FOUNDRY_RUN_ASTRA_20260925/60_QUARANTINE/R2_CURRENT/0092/0092__I17D-E06__01__第三方感謝函索取稿與證據驗證登錄表.docx,04_全部文件與歷次版本/TTQS_GPT6_ASTRA_FULL_HANDOFF_20260925/16/1501_0092__I17D-E06__01__第三方感謝函索取稿與證據驗證登錄表.docx,原樣保留；本次尚未確認完成驗收,41055,361cbf30ce27291c15dd9786e023c0b7cf4b6b90b51032461e27daa490399000
1502,0100__I18-E08__01__學員培訓前後自我評量表.docx,TTQS_GPT6_ASTRA_FULL_HANDOFF_20260925/TTQS_GPT6_ASTRA_FULL_HANDOFF_20260925/TTQS_DOCUMENT_FOUNDRY_RUN_ASTRA_20260925/60_QUARANTINE/R2_CURRENT/0100/0100__I18-E08__01__學員培訓前後自我評量表.docx,04_全部文件與歷次版本/TTQS_GPT6_ASTRA_FULL_HANDOFF_20260925/16/1502_0100__I18-E08__01__學員培訓前後自我評量表.docx,原樣保留；本次尚未確認完成驗收,41381,75d13f27e6b2a197ae06a0ebc22a293acc45609aeb80012e694b713aa500e208
1503,0101__I18-E08__02__能力提升雷達分析報告.docx,TTQS_GPT6_ASTRA_FULL_HANDOFF_20260925/TTQS_GPT6_ASTRA_FULL_HANDOFF_20260925/TTQS_DOCUMENT_FOUNDRY_RUN_ASTRA_20260925/60_QUARANTINE/R2_CURRENT/0101/0101__I18-E08__02__能力提升雷達分析報告.docx,04_全部文件與歷次版本/TTQS_GPT6_ASTRA_FULL_HANDOFF_20260925/16/1503_0101__I18-E08__02__能力提升雷達分析報告.docx,原樣保留；本次尚未確認完成驗收,86440,5269fd7bd09b8f53e8e7504e9ada003337be6ca4072e4a939e3731d20a8f536e
1504,0001__I01-E01__01__中長程業務發展策略地圖.docx,TTQS_GPT6_ASTRA_FULL_HANDOFF_20260925/TTQS_GPT6_ASTRA_FULL_HANDOFF_20260925/TTQS_DOCUMENT_FOUNDRY_RUN_ASTRA_20260925/60_QUARANTINE/QE002_LAYOUT_R3_20260925T150332+0800/STAGING/0001/0001__I01-E01__01__中長程業務發展策略地圖.docx,04_全部文件與歷次版本/TTQS_GPT6_ASTRA_FULL_HANDOFF_20260925/16/1504_0001__I01-E01__01__中長程業務發展策略地圖.docx,原樣保留；本次尚未確認完成驗收,45859,a75c70ddca41ead08f6aa35f0b9840a497b2ac4ff8dc1f6423710db64eae796e
1505,0002__I01-E01__02__策略因果鏈與三年KPI對照表.docx,TTQS_GPT6_ASTRA_FULL_HANDOFF_20260925/TTQS_GPT6_ASTRA_FULL_HANDOFF_20260925/TTQS_DOCUMENT_FOUNDRY_RUN_ASTRA_20260925/60_QUARANTINE/QE002_LAYOUT_R3_20260925T150332+0800/STAGING/0002/0002__I01-E01__02__策略因果鏈與三年KPI對照表.docx,04_全部文件與歷次版本/TTQS_GPT6_ASTRA_FULL_HANDOFF_20260925/16/1505_0002__I01-E01__02__策略因果鏈與三年KPI對照表.docx,原樣保留；本次尚未確認完成驗收,46886,03b1918da66a88cc757634bc9593702b07176f42058ad188faf0e702b3cb50a3
1506,0025__I04-E04__01__訓練評估與實施標準化作業程序SOP.docx,TTQS_GPT6_ASTRA_FULL_HANDOFF_20260925/TTQS_GPT6_ASTRA_FULL_HANDOFF_20260925/TTQS_DOCUMENT_FOUNDRY_RUN_ASTRA_20260925/60_QUARANTINE/QE002_LAYOUT_R3_20260925T150332+0800/STAGING/0025/0025__I04-E04__01__訓練評估與實施標準化作業程序SOP.docx,04_全部文件與歷次版本/TTQS_GPT6_ASTRA_FULL_HANDOFF_20260925/16/1506_0025__I04-E04__01__訓練評估與實施標準化作業程序SOP.docx,原樣保留；本次尚未確認完成驗收,190027,5fde5d83dc94126966eb4324e34841485a26144e9466dd1d3a6fbad0d40334a9
1507,0066__I15-E02__01__訓練班級完整結案報告__R4.docx,TTQS_GPT6_ASTRA_FULL_HANDOFF_20260925/TTQS_GPT6_ASTRA_FULL_HANDOFF_20260925/TTQS_DOCUMENT_FOUNDRY_RUN_ASTRA_20260925/60_QUARANTINE/QE002_LAYOUT_R3_20260925T150332+0800/STAGING/0066/0066__I15-E02__01__訓練班級完整結案報告__R4.docx,04_全部文件與歷次版本/TTQS_GPT6_ASTRA_FULL_HANDOFF_20260925/16/1507_0066__I15-E02__01__訓練班級完整結案報告__R4.docx,原樣保留；本次尚未確認完成驗收,104673,25ab73f2d0bc28db2b43f4aeb2f5a10da365b673abc2226700446736bf732355
1508,0001__I01-E01__01__中長程業務發展策略地圖.docx,TTQS_GPT6_ASTRA_FULL_HANDOFF_20260925/TTQS_GPT6_ASTRA_FULL_HANDOFF_20260925/TTQS_DOCUMENT_FOUNDRY_RUN_ASTRA_20260925/60_QUARANTINE/QE002_LAYOUT_R3_20260925T150332+0800/FROZEN/0001/0001__I01-E01__01__中長程業務發展策略地圖.docx,04_全部文件與歷次版本/TTQS_GPT6_ASTRA_FULL_HANDOFF_20260925/16/1508_0001__I01-E01__01__中長程業務發展策略地圖.docx,原樣保留；本次尚未確認完成驗收,45859,a75c70ddca41ead08f6aa35f0b9840a497b2ac4ff8dc1f6423710db64eae796e
1509,0002__I01-E01__02__策略因果鏈與三年KPI對照表.docx,TTQS_GPT6_ASTRA_FULL_HANDOFF_20260925/TTQS_GPT6_ASTRA_FULL_HANDOFF_20260925/TTQS_DOCUMENT_FOUNDRY_RUN_ASTRA_20260925/60_QUARANTINE/QE002_LAYOUT_R3_20260925T150332+0800/FROZEN/0002/0002__I01-E01__02__策略因果鏈與三年KPI對照表.docx,04_全部文件與歷次版本/TTQS_GPT6_ASTRA_FULL_HANDOFF_20260925/16/1509_0002__I01-E01__02__策略因果鏈與三年KPI對照表.docx,原樣保留；本次尚未確認完成驗收,46886,03b1918da66a88cc757634bc9593702b07176f42058ad188faf0e702b3cb50a3
1510,0025__I04-E04__01__訓練評估與實施標準化作業程序SOP.docx,TTQS_GPT6_ASTRA_FULL_HANDOFF_20260925/TTQS_GPT6_ASTRA_FULL_HANDOFF_20260925/TTQS_DOCUMENT_FOUNDRY_RUN_ASTRA_20260925/60_QUARANTINE/QE002_LAYOUT_R3_20260925T150332+0800/FROZEN/0025/0025__I04-E04__01__訓練評估與實施標準化作業程序SOP.docx,04_全部文件與歷次版本/TTQS_GPT6_ASTRA_FULL_HANDOFF_20260925/16/1510_0025__I04-E04__01__訓練評估與實施標準化作業程序SOP.docx,原樣保留；本次尚未確認完成驗收,190027,5fde5d83dc94126966eb4324e34841485a26144e9466dd1d3a6fbad0d40334a9
1511,0066__I15-E02__01__訓練班級完整結案報告__R4.docx,TTQS_GPT6_ASTRA_FULL_HANDOFF_20260925/TTQS_GPT6_ASTRA_FULL_HANDOFF_20260925/TTQS_DOCUMENT_FOUNDRY_RUN_ASTRA_20260925/60_QUARANTINE/QE002_LAYOUT_R3_20260925T150332+0800/FROZEN/0066/0066__I15-E02__01__訓練班級完整結案報告__R4.docx,04_全部文件與歷次版本/TTQS_GPT6_ASTRA_FULL_HANDOFF_20260925/16/1511_0066__I15-E02__01__訓練班級完整結案報告__R4.docx,原樣保留；本次尚未確認完成驗收,104673,25ab73f2d0bc28db2b43f4aeb2f5a10da365b673abc2226700446736bf732355
1512,0001__I01-E01__01__中長程業務發展策略地圖.docx,TTQS_GPT6_ASTRA_FULL_HANDOFF_20260925/TTQS_GPT6_ASTRA_FULL_HANDOFF_20260925/TTQS_DOCUMENT_FOUNDRY_RUN_ASTRA_20260925/60_QUARANTINE/QE002_LAYOUT_R3_20260925T150332+0800/CURRENT/0001/0001__I01-E01__01__中長程業務發展策略地圖.docx,04_全部文件與歷次版本/TTQS_GPT6_ASTRA_FULL_HANDOFF_20260925/16/1512_0001__I01-E01__01__中長程業務發展策略地圖.docx,原樣保留；本次尚未確認完成驗收,45859,a75c70ddca41ead08f6aa35f0b9840a497b2ac4ff8dc1f6423710db64eae796e
1513,0025__I04-E04__01__訓練評估與實施標準化作業程序SOP.docx,TTQS_GPT6_ASTRA_FULL_HANDOFF_20260925/TTQS_GPT6_ASTRA_FULL_HANDOFF_20260925/TTQS_DOCUMENT_FOUNDRY_RUN_ASTRA_20260925/60_QUARANTINE/QE002_LAYOUT_R3_20260925T150332+0800/CURRENT/0025/0025__I04-E04__01__訓練評估與實施標準化作業程序SOP.docx,04_全部文件與歷次版本/TTQS_GPT6_ASTRA_FULL_HANDOFF_20260925/16/1513_0025__I04-E04__01__訓練評估與實施標準化作業程序SOP.docx,原樣保留；本次尚未確認完成驗收,190027,5fde5d83dc94126966eb4324e34841485a26144e9466dd1d3a6fbad0d40334a9
1514,0066__I15-E02__01__訓練班級完整結案報告.docx,TTQS_GPT6_ASTRA_FULL_HANDOFF_20260925/TTQS_GPT6_ASTRA_FULL_HANDOFF_20260925/TTQS_DOCUMENT_FOUNDRY_RUN_ASTRA_20260925/60_QUARANTINE/QE002_LAYOUT_R3_20260925T150332+0800/CURRENT/0066/0066__I15-E02__01__訓練班級完整結案報告.docx,04_全部文件與歷次版本/TTQS_GPT6_ASTRA_FULL_HANDOFF_20260925/16/1514_0066__I15-E02__01__訓練班級完整結案報告.docx,原樣保留；本次尚未確認完成驗收,104673,25ab73f2d0bc28db2b43f4aeb2f5a10da365b673abc2226700446736bf732355
1515,0025__I04-E04__01__訓練評估與實施標準化作業程序SOP_R03.docx,TTQS_GPT6_ASTRA_FULL_HANDOFF_20260925/TTQS_GPT6_ASTRA_FULL_HANDOFF_20260925/TTQS_DOCUMENT_FOUNDRY_RUN_ASTRA_20260925/60_QUARANTINE/QUALITY_RECOVERY_PRESTATE_R01/0025/0025__I04-E04__01__訓練評估與實施標準化作業程序SOP_R03.docx,04_全部文件與歷次版本/TTQS_GPT6_ASTRA_FULL_HANDOFF_20260925/16/1515_0025__I04-E04__01__訓練評估與實施標準化作業程序SOP_R03.docx,原樣保留；本次尚未確認完成驗收,42511,42fa9a876753183fa97749066f58b8856971b1ab1872d2f97684d44006cebaf0
1516,0029__I05-E03__01__訓練規劃及達到客戶課程績效目標的證明資料_可直接使用成品.docx,TTQS_GPT6_ASTRA_FULL_HANDOFF_20260925/TTQS_GPT6_ASTRA_FULL_HANDOFF_20260925/TTQS_DOCUMENT_FOUNDRY_RUN_ASTRA_20260925/60_QUARANTINE/QUALITY_RECOVERY_PRESTATE_R01/0029/0029__I05-E03__01__訓練規劃及達到客戶課程績效目標的證明資料_可直接使用成品.docx,04_全部文件與歷次版本/TTQS_GPT6_ASTRA_FULL_HANDOFF_20260925/16/1516_0029__I05-E03__01__訓練規劃及達到客戶課程績效目標的證明資料_可直接使用成品.docx,原樣保留；本次尚未確認完成驗收,41202,537217c27d621c8440b50b6b8b6bc6440555762e29c54da1ef209a82a8d72161
1517,0041__I09-E01__01__課程規劃書（能顯示包含講師、行政、企業學員、_完整工作稿.docx,TTQS_GPT6_ASTRA_FULL_HANDOFF_20260925/TTQS_GPT6_ASTRA_FULL_HANDOFF_20260925/TTQS_DOCUMENT_FOUNDRY_RUN_ASTRA_20260925/60_QUARANTINE/QUALITY_RECOVERY_PRESTATE_R01/0041/0041__I09-E01__01__課程規劃書（能顯示包含講師、行政、企業學員、_完整工作稿.docx,04_全部文件與歷次版本/TTQS_GPT6_ASTRA_FULL_HANDOFF_20260925/16/1517_0041__I09-E01__01__課程規劃書（能顯示包含講師、行政、企業學員、_完整工作稿.docx,原樣保留；本次尚未確認完成驗收,43178,dd83cd91914020716e151c72f07676b743c1640518db34c8d0e0dc2bc2472420
1518,0052__I11-E04__01__規劃課程依學員及結訓學員意見訂定訓練課程，且_可直接使用成品.docx,TTQS_GPT6_ASTRA_FULL_HANDOFF_20260925/TTQS_GPT6_ASTRA_FULL_HANDOFF_20260925/TTQS_DOCUMENT_FOUNDRY_RUN_ASTRA_20260925/60_QUARANTINE/QUALITY_RECOVERY_PRESTATE_R01/0052/0052__I11-E04__01__規劃課程依學員及結訓學員意見訂定訓練課程，且_可直接使用成品.docx,04_全部文件與歷次版本/TTQS_GPT6_ASTRA_FULL_HANDOFF_20260925/16/1518_0052__I11-E04__01__規劃課程依學員及結訓學員意見訂定訓練課程，且_可直接使用成品.docx,原樣保留；本次尚未確認完成驗收,40912,31e03843a2ec79e385784a2414295310411e770fe246a5eddd1584273e29846e
1519,0053__I12-E01__01__近年針對訓練課程的切合性，有檢討並調整遴選學_可直接使用成品.docx,TTQS_GPT6_ASTRA_FULL_HANDOFF_20260925/TTQS_GPT6_ASTRA_FULL_HANDOFF_20260925/TTQS_DOCUMENT_FOUNDRY_RUN_ASTRA_20260925/60_QUARANTINE/QUALITY_RECOVERY_PRESTATE_R01/0053/0053__I12-E01__01__近年針對訓練課程的切合性，有檢討並調整遴選學_可直接使用成品.docx,04_全部文件與歷次版本/TTQS_GPT6_ASTRA_FULL_HANDOFF_20260925/16/1519_0053__I12-E01__01__近年針對訓練課程的切合性，有檢討並調整遴選學_可直接使用成品.docx,原樣保留；本次尚未確認完成驗收,40870,7fc3248979f80e8e7290c7175023f73ccea0560f72c6ad03b1991898650d44b8
1520,0054__I12-E02__01__依學員遴選標準及流程遴選，教材由講師及顧問推_完整工作稿.docx,TTQS_GPT6_ASTRA_FULL_HANDOFF_20260925/TTQS_GPT6_ASTRA_FULL_HANDOFF_20260925/TTQS_DOCUMENT_FOUNDRY_RUN_ASTRA_20260925/60_QUARANTINE/QUALITY_RECOVERY_PRESTATE_R01/0054/0054__I12-E02__01__依學員遴選標準及流程遴選，教材由講師及顧問推_完整工作稿.docx,04_全部文件與歷次版本/TTQS_GPT6_ASTRA_FULL_HANDOFF_20260925/16/1520_0054__I12-E02__01__依學員遴選標準及流程遴選，教材由講師及顧問推_完整工作稿.docx,原樣保留；本次尚未確認完成驗收,40869,b68fc82d45329ce7e6562d486b82420bf33ca3cd06f1422b168715c5c5899bb3
1521,0055__I12-E03__01__講師的遴聘依師資遴選標準及流程評選並經訓練管_可直接使用成品.docx,TTQS_GPT6_ASTRA_FULL_HANDOFF_20260925/TTQS_GPT6_ASTRA_FULL_HANDOFF_20260925/TTQS_DOCUMENT_FOUNDRY_RUN_ASTRA_20260925/60_QUARANTINE/QUALITY_RECOVERY_PRESTATE_R01/0055/0055__I12-E03__01__講師的遴聘依師資遴選標準及流程評選並經訓練管_可直接使用成品.docx,04_全部文件與歷次版本/TTQS_GPT6_ASTRA_FULL_HANDOFF_20260925/16/1521_0055__I12-E03__01__講師的遴聘依師資遴選標準及流程評選並經訓練管_可直接使用成品.docx,原樣保留；本次尚未確認完成驗收,41045,f208be2ce89435444d469a3eb82f13b5799afbea044a716a137ac20492252de9
1522,0060__I14-E01__01__訓練資料與訓練過程及成果的紀錄與分類，均有系_可直接使用成品.docx,TTQS_GPT6_ASTRA_FULL_HANDOFF_20260925/TTQS_GPT6_ASTRA_FULL_HANDOFF_20260925/TTQS_DOCUMENT_FOUNDRY_RUN_ASTRA_20260925/60_QUARANTINE/QUALITY_RECOVERY_PRESTATE_R01/0060/0060__I14-E01__01__訓練資料與訓練過程及成果的紀錄與分類，均有系_可直接使用成品.docx,04_全部文件與歷次版本/TTQS_GPT6_ASTRA_FULL_HANDOFF_20260925/16/1522_0060__I14-E01__01__訓練資料與訓練過程及成果的紀錄與分類，均有系_可直接使用成品.docx,原樣保留；本次尚未確認完成驗收,41085,514d38ec8551d05a462fe3481e0d3248a615b5f8de6b6d957607a9cd84bef313
1523,0061__I14-E02__01__訓練檔案管理系統_完整工作稿.docx,TTQS_GPT6_ASTRA_FULL_HANDOFF_20260925/TTQS_GPT6_ASTRA_FULL_HANDOFF_20260925/TTQS_DOCUMENT_FOUNDRY_RUN_ASTRA_20260925/60_QUARANTINE/QUALITY_RECOVERY_PRESTATE_R01/0061/0061__I14-E02__01__訓練檔案管理系統_完整工作稿.docx,04_全部文件與歷次版本/TTQS_GPT6_ASTRA_FULL_HANDOFF_20260925/16/1523_0061__I14-E02__01__訓練檔案管理系統_完整工作稿.docx,原樣保留；本次尚未確認完成驗收,41545,adff24f8ea206cd6be2d9a63cb076955bed4deba4fb9ba8b66330ece68fd8ef2
1524,0062__I14-E03__01__完整的訓練文件建檔資料_完整工作稿.docx,TTQS_GPT6_ASTRA_FULL_HANDOFF_20260925/TTQS_GPT6_ASTRA_FULL_HANDOFF_20260925/TTQS_DOCUMENT_FOUNDRY_RUN_ASTRA_20260925/60_QUARANTINE/QUALITY_RECOVERY_PRESTATE_R01/0062/0062__I14-E03__01__完整的訓練文件建檔資料_完整工作稿.docx,04_全部文件與歷次版本/TTQS_GPT6_ASTRA_FULL_HANDOFF_20260925/16/1524_0062__I14-E03__01__完整的訓練文件建檔資料_完整工作稿.docx,原樣保留；本次尚未確認完成驗收,41133,4f9609af20c75ec3dee58ac9e3c93c646b657e33f317a72d4cf32fa79fac771b
1525,0077__I17B-E01__02__指標17b_學員學習心得報告.docx,TTQS_GPT6_ASTRA_FULL_HANDOFF_20260925/TTQS_GPT6_ASTRA_FULL_HANDOFF_20260925/TTQS_DOCUMENT_FOUNDRY_RUN_ASTRA_20260925/60_QUARANTINE/QUALITY_RECOVERY_PRESTATE_R01/0077/0077__I17B-E01__02__指標17b_學員學習心得報告.docx,04_全部文件與歷次版本/TTQS_GPT6_ASTRA_FULL_HANDOFF_20260925/16/1525_0077__I17B-E01__02__指標17b_學員學習心得報告.docx,原樣保留；本次尚未確認完成驗收,46679,2b2b63f938bfb62a2e248e9ada9e34be7b8649eac9f607690bced0845ac26c59
1526,0090__I17D-E04__01__派訓單位主管對參訓學員的學習成效評估表_可直接使用成品.docx,TTQS_GPT6_ASTRA_FULL_HANDOFF_20260925/TTQS_GPT6_ASTRA_FULL_HANDOFF_20260925/TTQS_DOCUMENT_FOUNDRY_RUN_ASTRA_20260925/60_QUARANTINE/QUALITY_RECOVERY_PRESTATE_R01/0090/0090__I17D-E04__01__派訓單位主管對參訓學員的學習成效評估表_可直接使用成品.docx,04_全部文件與歷次版本/TTQS_GPT6_ASTRA_FULL_HANDOFF_20260925/16/1526_0090__I17D-E04__01__派訓單位主管對參訓學員的學習成效評估表_可直接使用成品.docx,原樣保留；本次尚未確認完成驗收,41683,00b5c82a59b99d752929ed9192a81a252c54bf4d0497d707c0eba4e751803771
1527,0100__I18-E08__01__學員培訓前後自我評量表.docx,TTQS_GPT6_ASTRA_FULL_HANDOFF_20260925/TTQS_GPT6_ASTRA_FULL_HANDOFF_20260925/TTQS_DOCUMENT_FOUNDRY_RUN_ASTRA_20260925/60_QUARANTINE/QUALITY_RECOVERY_PRESTATE_R01/0100/0100__I18-E08__01__學員培訓前後自我評量表.docx,04_全部文件與歷次版本/TTQS_GPT6_ASTRA_FULL_HANDOFF_20260925/16/1527_0100__I18-E08__01__學員培訓前後自我評量表.docx,原樣保留；本次尚未確認完成驗收,42305,bf330f665968df33f609badb0247edc3ab525b75099da08277e3bf3567c3e460
1528,0116__I19-E03__01__學員訓後就業狀況追蹤調查表.docx,TTQS_GPT6_ASTRA_FULL_HANDOFF_20260925/TTQS_GPT6_ASTRA_FULL_HANDOFF_20260925/TTQS_DOCUMENT_FOUNDRY_RUN_ASTRA_20260925/60_QUARANTINE/QUALITY_RECOVERY_PRESTATE_R01/0116/0116__I19-E03__01__學員訓後就業狀況追蹤調查表.docx,04_全部文件與歷次版本/TTQS_GPT6_ASTRA_FULL_HANDOFF_20260925/16/1528_0116__I19-E03__01__學員訓後就業狀況追蹤調查表.docx,原樣保留；本次尚未確認完成驗收,42126,493311befadb0b87622ff54ab87da13de6cb20fbdd9542cfc9832c9c04adb7d7
1529,0133__I19-E22__01__年度訓練班次與參訓人次趨勢表.docx,TTQS_GPT6_ASTRA_FULL_HANDOFF_20260925/TTQS_GPT6_ASTRA_FULL_HANDOFF_20260925/TTQS_DOCUMENT_FOUNDRY_RUN_ASTRA_20260925/60_QUARANTINE/QUALITY_RECOVERY_PRESTATE_R01/0133/0133__I19-E22__01__年度訓練班次與參訓人次趨勢表.docx,04_全部文件與歷次版本/TTQS_GPT6_ASTRA_FULL_HANDOFF_20260925/16/1529_0133__I19-E22__01__年度訓練班次與參訓人次趨勢表.docx,原樣保留；本次尚未確認完成驗收,41216,a16657b25d78dacf25b208e2834a797cecc9109386ad61bf7f89543e26775269
1530,0092__I17D-E06__01__第三方感謝函索取稿與證據驗證登錄表.docx,TTQS_GPT6_ASTRA_FULL_HANDOFF_20260925/TTQS_GPT6_ASTRA_FULL_HANDOFF_20260925/TTQS_DOCUMENT_FOUNDRY_RUN_ASTRA_20260925/90_HISTORY_IMMUTABLE/QE003_PRE_REPAIR/0092/R01/0092__I17D-E06__01__第三方感謝函索取稿與證據驗證登錄表.docx,04_全部文件與歷次版本/TTQS_GPT6_ASTRA_FULL_HANDOFF_20260925/16/1530_0092__I17D-E06__01__第三方感謝函索取稿與證據驗證登錄表.docx,原樣保留；本次尚未確認完成驗收,42925,2e45399f649d51d76d3458a04264267aa0b4f2caf2e4352be2252c1b4bd6a252
1531,0092__I17D-E06__01__第三方感謝函索取稿與證據驗證登錄表.docx,TTQS_GPT6_ASTRA_FULL_HANDOFF_20260925/TTQS_GPT6_ASTRA_FULL_HANDOFF_20260925/TTQS_DOCUMENT_FOUNDRY_RUN_ASTRA_20260925/90_HISTORY_IMMUTABLE/QE003_PRE_REPAIR/0092/R02/0092__I17D-E06__01__第三方感謝函索取稿與證據驗證登錄表.docx,04_全部文件與歷次版本/TTQS_GPT6_ASTRA_FULL_HANDOFF_20260925/16/1531_0092__I17D-E06__01__第三方感謝函索取稿與證據驗證登錄表.docx,原樣保留；本次尚未確認完成驗收,43113,34135177ba86e6265c3d8500b120785ba149271fdb67c11c4ded4987c9fc1379
1532,0100__I18-E08__01__學員培訓前後自我評量表.docx,TTQS_GPT6_ASTRA_FULL_HANDOFF_20260925/TTQS_GPT6_ASTRA_FULL_HANDOFF_20260925/TTQS_DOCUMENT_FOUNDRY_RUN_ASTRA_20260925/90_HISTORY_IMMUTABLE/QE003_PRE_REPAIR/0100/R01/0100__I18-E08__01__學員培訓前後自我評量表.docx,04_全部文件與歷次版本/TTQS_GPT6_ASTRA_FULL_HANDOFF_20260925/16/1532_0100__I18-E08__01__學員培訓前後自我評量表.docx,原樣保留；本次尚未確認完成驗收,47266,33b193874cef9ce475b8cc12669f233e8871334fa58dfea54f8337976e3c03c3
1533,0004_PRE_DATA_ALIGNMENT_6f1e1e2cacfa32051e40f49f8819213f7d1f563d9e89598ea3ff626e3f9236bf.docx,TTQS_GPT6_ASTRA_FULL_HANDOFF_20260925/TTQS_GPT6_ASTRA_FULL_HANDOFF_20260925/TTQS_DOCUMENT_FOUNDRY_RUN_ASTRA_20260925/90_HISTORY_IMMUTABLE/DOCX_FACTORY_BATCH01/0004_PRE_DATA_ALIGNMENT_6f1e1e2cacfa32051e40f49f8819213f7d1f563d9e89598ea3ff626e3f9236bf.docx,04_全部文件與歷次版本/TTQS_GPT6_ASTRA_FULL_HANDOFF_20260925/16/1533_0004_PRE_DATA_ALIGNMENT_6f1e1e2cacfa32051e40f49f8819213f7d1f563d9e8959.docx,原樣保留；本次尚未確認完成驗收,53200,6f1e1e2cacfa32051e40f49f8819213f7d1f563d9e89598ea3ff626e3f9236bf
1534,TOC_INITIAL_abc4f4247b9f8e2ace84ba73dce07eb0a15a0eb631cc3033adfafcc2456d235e.docx,TTQS_GPT6_ASTRA_FULL_HANDOFF_20260925/TTQS_GPT6_ASTRA_FULL_HANDOFF_20260925/TTQS_DOCUMENT_FOUNDRY_RUN_ASTRA_20260925/90_HISTORY_IMMUTABLE/DOCX_FACTORY_BATCH01/TOC_INITIAL_abc4f4247b9f8e2ace84ba73dce07eb0a15a0eb631cc3033adfafcc2456d235e.docx,04_全部文件與歷次版本/TTQS_GPT6_ASTRA_FULL_HANDOFF_20260925/16/1534_TOC_INITIAL_abc4f4247b9f8e2ace84ba73dce07eb0a15a0eb631cc3033adfafcc245.docx,原樣保留；本次尚未確認完成驗收,48254,abc4f4247b9f8e2ace84ba73dce07eb0a15a0eb631cc3033adfafcc2456d235e
1535,TOC_R01_d10b9e1767ab26d91de534ecf8caa6fdcecfba5e96a2e1d1b843bc5ab9c38212.docx,TTQS_GPT6_ASTRA_FULL_HANDOFF_20260925/TTQS_GPT6_ASTRA_FULL_HANDOFF_20260925/TTQS_DOCUMENT_FOUNDRY_RUN_ASTRA_20260925/90_HISTORY_IMMUTABLE/DOCX_FACTORY_BATCH01/TOC_R01_d10b9e1767ab26d91de534ecf8caa6fdcecfba5e96a2e1d1b843bc5ab9c38212.docx,04_全部文件與歷次版本/TTQS_GPT6_ASTRA_FULL_HANDOFF_20260925/16/1535_TOC_R01_d10b9e1767ab26d91de534ecf8caa6fdcecfba5e96a2e1d1b843bc5ab9c382.docx,原樣保留；本次尚未確認完成驗收,47734,d10b9e1767ab26d91de534ecf8caa6fdcecfba5e96a2e1d1b843bc5ab9c38212
1536,TOC_R02_e2022ed3fca91587c178cec4e1df2ef72193d6c484dd386ef7968839147a31df.docx,TTQS_GPT6_ASTRA_FULL_HANDOFF_20260925/TTQS_GPT6_ASTRA_FULL_HANDOFF_20260925/TTQS_DOCUMENT_FOUNDRY_RUN_ASTRA_20260925/90_HISTORY_IMMUTABLE/DOCX_FACTORY_BATCH01/TOC_R02_e2022ed3fca91587c178cec4e1df2ef72193d6c484dd386ef7968839147a31df.docx,04_全部文件與歷次版本/TTQS_GPT6_ASTRA_FULL_HANDOFF_20260925/16/1536_TOC_R02_e2022ed3fca91587c178cec4e1df2ef72193d6c484dd386ef7968839147a31.docx,原樣保留；本次尚未確認完成驗收,43488,e2022ed3fca91587c178cec4e1df2ef72193d6c484dd386ef7968839147a31df
1537,00_TTQS_142份Word文件總目錄.docx,TTQS_GPT6_ASTRA_FULL_HANDOFF_20260925/TTQS_GPT6_ASTRA_FULL_HANDOFF_20260925/TTQS_DOCUMENT_FOUNDRY_RUN_ASTRA_20260925/99_FINAL_PACKAGE/00_總目錄/00_TTQS_142份Word文件總目錄.docx,04_全部文件與歷次版本/TTQS_GPT6_ASTRA_FULL_HANDOFF_20260925/16/1537_00_TTQS_142份Word文件總目錄.docx,原樣保留；本次尚未確認完成驗收,47676,bfd24369b1d4b7a232beba3642ffe9847c3fd5b6015833ebe81da97786235f6a
1538,0001__I01-E01__01__中長程業務發展策略地圖.docx,TTQS_GPT6_ASTRA_FULL_HANDOFF_20260925/TTQS_GPT6_ASTRA_FULL_HANDOFF_20260925/TTQS_DOCUMENT_FOUNDRY_RUN_ASTRA_20260925/99_FINAL_PACKAGE/01_指標01/0001__I01-E01__01__中長程業務發展策略地圖.docx,04_全部文件與歷次版本/TTQS_GPT6_ASTRA_FULL_HANDOFF_20260925/16/1538_0001__I01-E01__01__中長程業務發展策略地圖.docx,原樣保留；本次尚未確認完成驗收,49098,5602df51f2090863002a38d3665b1b00d3391a8a776b5727b2f3b0d5a6ec0322
1539,0002__I01-E01__02__策略因果鏈與三年KPI對照表.docx,TTQS_GPT6_ASTRA_FULL_HANDOFF_20260925/TTQS_GPT6_ASTRA_FULL_HANDOFF_20260925/TTQS_DOCUMENT_FOUNDRY_RUN_ASTRA_20260925/99_FINAL_PACKAGE/01_指標01/0002__I01-E01__02__策略因果鏈與三年KPI對照表.docx,04_全部文件與歷次版本/TTQS_GPT6_ASTRA_FULL_HANDOFF_20260925/16/1539_0002__I01-E01__02__策略因果鏈與三年KPI對照表.docx,原樣保留；本次尚未確認完成驗收,57663,c97850e86530094eae37dd8919eb09709584b51a6def3d291cf3422ac3d8b8c5
1540,0003__I01-E02__01__目標市場需求調查問卷.docx,TTQS_GPT6_ASTRA_FULL_HANDOFF_20260925/TTQS_GPT6_ASTRA_FULL_HANDOFF_20260925/TTQS_DOCUMENT_FOUNDRY_RUN_ASTRA_20260925/99_FINAL_PACKAGE/01_指標01/0003__I01-E02__01__目標市場需求調查問卷.docx,04_全部文件與歷次版本/TTQS_GPT6_ASTRA_FULL_HANDOFF_20260925/16/1540_0003__I01-E02__01__目標市場需求調查問卷.docx,原樣保留；本次尚未確認完成驗收,42992,e29be4f8bec8c04001192247ab37d30f3dd62f3376ee3c0349ab376c6ae01124
1541,0007__I01-E04__01__課程產品及流程檢討分析報告.docx,TTQS_GPT6_ASTRA_FULL_HANDOFF_20260925/TTQS_GPT6_ASTRA_FULL_HANDOFF_20260925/TTQS_DOCUMENT_FOUNDRY_RUN_ASTRA_20260925/99_FINAL_PACKAGE/01_指標01/0007__I01-E04__01__課程產品及流程檢討分析報告.docx,04_全部文件與歷次版本/TTQS_GPT6_ASTRA_FULL_HANDOFF_20260925/16/1541_0007__I01-E04__01__課程產品及流程檢討分析報告.docx,原樣保留；本次尚未確認完成驗收,44478,0920d0757842e6d053f09635e0e1a3355b9c91f7fc0fb79509adf1f810e234df
1542,0008__I01-E05__01__各類別訓練課程年度成長計畫.docx,TTQS_GPT6_ASTRA_FULL_HANDOFF_20260925/TTQS_GPT6_ASTRA_FULL_HANDOFF_20260925/TTQS_DOCUMENT_FOUNDRY_RUN_ASTRA_20260925/99_FINAL_PACKAGE/01_指標01/0008__I01-E05__01__各類別訓練課程年度成長計畫.docx,04_全部文件與歷次版本/TTQS_GPT6_ASTRA_FULL_HANDOFF_20260925/16/1542_0008__I01-E05__01__各類別訓練課程年度成長計畫.docx,原樣保留；本次尚未確認完成驗收,45156,9fd7cc2df8e13c7e8b3e8a5855a0cf98b5db6222233b5992534fbcd7141e07a4
1543,0006__I01-E03__01__業務發展計畫與人力資源訓練規劃.docx,TTQS_GPT6_ASTRA_FULL_HANDOFF_20260925/TTQS_GPT6_ASTRA_FULL_HANDOFF_20260925/TTQS_DOCUMENT_FOUNDRY_RUN_ASTRA_20260925/99_FINAL_PACKAGE/01_指標01/0006__I01-E03__01__業務發展計畫與人力資源訓練規劃.docx,04_全部文件與歷次版本/TTQS_GPT6_ASTRA_FULL_HANDOFF_20260925/16/1543_0006__I01-E03__01__業務發展計畫與人力資源訓練規劃.docx,原樣保留；本次尚未確認完成驗收,44894,561b048ddf56b2666a846b148cc46a3496a07abe3b922f9d9135f60cd0170a33
1544,0005__I01-E02__03__目標市場需求分析報告.docx,TTQS_GPT6_ASTRA_FULL_HANDOFF_20260925/TTQS_GPT6_ASTRA_FULL_HANDOFF_20260925/TTQS_DOCUMENT_FOUNDRY_RUN_ASTRA_20260925/99_FINAL_PACKAGE/01_指標01/0005__I01-E02__03__目標市場需求分析報告.docx,04_全部文件與歷次版本/TTQS_GPT6_ASTRA_FULL_HANDOFF_20260925/16/1544_0005__I01-E02__03__目標市場需求分析報告.docx,原樣保留；本次尚未確認完成驗收,46082,b506910d34276ec27e1e8b99a2dbb06ada7260c2b82fe62805b12b15d96ab571
1545,0009__I01-E06__01__年度績效目標訂定與分析紀錄.docx,TTQS_GPT6_ASTRA_FULL_HANDOFF_20260925/TTQS_GPT6_ASTRA_FULL_HANDOFF_20260925/TTQS_DOCUMENT_FOUNDRY_RUN_ASTRA_20260925/99_FINAL_PACKAGE/01_指標01/0009__I01-E06__01__年度績效目標訂定與分析紀錄.docx,04_全部文件與歷次版本/TTQS_GPT6_ASTRA_FULL_HANDOFF_20260925/16/1545_0009__I01-E06__01__年度績效目標訂定與分析紀錄.docx,原樣保留；本次尚未確認完成驗收,43372,acd9ae180b9bf16bcaac8536000e18674516d31ba6bc6e11740051a485a1a45e
1546,0004__I01-E02__02__目標市場調查執行與樣本紀錄.docx,TTQS_GPT6_ASTRA_FULL_HANDOFF_20260925/TTQS_GPT6_ASTRA_FULL_HANDOFF_20260925/TTQS_DOCUMENT_FOUNDRY_RUN_ASTRA_20260925/99_FINAL_PACKAGE/01_指標01/0004__I01-E02__02__目標市場調查執行與樣本紀錄.docx,04_全部文件與歷次版本/TTQS_GPT6_ASTRA_FULL_HANDOFF_20260925/16/1546_0004__I01-E02__02__目標市場調查執行與樣本紀錄.docx,原樣保留；本次尚未確認完成驗收,50481,44f2f43c477b6834480de8e3679cf8cfefdce582eaa7a41a396725c1f6d5d58b
1547,0011__I02-E02__01__與訓練政策有關之訓練產品與市場定位_制度文件_R03.docx,TTQS_GPT6_ASTRA_FULL_HANDOFF_20260925/TTQS_GPT6_ASTRA_FULL_HANDOFF_20260925/TTQS_DOCUMENT_FOUNDRY_RUN_ASTRA_20260925/99_FINAL_PACKAGE/02_指標02/0011__I02-E02__01__與訓練政策有關之訓練產品與市場定位_制度文件_R03.docx,04_全部文件與歷次版本/TTQS_GPT6_ASTRA_FULL_HANDOFF_20260925/16/1547_0011__I02-E02__01__與訓練政策有關之訓練產品與市場定位_制度文件_R03.docx,原樣保留；本次尚未確認完成驗收,43795,55cfb12e103adadb461a8eb86748abb7c990f16a6301b8fc991ca89ab05d12a9
1548,0012__I02-E03__01__補助參與機構公開招生課程或進階課程優惠辦法之_制度文件_R02.docx,TTQS_GPT6_ASTRA_FULL_HANDOFF_20260925/TTQS_GPT6_ASTRA_FULL_HANDOFF_20260925/TTQS_DOCUMENT_FOUNDRY_RUN_ASTRA_20260925/99_FINAL_PACKAGE/02_指標02/0012__I02-E03__01__補助參與機構公開招生課程或進階課程優惠辦法之_制度文件_R02.docx,04_全部文件與歷次版本/TTQS_GPT6_ASTRA_FULL_HANDOFF_20260925/16/1548_0012__I02-E03__01__補助參與機構公開招生課程或進階課程優惠辦法之_制度文件_R02.docx,原樣保留；本次尚未確認完成驗收,45101,f96ff2e4dc954ddfe0a2d390af0194e9792c1f9dc764704769a0d447c78dda6c
1549,0013__I02-E04__01__公開公布訓練機構年度訓練課程_完整工作稿_R02.docx,TTQS_GPT6_ASTRA_FULL_HANDOFF_20260925/TTQS_GPT6_ASTRA_FULL_HANDOFF_20260925/TTQS_DOCUMENT_FOUNDRY_RUN_ASTRA_20260925/99_FINAL_PACKAGE/02_指標02/0013__I02-E04__01__公開公布訓練機構年度訓練課程_完整工作稿_R02.docx,04_全部文件與歷次版本/TTQS_GPT6_ASTRA_FULL_HANDOFF_20260925/16/1549_0013__I02-E04__01__公開公布訓練機構年度訓練課程_完整工作稿_R02.docx,原樣保留；本次尚未確認完成驗收,43999,78505f0174b0c0d929bef5e3dee81a931d7e930377851384964bd2d10b629475
1550,0014__I02-E05__01__客戶課程需求申請表_R02.docx,TTQS_GPT6_ASTRA_FULL_HANDOFF_20260925/TTQS_GPT6_ASTRA_FULL_HANDOFF_20260925/TTQS_DOCUMENT_FOUNDRY_RUN_ASTRA_20260925/99_FINAL_PACKAGE/02_指標02/0014__I02-E05__01__客戶課程需求申請表_R02.docx,04_全部文件與歷次版本/TTQS_GPT6_ASTRA_FULL_HANDOFF_20260925/16/1550_0014__I02-E05__01__客戶課程需求申請表_R02.docx,原樣保留；本次尚未確認完成驗收,41512,0bb08b2079cbbd73f54fb66a93eb504ae866e0264d1e7edbd84cf03dbc107c70
1551,0016__I02-E05__03__課程EDM完整文案_R02.docx,TTQS_GPT6_ASTRA_FULL_HANDOFF_20260925/TTQS_GPT6_ASTRA_FULL_HANDOFF_20260925/TTQS_DOCUMENT_FOUNDRY_RUN_ASTRA_20260925/99_FINAL_PACKAGE/02_指標02/0016__I02-E05__03__課程EDM完整文案_R02.docx,04_全部文件與歷次版本/TTQS_GPT6_ASTRA_FULL_HANDOFF_20260925/16/1551_0016__I02-E05__03__課程EDM完整文案_R02.docx,原樣保留；本次尚未確認完成驗收,43455,b22eeb4ab2ad634c87ba2b2cbb4554304682f0e8cfb626311efa30b87b72d278
1552,0017__I02-E05__04__網站課程揭露頁完整內容_R02.docx,TTQS_GPT6_ASTRA_FULL_HANDOFF_20260925/TTQS_GPT6_ASTRA_FULL_HANDOFF_20260925/TTQS_DOCUMENT_FOUNDRY_RUN_ASTRA_20260925/99_FINAL_PACKAGE/02_指標02/0017__I02-E05__04__網站課程揭露頁完整內容_R02.docx,04_全部文件與歷次版本/TTQS_GPT6_ASTRA_FULL_HANDOFF_20260925/16/1552_0017__I02-E05__04__網站課程揭露頁完整內容_R02.docx,原樣保留；本次尚未確認完成驗收,43361,d03994adac205a28e5b34c5b9a8590dc023be0fb2fd6eddba333befac7d3817f
1553,0015__I02-E05__02__客戶需求評估與回覆表_R04.docx,TTQS_GPT6_ASTRA_FULL_HANDOFF_20260925/TTQS_GPT6_ASTRA_FULL_HANDOFF_20260925/TTQS_DOCUMENT_FOUNDRY_RUN_ASTRA_20260925/99_FINAL_PACKAGE/02_指標02/0015__I02-E05__02__客戶需求評估與回覆表_R04.docx,04_全部文件與歷次版本/TTQS_GPT6_ASTRA_FULL_HANDOFF_20260925/16/1553_0015__I02-E05__02__客戶需求評估與回覆表_R04.docx,原樣保留；本次尚未確認完成驗收,41921,f231efa41e88125dbcf1943af7e780a71962c858a46a83410b871dc7440c7c00
1554,0010__I02-E01__01__學員訓練成果評核標準與說明.docx,TTQS_GPT6_ASTRA_FULL_HANDOFF_20260925/TTQS_GPT6_ASTRA_FULL_HANDOFF_20260925/TTQS_DOCUMENT_FOUNDRY_RUN_ASTRA_20260925/99_FINAL_PACKAGE/02_指標02/0010__I02-E01__01__學員訓練成果評核標準與說明.docx,04_全部文件與歷次版本/TTQS_GPT6_ASTRA_FULL_HANDOFF_20260925/16/1554_0010__I02-E01__01__學員訓練成果評核標準與說明.docx,原樣保留；本次尚未確認完成驗收,44963,36fd04f10bd6c1f64e99485c7b4c4da8388c9e9ad5bef97e76586c14136b2d34
1555,0018__I03-E01__01__PDDRO訓練體系圖與核心訓練類別說明_R02.docx,TTQS_GPT6_ASTRA_FULL_HANDOFF_20260925/TTQS_GPT6_ASTRA_FULL_HANDOFF_20260925/TTQS_DOCUMENT_FOUNDRY_RUN_ASTRA_20260925/99_FINAL_PACKAGE/03_指標03/0018__I03-E01__01__PDDRO訓練體系圖與核心訓練類別說明_R02.docx,04_全部文件與歷次版本/TTQS_GPT6_ASTRA_FULL_HANDOFF_20260925/16/1555_0018__I03-E01__01__PDDRO訓練體系圖與核心訓練類別說明_R02.docx,原樣保留；本次尚未確認完成驗收,43879,302c77340e688458764c599d3ca707cc817039232e27acbefe7d521a1a7fa39a
1556,0019__I03-E02__01__學員訓練及訓練機構事業發展相關的證明_可直接使用成品_R03.docx,TTQS_GPT6_ASTRA_FULL_HANDOFF_20260925/TTQS_GPT6_ASTRA_FULL_HANDOFF_20260925/TTQS_DOCUMENT_FOUNDRY_RUN_ASTRA_20260925/99_FINAL_PACKAGE/03_指標03/0019__I03-E02__01__學員訓練及訓練機構事業發展相關的證明_可直接使用成品_R03.docx,04_全部文件與歷次版本/TTQS_GPT6_ASTRA_FULL_HANDOFF_20260925/16/1556_0019__I03-E02__01__學員訓練及訓練機構事業發展相關的證明_可直接使用成品_R03.docx,原樣保留；本次尚未確認完成驗收,43563,f271e81dd89ebe8427158ab804ee329f7679d77462b4b3c564aa4eac480bf7a2
1557,0020__I03-E03__01__學員訓練類型及促進關鍵績效指標（KPI）_完整工作稿_R02.docx,TTQS_GPT6_ASTRA_FULL_HANDOFF_20260925/TTQS_GPT6_ASTRA_FULL_HANDOFF_20260925/TTQS_DOCUMENT_FOUNDRY_RUN_ASTRA_20260925/99_FINAL_PACKAGE/03_指標03/0020__I03-E03__01__學員訓練類型及促進關鍵績效指標（KPI）_完整工作稿_R02.docx,04_全部文件與歷次版本/TTQS_GPT6_ASTRA_FULL_HANDOFF_20260925/16/1557_0020__I03-E03__01__學員訓練類型及促進關鍵績效指標（KPI）_完整工作稿_R02.docx,原樣保留；本次尚未確認完成驗收,44944,b50a8269342f3ac3117504ac614e2cf4edd91aab650eea9a8e37cdb32c71ea8c
1558,0021__I03-E04__01__學員訓練及學員職務相稱的證明_可直接使用成品_R02.docx,TTQS_GPT6_ASTRA_FULL_HANDOFF_20260925/TTQS_GPT6_ASTRA_FULL_HANDOFF_20260925/TTQS_DOCUMENT_FOUNDRY_RUN_ASTRA_20260925/99_FINAL_PACKAGE/03_指標03/0021__I03-E04__01__學員訓練及學員職務相稱的證明_可直接使用成品_R02.docx,04_全部文件與歷次版本/TTQS_GPT6_ASTRA_FULL_HANDOFF_20260925/16/1558_0021__I03-E04__01__學員訓練及學員職務相稱的證明_可直接使用成品_R02.docx,原樣保留；本次尚未確認完成驗收,42631,6dff6a9e7016f08209e10870d1fd0ba33b012152957fbc8fde18e9a468ec8dd1
1559,0022__I04-E01__01__訓練需求的定期調查與分析_R04.docx,TTQS_GPT6_ASTRA_FULL_HANDOFF_20260925/TTQS_GPT6_ASTRA_FULL_HANDOFF_20260925/TTQS_DOCUMENT_FOUNDRY_RUN_ASTRA_20260925/99_FINAL_PACKAGE/04_指標04/0022__I04-E01__01__訓練需求的定期調查與分析_R04.docx,04_全部文件與歷次版本/TTQS_GPT6_ASTRA_FULL_HANDOFF_20260925/16/1559_0022__I04-E01__01__訓練需求的定期調查與分析_R04.docx,原樣保留；本次尚未確認完成驗收,83020,487f97370eed2cf73411a7cc4d75875e40dab761d2dd7971c82c22b77c81bdda
1560,0023__I04-E02__01__不同訓練課程的設計與規劃方向.docx,TTQS_GPT6_ASTRA_FULL_HANDOFF_20260925/TTQS_GPT6_ASTRA_FULL_HANDOFF_20260925/TTQS_DOCUMENT_FOUNDRY_RUN_ASTRA_20260925/99_FINAL_PACKAGE/04_指標04/0023__I04-E02__01__不同訓練課程的設計與規劃方向.docx,04_全部文件與歷次版本/TTQS_GPT6_ASTRA_FULL_HANDOFF_20260925/16/1560_0023__I04-E02__01__不同訓練課程的設計與規劃方向.docx,原樣保留；本次尚未確認完成驗收,43624,165301852892732ee34c9207507621a63bfeb9ad9be4bbb3d430412a3f97ef3c
1561,0024__I04-E03__01__訓練的提供方式及選擇的指標_R02.docx,TTQS_GPT6_ASTRA_FULL_HANDOFF_20260925/TTQS_GPT6_ASTRA_FULL_HANDOFF_20260925/TTQS_DOCUMENT_FOUNDRY_RUN_ASTRA_20260925/99_FINAL_PACKAGE/04_指標04/0024__I04-E03__01__訓練的提供方式及選擇的指標_R02.docx,04_全部文件與歷次版本/TTQS_GPT6_ASTRA_FULL_HANDOFF_20260925/16/1561_0024__I04-E03__01__訓練的提供方式及選擇的指標_R02.docx,原樣保留；本次尚未確認完成驗收,44789,0561d210fc45fdb84605c653051cd58c9d91bcf1599481d2e4c8190e6e37127c
1562,0026__I04-E05__01__機構如何運作TTQS管理系統及如何核准、公告_可直接使用成品_R02.docx,TTQS_GPT6_ASTRA_FULL_HANDOFF_20260925/TTQS_GPT6_ASTRA_FULL_HANDOFF_20260925/TTQS_DOCUMENT_FOUNDRY_RUN_ASTRA_20260925/99_FINAL_PACKAGE/04_指標04/0026__I04-E05__01__機構如何運作TTQS管理系統及如何核准、公告_可直接使用成品_R02.docx,04_全部文件與歷次版本/TTQS_GPT6_ASTRA_FULL_HANDOFF_20260925/16/1562_0026__I04-E05__01__機構如何運作TTQS管理系統及如何核准、公告_可直接使用成品_R02.docx,原樣保留；本次尚未確認完成驗收,45346,6ed839c88648322c21f3c159c8281a60c9ab3654edf2258e8ddd683625d19d3f
1563,0025__I04-E04__01__訓練評估與實施標準化作業程序SOP_R03.docx,TTQS_GPT6_ASTRA_FULL_HANDOFF_20260925/TTQS_GPT6_ASTRA_FULL_HANDOFF_20260925/TTQS_DOCUMENT_FOUNDRY_RUN_ASTRA_20260925/99_FINAL_PACKAGE/04_指標04/0025__I04-E04__01__訓練評估與實施標準化作業程序SOP_R03.docx,04_全部文件與歷次版本/TTQS_GPT6_ASTRA_FULL_HANDOFF_20260925/16/1563_0025__I04-E04__01__訓練評估與實施標準化作業程序SOP_R03.docx,原樣保留；本次尚未確認完成驗收,46672,21a0ce190699c202ba107a7cf8f0a8a14d7a3a9721bad90f03b0516d6cb77cbc
1564,0029__I05-E03__01__訓練規劃及達到客戶課程績效目標的證明資料_可直接使用成品.docx,TTQS_GPT6_ASTRA_FULL_HANDOFF_20260925/TTQS_GPT6_ASTRA_FULL_HANDOFF_20260925/TTQS_DOCUMENT_FOUNDRY_RUN_ASTRA_20260925/99_FINAL_PACKAGE/05_指標05/0029__I05-E03__01__訓練規劃及達到客戶課程績效目標的證明資料_可直接使用成品.docx,04_全部文件與歷次版本/TTQS_GPT6_ASTRA_FULL_HANDOFF_20260925/16/1564_0029__I05-E03__01__訓練規劃及達到客戶課程績效目標的證明資料_可直接使用成品.docx,原樣保留；本次尚未確認完成驗收,42846,54e4577d3884d945ae9e46d07885d33b0bed2256cb80a6549233ba31109d171c
1565,0027__I05-E01__01__學員訓練及訓練機構年度事業計畫的相關資料.docx,TTQS_GPT6_ASTRA_FULL_HANDOFF_20260925/TTQS_GPT6_ASTRA_FULL_HANDOFF_20260925/TTQS_DOCUMENT_FOUNDRY_RUN_ASTRA_20260925/99_FINAL_PACKAGE/05_指標05/0027__I05-E01__01__學員訓練及訓練機構年度事業計畫的相關資料.docx,04_全部文件與歷次版本/TTQS_GPT6_ASTRA_FULL_HANDOFF_20260925/16/1565_0027__I05-E01__01__學員訓練及訓練機構年度事業計畫的相關資料.docx,原樣保留；本次尚未確認完成驗收,41755,3d0e95cfb4c075de226425e8621ac6a63f686a6cd0f7ccc01a3dd7ff57ec398b
1566,0028__I05-E02__01__訓練課程體系及訓練機構業務策略方向的相關資料_R02.docx,TTQS_GPT6_ASTRA_FULL_HANDOFF_20260925/TTQS_GPT6_ASTRA_FULL_HANDOFF_20260925/TTQS_DOCUMENT_FOUNDRY_RUN_ASTRA_20260925/99_FINAL_PACKAGE/05_指標05/0028__I05-E02__01__訓練課程體系及訓練機構業務策略方向的相關資料_R02.docx,04_全部文件與歷次版本/TTQS_GPT6_ASTRA_FULL_HANDOFF_20260925/16/1566_0028__I05-E02__01__訓練課程體系及訓練機構業務策略方向的相關資料_R02.docx,原樣保留；本次尚未確認完成驗收,43066,f22d800d63069feb1194b3cca172608e24b29f46c338a72cea121ab9d9b07c89
1567,0030__I06-E01__01__工作經驗的相關受訓證明_可直接使用成品.docx,TTQS_GPT6_ASTRA_FULL_HANDOFF_20260925/TTQS_GPT6_ASTRA_FULL_HANDOFF_20260925/TTQS_DOCUMENT_FOUNDRY_RUN_ASTRA_20260925/99_FINAL_PACKAGE/06_指標06/0030__I06-E01__01__工作經驗的相關受訓證明_可直接使用成品.docx,04_全部文件與歷次版本/TTQS_GPT6_ASTRA_FULL_HANDOFF_20260925/16/1567_0030__I06-E01__01__工作經驗的相關受訓證明_可直接使用成品.docx,原樣保留；本次尚未確認完成驗收,43631,d7ca8846233e149b59ea1b671aa4c6be9c5bccbbc05ddcce06e0ac2f10cba605
1568,0031__I06-E02__01__專業訓練人員職能評估方法等證明_可直接使用成品.docx,TTQS_GPT6_ASTRA_FULL_HANDOFF_20260925/TTQS_GPT6_ASTRA_FULL_HANDOFF_20260925/TTQS_DOCUMENT_FOUNDRY_RUN_ASTRA_20260925/99_FINAL_PACKAGE/06_指標06/0031__I06-E02__01__專業訓練人員職能評估方法等證明_可直接使用成品.docx,04_全部文件與歷次版本/TTQS_GPT6_ASTRA_FULL_HANDOFF_20260925/16/1568_0031__I06-E02__01__專業訓練人員職能評估方法等證明_可直接使用成品.docx,原樣保留；本次尚未確認完成驗收,88759,ccce5f4c80ba14c8a753d63e64ffe5ef59f36f1477f6a265c6bcf25f830459c8
1569,0032__I06-E03__01__訓練機構具備執行訓練業務相關職能的說明.docx,TTQS_GPT6_ASTRA_FULL_HANDOFF_20260925/TTQS_GPT6_ASTRA_FULL_HANDOFF_20260925/TTQS_DOCUMENT_FOUNDRY_RUN_ASTRA_20260925/99_FINAL_PACKAGE/06_指標06/0032__I06-E03__01__訓練機構具備執行訓練業務相關職能的說明.docx,04_全部文件與歷次版本/TTQS_GPT6_ASTRA_FULL_HANDOFF_20260925/16/1569_0032__I06-E03__01__訓練機構具備執行訓練業務相關職能的說明.docx,原樣保留；本次尚未確認完成驗收,101061,a29c81046077cd6c8d43c6a878c79b04204457ccd54a3b1a6a829b2b4aa86a1b
1570,0033__I07-E01__01__訓練課程計畫配合客戶及受訓者需求、職能需求的_可直接使用成品.docx,TTQS_GPT6_ASTRA_FULL_HANDOFF_20260925/TTQS_GPT6_ASTRA_FULL_HANDOFF_20260925/TTQS_DOCUMENT_FOUNDRY_RUN_ASTRA_20260925/99_FINAL_PACKAGE/07_指標07/0033__I07-E01__01__訓練課程計畫配合客戶及受訓者需求、職能需求的_可直接使用成品.docx,04_全部文件與歷次版本/TTQS_GPT6_ASTRA_FULL_HANDOFF_20260925/16/1570_0033__I07-E01__01__訓練課程計畫配合客戶及受訓者需求、職能需求的_可直接使用成品.docx,原樣保留；本次尚未確認完成驗收,77711,5c6c30d8665608026814f8f93927fdee15e083b6d1a71253548f0c1c64eee413
1571,0034__I07-E02__01__針對學員做職能盤點或職能分析並據以規劃適切課_可直接使用成品.docx,TTQS_GPT6_ASTRA_FULL_HANDOFF_20260925/TTQS_GPT6_ASTRA_FULL_HANDOFF_20260925/TTQS_DOCUMENT_FOUNDRY_RUN_ASTRA_20260925/99_FINAL_PACKAGE/07_指標07/0034__I07-E02__01__針對學員做職能盤點或職能分析並據以規劃適切課_可直接使用成品.docx,04_全部文件與歷次版本/TTQS_GPT6_ASTRA_FULL_HANDOFF_20260925/16/1571_0034__I07-E02__01__針對學員做職能盤點或職能分析並據以規劃適切課_可直接使用成品.docx,原樣保留；本次尚未確認完成驗收,83707,a744218b4c147e9303f8b2bf62578fa3f0d33f6919eeedbbcfb591495e4a20ef
1572,0035__I07-E03__01__對相關職能分析及運用的方法均能適時檢討隨時改.docx,TTQS_GPT6_ASTRA_FULL_HANDOFF_20260925/TTQS_GPT6_ASTRA_FULL_HANDOFF_20260925/TTQS_DOCUMENT_FOUNDRY_RUN_ASTRA_20260925/99_FINAL_PACKAGE/07_指標07/0035__I07-E03__01__對相關職能分析及運用的方法均能適時檢討隨時改.docx,04_全部文件與歷次版本/TTQS_GPT6_ASTRA_FULL_HANDOFF_20260925/16/1572_0035__I07-E03__01__對相關職能分析及運用的方法均能適時檢討隨時改.docx,原樣保留；本次尚未確認完成驗收,92084,5a91abc8f0c308663de73ef9bf248cf0eadc65220f315c775245f5dd7faf4c44
1573,0036__I07-E04__01__課程設計進度流程及規劃書.docx,TTQS_GPT6_ASTRA_FULL_HANDOFF_20260925/TTQS_GPT6_ASTRA_FULL_HANDOFF_20260925/TTQS_DOCUMENT_FOUNDRY_RUN_ASTRA_20260925/99_FINAL_PACKAGE/07_指標07/0036__I07-E04__01__課程設計進度流程及規劃書.docx,04_全部文件與歷次版本/TTQS_GPT6_ASTRA_FULL_HANDOFF_20260925/16/1573_0036__I07-E04__01__課程設計進度流程及規劃書.docx,原樣保留；本次尚未確認完成驗收,253759,64507e245415a0fc993393b091845b69f6208df2743bb6e59f6f7f6835d06d57
1574,0037__I08-E01__01__相關文件紀錄能顯示近年來訓練目標、訓練方法、_可直接使用成品.docx,TTQS_GPT6_ASTRA_FULL_HANDOFF_20260925/TTQS_GPT6_ASTRA_FULL_HANDOFF_20260925/TTQS_DOCUMENT_FOUNDRY_RUN_ASTRA_20260925/99_FINAL_PACKAGE/08_指標08/0037__I08-E01__01__相關文件紀錄能顯示近年來訓練目標、訓練方法、_可直接使用成品.docx,04_全部文件與歷次版本/TTQS_GPT6_ASTRA_FULL_HANDOFF_20260925/16/1574_0037__I08-E01__01__相關文件紀錄能顯示近年來訓練目標、訓練方法、_可直接使用成品.docx,原樣保留；本次尚未確認完成驗收,251560,67db269c636fac22d7c9d5c595be66a4a7ab807ad4a9455a5b0d6111d11b8cd6
1575,0038__I08-E02__01__針對訓練方案的系統設計能適時檢討及改善，執行.docx,TTQS_GPT6_ASTRA_FULL_HANDOFF_20260925/TTQS_GPT6_ASTRA_FULL_HANDOFF_20260925/TTQS_DOCUMENT_FOUNDRY_RUN_ASTRA_20260925/99_FINAL_PACKAGE/08_指標08/0038__I08-E02__01__針對訓練方案的系統設計能適時檢討及改善，執行.docx,04_全部文件與歷次版本/TTQS_GPT6_ASTRA_FULL_HANDOFF_20260925/16/1575_0038__I08-E02__01__針對訓練方案的系統設計能適時檢討及改善，執行.docx,原樣保留；本次尚未確認完成驗收,253923,a4c245ace05115b1dd54017aae101788476ffbe55bc6a0d016243dc7574a38bd
1576,0039__I08-E03__01__課程規劃與設計審查會議紀錄.docx,TTQS_GPT6_ASTRA_FULL_HANDOFF_20260925/TTQS_GPT6_ASTRA_FULL_HANDOFF_20260925/TTQS_DOCUMENT_FOUNDRY_RUN_ASTRA_20260925/99_FINAL_PACKAGE/08_指標08/0039__I08-E03__01__課程規劃與設計審查會議紀錄.docx,04_全部文件與歷次版本/TTQS_GPT6_ASTRA_FULL_HANDOFF_20260925/16/1576_0039__I08-E03__01__課程規劃與設計審查會議紀錄.docx,原樣保留；本次尚未確認完成驗收,254247,2a215cd10a74c5336924353ae033f927ee0991bc1b3806a595a0057795677508
1577,0040__I08-E03__02__訓練評估方法與成效指標對照表.docx,TTQS_GPT6_ASTRA_FULL_HANDOFF_20260925/TTQS_GPT6_ASTRA_FULL_HANDOFF_20260925/TTQS_DOCUMENT_FOUNDRY_RUN_ASTRA_20260925/99_FINAL_PACKAGE/08_指標08/0040__I08-E03__02__訓練評估方法與成效指標對照表.docx,04_全部文件與歷次版本/TTQS_GPT6_ASTRA_FULL_HANDOFF_20260925/16/1577_0040__I08-E03__02__訓練評估方法與成效指標對照表.docx,原樣保留；本次尚未確認完成驗收,254150,4d268a57e1f6cbd8da28d5d0904be7220ab0dba41119bb069c61c135b6e80392
1578,0044__I09-E04__01__所有的討論、會議或E-mail均留有完整紀錄_可直接使用成品.docx,TTQS_GPT6_ASTRA_FULL_HANDOFF_20260925/TTQS_GPT6_ASTRA_FULL_HANDOFF_20260925/TTQS_DOCUMENT_FOUNDRY_RUN_ASTRA_20260925/99_FINAL_PACKAGE/09_指標09/0044__I09-E04__01__所有的討論、會議或E-mail均留有完整紀錄_可直接使用成品.docx,04_全部文件與歷次版本/TTQS_GPT6_ASTRA_FULL_HANDOFF_20260925/16/1578_0044__I09-E04__01__所有的討論、會議或E-mail均留有完整紀錄_可直接使用成品.docx,原樣保留；本次尚未確認完成驗收,44592,22394b38bb9f06807b7ce21bf09c2308a655447068d72cb76c5d5b2fab317522
1579,0041__I09-E01__01__課程規劃書（能顯示包含講師、行政、企業學員、_完整工作稿.docx,TTQS_GPT6_ASTRA_FULL_HANDOFF_20260925/TTQS_GPT6_ASTRA_FULL_HANDOFF_20260925/TTQS_DOCUMENT_FOUNDRY_RUN_ASTRA_20260925/99_FINAL_PACKAGE/09_指標09/0041__I09-E01__01__課程規劃書（能顯示包含講師、行政、企業學員、_完整工作稿.docx,04_全部文件與歷次版本/TTQS_GPT6_ASTRA_FULL_HANDOFF_20260925/16/1579_0041__I09-E01__01__課程規劃書（能顯示包含講師、行政、企業學員、_完整工作稿.docx,原樣保留；本次尚未確認完成驗收,44547,dc87ab1f2e2a1a0c7ba9eb8d4b746f80cc66f8b2dd95daa77f367553b16891cf
1580,0042__I09-E02__01__執行本項目與作業流程相關文件資料（展現利益關_完整工作稿.docx,TTQS_GPT6_ASTRA_FULL_HANDOFF_20260925/TTQS_GPT6_ASTRA_FULL_HANDOFF_20260925/TTQS_DOCUMENT_FOUNDRY_RUN_ASTRA_20260925/99_FINAL_PACKAGE/09_指標09/0042__I09-E02__01__執行本項目與作業流程相關文件資料（展現利益關_完整工作稿.docx,04_全部文件與歷次版本/TTQS_GPT6_ASTRA_FULL_HANDOFF_20260925/16/1580_0042__I09-E02__01__執行本項目與作業流程相關文件資料（展現利益關_完整工作稿.docx,原樣保留；本次尚未確認完成驗收,44082,d853a5c81b18fdbf4e0f3708bca4b05fff416da0b5e0aed3a3a5d1842cf43b3c
1581,0043__I09-E03__01__針對需求單位進行訪談並留有紀錄與統計分析_可直接使用成品.docx,TTQS_GPT6_ASTRA_FULL_HANDOFF_20260925/TTQS_GPT6_ASTRA_FULL_HANDOFF_20260925/TTQS_DOCUMENT_FOUNDRY_RUN_ASTRA_20260925/99_FINAL_PACKAGE/09_指標09/0043__I09-E03__01__針對需求單位進行訪談並留有紀錄與統計分析_可直接使用成品.docx,04_全部文件與歷次版本/TTQS_GPT6_ASTRA_FULL_HANDOFF_20260925/16/1581_0043__I09-E03__01__針對需求單位進行訪談並留有紀錄與統計分析_可直接使用成品.docx,原樣保留；本次尚未確認完成驗收,94045,92fa4551d01ab3a600afb56b5116debdc3f9314a69c05d7e64ec34cdd3b29677
1582,0046__I10-E01__02__師資教材廠商評選紀錄表.docx,TTQS_GPT6_ASTRA_FULL_HANDOFF_20260925/TTQS_GPT6_ASTRA_FULL_HANDOFF_20260925/TTQS_DOCUMENT_FOUNDRY_RUN_ASTRA_20260925/99_FINAL_PACKAGE/10_指標10/0046__I10-E01__02__師資教材廠商評選紀錄表.docx,04_全部文件與歷次版本/TTQS_GPT6_ASTRA_FULL_HANDOFF_20260925/16/1582_0046__I10-E01__02__師資教材廠商評選紀錄表.docx,原樣保留；本次尚未確認完成驗收,44422,46ee2c6a79e71e73e5d11f28c886a1ad63e0d0c085771ceaf2ed8ce1bbc27b28
1583,0047__I10-E02__01__相關文件能記錄近年來對於課程之評估、採購、簽_制度文件.docx,TTQS_GPT6_ASTRA_FULL_HANDOFF_20260925/TTQS_GPT6_ASTRA_FULL_HANDOFF_20260925/TTQS_DOCUMENT_FOUNDRY_RUN_ASTRA_20260925/99_FINAL_PACKAGE/10_指標10/0047__I10-E02__01__相關文件能記錄近年來對於課程之評估、採購、簽_制度文件.docx,04_全部文件與歷次版本/TTQS_GPT6_ASTRA_FULL_HANDOFF_20260925/16/1583_0047__I10-E02__01__相關文件能記錄近年來對於課程之評估、採購、簽_制度文件.docx,原樣保留；本次尚未確認完成驗收,43661,2e4ee29b269691d7ea98868924e91ae936429afb1ae87f2109d8b0ad936e1073
1584,0048__I10-E03__01__大型採購均辦理會議通過、師資遴聘後亦經過會議_可直接使用成品.docx,TTQS_GPT6_ASTRA_FULL_HANDOFF_20260925/TTQS_GPT6_ASTRA_FULL_HANDOFF_20260925/TTQS_DOCUMENT_FOUNDRY_RUN_ASTRA_20260925/99_FINAL_PACKAGE/10_指標10/0048__I10-E03__01__大型採購均辦理會議通過、師資遴聘後亦經過會議_可直接使用成品.docx,04_全部文件與歷次版本/TTQS_GPT6_ASTRA_FULL_HANDOFF_20260925/16/1584_0048__I10-E03__01__大型採購均辦理會議通過、師資遴聘後亦經過會議_可直接使用成品.docx,原樣保留；本次尚未確認完成驗收,43347,16cf644ba74d6e36edf4cafe2c079b81632d0792451fccda42d2214c71fa37a5
1585,0045__I10-E01__訓練資源採購與甄選管理辦法_R06.docx,TTQS_GPT6_ASTRA_FULL_HANDOFF_20260925/TTQS_GPT6_ASTRA_FULL_HANDOFF_20260925/TTQS_DOCUMENT_FOUNDRY_RUN_ASTRA_20260925/99_FINAL_PACKAGE/10_指標10/0045__I10-E01__訓練資源採購與甄選管理辦法_R06.docx,04_全部文件與歷次版本/TTQS_GPT6_ASTRA_FULL_HANDOFF_20260925/16/1585_0045__I10-E01__訓練資源採購與甄選管理辦法_R06.docx,原樣保留；本次尚未確認完成驗收,46386,bba516f5edab7af90787c55b2ba4bbf7476e47515d9d92bdea4239d4bbc9d7cb
1586,0049__I11-E01__01__訓練課程計畫配合業主、受訓者以及職能需求等調_可直接使用成品.docx,TTQS_GPT6_ASTRA_FULL_HANDOFF_20260925/TTQS_GPT6_ASTRA_FULL_HANDOFF_20260925/TTQS_DOCUMENT_FOUNDRY_RUN_ASTRA_20260925/99_FINAL_PACKAGE/11_指標11/0049__I11-E01__01__訓練課程計畫配合業主、受訓者以及職能需求等調_可直接使用成品.docx,04_全部文件與歷次版本/TTQS_GPT6_ASTRA_FULL_HANDOFF_20260925/16/1586_0049__I11-E01__01__訓練課程計畫配合業主、受訓者以及職能需求等調_可直接使用成品.docx,原樣保留；本次尚未確認完成驗收,43469,467099a6f743a228d0373203c118372c443d2df77ac4e560190d6660eeee07b6
1587,0050__I11-E02__01__各課程單元內容均能達成訓練規劃的目標_完整工作稿.docx,TTQS_GPT6_ASTRA_FULL_HANDOFF_20260925/TTQS_GPT6_ASTRA_FULL_HANDOFF_20260925/TTQS_DOCUMENT_FOUNDRY_RUN_ASTRA_20260925/99_FINAL_PACKAGE/11_指標11/0050__I11-E02__01__各課程單元內容均能達成訓練規劃的目標_完整工作稿.docx,04_全部文件與歷次版本/TTQS_GPT6_ASTRA_FULL_HANDOFF_20260925/16/1587_0050__I11-E02__01__各課程單元內容均能達成訓練規劃的目標_完整工作稿.docx,原樣保留；本次尚未確認完成驗收,43481,eb10a40ce86ff3d797bb08d2536c05ec2f4987c0dce4bf91a486d4fd23b7cb5c
1588,0051__I11-E03__01__各項課程產出均經討論後確認，且留有完整紀錄與_可直接使用成品.docx,TTQS_GPT6_ASTRA_FULL_HANDOFF_20260925/TTQS_GPT6_ASTRA_FULL_HANDOFF_20260925/TTQS_DOCUMENT_FOUNDRY_RUN_ASTRA_20260925/99_FINAL_PACKAGE/11_指標11/0051__I11-E03__01__各項課程產出均經討論後確認，且留有完整紀錄與_可直接使用成品.docx,04_全部文件與歷次版本/TTQS_GPT6_ASTRA_FULL_HANDOFF_20260925/16/1588_0051__I11-E03__01__各項課程產出均經討論後確認，且留有完整紀錄與_可直接使用成品.docx,原樣保留；本次尚未確認完成驗收,42124,1f39e35571113c8fe1c2602e3575740cb31a571747ed66e7fcb93cb69eaf95aa
1589,0052__I11-E04__01__規劃課程依學員及結訓學員意見訂定訓練課程，且_可直接使用成品.docx,TTQS_GPT6_ASTRA_FULL_HANDOFF_20260925/TTQS_GPT6_ASTRA_FULL_HANDOFF_20260925/TTQS_DOCUMENT_FOUNDRY_RUN_ASTRA_20260925/99_FINAL_PACKAGE/11_指標11/0052__I11-E04__01__規劃課程依學員及結訓學員意見訂定訓練課程，且_可直接使用成品.docx,04_全部文件與歷次版本/TTQS_GPT6_ASTRA_FULL_HANDOFF_20260925/16/1589_0052__I11-E04__01__規劃課程依學員及結訓學員意見訂定訓練課程，且_可直接使用成品.docx,原樣保留；本次尚未確認完成驗收,43821,d61896fa2173618997afa3df6c64c6eb9f71ce6b190d731ed8520ccaae153683
1590,0053__I12-E01__01__近年針對訓練課程的切合性，有檢討並調整遴選學_可直接使用成品.docx,TTQS_GPT6_ASTRA_FULL_HANDOFF_20260925/TTQS_GPT6_ASTRA_FULL_HANDOFF_20260925/TTQS_DOCUMENT_FOUNDRY_RUN_ASTRA_20260925/99_FINAL_PACKAGE/12_指標12/0053__I12-E01__01__近年針對訓練課程的切合性，有檢討並調整遴選學_可直接使用成品.docx,04_全部文件與歷次版本/TTQS_GPT6_ASTRA_FULL_HANDOFF_20260925/16/1590_0053__I12-E01__01__近年針對訓練課程的切合性，有檢討並調整遴選學_可直接使用成品.docx,原樣保留；本次尚未確認完成驗收,42361,5ff094890e33e0be6f795bb143d11d271d3a436abd8966e406ec1de56af7fb4e
1591,0055__I12-E03__01__講師的遴聘依師資遴選標準及流程評選並經訓練管_可直接使用成品.docx,TTQS_GPT6_ASTRA_FULL_HANDOFF_20260925/TTQS_GPT6_ASTRA_FULL_HANDOFF_20260925/TTQS_DOCUMENT_FOUNDRY_RUN_ASTRA_20260925/99_FINAL_PACKAGE/12_指標12/0055__I12-E03__01__講師的遴聘依師資遴選標準及流程評選並經訓練管_可直接使用成品.docx,04_全部文件與歷次版本/TTQS_GPT6_ASTRA_FULL_HANDOFF_20260925/16/1591_0055__I12-E03__01__講師的遴聘依師資遴選標準及流程評選並經訓練管_可直接使用成品.docx,原樣保留；本次尚未確認完成驗收,43045,afb97e24d9941b79a759b2e15778c39a94e3e577b925c64c9aa2359dad9b4627
1592,0054__I12-E02__01__依學員遴選標準及流程遴選，教材由講師及顧問推_完整工作稿.docx,TTQS_GPT6_ASTRA_FULL_HANDOFF_20260925/TTQS_GPT6_ASTRA_FULL_HANDOFF_20260925/TTQS_DOCUMENT_FOUNDRY_RUN_ASTRA_20260925/99_FINAL_PACKAGE/12_指標12/0054__I12-E02__01__依學員遴選標準及流程遴選，教材由講師及顧問推_完整工作稿.docx,04_全部文件與歷次版本/TTQS_GPT6_ASTRA_FULL_HANDOFF_20260925/16/1592_0054__I12-E02__01__依學員遴選標準及流程遴選，教材由講師及顧問推_完整工作稿.docx,原樣保留；本次尚未確認完成驗收,46352,a5307175acece306bb7ae06833b9a263ee66cef52c1fc8e273519661b2115132
1593,0056__I12-E04__01__設備安檢或是場地投保證明_可直接使用成品.docx,TTQS_GPT6_ASTRA_FULL_HANDOFF_20260925/TTQS_GPT6_ASTRA_FULL_HANDOFF_20260925/TTQS_DOCUMENT_FOUNDRY_RUN_ASTRA_20260925/99_FINAL_PACKAGE/12_指標12/0056__I12-E04__01__設備安檢或是場地投保證明_可直接使用成品.docx,04_全部文件與歷次版本/TTQS_GPT6_ASTRA_FULL_HANDOFF_20260925/16/1593_0056__I12-E04__01__設備安檢或是場地投保證明_可直接使用成品.docx,原樣保留；本次尚未確認完成驗收,41728,39eb3aac6d3a0bfc97922e2757b5bbd9b0ef2a1c110053cf9e381cc3696c17af
1594,0057__I13-E01__01__相關文件紀錄能證實近年來對訓練成果轉移及達成_可直接使用成品.docx,TTQS_GPT6_ASTRA_FULL_HANDOFF_20260925/TTQS_GPT6_ASTRA_FULL_HANDOFF_20260925/TTQS_DOCUMENT_FOUNDRY_RUN_ASTRA_20260925/99_FINAL_PACKAGE/13_指標13/0057__I13-E01__01__相關文件紀錄能證實近年來對訓練成果轉移及達成_可直接使用成品.docx,04_全部文件與歷次版本/TTQS_GPT6_ASTRA_FULL_HANDOFF_20260925/16/1594_0057__I13-E01__01__相關文件紀錄能證實近年來對訓練成果轉移及達成_可直接使用成品.docx,原樣保留；本次尚未確認完成驗收,41806,482cd57e5f60e31d8212a4d06dc1322d47a92580c6ccaa973c44606f3b4cd58d
1595,0058__I13-E02__01__具體明確紀錄展現提供受訓人員或客戶，如：課程_可直接使用成品.docx,TTQS_GPT6_ASTRA_FULL_HANDOFF_20260925/TTQS_GPT6_ASTRA_FULL_HANDOFF_20260925/TTQS_DOCUMENT_FOUNDRY_RUN_ASTRA_20260925/99_FINAL_PACKAGE/13_指標13/0058__I13-E02__01__具體明確紀錄展現提供受訓人員或客戶，如：課程_可直接使用成品.docx,04_全部文件與歷次版本/TTQS_GPT6_ASTRA_FULL_HANDOFF_20260925/16/1595_0058__I13-E02__01__具體明確紀錄展現提供受訓人員或客戶，如：課程_可直接使用成品.docx,原樣保留；本次尚未確認完成驗收,41229,b90d3dbcfc3020455063755e38632eba7b92d86abdd4e5edf34dd8122c829e6c
1596,0059__I13-E03__01__業主提供回訓或相關機制、學習心得交流的平台、_完整工作稿.docx,TTQS_GPT6_ASTRA_FULL_HANDOFF_20260925/TTQS_GPT6_ASTRA_FULL_HANDOFF_20260925/TTQS_DOCUMENT_FOUNDRY_RUN_ASTRA_20260925/99_FINAL_PACKAGE/13_指標13/0059__I13-E03__01__業主提供回訓或相關機制、學習心得交流的平台、_完整工作稿.docx,04_全部文件與歷次版本/TTQS_GPT6_ASTRA_FULL_HANDOFF_20260925/16/1596_0059__I13-E03__01__業主提供回訓或相關機制、學習心得交流的平台、_完整工作稿.docx,原樣保留；本次尚未確認完成驗收,41742,4eb091dfd4ad75840027ebca46c94bf485edc290b65bf69c2e6085586d18f9ce
1597,0064__I14-E05__01__資訊系統化程度及檢索速度_完整工作稿.docx,TTQS_GPT6_ASTRA_FULL_HANDOFF_20260925/TTQS_GPT6_ASTRA_FULL_HANDOFF_20260925/TTQS_DOCUMENT_FOUNDRY_RUN_ASTRA_20260925/99_FINAL_PACKAGE/14_指標14/0064__I14-E05__01__資訊系統化程度及檢索速度_完整工作稿.docx,04_全部文件與歷次版本/TTQS_GPT6_ASTRA_FULL_HANDOFF_20260925/16/1597_0064__I14-E05__01__資訊系統化程度及檢索速度_完整工作稿.docx,原樣保留；本次尚未確認完成驗收,45602,5302c103cf028c00be38b5cebb55bc43a1e6bf2c80f9cc3bbb67e779d230deb3
1598,0062__I14-E03__01__完整的訓練文件建檔資料_完整工作稿.docx,TTQS_GPT6_ASTRA_FULL_HANDOFF_20260925/TTQS_GPT6_ASTRA_FULL_HANDOFF_20260925/TTQS_DOCUMENT_FOUNDRY_RUN_ASTRA_20260925/99_FINAL_PACKAGE/14_指標14/0062__I14-E03__01__完整的訓練文件建檔資料_完整工作稿.docx,04_全部文件與歷次版本/TTQS_GPT6_ASTRA_FULL_HANDOFF_20260925/16/1598_0062__I14-E03__01__完整的訓練文件建檔資料_完整工作稿.docx,原樣保留；本次尚未確認完成驗收,43837,fb9a987bb59e9f91e64b098e1b7ff888d6ba09e5b9aabdd2a4f01dbd4917b0bc
1599,0060__I14-E01__01__訓練資料與訓練過程及成果的紀錄與分類，均有系_可直接使用成品.docx,TTQS_GPT6_ASTRA_FULL_HANDOFF_20260925/TTQS_GPT6_ASTRA_FULL_HANDOFF_20260925/TTQS_DOCUMENT_FOUNDRY_RUN_ASTRA_20260925/99_FINAL_PACKAGE/14_指標14/0060__I14-E01__01__訓練資料與訓練過程及成果的紀錄與分類，均有系_可直接使用成品.docx,04_全部文件與歷次版本/TTQS_GPT6_ASTRA_FULL_HANDOFF_20260925/16/1599_0060__I14-E01__01__訓練資料與訓練過程及成果的紀錄與分類，均有系_可直接使用成品.docx,原樣保留；本次尚未確認完成驗收,46220,2742d42a9c3fe09e5b94674b89276eadd1646e445330015c149a0c0aa5c7799e
1600,0061__I14-E02__01__訓練檔案管理系統_完整工作稿.docx,TTQS_GPT6_ASTRA_FULL_HANDOFF_20260925/TTQS_GPT6_ASTRA_FULL_HANDOFF_20260925/TTQS_DOCUMENT_FOUNDRY_RUN_ASTRA_20260925/99_FINAL_PACKAGE/14_指標14/0061__I14-E02__01__訓練檔案管理系統_完整工作稿.docx,04_全部文件與歷次版本/TTQS_GPT6_ASTRA_FULL_HANDOFF_20260925/16/1600_0061__I14-E02__01__訓練檔案管理系統_完整工作稿.docx,原樣保留；本次尚未確認完成驗收,46914,3ddd062b7a8608795f872a9429890db73cf770f98677ffacf76767288aaa380d
1601,0063__I14-E04__01__是否提供查詢功能，並具持續改善機制_完整工作稿.docx,TTQS_GPT6_ASTRA_FULL_HANDOFF_20260925/TTQS_GPT6_ASTRA_FULL_HANDOFF_20260925/TTQS_DOCUMENT_FOUNDRY_RUN_ASTRA_20260925/99_FINAL_PACKAGE/14_指標14/0063__I14-E04__01__是否提供查詢功能，並具持續改善機制_完整工作稿.docx,04_全部文件與歷次版本/TTQS_GPT6_ASTRA_FULL_HANDOFF_20260925/17/1601_0063__I14-E04__01__是否提供查詢功能，並具持續改善機制_完整工作稿.docx,原樣保留；本次尚未確認完成驗收,42686,4978a4e87c15418909405460e47783da8ffb70b6f0f8d725d300d7c78c1a8df0
1602,0066__I15-E02__01__訓練班級完整結案報告.docx,TTQS_GPT6_ASTRA_FULL_HANDOFF_20260925/TTQS_GPT6_ASTRA_FULL_HANDOFF_20260925/TTQS_DOCUMENT_FOUNDRY_RUN_ASTRA_20260925/99_FINAL_PACKAGE/15_指標15/0066__I15-E02__01__訓練班級完整結案報告.docx,04_全部文件與歷次版本/TTQS_GPT6_ASTRA_FULL_HANDOFF_20260925/17/1602_0066__I15-E02__01__訓練班級完整結案報告.docx,原樣保留；本次尚未確認完成驗收,61116,ec6fa166fefcb37864476409ee2ec3cba3731c4d5abbf7d9d09968a2dd9f494c
1603,0067__I15-E03__訓練執行評估指標分析及相關統計分析_分析報告_R06.docx,TTQS_GPT6_ASTRA_FULL_HANDOFF_20260925/TTQS_GPT6_ASTRA_FULL_HANDOFF_20260925/TTQS_DOCUMENT_FOUNDRY_RUN_ASTRA_20260925/99_FINAL_PACKAGE/15_指標15/0067__I15-E03__訓練執行評估指標分析及相關統計分析_分析報告_R06.docx,04_全部文件與歷次版本/TTQS_GPT6_ASTRA_FULL_HANDOFF_20260925/17/1603_0067__I15-E03__訓練執行評估指標分析及相關統計分析_分析報告_R06.docx,原樣保留；本次尚未確認完成驗收,42505,5db5634d949584a7e3324463ab3dac1de655ebcadc208a17d79d2aa4c9c2766d
1604,0065__I15-E01__01__訓後定期性綜合檢討或管理審查制度會議紀錄_可直接使用成品.docx,TTQS_GPT6_ASTRA_FULL_HANDOFF_20260925/TTQS_GPT6_ASTRA_FULL_HANDOFF_20260925/TTQS_DOCUMENT_FOUNDRY_RUN_ASTRA_20260925/99_FINAL_PACKAGE/15_指標15/0065__I15-E01__01__訓後定期性綜合檢討或管理審查制度會議紀錄_可直接使用成品.docx,04_全部文件與歷次版本/TTQS_GPT6_ASTRA_FULL_HANDOFF_20260925/17/1604_0065__I15-E01__01__訓後定期性綜合檢討或管理審查制度會議紀錄_可直接使用成品.docx,原樣保留；本次尚未確認完成驗收,41219,54cbb0671acd3d24e0d12a76b402877f017d421516cededa09c19ff548a0df38
1605,0068__I15-E04__01__訓後改善建議追蹤報告_分析報告.docx,TTQS_GPT6_ASTRA_FULL_HANDOFF_20260925/TTQS_GPT6_ASTRA_FULL_HANDOFF_20260925/TTQS_DOCUMENT_FOUNDRY_RUN_ASTRA_20260925/99_FINAL_PACKAGE/15_指標15/0068__I15-E04__01__訓後改善建議追蹤報告_分析報告.docx,04_全部文件與歷次版本/TTQS_GPT6_ASTRA_FULL_HANDOFF_20260925/17/1605_0068__I15-E04__01__訓後改善建議追蹤報告_分析報告.docx,原樣保留；本次尚未確認完成驗收,42658,bcd25b3dd36742658b1e0dd2e082475ce4435735e9384c415929b355f090da3b
1606,0069__I16-E01__01__訓練流程的管控方法及紀錄_可直接使用成品.docx,TTQS_GPT6_ASTRA_FULL_HANDOFF_20260925/TTQS_GPT6_ASTRA_FULL_HANDOFF_20260925/TTQS_DOCUMENT_FOUNDRY_RUN_ASTRA_20260925/99_FINAL_PACKAGE/16_指標16/0069__I16-E01__01__訓練流程的管控方法及紀錄_可直接使用成品.docx,04_全部文件與歷次版本/TTQS_GPT6_ASTRA_FULL_HANDOFF_20260925/17/1606_0069__I16-E01__01__訓練流程的管控方法及紀錄_可直接使用成品.docx,原樣保留；本次尚未確認完成驗收,43421,03f10fa2bba8da7ec7da9ce978d6a2d49ebdd17d1b29f275fb2aa352cfeaba6d
1607,0070__I16-E02__01__訓練異常處理程序與工具.docx,TTQS_GPT6_ASTRA_FULL_HANDOFF_20260925/TTQS_GPT6_ASTRA_FULL_HANDOFF_20260925/TTQS_DOCUMENT_FOUNDRY_RUN_ASTRA_20260925/99_FINAL_PACKAGE/16_指標16/0070__I16-E02__01__訓練異常處理程序與工具.docx,04_全部文件與歷次版本/TTQS_GPT6_ASTRA_FULL_HANDOFF_20260925/17/1607_0070__I16-E02__01__訓練異常處理程序與工具.docx,原樣保留；本次尚未確認完成驗收,59631,a535521192864f8fc0a9d922918f454b983649fec52de83ba8a317de00765a17
1608,0071__I16-E02__02__異常通報暨CAPA矯正預防紀錄.docx,TTQS_GPT6_ASTRA_FULL_HANDOFF_20260925/TTQS_GPT6_ASTRA_FULL_HANDOFF_20260925/TTQS_DOCUMENT_FOUNDRY_RUN_ASTRA_20260925/99_FINAL_PACKAGE/16_指標16/0071__I16-E02__02__異常通報暨CAPA矯正預防紀錄.docx,04_全部文件與歷次版本/TTQS_GPT6_ASTRA_FULL_HANDOFF_20260925/17/1608_0071__I16-E02__02__異常通報暨CAPA矯正預防紀錄.docx,原樣保留；本次尚未確認完成驗收,50070,7696028aa110395e76484bed713938a01c0213c8849290d117b250371b604467
1609,0072__I16-E03__01__訓練的內外稽核流程與紀錄_可直接使用成品.docx,TTQS_GPT6_ASTRA_FULL_HANDOFF_20260925/TTQS_GPT6_ASTRA_FULL_HANDOFF_20260925/TTQS_DOCUMENT_FOUNDRY_RUN_ASTRA_20260925/99_FINAL_PACKAGE/16_指標16/0072__I16-E03__01__訓練的內外稽核流程與紀錄_可直接使用成品.docx,04_全部文件與歷次版本/TTQS_GPT6_ASTRA_FULL_HANDOFF_20260925/17/1609_0072__I16-E03__01__訓練的內外稽核流程與紀錄_可直接使用成品.docx,原樣保留；本次尚未確認完成驗收,41364,c215fc2671fff106c6d8cb41da1161f5218443b6d6b678c2c8a0429a2181f504
1610,0075__I17A-E03__01__依反應評估進行課程改善的行動方案。）_分析報告.docx,TTQS_GPT6_ASTRA_FULL_HANDOFF_20260925/TTQS_GPT6_ASTRA_FULL_HANDOFF_20260925/TTQS_DOCUMENT_FOUNDRY_RUN_ASTRA_20260925/99_FINAL_PACKAGE/17_指標17/0075__I17A-E03__01__依反應評估進行課程改善的行動方案。）_分析報告.docx,04_全部文件與歷次版本/TTQS_GPT6_ASTRA_FULL_HANDOFF_20260925/17/1610_0075__I17A-E03__01__依反應評估進行課程改善的行動方案。）_分析報告.docx,原樣保留；本次尚未確認完成驗收,40939,07e3f3d65dccaa56bb7b3ccfaf24ce58b344389460db4b2c7976b1080b78c7f1
1611,0078__I17B-E01__03__指標17b_課程照片暨活動紀錄表.docx,TTQS_GPT6_ASTRA_FULL_HANDOFF_20260925/TTQS_GPT6_ASTRA_FULL_HANDOFF_20260925/TTQS_DOCUMENT_FOUNDRY_RUN_ASTRA_20260925/99_FINAL_PACKAGE/17_指標17/0078__I17B-E01__03__指標17b_課程照片暨活動紀錄表.docx,04_全部文件與歷次版本/TTQS_GPT6_ASTRA_FULL_HANDOFF_20260925/17/1611_0078__I17B-E01__03__指標17b_課程照片暨活動紀錄表.docx,原樣保留；本次尚未確認完成驗收,49132,e7f950b3db396532c43af2131d4b29f32f129864268e79f1c1ca83065f5e4ea1
1612,0079__I17B-E01__04__指標17b_訓後學員職涯規劃建議表.docx,TTQS_GPT6_ASTRA_FULL_HANDOFF_20260925/TTQS_GPT6_ASTRA_FULL_HANDOFF_20260925/TTQS_DOCUMENT_FOUNDRY_RUN_ASTRA_20260925/99_FINAL_PACKAGE/17_指標17/0079__I17B-E01__04__指標17b_訓後學員職涯規劃建議表.docx,04_全部文件與歷次版本/TTQS_GPT6_ASTRA_FULL_HANDOFF_20260925/17/1612_0079__I17B-E01__04__指標17b_訓後學員職涯規劃建議表.docx,原樣保留；本次尚未確認完成驗收,44763,4721aa76177012a2f27817ddb6f687f420febe1d9768d97670bf00d04d78fa26
1613,0080__I17B-E02__01__對課程評量及學員建議進行檢討與紀錄_可直接使用成品.docx,TTQS_GPT6_ASTRA_FULL_HANDOFF_20260925/TTQS_GPT6_ASTRA_FULL_HANDOFF_20260925/TTQS_DOCUMENT_FOUNDRY_RUN_ASTRA_20260925/99_FINAL_PACKAGE/17_指標17/0080__I17B-E02__01__對課程評量及學員建議進行檢討與紀錄_可直接使用成品.docx,04_全部文件與歷次版本/TTQS_GPT6_ASTRA_FULL_HANDOFF_20260925/17/1613_0080__I17B-E02__01__對課程評量及學員建議進行檢討與紀錄_可直接使用成品.docx,原樣保留；本次尚未確認完成驗收,41270,20282680e784152a6e9fa338cac32905f153f226d149395a896c6b2f0511dbb3
1614,0081__I17B-E03__01__結案報告書、課後訓練機構的課程檢討行動計畫查_可直接使用成品.docx,TTQS_GPT6_ASTRA_FULL_HANDOFF_20260925/TTQS_GPT6_ASTRA_FULL_HANDOFF_20260925/TTQS_DOCUMENT_FOUNDRY_RUN_ASTRA_20260925/99_FINAL_PACKAGE/17_指標17/0081__I17B-E03__01__結案報告書、課後訓練機構的課程檢討行動計畫查_可直接使用成品.docx,04_全部文件與歷次版本/TTQS_GPT6_ASTRA_FULL_HANDOFF_20260925/17/1614_0081__I17B-E03__01__結案報告書、課後訓練機構的課程檢討行動計畫查_可直接使用成品.docx,原樣保留；本次尚未確認完成驗收,41648,1ecd4cf90c6c09dfbb8bd821e8354b1ab184c4c70c215f3e56d900cd0b350133
1615,0082__I17C-E01__01__學員訓後動態調查表_可直接使用成品.docx,TTQS_GPT6_ASTRA_FULL_HANDOFF_20260925/TTQS_GPT6_ASTRA_FULL_HANDOFF_20260925/TTQS_DOCUMENT_FOUNDRY_RUN_ASTRA_20260925/99_FINAL_PACKAGE/17_指標17/0082__I17C-E01__01__學員訓後動態調查表_可直接使用成品.docx,04_全部文件與歷次版本/TTQS_GPT6_ASTRA_FULL_HANDOFF_20260925/17/1615_0082__I17C-E01__01__學員訓後動態調查表_可直接使用成品.docx,原樣保留；本次尚未確認完成驗收,41598,b39562e77310ee15dee690076530d50360ea866e49b1d115136c6caf8a057eae
1616,0083__I17C-E02__01__參訓學員的學習成果實施行動計畫表追蹤紀錄_可直接使用成品.docx,TTQS_GPT6_ASTRA_FULL_HANDOFF_20260925/TTQS_GPT6_ASTRA_FULL_HANDOFF_20260925/TTQS_DOCUMENT_FOUNDRY_RUN_ASTRA_20260925/99_FINAL_PACKAGE/17_指標17/0083__I17C-E02__01__參訓學員的學習成果實施行動計畫表追蹤紀錄_可直接使用成品.docx,04_全部文件與歷次版本/TTQS_GPT6_ASTRA_FULL_HANDOFF_20260925/17/1616_0083__I17C-E02__01__參訓學員的學習成果實施行動計畫表追蹤紀錄_可直接使用成品.docx,原樣保留；本次尚未確認完成驗收,41149,17d0278b05070d7ae8965951713d6b67632e277ad302a6e13ce69c1c3c54f926
1617,0084__I17C-E03__01__派訓單位主管對參訓學員的學習成效評估表_可直接使用成品.docx,TTQS_GPT6_ASTRA_FULL_HANDOFF_20260925/TTQS_GPT6_ASTRA_FULL_HANDOFF_20260925/TTQS_DOCUMENT_FOUNDRY_RUN_ASTRA_20260925/99_FINAL_PACKAGE/17_指標17/0084__I17C-E03__01__派訓單位主管對參訓學員的學習成效評估表_可直接使用成品.docx,04_全部文件與歷次版本/TTQS_GPT6_ASTRA_FULL_HANDOFF_20260925/17/1617_0084__I17C-E03__01__派訓單位主管對參訓學員的學習成效評估表_可直接使用成品.docx,原樣保留；本次尚未確認完成驗收,41404,3d5819b067d92c04d2f6b54305f623c37e8b870b4ac0822549797d66a846d34c
1618,0085__I17C-E04__01__知識管理社群討論.docx,TTQS_GPT6_ASTRA_FULL_HANDOFF_20260925/TTQS_GPT6_ASTRA_FULL_HANDOFF_20260925/TTQS_DOCUMENT_FOUNDRY_RUN_ASTRA_20260925/99_FINAL_PACKAGE/17_指標17/0085__I17C-E04__01__知識管理社群討論.docx,04_全部文件與歷次版本/TTQS_GPT6_ASTRA_FULL_HANDOFF_20260925/17/1618_0085__I17C-E04__01__知識管理社群討論.docx,原樣保留；本次尚未確認完成驗收,41352,4a51b62512f6868d71bfe9568a4712b13fa52cdeaad8fd28bde8fcdde7fac577
1619,0086__I17C-E05__01__神秘客實地稽核（外部稽核）課後機制等.docx,TTQS_GPT6_ASTRA_FULL_HANDOFF_20260925/TTQS_GPT6_ASTRA_FULL_HANDOFF_20260925/TTQS_DOCUMENT_FOUNDRY_RUN_ASTRA_20260925/99_FINAL_PACKAGE/17_指標17/0086__I17C-E05__01__神秘客實地稽核（外部稽核）課後機制等.docx,04_全部文件與歷次版本/TTQS_GPT6_ASTRA_FULL_HANDOFF_20260925/17/1619_0086__I17C-E05__01__神秘客實地稽核（外部稽核）課後機制等.docx,原樣保留；本次尚未確認完成驗收,41649,c1cc88b41c124bd3c8b1e6ef7da574582069086a2affa668b2dd598808d06d06
1620,0087__I17D-E01__01__訓後成果追蹤調查表.docx,TTQS_GPT6_ASTRA_FULL_HANDOFF_20260925/TTQS_GPT6_ASTRA_FULL_HANDOFF_20260925/TTQS_DOCUMENT_FOUNDRY_RUN_ASTRA_20260925/99_FINAL_PACKAGE/17_指標17/0087__I17D-E01__01__訓後成果追蹤調查表.docx,04_全部文件與歷次版本/TTQS_GPT6_ASTRA_FULL_HANDOFF_20260925/17/1620_0087__I17D-E01__01__訓後成果追蹤調查表.docx,原樣保留；本次尚未確認完成驗收,53197,426754646ee5d258dca99a250f27d9fa3d4b9cf8122da3819fd2942c45ffbd88
1621,0088__I17D-E02__01__就業及考照追蹤紀錄_可直接使用成品.docx,TTQS_GPT6_ASTRA_FULL_HANDOFF_20260925/TTQS_GPT6_ASTRA_FULL_HANDOFF_20260925/TTQS_DOCUMENT_FOUNDRY_RUN_ASTRA_20260925/99_FINAL_PACKAGE/17_指標17/0088__I17D-E02__01__就業及考照追蹤紀錄_可直接使用成品.docx,04_全部文件與歷次版本/TTQS_GPT6_ASTRA_FULL_HANDOFF_20260925/17/1621_0088__I17D-E02__01__就業及考照追蹤紀錄_可直接使用成品.docx,原樣保留；本次尚未確認完成驗收,41541,fb0d15f7039e6256bc6a9c737f414fccba51139b68be8748fb3c066321709c35
1622,0089__I17D-E03__01__品質不良率下降統計表.docx,TTQS_GPT6_ASTRA_FULL_HANDOFF_20260925/TTQS_GPT6_ASTRA_FULL_HANDOFF_20260925/TTQS_DOCUMENT_FOUNDRY_RUN_ASTRA_20260925/99_FINAL_PACKAGE/17_指標17/0089__I17D-E03__01__品質不良率下降統計表.docx,04_全部文件與歷次版本/TTQS_GPT6_ASTRA_FULL_HANDOFF_20260925/17/1622_0089__I17D-E03__01__品質不良率下降統計表.docx,原樣保留；本次尚未確認完成驗收,41139,da459a2ae9a6e33b940941d1031bafa36a84243e32876603776885a97d818db2
1623,0091__I17D-E05__01__學員就業證明_可直接使用成品.docx,TTQS_GPT6_ASTRA_FULL_HANDOFF_20260925/TTQS_GPT6_ASTRA_FULL_HANDOFF_20260925/TTQS_DOCUMENT_FOUNDRY_RUN_ASTRA_20260925/99_FINAL_PACKAGE/17_指標17/0091__I17D-E05__01__學員就業證明_可直接使用成品.docx,04_全部文件與歷次版本/TTQS_GPT6_ASTRA_FULL_HANDOFF_20260925/17/1623_0091__I17D-E05__01__學員就業證明_可直接使用成品.docx,原樣保留；本次尚未確認完成驗收,41716,f11e2e0e6134b017ffa93da82e1b89b6d75bd1178a5fe10358073979037f8057
1624,0092__I17D-E06__01__第三方感謝函索取稿與證據驗證登錄表.docx,TTQS_GPT6_ASTRA_FULL_HANDOFF_20260925/TTQS_GPT6_ASTRA_FULL_HANDOFF_20260925/TTQS_DOCUMENT_FOUNDRY_RUN_ASTRA_20260925/99_FINAL_PACKAGE/17_指標17/0092__I17D-E06__01__第三方感謝函索取稿與證據驗證登錄表.docx,04_全部文件與歷次版本/TTQS_GPT6_ASTRA_FULL_HANDOFF_20260925/17/1624_0092__I17D-E06__01__第三方感謝函索取稿與證據驗證登錄表.docx,原樣保留；本次尚未確認完成驗收,41421,94e801984238d2302c332bf097af0e4837786b8e43e427c8b0f630cd7529f7c7
1625,0093__I17D-E07__01__學員訓後雇主問卷調查表_可直接使用成品.docx,TTQS_GPT6_ASTRA_FULL_HANDOFF_20260925/TTQS_GPT6_ASTRA_FULL_HANDOFF_20260925/TTQS_DOCUMENT_FOUNDRY_RUN_ASTRA_20260925/99_FINAL_PACKAGE/17_指標17/0093__I17D-E07__01__學員訓後雇主問卷調查表_可直接使用成品.docx,04_全部文件與歷次版本/TTQS_GPT6_ASTRA_FULL_HANDOFF_20260925/17/1625_0093__I17D-E07__01__學員訓後雇主問卷調查表_可直接使用成品.docx,原樣保留；本次尚未確認完成驗收,43608,7b1923a4f7eef35ed26e35c462581bb13db99cb4fe6105a1b315a0189f4b8a48
1626,0090__I17D-E04__01__派訓單位主管對參訓學員的學習成效評估表_可直接使用成品.docx,TTQS_GPT6_ASTRA_FULL_HANDOFF_20260925/TTQS_GPT6_ASTRA_FULL_HANDOFF_20260925/TTQS_DOCUMENT_FOUNDRY_RUN_ASTRA_20260925/99_FINAL_PACKAGE/17_指標17/0090__I17D-E04__01__派訓單位主管對參訓學員的學習成效評估表_可直接使用成品.docx,04_全部文件與歷次版本/TTQS_GPT6_ASTRA_FULL_HANDOFF_20260925/17/1626_0090__I17D-E04__01__派訓單位主管對參訓學員的學習成效評估表_可直接使用成品.docx,原樣保留；本次尚未確認完成驗收,44702,ba12597f709ebe6186410054663dd2426c14006b1088fae20db9bb96c3158b1f
1627,0077__I17B-E01__02__指標17b_學員學習心得報告.docx,TTQS_GPT6_ASTRA_FULL_HANDOFF_20260925/TTQS_GPT6_ASTRA_FULL_HANDOFF_20260925/TTQS_DOCUMENT_FOUNDRY_RUN_ASTRA_20260925/99_FINAL_PACKAGE/17_指標17/0077__I17B-E01__02__指標17b_學員學習心得報告.docx,04_全部文件與歷次版本/TTQS_GPT6_ASTRA_FULL_HANDOFF_20260925/17/1627_0077__I17B-E01__02__指標17b_學員學習心得報告.docx,原樣保留；本次尚未確認完成驗收,46753,3f7287b1e7cc23b8143b4fedadb75f27ba6eac96a35691d92016aab21bd7a6a7
1628,0073__I17A-E01__01__課後滿意度調查分析與課後檢討講師、學員、人資_可直接使用成品.docx,TTQS_GPT6_ASTRA_FULL_HANDOFF_20260925/TTQS_GPT6_ASTRA_FULL_HANDOFF_20260925/TTQS_DOCUMENT_FOUNDRY_RUN_ASTRA_20260925/99_FINAL_PACKAGE/17_指標17/0073__I17A-E01__01__課後滿意度調查分析與課後檢討講師、學員、人資_可直接使用成品.docx,04_全部文件與歷次版本/TTQS_GPT6_ASTRA_FULL_HANDOFF_20260925/17/1628_0073__I17A-E01__01__課後滿意度調查分析與課後檢討講師、學員、人資_可直接使用成品.docx,原樣保留；本次尚未確認完成驗收,42439,5ffce97e472c7bcd3e6b37f92a64a4973d791721472168fc246a31864c3bcb73
1629,0074__I17A-E02__01__課程結案報告（含問卷調查統計分析、課程規劃紀_可直接使用成品.docx,TTQS_GPT6_ASTRA_FULL_HANDOFF_20260925/TTQS_GPT6_ASTRA_FULL_HANDOFF_20260925/TTQS_DOCUMENT_FOUNDRY_RUN_ASTRA_20260925/99_FINAL_PACKAGE/17_指標17/0074__I17A-E02__01__課程結案報告（含問卷調查統計分析、課程規劃紀_可直接使用成品.docx,04_全部文件與歷次版本/TTQS_GPT6_ASTRA_FULL_HANDOFF_20260925/17/1629_0074__I17A-E02__01__課程結案報告（含問卷調查統計分析、課程規劃紀_可直接使用成品.docx,原樣保留；本次尚未確認完成驗收,42023,6b6754916307bfc756b6fa5cbeb196710d522baef1b2400d63bb6bd8eda7befb
1630,0076__I17B-E01__01__指標17b_考試暨實作評量紀錄.docx,TTQS_GPT6_ASTRA_FULL_HANDOFF_20260925/TTQS_GPT6_ASTRA_FULL_HANDOFF_20260925/TTQS_DOCUMENT_FOUNDRY_RUN_ASTRA_20260925/99_FINAL_PACKAGE/17_指標17/0076__I17B-E01__01__指標17b_考試暨實作評量紀錄.docx,04_全部文件與歷次版本/TTQS_GPT6_ASTRA_FULL_HANDOFF_20260925/17/1630_0076__I17B-E01__01__指標17b_考試暨實作評量紀錄.docx,原樣保留；本次尚未確認完成驗收,55149,54f408e4c9e9e69a6f2e4ee37a46bcfe8a27c76a555308d5379db0eea974fd70
1631,0094__I18-E01__01__口述目標客戶及學員認為訓練有其功能，僅有滿意_可直接使用成品.docx,TTQS_GPT6_ASTRA_FULL_HANDOFF_20260925/TTQS_GPT6_ASTRA_FULL_HANDOFF_20260925/TTQS_DOCUMENT_FOUNDRY_RUN_ASTRA_20260925/99_FINAL_PACKAGE/18_指標18/0094__I18-E01__01__口述目標客戶及學員認為訓練有其功能，僅有滿意_可直接使用成品.docx,04_全部文件與歷次版本/TTQS_GPT6_ASTRA_FULL_HANDOFF_20260925/17/1631_0094__I18-E01__01__口述目標客戶及學員認為訓練有其功能，僅有滿意_可直接使用成品.docx,原樣保留；本次尚未確認完成驗收,44508,ce07d1afbcafb3ea1f1169e197924e81fe25b3ce7b27e0b5e18f0898250274a3
1632,0095__I18-E02__01__建立目標客戶及學員滿意度調查機制（系統及流程.docx,TTQS_GPT6_ASTRA_FULL_HANDOFF_20260925/TTQS_GPT6_ASTRA_FULL_HANDOFF_20260925/TTQS_DOCUMENT_FOUNDRY_RUN_ASTRA_20260925/99_FINAL_PACKAGE/18_指標18/0095__I18-E02__01__建立目標客戶及學員滿意度調查機制（系統及流程.docx,04_全部文件與歷次版本/TTQS_GPT6_ASTRA_FULL_HANDOFF_20260925/17/1632_0095__I18-E02__01__建立目標客戶及學員滿意度調查機制（系統及流程.docx,原樣保留；本次尚未確認完成驗收,42321,4e7cc76add9033ec61766425f93e1a03a53b85a9a2162293ab69508cb3bbefb1
1633,0096__I18-E03__01__感謝函_可直接使用成品.docx,TTQS_GPT6_ASTRA_FULL_HANDOFF_20260925/TTQS_GPT6_ASTRA_FULL_HANDOFF_20260925/TTQS_DOCUMENT_FOUNDRY_RUN_ASTRA_20260925/99_FINAL_PACKAGE/18_指標18/0096__I18-E03__01__感謝函_可直接使用成品.docx,04_全部文件與歷次版本/TTQS_GPT6_ASTRA_FULL_HANDOFF_20260925/17/1633_0096__I18-E03__01__感謝函_可直接使用成品.docx,原樣保留；本次尚未確認完成驗收,41413,7a5ffe7f524e1bbe7a1ec40c0e20c3616b1eec60e558cc376bedab25c3ace91d
1634,0097__I18-E05__01__問卷調查等顯示目標客戶及學員認為訓練有達成能.docx,TTQS_GPT6_ASTRA_FULL_HANDOFF_20260925/TTQS_GPT6_ASTRA_FULL_HANDOFF_20260925/TTQS_DOCUMENT_FOUNDRY_RUN_ASTRA_20260925/99_FINAL_PACKAGE/18_指標18/0097__I18-E05__01__問卷調查等顯示目標客戶及學員認為訓練有達成能.docx,04_全部文件與歷次版本/TTQS_GPT6_ASTRA_FULL_HANDOFF_20260925/17/1634_0097__I18-E05__01__問卷調查等顯示目標客戶及學員認為訓練有達成能.docx,原樣保留；本次尚未確認完成驗收,41592,24b7ea852091a0ec573936cd3852d265b2e23af1f3046e04b46ba9cbbb340ff6
1635,0098__I18-E06__01__執行目標客戶及學員滿意度調查及分析（系統及流.docx,TTQS_GPT6_ASTRA_FULL_HANDOFF_20260925/TTQS_GPT6_ASTRA_FULL_HANDOFF_20260925/TTQS_DOCUMENT_FOUNDRY_RUN_ASTRA_20260925/99_FINAL_PACKAGE/18_指標18/0098__I18-E06__01__執行目標客戶及學員滿意度調查及分析（系統及流.docx,04_全部文件與歷次版本/TTQS_GPT6_ASTRA_FULL_HANDOFF_20260925/17/1635_0098__I18-E06__01__執行目標客戶及學員滿意度調查及分析（系統及流.docx,原樣保留；本次尚未確認完成驗收,41768,d5f6977c12b9b0e805c2636611bca9da9ccf104f8222cd735f58b8e95b6e89f0
1636,0099__I18-E07__01__提出目標客戶及學員對訓練達能力提升之說明（學.docx,TTQS_GPT6_ASTRA_FULL_HANDOFF_20260925/TTQS_GPT6_ASTRA_FULL_HANDOFF_20260925/TTQS_DOCUMENT_FOUNDRY_RUN_ASTRA_20260925/99_FINAL_PACKAGE/18_指標18/0099__I18-E07__01__提出目標客戶及學員對訓練達能力提升之說明（學.docx,04_全部文件與歷次版本/TTQS_GPT6_ASTRA_FULL_HANDOFF_20260925/17/1636_0099__I18-E07__01__提出目標客戶及學員對訓練達能力提升之說明（學.docx,原樣保留；本次尚未確認完成驗收,41566,e4db9b762f79dabd91c526f55251a650f7bbedfe42234a66481463c89a3f3236
1637,0101__I18-E08__02__能力提升雷達分析報告.docx,TTQS_GPT6_ASTRA_FULL_HANDOFF_20260925/TTQS_GPT6_ASTRA_FULL_HANDOFF_20260925/TTQS_DOCUMENT_FOUNDRY_RUN_ASTRA_20260925/99_FINAL_PACKAGE/18_指標18/0101__I18-E08__02__能力提升雷達分析報告.docx,04_全部文件與歷次版本/TTQS_GPT6_ASTRA_FULL_HANDOFF_20260925/17/1637_0101__I18-E08__02__能力提升雷達分析報告.docx,原樣保留；本次尚未確認完成驗收,105528,be47c09b53a08a090828ec635e0140e787ce92999f2e67001650a11928250d05
1638,0102__I18-E09__01__指導學員參加技能競賽獲獎.docx,TTQS_GPT6_ASTRA_FULL_HANDOFF_20260925/TTQS_GPT6_ASTRA_FULL_HANDOFF_20260925/TTQS_DOCUMENT_FOUNDRY_RUN_ASTRA_20260925/99_FINAL_PACKAGE/18_指標18/0102__I18-E09__01__指導學員參加技能競賽獲獎.docx,04_全部文件與歷次版本/TTQS_GPT6_ASTRA_FULL_HANDOFF_20260925/17/1638_0102__I18-E09__01__指導學員參加技能競賽獲獎.docx,原樣保留；本次尚未確認完成驗收,42043,bdaeb97815a495223ed631abee7a7ca189921501d48fa0f1e1995275e07b2b2c
1639,0103__I18-E10__01__感謝函_可直接使用成品.docx,TTQS_GPT6_ASTRA_FULL_HANDOFF_20260925/TTQS_GPT6_ASTRA_FULL_HANDOFF_20260925/TTQS_DOCUMENT_FOUNDRY_RUN_ASTRA_20260925/99_FINAL_PACKAGE/18_指標18/0103__I18-E10__01__感謝函_可直接使用成品.docx,04_全部文件與歷次版本/TTQS_GPT6_ASTRA_FULL_HANDOFF_20260925/17/1639_0103__I18-E10__01__感謝函_可直接使用成品.docx,原樣保留；本次尚未確認完成驗收,41989,115fc3d6bb442583c0d51db327be2e9333397a3096f5af0bfbdacbc5a465a009
1640,0104__I18-E11__01__證照獲取率.docx,TTQS_GPT6_ASTRA_FULL_HANDOFF_20260925/TTQS_GPT6_ASTRA_FULL_HANDOFF_20260925/TTQS_DOCUMENT_FOUNDRY_RUN_ASTRA_20260925/99_FINAL_PACKAGE/18_指標18/0104__I18-E11__01__證照獲取率.docx,04_全部文件與歷次版本/TTQS_GPT6_ASTRA_FULL_HANDOFF_20260925/17/1640_0104__I18-E11__01__證照獲取率.docx,原樣保留；本次尚未確認完成驗收,41809,bdc025366c97ac018fbe1a784c0e4052d092bddd1a7ad05d4bc6c3d94b33f79e
1641,0105__I18-E13__01__問卷調查及課後行動計畫評估表等顯示目標客戶及_可直接使用成品.docx,TTQS_GPT6_ASTRA_FULL_HANDOFF_20260925/TTQS_GPT6_ASTRA_FULL_HANDOFF_20260925/TTQS_DOCUMENT_FOUNDRY_RUN_ASTRA_20260925/99_FINAL_PACKAGE/18_指標18/0105__I18-E13__01__問卷調查及課後行動計畫評估表等顯示目標客戶及_可直接使用成品.docx,04_全部文件與歷次版本/TTQS_GPT6_ASTRA_FULL_HANDOFF_20260925/17/1641_0105__I18-E13__01__問卷調查及課後行動計畫評估表等顯示目標客戶及_可直接使用成品.docx,原樣保留；本次尚未確認完成驗收,43883,1a6deaf800c8df4853837c7a78104be9bd17e062d302f8e373354f8d7a4c0604
1642,0106__I18-E14__01__提出目標客戶及學員對訓練達組織績效改善之說明.docx,TTQS_GPT6_ASTRA_FULL_HANDOFF_20260925/TTQS_GPT6_ASTRA_FULL_HANDOFF_20260925/TTQS_DOCUMENT_FOUNDRY_RUN_ASTRA_20260925/99_FINAL_PACKAGE/18_指標18/0106__I18-E14__01__提出目標客戶及學員對訓練達組織績效改善之說明.docx,04_全部文件與歷次版本/TTQS_GPT6_ASTRA_FULL_HANDOFF_20260925/17/1642_0106__I18-E14__01__提出目標客戶及學員對訓練達組織績效改善之說明.docx,原樣保留；本次尚未確認完成驗收,42008,59a745eef63486e9b87705ed635fa517467f3857ad8d49cf162dc1ac9d48aa49
1643,0107__I18-E15__01__高證照通過率之證明資料_可直接使用成品.docx,TTQS_GPT6_ASTRA_FULL_HANDOFF_20260925/TTQS_GPT6_ASTRA_FULL_HANDOFF_20260925/TTQS_DOCUMENT_FOUNDRY_RUN_ASTRA_20260925/99_FINAL_PACKAGE/18_指標18/0107__I18-E15__01__高證照通過率之證明資料_可直接使用成品.docx,04_全部文件與歷次版本/TTQS_GPT6_ASTRA_FULL_HANDOFF_20260925/17/1643_0107__I18-E15__01__高證照通過率之證明資料_可直接使用成品.docx,原樣保留；本次尚未確認完成驗收,42067,4c2ade230a39ae33bd7f40fb7c04aef0514b48fe1f756855350120d7d035b5d3
1644,0108__I18-E16__01__提高薪資紀錄_可直接使用成品.docx,TTQS_GPT6_ASTRA_FULL_HANDOFF_20260925/TTQS_GPT6_ASTRA_FULL_HANDOFF_20260925/TTQS_DOCUMENT_FOUNDRY_RUN_ASTRA_20260925/99_FINAL_PACKAGE/18_指標18/0108__I18-E16__01__提高薪資紀錄_可直接使用成品.docx,04_全部文件與歷次版本/TTQS_GPT6_ASTRA_FULL_HANDOFF_20260925/17/1644_0108__I18-E16__01__提高薪資紀錄_可直接使用成品.docx,原樣保留；本次尚未確認完成驗收,42261,2dd79ae989de73dd9db712d8498e48825c9d618f1abfad500b09c3d0bfa65854
1645,0109__I18-E17__01__社群網站知識討論區，人員使用網站頻率高.docx,TTQS_GPT6_ASTRA_FULL_HANDOFF_20260925/TTQS_GPT6_ASTRA_FULL_HANDOFF_20260925/TTQS_DOCUMENT_FOUNDRY_RUN_ASTRA_20260925/99_FINAL_PACKAGE/18_指標18/0109__I18-E17__01__社群網站知識討論區，人員使用網站頻率高.docx,04_全部文件與歷次版本/TTQS_GPT6_ASTRA_FULL_HANDOFF_20260925/17/1645_0109__I18-E17__01__社群網站知識討論區，人員使用網站頻率高.docx,原樣保留；本次尚未確認完成驗收,41535,75db58a467e9ce2ce7046dfb0fa50d486ab70a712646d6e76bc20198671667e3
1646,0110__I18-E19__01__問卷調查及課後行動計畫評估表等顯示目標客戶及_可直接使用成品.docx,TTQS_GPT6_ASTRA_FULL_HANDOFF_20260925/TTQS_GPT6_ASTRA_FULL_HANDOFF_20260925/TTQS_DOCUMENT_FOUNDRY_RUN_ASTRA_20260925/99_FINAL_PACKAGE/18_指標18/0110__I18-E19__01__問卷調查及課後行動計畫評估表等顯示目標客戶及_可直接使用成品.docx,04_全部文件與歷次版本/TTQS_GPT6_ASTRA_FULL_HANDOFF_20260925/17/1646_0110__I18-E19__01__問卷調查及課後行動計畫評估表等顯示目標客戶及_可直接使用成品.docx,原樣保留；本次尚未確認完成驗收,42520,a28a594a94e3eb26ecea979c97119ad00c07f4532739a2290c4bd766f6b2d0f7
1647,0111__I18-E20__01__特殊績效及社會面成果證據登錄表.docx,TTQS_GPT6_ASTRA_FULL_HANDOFF_20260925/TTQS_GPT6_ASTRA_FULL_HANDOFF_20260925/TTQS_DOCUMENT_FOUNDRY_RUN_ASTRA_20260925/99_FINAL_PACKAGE/18_指標18/0111__I18-E20__01__特殊績效及社會面成果證據登錄表.docx,04_全部文件與歷次版本/TTQS_GPT6_ASTRA_FULL_HANDOFF_20260925/17/1647_0111__I18-E20__01__特殊績效及社會面成果證據登錄表.docx,原樣保留；本次尚未確認完成驗收,42053,0fc42cf8bb47f8139d87b4ab015c82dbdf807d50214369fb93a631d1f9762c68
1648,0112__I18-E21__01__輔導考照及學員回訓率追蹤分析表.docx,TTQS_GPT6_ASTRA_FULL_HANDOFF_20260925/TTQS_GPT6_ASTRA_FULL_HANDOFF_20260925/TTQS_DOCUMENT_FOUNDRY_RUN_ASTRA_20260925/99_FINAL_PACKAGE/18_指標18/0112__I18-E21__01__輔導考照及學員回訓率追蹤分析表.docx,04_全部文件與歷次版本/TTQS_GPT6_ASTRA_FULL_HANDOFF_20260925/17/1648_0112__I18-E21__01__輔導考照及學員回訓率追蹤分析表.docx,原樣保留；本次尚未確認完成驗收,41930,57fe0b9a17812cbcb240246935787de627e51407522c6d3359567ec4eb5247f8
1649,0113__I18-E22__01__會員人數年度變化追蹤分析表.docx,TTQS_GPT6_ASTRA_FULL_HANDOFF_20260925/TTQS_GPT6_ASTRA_FULL_HANDOFF_20260925/TTQS_DOCUMENT_FOUNDRY_RUN_ASTRA_20260925/99_FINAL_PACKAGE/18_指標18/0113__I18-E22__01__會員人數年度變化追蹤分析表.docx,04_全部文件與歷次版本/TTQS_GPT6_ASTRA_FULL_HANDOFF_20260925/17/1649_0113__I18-E22__01__會員人數年度變化追蹤分析表.docx,原樣保留；本次尚未確認完成驗收,41858,a0dc3be32d6feb59249f56cccbccd67fa14faaa3e4fe263433716a1942d97732
1650,0100__I18-E08__01__學員培訓前後自我評量表.docx,TTQS_GPT6_ASTRA_FULL_HANDOFF_20260925/TTQS_GPT6_ASTRA_FULL_HANDOFF_20260925/TTQS_DOCUMENT_FOUNDRY_RUN_ASTRA_20260925/99_FINAL_PACKAGE/18_指標18/0100__I18-E08__01__學員培訓前後自我評量表.docx,04_全部文件與歷次版本/TTQS_GPT6_ASTRA_FULL_HANDOFF_20260925/17/1650_0100__I18-E08__01__學員培訓前後自我評量表.docx,原樣保留；本次尚未確認完成驗收,91871,a17f74113f648e6934ffb930699da6e7b1f9f5a6b3887aaa95341a0520a9b154
1651,0114__I19-E01__01__目標市場及顧客價值改善紀錄與評量表.docx,TTQS_GPT6_ASTRA_FULL_HANDOFF_20260925/TTQS_GPT6_ASTRA_FULL_HANDOFF_20260925/TTQS_DOCUMENT_FOUNDRY_RUN_ASTRA_20260925/99_FINAL_PACKAGE/19_指標19/0114__I19-E01__01__目標市場及顧客價值改善紀錄與評量表.docx,04_全部文件與歷次版本/TTQS_GPT6_ASTRA_FULL_HANDOFF_20260925/17/1651_0114__I19-E01__01__目標市場及顧客價值改善紀錄與評量表.docx,原樣保留；本次尚未確認完成驗收,42019,b66b28271f9edeb36e5928f9089ff4a8f46ed0fd69f3e14a37e82527877512ea
1652,0115__I19-E02__01__心得與知識分享執行成效分析表.docx,TTQS_GPT6_ASTRA_FULL_HANDOFF_20260925/TTQS_GPT6_ASTRA_FULL_HANDOFF_20260925/TTQS_DOCUMENT_FOUNDRY_RUN_ASTRA_20260925/99_FINAL_PACKAGE/19_指標19/0115__I19-E02__01__心得與知識分享執行成效分析表.docx,04_全部文件與歷次版本/TTQS_GPT6_ASTRA_FULL_HANDOFF_20260925/17/1652_0115__I19-E02__01__心得與知識分享執行成效分析表.docx,原樣保留；本次尚未確認完成驗收,41683,f09f2bb703cdadb0e8eeb15a39dadafc352580e96c5e63e51f691cd381791954
1653,0117__I19-E04__01__學員考照通過率追蹤及分析表.docx,TTQS_GPT6_ASTRA_FULL_HANDOFF_20260925/TTQS_GPT6_ASTRA_FULL_HANDOFF_20260925/TTQS_DOCUMENT_FOUNDRY_RUN_ASTRA_20260925/99_FINAL_PACKAGE/19_指標19/0117__I19-E04__01__學員考照通過率追蹤及分析表.docx,04_全部文件與歷次版本/TTQS_GPT6_ASTRA_FULL_HANDOFF_20260925/17/1653_0117__I19-E04__01__學員考照通過率追蹤及分析表.docx,原樣保留；本次尚未確認完成驗收,41920,368a2e7c8f2601da2635948c826f14aa51a417db728f447698e98455777c5f62
1654,0118__I19-E05__01__感謝函原件收存與核驗登錄表.docx,TTQS_GPT6_ASTRA_FULL_HANDOFF_20260925/TTQS_GPT6_ASTRA_FULL_HANDOFF_20260925/TTQS_DOCUMENT_FOUNDRY_RUN_ASTRA_20260925/99_FINAL_PACKAGE/19_指標19/0118__I19-E05__01__感謝函原件收存與核驗登錄表.docx,04_全部文件與歷次版本/TTQS_GPT6_ASTRA_FULL_HANDOFF_20260925/17/1654_0118__I19-E05__01__感謝函原件收存與核驗登錄表.docx,原樣保留；本次尚未確認完成驗收,41617,c07a092680d20bccf2234c069fdec82a490e6ee0291645f5b4591fd9adea34a8
1655,0119__I19-E07__01__目標市場及顧客價值部分提升證據分析表.docx,TTQS_GPT6_ASTRA_FULL_HANDOFF_20260925/TTQS_GPT6_ASTRA_FULL_HANDOFF_20260925/TTQS_DOCUMENT_FOUNDRY_RUN_ASTRA_20260925/99_FINAL_PACKAGE/19_指標19/0119__I19-E07__01__目標市場及顧客價值部分提升證據分析表.docx,04_全部文件與歷次版本/TTQS_GPT6_ASTRA_FULL_HANDOFF_20260925/17/1655_0119__I19-E07__01__目標市場及顧客價值部分提升證據分析表.docx,原樣保留；本次尚未確認完成驗收,41781,3d5362acb7cb39db5d4356bee5e2d310585806ea5e4df6dd2cd3031d56e2bc2f
1656,0120__I19-E08__01__訓練成果初步證據彙整與評量表.docx,TTQS_GPT6_ASTRA_FULL_HANDOFF_20260925/TTQS_GPT6_ASTRA_FULL_HANDOFF_20260925/TTQS_DOCUMENT_FOUNDRY_RUN_ASTRA_20260925/99_FINAL_PACKAGE/19_指標19/0120__I19-E08__01__訓練成果初步證據彙整與評量表.docx,04_全部文件與歷次版本/TTQS_GPT6_ASTRA_FULL_HANDOFF_20260925/17/1656_0120__I19-E08__01__訓練成果初步證據彙整與評量表.docx,原樣保留；本次尚未確認完成驗收,41869,be9d5f79b1cb9b5a23e5c714deddc8de3f000e806d057811f4feb7cf3a460c03
1657,0121__I19-E09__01__學員滿意度與學習評量報告.docx,TTQS_GPT6_ASTRA_FULL_HANDOFF_20260925/TTQS_GPT6_ASTRA_FULL_HANDOFF_20260925/TTQS_DOCUMENT_FOUNDRY_RUN_ASTRA_20260925/99_FINAL_PACKAGE/19_指標19/0121__I19-E09__01__學員滿意度與學習評量報告.docx,04_全部文件與歷次版本/TTQS_GPT6_ASTRA_FULL_HANDOFF_20260925/17/1657_0121__I19-E09__01__學員滿意度與學習評量報告.docx,原樣保留；本次尚未確認完成驗收,41299,42103f322aae5e42a45982ba2d631c1720a01f66bde1113e74a960f4af174e41
1658,0122__I19-E10__01__課後追蹤與證照通過分析表.docx,TTQS_GPT6_ASTRA_FULL_HANDOFF_20260925/TTQS_GPT6_ASTRA_FULL_HANDOFF_20260925/TTQS_DOCUMENT_FOUNDRY_RUN_ASTRA_20260925/99_FINAL_PACKAGE/19_指標19/0122__I19-E10__01__課後追蹤與證照通過分析表.docx,04_全部文件與歷次版本/TTQS_GPT6_ASTRA_FULL_HANDOFF_20260925/17/1658_0122__I19-E10__01__課後追蹤與證照通過分析表.docx,原樣保留；本次尚未確認完成驗收,41491,72d092067e5c0d69e177a2c3651075fd9cb898a14cbf88058bbb2709119f5321
1659,0123__I19-E11__01__會員訓後事業成就個案紀錄.docx,TTQS_GPT6_ASTRA_FULL_HANDOFF_20260925/TTQS_GPT6_ASTRA_FULL_HANDOFF_20260925/TTQS_DOCUMENT_FOUNDRY_RUN_ASTRA_20260925/99_FINAL_PACKAGE/19_指標19/0123__I19-E11__01__會員訓後事業成就個案紀錄.docx,04_全部文件與歷次版本/TTQS_GPT6_ASTRA_FULL_HANDOFF_20260925/17/1659_0123__I19-E11__01__會員訓後事業成就個案紀錄.docx,原樣保留；本次尚未確認完成驗收,41332,7d04b0ecbbd65b15f40312d1bfd6f747138ebfd78ff92806d71bbf08d5d3b495
1660,0124__I19-E12__01__結訓學員雇用與雇主回饋佐證表.docx,TTQS_GPT6_ASTRA_FULL_HANDOFF_20260925/TTQS_GPT6_ASTRA_FULL_HANDOFF_20260925/TTQS_DOCUMENT_FOUNDRY_RUN_ASTRA_20260925/99_FINAL_PACKAGE/19_指標19/0124__I19-E12__01__結訓學員雇用與雇主回饋佐證表.docx,04_全部文件與歷次版本/TTQS_GPT6_ASTRA_FULL_HANDOFF_20260925/17/1660_0124__I19-E12__01__結訓學員雇用與雇主回饋佐證表.docx,原樣保留；本次尚未確認完成驗收,41357,257b40ef3798efc0ab4125905494d691fdd18d138a884f0dd0850c924f0f1aee
1661,0125__I19-E13__01__學員職務運用追蹤紀錄.docx,TTQS_GPT6_ASTRA_FULL_HANDOFF_20260925/TTQS_GPT6_ASTRA_FULL_HANDOFF_20260925/TTQS_DOCUMENT_FOUNDRY_RUN_ASTRA_20260925/99_FINAL_PACKAGE/19_指標19/0125__I19-E13__01__學員職務運用追蹤紀錄.docx,04_全部文件與歷次版本/TTQS_GPT6_ASTRA_FULL_HANDOFF_20260925/17/1661_0125__I19-E13__01__學員職務運用追蹤紀錄.docx,原樣保留；本次尚未確認完成驗收,41344,ada704355cddfb4667fda8f7f66c9d3fb6a235034ceed498c8e518cb025a5da8
1662,0126__I19-E14__01__訓後薪資變化調查與分析表.docx,TTQS_GPT6_ASTRA_FULL_HANDOFF_20260925/TTQS_GPT6_ASTRA_FULL_HANDOFF_20260925/TTQS_DOCUMENT_FOUNDRY_RUN_ASTRA_20260925/99_FINAL_PACKAGE/19_指標19/0126__I19-E14__01__訓後薪資變化調查與分析表.docx,04_全部文件與歷次版本/TTQS_GPT6_ASTRA_FULL_HANDOFF_20260925/17/1662_0126__I19-E14__01__訓後薪資變化調查與分析表.docx,原樣保留；本次尚未確認完成驗收,41454,14b0cd010606b9f609b829c525378c14c00cf73d510ec7370bc6dc7bae13ae45
1663,0127__I19-E16__01__目標市場與顧客價值量化效益分析表.docx,TTQS_GPT6_ASTRA_FULL_HANDOFF_20260925/TTQS_GPT6_ASTRA_FULL_HANDOFF_20260925/TTQS_DOCUMENT_FOUNDRY_RUN_ASTRA_20260925/99_FINAL_PACKAGE/19_指標19/0127__I19-E16__01__目標市場與顧客價值量化效益分析表.docx,04_全部文件與歷次版本/TTQS_GPT6_ASTRA_FULL_HANDOFF_20260925/17/1663_0127__I19-E16__01__目標市場與顧客價值量化效益分析表.docx,原樣保留；本次尚未確認完成驗收,41425,21bdec6f358cc2bb596c25cccebf6d91c1932edb0371f4a3c08bfc9a51440495
1664,0128__I19-E17__01__個人訓後績效改善個案分析表.docx,TTQS_GPT6_ASTRA_FULL_HANDOFF_20260925/TTQS_GPT6_ASTRA_FULL_HANDOFF_20260925/TTQS_DOCUMENT_FOUNDRY_RUN_ASTRA_20260925/99_FINAL_PACKAGE/19_指標19/0128__I19-E17__01__個人訓後績效改善個案分析表.docx,04_全部文件與歷次版本/TTQS_GPT6_ASTRA_FULL_HANDOFF_20260925/17/1664_0128__I19-E17__01__個人訓後績效改善個案分析表.docx,原樣保留；本次尚未確認完成驗收,41210,266dcb738b0ccec553dc4bf950a226d52981b720390a1fe0e2966d52c9ef0359
1665,0129__I19-E18__01__營運表現前後比較分析表.docx,TTQS_GPT6_ASTRA_FULL_HANDOFF_20260925/TTQS_GPT6_ASTRA_FULL_HANDOFF_20260925/TTQS_DOCUMENT_FOUNDRY_RUN_ASTRA_20260925/99_FINAL_PACKAGE/19_指標19/0129__I19-E18__01__營運表現前後比較分析表.docx,04_全部文件與歷次版本/TTQS_GPT6_ASTRA_FULL_HANDOFF_20260925/17/1665_0129__I19-E18__01__營運表現前後比較分析表.docx,原樣保留；本次尚未確認完成驗收,41510,e8bc347e5b16f2d83187b55a5c37bb613abb0711bc51ceda2e401280e2f2a790
1666,0130__I19-E19__01__學員訓後創業案例紀錄與佐證表.docx,TTQS_GPT6_ASTRA_FULL_HANDOFF_20260925/TTQS_GPT6_ASTRA_FULL_HANDOFF_20260925/TTQS_DOCUMENT_FOUNDRY_RUN_ASTRA_20260925/99_FINAL_PACKAGE/19_指標19/0130__I19-E19__01__學員訓後創業案例紀錄與佐證表.docx,04_全部文件與歷次版本/TTQS_GPT6_ASTRA_FULL_HANDOFF_20260925/17/1666_0130__I19-E19__01__學員訓後創業案例紀錄與佐證表.docx,原樣保留；本次尚未確認完成驗收,41313,44899c3a8c4d0897430473c3d447710d31221966ca4b1a869e4b1bc8cbdbd3a1
1667,0131__I19-E20__01__學員證照通過與就業追蹤統計表.docx,TTQS_GPT6_ASTRA_FULL_HANDOFF_20260925/TTQS_GPT6_ASTRA_FULL_HANDOFF_20260925/TTQS_DOCUMENT_FOUNDRY_RUN_ASTRA_20260925/99_FINAL_PACKAGE/19_指標19/0131__I19-E20__01__學員證照通過與就業追蹤統計表.docx,04_全部文件與歷次版本/TTQS_GPT6_ASTRA_FULL_HANDOFF_20260925/17/1667_0131__I19-E20__01__學員證照通過與就業追蹤統計表.docx,原樣保留；本次尚未確認完成驗收,41199,f4faed2e99d1d2b4ea79fff1db2ee3357e25f1ca013b8be70f781e470371081d
1668,0132__I19-E21__01__個人產品不良件數與訓後改善分析表.docx,TTQS_GPT6_ASTRA_FULL_HANDOFF_20260925/TTQS_GPT6_ASTRA_FULL_HANDOFF_20260925/TTQS_DOCUMENT_FOUNDRY_RUN_ASTRA_20260925/99_FINAL_PACKAGE/19_指標19/0132__I19-E21__01__個人產品不良件數與訓後改善分析表.docx,04_全部文件與歷次版本/TTQS_GPT6_ASTRA_FULL_HANDOFF_20260925/17/1668_0132__I19-E21__01__個人產品不良件數與訓後改善分析表.docx,原樣保留；本次尚未確認完成驗收,41814,c76fe95606a3cedaa13a093f0233af45332b5c97c9d59fe726e2e117d6771f87
1669,0135__I19-E25__01__目標市場與顧客價值具體提升成效分析報告.docx,TTQS_GPT6_ASTRA_FULL_HANDOFF_20260925/TTQS_GPT6_ASTRA_FULL_HANDOFF_20260925/TTQS_DOCUMENT_FOUNDRY_RUN_ASTRA_20260925/99_FINAL_PACKAGE/19_指標19/0135__I19-E25__01__目標市場與顧客價值具體提升成效分析報告.docx,04_全部文件與歷次版本/TTQS_GPT6_ASTRA_FULL_HANDOFF_20260925/17/1669_0135__I19-E25__01__目標市場與顧客價值具體提升成效分析報告.docx,原樣保留；本次尚未確認完成驗收,41855,3cae7e6b717dbf09b953fcd74fa2549f3593c94f6d8dd13a913321161e434337
1670,0136__I19-E26__01__公益活動、獎項與學校合作原件驗證登錄表.docx,TTQS_GPT6_ASTRA_FULL_HANDOFF_20260925/TTQS_GPT6_ASTRA_FULL_HANDOFF_20260925/TTQS_DOCUMENT_FOUNDRY_RUN_ASTRA_20260925/99_FINAL_PACKAGE/19_指標19/0136__I19-E26__01__公益活動、獎項與學校合作原件驗證登錄表.docx,04_全部文件與歷次版本/TTQS_GPT6_ASTRA_FULL_HANDOFF_20260925/17/1670_0136__I19-E26__01__公益活動、獎項與學校合作原件驗證登錄表.docx,原樣保留；本次尚未確認完成驗收,41998,f056251a6bf97b9e2cd9d68698b96aeac71a8229ee03dcddb2de079ee4bb034e
1671,0137__I19-E27__01__媒體採訪與正面報導原件查驗表.docx,TTQS_GPT6_ASTRA_FULL_HANDOFF_20260925/TTQS_GPT6_ASTRA_FULL_HANDOFF_20260925/TTQS_DOCUMENT_FOUNDRY_RUN_ASTRA_20260925/99_FINAL_PACKAGE/19_指標19/0137__I19-E27__01__媒體採訪與正面報導原件查驗表.docx,04_全部文件與歷次版本/TTQS_GPT6_ASTRA_FULL_HANDOFF_20260925/17/1671_0137__I19-E27__01__媒體採訪與正面報導原件查驗表.docx,原樣保留；本次尚未確認完成驗收,41796,99030b45fa4e09cd5292f63283ef63c5e392fbc7dba8ea88388f97debce5f15b
1672,0138__I19-E28__01__學員訓後薪資與獎勵升遷第三方驗證表.docx,TTQS_GPT6_ASTRA_FULL_HANDOFF_20260925/TTQS_GPT6_ASTRA_FULL_HANDOFF_20260925/TTQS_DOCUMENT_FOUNDRY_RUN_ASTRA_20260925/99_FINAL_PACKAGE/19_指標19/0138__I19-E28__01__學員訓後薪資與獎勵升遷第三方驗證表.docx,04_全部文件與歷次版本/TTQS_GPT6_ASTRA_FULL_HANDOFF_20260925/17/1672_0138__I19-E28__01__學員訓後薪資與獎勵升遷第三方驗證表.docx,原樣保留；本次尚未確認完成驗收,41667,02900e5f6f120791430824e3aa33e0a4ce6f8f232810dd519bab5ffa11cfa75d
1673,0139__I19-E29__01__證照通過率與就業率跨年度改善分析報告.docx,TTQS_GPT6_ASTRA_FULL_HANDOFF_20260925/TTQS_GPT6_ASTRA_FULL_HANDOFF_20260925/TTQS_DOCUMENT_FOUNDRY_RUN_ASTRA_20260925/99_FINAL_PACKAGE/19_指標19/0139__I19-E29__01__證照通過率與就業率跨年度改善分析報告.docx,04_全部文件與歷次版本/TTQS_GPT6_ASTRA_FULL_HANDOFF_20260925/17/1673_0139__I19-E29__01__證照通過率與就業率跨年度改善分析報告.docx,原樣保留；本次尚未確認完成驗收,41925,dba8afd468850e5e7fef1726d3245f5bd6ee7d9fc480192e6201a044a1b7afb1
1674,0140__I19-E30__01__訓練資訊系統使用普及率盤點與分析表.docx,TTQS_GPT6_ASTRA_FULL_HANDOFF_20260925/TTQS_GPT6_ASTRA_FULL_HANDOFF_20260925/TTQS_DOCUMENT_FOUNDRY_RUN_ASTRA_20260925/99_FINAL_PACKAGE/19_指標19/0140__I19-E30__01__訓練資訊系統使用普及率盤點與分析表.docx,04_全部文件與歷次版本/TTQS_GPT6_ASTRA_FULL_HANDOFF_20260925/17/1674_0140__I19-E30__01__訓練資訊系統使用普及率盤點與分析表.docx,原樣保留；本次尚未確認完成驗收,41303,f866be7da12682c833cbbd6434f124c02420f0428693fa14388f7ccec9ec2786
1675,0141__I19-E31__01__顧客滿意度趨勢調查與分析報告.docx,TTQS_GPT6_ASTRA_FULL_HANDOFF_20260925/TTQS_GPT6_ASTRA_FULL_HANDOFF_20260925/TTQS_DOCUMENT_FOUNDRY_RUN_ASTRA_20260925/99_FINAL_PACKAGE/19_指標19/0141__I19-E31__01__顧客滿意度趨勢調查與分析報告.docx,04_全部文件與歷次版本/TTQS_GPT6_ASTRA_FULL_HANDOFF_20260925/17/1675_0141__I19-E31__01__顧客滿意度趨勢調查與分析報告.docx,原樣保留；本次尚未確認完成驗收,41311,600f9c089253dab62008d69daecfab15ea8576ff812a1e27ce36e331fa4fee7b
1676,0142__I19-E32__01__組織近三年營業額與收入趨勢核對報告.docx,TTQS_GPT6_ASTRA_FULL_HANDOFF_20260925/TTQS_GPT6_ASTRA_FULL_HANDOFF_20260925/TTQS_DOCUMENT_FOUNDRY_RUN_ASTRA_20260925/99_FINAL_PACKAGE/19_指標19/0142__I19-E32__01__組織近三年營業額與收入趨勢核對報告.docx,04_全部文件與歷次版本/TTQS_GPT6_ASTRA_FULL_HANDOFF_20260925/17/1676_0142__I19-E32__01__組織近三年營業額與收入趨勢核對報告.docx,原樣保留；本次尚未確認完成驗收,41459,af951f5a12befd0e880988d678093be1c062c4d16ff09c9d0e33399ab135ff98
1677,0116__I19-E03__01__學員訓後就業狀況追蹤調查表.docx,TTQS_GPT6_ASTRA_FULL_HANDOFF_20260925/TTQS_GPT6_ASTRA_FULL_HANDOFF_20260925/TTQS_DOCUMENT_FOUNDRY_RUN_ASTRA_20260925/99_FINAL_PACKAGE/19_指標19/0116__I19-E03__01__學員訓後就業狀況追蹤調查表.docx,04_全部文件與歷次版本/TTQS_GPT6_ASTRA_FULL_HANDOFF_20260925/17/1677_0116__I19-E03__01__學員訓後就業狀況追蹤調查表.docx,原樣保留；本次尚未確認完成驗收,45782,70dcb7ff6acb3f7f7ccf699ddddda73dff186532ecbfb30685e6a92b3903951f
1678,0133__I19-E22__01__年度訓練班次與參訓人次趨勢表.docx,TTQS_GPT6_ASTRA_FULL_HANDOFF_20260925/TTQS_GPT6_ASTRA_FULL_HANDOFF_20260925/TTQS_DOCUMENT_FOUNDRY_RUN_ASTRA_20260925/99_FINAL_PACKAGE/19_指標19/0133__I19-E22__01__年度訓練班次與參訓人次趨勢表.docx,04_全部文件與歷次版本/TTQS_GPT6_ASTRA_FULL_HANDOFF_20260925/17/1678_0133__I19-E22__01__年度訓練班次與參訓人次趨勢表.docx,原樣保留；本次尚未確認完成驗收,96406,c1ec97eb04e913beb7373c0e7c5593f2b7908024e277250f9f2121ca97f0d312
1679,0134__I19-E23__會員人數及會費收入逐年變化分析報告_R03.docx,TTQS_GPT6_ASTRA_FULL_HANDOFF_20260925/TTQS_GPT6_ASTRA_FULL_HANDOFF_20260925/TTQS_DOCUMENT_FOUNDRY_RUN_ASTRA_20260925/99_FINAL_PACKAGE/19_指標19/0134__I19-E23__會員人數及會費收入逐年變化分析報告_R03.docx,04_全部文件與歷次版本/TTQS_GPT6_ASTRA_FULL_HANDOFF_20260925/17/1679_0134__I19-E23__會員人數及會費收入逐年變化分析報告_R03.docx,原樣保留；本次尚未確認完成驗收,48593,2c102133c647bb80ea745a4503857f1211855e46cda621f3bc769763b288538f
1680,01_0052_規劃課程依學員及結訓學員意見訂定訓練課程，且_可直接使用成品.docx,TTQS_GPT6_ASTRA_FULL_HANDOFF_20260925/TTQS_GPT6_ASTRA_FULL_HANDOFF_20260925/TTQS_DOCUMENT_FOUNDRY_RUN_ASTRA_20260925/99_FINAL_PACKAGE/AUDIT_SAMPLE_RANDOM_12_R01/01_0052_規劃課程依學員及結訓學員意見訂定訓練課程，且_可直接使用成品.docx,04_全部文件與歷次版本/TTQS_GPT6_ASTRA_FULL_HANDOFF_20260925/17/1680_01_0052_規劃課程依學員及結訓學員意見訂定訓練課程，且_可直接使用成品.docx,原樣保留；本次尚未確認完成驗收,40912,31e03843a2ec79e385784a2414295310411e770fe246a5eddd1584273e29846e
1681,02_0054_依學員遴選標準及流程遴選，教材由講師及顧問推_完整工作稿.docx,TTQS_GPT6_ASTRA_FULL_HANDOFF_20260925/TTQS_GPT6_ASTRA_FULL_HANDOFF_20260925/TTQS_DOCUMENT_FOUNDRY_RUN_ASTRA_20260925/99_FINAL_PACKAGE/AUDIT_SAMPLE_RANDOM_12_R01/02_0054_依學員遴選標準及流程遴選，教材由講師及顧問推_完整工作稿.docx,04_全部文件與歷次版本/TTQS_GPT6_ASTRA_FULL_HANDOFF_20260925/17/1681_02_0054_依學員遴選標準及流程遴選，教材由講師及顧問推_完整工作稿.docx,原樣保留；本次尚未確認完成驗收,40869,b68fc82d45329ce7e6562d486b82420bf33ca3cd06f1422b168715c5c5899bb3
1682,03_0090_派訓單位主管對參訓學員的學習成效評估表_可直接使用成品.docx,TTQS_GPT6_ASTRA_FULL_HANDOFF_20260925/TTQS_GPT6_ASTRA_FULL_HANDOFF_20260925/TTQS_DOCUMENT_FOUNDRY_RUN_ASTRA_20260925/99_FINAL_PACKAGE/AUDIT_SAMPLE_RANDOM_12_R01/03_0090_派訓單位主管對參訓學員的學習成效評估表_可直接使用成品.docx,04_全部文件與歷次版本/TTQS_GPT6_ASTRA_FULL_HANDOFF_20260925/17/1682_03_0090_派訓單位主管對參訓學員的學習成效評估表_可直接使用成品.docx,原樣保留；本次尚未確認完成驗收,41683,00b5c82a59b99d752929ed9192a81a252c54bf4d0497d707c0eba4e751803771
1683,04_0041_課程規劃書（能顯示包含講師、行政、企業學員、_完整工作稿.docx,TTQS_GPT6_ASTRA_FULL_HANDOFF_20260925/TTQS_GPT6_ASTRA_FULL_HANDOFF_20260925/TTQS_DOCUMENT_FOUNDRY_RUN_ASTRA_20260925/99_FINAL_PACKAGE/AUDIT_SAMPLE_RANDOM_12_R01/04_0041_課程規劃書（能顯示包含講師、行政、企業學員、_完整工作稿.docx,04_全部文件與歷次版本/TTQS_GPT6_ASTRA_FULL_HANDOFF_20260925/17/1683_04_0041_課程規劃書（能顯示包含講師、行政、企業學員、_完整工作稿.docx,原樣保留；本次尚未確認完成驗收,43178,dd83cd91914020716e151c72f07676b743c1640518db34c8d0e0dc2bc2472420
1684,05_0025_訓練評估與實施標準化作業程序SOP.docx,TTQS_GPT6_ASTRA_FULL_HANDOFF_20260925/TTQS_GPT6_ASTRA_FULL_HANDOFF_20260925/TTQS_DOCUMENT_FOUNDRY_RUN_ASTRA_20260925/99_FINAL_PACKAGE/AUDIT_SAMPLE_RANDOM_12_R01/05_0025_訓練評估與實施標準化作業程序SOP.docx,04_全部文件與歷次版本/TTQS_GPT6_ASTRA_FULL_HANDOFF_20260925/17/1684_05_0025_訓練評估與實施標準化作業程序SOP.docx,原樣保留；本次尚未確認完成驗收,42511,42fa9a876753183fa97749066f58b8856971b1ab1872d2f97684d44006cebaf0
1685,06_0100_學員培訓前後自我評量表.docx,TTQS_GPT6_ASTRA_FULL_HANDOFF_20260925/TTQS_GPT6_ASTRA_FULL_HANDOFF_20260925/TTQS_DOCUMENT_FOUNDRY_RUN_ASTRA_20260925/99_FINAL_PACKAGE/AUDIT_SAMPLE_RANDOM_12_R01/06_0100_學員培訓前後自我評量表.docx,04_全部文件與歷次版本/TTQS_GPT6_ASTRA_FULL_HANDOFF_20260925/17/1685_06_0100_學員培訓前後自我評量表.docx,原樣保留；本次尚未確認完成驗收,42305,bf330f665968df33f609badb0247edc3ab525b75099da08277e3bf3567c3e460
1686,07_0116_學員訓後就業狀況追蹤調查表.docx,TTQS_GPT6_ASTRA_FULL_HANDOFF_20260925/TTQS_GPT6_ASTRA_FULL_HANDOFF_20260925/TTQS_DOCUMENT_FOUNDRY_RUN_ASTRA_20260925/99_FINAL_PACKAGE/AUDIT_SAMPLE_RANDOM_12_R01/07_0116_學員訓後就業狀況追蹤調查表.docx,04_全部文件與歷次版本/TTQS_GPT6_ASTRA_FULL_HANDOFF_20260925/17/1686_07_0116_學員訓後就業狀況追蹤調查表.docx,原樣保留；本次尚未確認完成驗收,42126,493311befadb0b87622ff54ab87da13de6cb20fbdd9542cfc9832c9c04adb7d7
1687,08_0133_年度訓練班次與參訓人次趨勢表.docx,TTQS_GPT6_ASTRA_FULL_HANDOFF_20260925/TTQS_GPT6_ASTRA_FULL_HANDOFF_20260925/TTQS_DOCUMENT_FOUNDRY_RUN_ASTRA_20260925/99_FINAL_PACKAGE/AUDIT_SAMPLE_RANDOM_12_R01/08_0133_年度訓練班次與參訓人次趨勢表.docx,04_全部文件與歷次版本/TTQS_GPT6_ASTRA_FULL_HANDOFF_20260925/17/1687_08_0133_年度訓練班次與參訓人次趨勢表.docx,原樣保留；本次尚未確認完成驗收,41216,a16657b25d78dacf25b208e2834a797cecc9109386ad61bf7f89543e26775269
1688,09_0060_訓練資料與訓練過程及成果的紀錄與分類，均有系_可直接使用成品.docx,TTQS_GPT6_ASTRA_FULL_HANDOFF_20260925/TTQS_GPT6_ASTRA_FULL_HANDOFF_20260925/TTQS_DOCUMENT_FOUNDRY_RUN_ASTRA_20260925/99_FINAL_PACKAGE/AUDIT_SAMPLE_RANDOM_12_R01/09_0060_訓練資料與訓練過程及成果的紀錄與分類，均有系_可直接使用成品.docx,04_全部文件與歷次版本/TTQS_GPT6_ASTRA_FULL_HANDOFF_20260925/17/1688_09_0060_訓練資料與訓練過程及成果的紀錄與分類，均有系_可直接使用成品.docx,原樣保留；本次尚未確認完成驗收,41085,514d38ec8551d05a462fe3481e0d3248a615b5f8de6b6d957607a9cd84bef313
1689,10_0061_訓練檔案管理系統_完整工作稿.docx,TTQS_GPT6_ASTRA_FULL_HANDOFF_20260925/TTQS_GPT6_ASTRA_FULL_HANDOFF_20260925/TTQS_DOCUMENT_FOUNDRY_RUN_ASTRA_20260925/99_FINAL_PACKAGE/AUDIT_SAMPLE_RANDOM_12_R01/10_0061_訓練檔案管理系統_完整工作稿.docx,04_全部文件與歷次版本/TTQS_GPT6_ASTRA_FULL_HANDOFF_20260925/17/1689_10_0061_訓練檔案管理系統_完整工作稿.docx,原樣保留；本次尚未確認完成驗收,41545,adff24f8ea206cd6be2d9a63cb076955bed4deba4fb9ba8b66330ece68fd8ef2
1690,11_0077_指標17b_學員學習心得報告.docx,TTQS_GPT6_ASTRA_FULL_HANDOFF_20260925/TTQS_GPT6_ASTRA_FULL_HANDOFF_20260925/TTQS_DOCUMENT_FOUNDRY_RUN_ASTRA_20260925/99_FINAL_PACKAGE/AUDIT_SAMPLE_RANDOM_12_R01/11_0077_指標17b_學員學習心得報告.docx,04_全部文件與歷次版本/TTQS_GPT6_ASTRA_FULL_HANDOFF_20260925/17/1690_11_0077_指標17b_學員學習心得報告.docx,原樣保留；本次尚未確認完成驗收,46679,2b2b63f938bfb62a2e248e9ada9e34be7b8649eac9f607690bced0845ac26c59
1691,12_0029_訓練規劃及達到客戶課程績效目標的證明資料_可直接使用成品.docx,TTQS_GPT6_ASTRA_FULL_HANDOFF_20260925/TTQS_GPT6_ASTRA_FULL_HANDOFF_20260925/TTQS_DOCUMENT_FOUNDRY_RUN_ASTRA_20260925/99_FINAL_PACKAGE/AUDIT_SAMPLE_RANDOM_12_R01/12_0029_訓練規劃及達到客戶課程績效目標的證明資料_可直接使用成品.docx,04_全部文件與歷次版本/TTQS_GPT6_ASTRA_FULL_HANDOFF_20260925/17/1691_12_0029_訓練規劃及達到客戶課程績效目標的證明資料_可直接使用成品.docx,原樣保留；本次尚未確認完成驗收,41202,537217c27d621c8440b50b6b8b6bc6440555762e29c54da1ef209a82a8d72161
1692,01_0040_訓練評估方法與成效指標對照表.docx,TTQS_GPT6_ASTRA_FULL_HANDOFF_20260925/TTQS_GPT6_ASTRA_FULL_HANDOFF_20260925/TTQS_DOCUMENT_FOUNDRY_RUN_ASTRA_20260925/99_FINAL_PACKAGE/POST_REPAIR_RANDOM_12_R01/01_0040_訓練評估方法與成效指標對照表.docx,04_全部文件與歷次版本/TTQS_GPT6_ASTRA_FULL_HANDOFF_20260925/17/1692_01_0040_訓練評估方法與成效指標對照表.docx,原樣保留；本次尚未確認完成驗收,254150,4d268a57e1f6cbd8da28d5d0904be7220ab0dba41119bb069c61c135b6e80392
1693,02_0061_訓練檔案管理系統_完整工作稿.docx,TTQS_GPT6_ASTRA_FULL_HANDOFF_20260925/TTQS_GPT6_ASTRA_FULL_HANDOFF_20260925/TTQS_DOCUMENT_FOUNDRY_RUN_ASTRA_20260925/99_FINAL_PACKAGE/POST_REPAIR_RANDOM_12_R01/02_0061_訓練檔案管理系統_完整工作稿.docx,04_全部文件與歷次版本/TTQS_GPT6_ASTRA_FULL_HANDOFF_20260925/17/1693_02_0061_訓練檔案管理系統_完整工作稿.docx,原樣保留；本次尚未確認完成驗收,46914,3ddd062b7a8608795f872a9429890db73cf770f98677ffacf76767288aaa380d
1694,03_0045_訓練資源採購與甄選管理辦法.docx,TTQS_GPT6_ASTRA_FULL_HANDOFF_20260925/TTQS_GPT6_ASTRA_FULL_HANDOFF_20260925/TTQS_DOCUMENT_FOUNDRY_RUN_ASTRA_20260925/99_FINAL_PACKAGE/POST_REPAIR_RANDOM_12_R01/03_0045_訓練資源採購與甄選管理辦法.docx,04_全部文件與歷次版本/TTQS_GPT6_ASTRA_FULL_HANDOFF_20260925/17/1694_03_0045_訓練資源採購與甄選管理辦法.docx,原樣保留；本次尚未確認完成驗收,46159,491942c7d1e514dade605020de5dc25cb2717798d1d2aa9e6f19d1de543a15c8
1695,04_0134_會員人數與會費收入年度核對表.docx,TTQS_GPT6_ASTRA_FULL_HANDOFF_20260925/TTQS_GPT6_ASTRA_FULL_HANDOFF_20260925/TTQS_DOCUMENT_FOUNDRY_RUN_ASTRA_20260925/99_FINAL_PACKAGE/POST_REPAIR_RANDOM_12_R01/04_0134_會員人數與會費收入年度核對表.docx,04_全部文件與歷次版本/TTQS_GPT6_ASTRA_FULL_HANDOFF_20260925/17/1695_04_0134_會員人數與會費收入年度核對表.docx,原樣保留；本次尚未確認完成驗收,41371,39f7bda2fa20ecd360ae1ef3c2e10545f32558db1fb56dc6a9caeec8956cd4c8
1696,05_0010_學員訓練成果評核標準與說明.docx,TTQS_GPT6_ASTRA_FULL_HANDOFF_20260925/TTQS_GPT6_ASTRA_FULL_HANDOFF_20260925/TTQS_DOCUMENT_FOUNDRY_RUN_ASTRA_20260925/99_FINAL_PACKAGE/POST_REPAIR_RANDOM_12_R01/05_0010_學員訓練成果評核標準與說明.docx,04_全部文件與歷次版本/TTQS_GPT6_ASTRA_FULL_HANDOFF_20260925/17/1696_05_0010_學員訓練成果評核標準與說明.docx,原樣保留；本次尚未確認完成驗收,44963,36fd04f10bd6c1f64e99485c7b4c4da8388c9e9ad5bef97e76586c14136b2d34
1697,06_0103_感謝函_可直接使用成品.docx,TTQS_GPT6_ASTRA_FULL_HANDOFF_20260925/TTQS_GPT6_ASTRA_FULL_HANDOFF_20260925/TTQS_DOCUMENT_FOUNDRY_RUN_ASTRA_20260925/99_FINAL_PACKAGE/POST_REPAIR_RANDOM_12_R01/06_0103_感謝函_可直接使用成品.docx,04_全部文件與歷次版本/TTQS_GPT6_ASTRA_FULL_HANDOFF_20260925/17/1697_06_0103_感謝函_可直接使用成品.docx,原樣保留；本次尚未確認完成驗收,41989,115fc3d6bb442583c0d51db327be2e9333397a3096f5af0bfbdacbc5a465a009
1698,07_0039_課程規劃與設計審查會議紀錄.docx,TTQS_GPT6_ASTRA_FULL_HANDOFF_20260925/TTQS_GPT6_ASTRA_FULL_HANDOFF_20260925/TTQS_DOCUMENT_FOUNDRY_RUN_ASTRA_20260925/99_FINAL_PACKAGE/POST_REPAIR_RANDOM_12_R01/07_0039_課程規劃與設計審查會議紀錄.docx,04_全部文件與歷次版本/TTQS_GPT6_ASTRA_FULL_HANDOFF_20260925/17/1698_07_0039_課程規劃與設計審查會議紀錄.docx,原樣保留；本次尚未確認完成驗收,254247,2a215cd10a74c5336924353ae033f927ee0991bc1b3806a595a0057795677508
1699,08_0038_針對訓練方案的系統設計能適時檢討及改善，執行_完整工作稿.docx,TTQS_GPT6_ASTRA_FULL_HANDOFF_20260925/TTQS_GPT6_ASTRA_FULL_HANDOFF_20260925/TTQS_DOCUMENT_FOUNDRY_RUN_ASTRA_20260925/99_FINAL_PACKAGE/POST_REPAIR_RANDOM_12_R01/08_0038_針對訓練方案的系統設計能適時檢討及改善，執行_完整工作稿.docx,04_全部文件與歷次版本/TTQS_GPT6_ASTRA_FULL_HANDOFF_20260925/17/1699_08_0038_針對訓練方案的系統設計能適時檢討及改善，執行_完整工作稿.docx,原樣保留；本次尚未確認完成驗收,253923,a4c245ace05115b1dd54017aae101788476ffbe55bc6a0d016243dc7574a38bd
1700,09_0019_學員訓練及訓練機構事業發展相關的證明_可直接使用成品.docx,TTQS_GPT6_ASTRA_FULL_HANDOFF_20260925/TTQS_GPT6_ASTRA_FULL_HANDOFF_20260925/TTQS_DOCUMENT_FOUNDRY_RUN_ASTRA_20260925/99_FINAL_PACKAGE/POST_REPAIR_RANDOM_12_R01/09_0019_學員訓練及訓練機構事業發展相關的證明_可直接使用成品.docx,04_全部文件與歷次版本/TTQS_GPT6_ASTRA_FULL_HANDOFF_20260925/17/1700_09_0019_學員訓練及訓練機構事業發展相關的證明_可直接使用成品.docx,原樣保留；本次尚未確認完成驗收,43563,f271e81dd89ebe8427158ab804ee329f7679d77462b4b3c564aa4eac480bf7a2
1701,10_0107_高證照通過率之證明資料_可直接使用成品.docx,TTQS_GPT6_ASTRA_FULL_HANDOFF_20260925/TTQS_GPT6_ASTRA_FULL_HANDOFF_20260925/TTQS_DOCUMENT_FOUNDRY_RUN_ASTRA_20260925/99_FINAL_PACKAGE/POST_REPAIR_RANDOM_12_R01/10_0107_高證照通過率之證明資料_可直接使用成品.docx,04_全部文件與歷次版本/TTQS_GPT6_ASTRA_FULL_HANDOFF_20260925/18/1701_10_0107_高證照通過率之證明資料_可直接使用成品.docx,原樣保留；本次尚未確認完成驗收,42067,4c2ade230a39ae33bd7f40fb7c04aef0514b48fe1f756855350120d7d035b5d3
1702,11_0057_相關文件紀錄能證實近年來對訓練成果轉移及達成_可直接使用成品.docx,TTQS_GPT6_ASTRA_FULL_HANDOFF_20260925/TTQS_GPT6_ASTRA_FULL_HANDOFF_20260925/TTQS_DOCUMENT_FOUNDRY_RUN_ASTRA_20260925/99_FINAL_PACKAGE/POST_REPAIR_RANDOM_12_R01/11_0057_相關文件紀錄能證實近年來對訓練成果轉移及達成_可直接使用成品.docx,04_全部文件與歷次版本/TTQS_GPT6_ASTRA_FULL_HANDOFF_20260925/18/1702_11_0057_相關文件紀錄能證實近年來對訓練成果轉移及達成_可直接使用成品.docx,原樣保留；本次尚未確認完成驗收,41836,8a93f6d55f1201c1a95ec4b5b5fc8b76e57e7c080ae65f04ba0dad29f6170f3d
1703,12_0017_網站課程揭露頁完整內容.docx,TTQS_GPT6_ASTRA_FULL_HANDOFF_20260925/TTQS_GPT6_ASTRA_FULL_HANDOFF_20260925/TTQS_DOCUMENT_FOUNDRY_RUN_ASTRA_20260925/99_FINAL_PACKAGE/POST_REPAIR_RANDOM_12_R01/12_0017_網站課程揭露頁完整內容.docx,04_全部文件與歷次版本/TTQS_GPT6_ASTRA_FULL_HANDOFF_20260925/18/1703_12_0017_網站課程揭露頁完整內容.docx,原樣保留；本次尚未確認完成驗收,43361,d03994adac205a28e5b34c5b9a8590dc023be0fb2fd6eddba333befac7d3817f
1704,0095__I18-E02__01__建立目標客戶及學員滿意度調查機制（系統及流程.docx,TTQS_GPT6_ASTRA_FULL_HANDOFF_20260925/TTQS_GPT6_ASTRA_FULL_HANDOFF_20260925/TTQS_DOCUMENT_FOUNDRY_RUN_ASTRA_20260925/99_FINAL_PACKAGE/AUDIT_SAMPLE_RANDOM10_R01/0095__I18-E02__01__建立目標客戶及學員滿意度調查機制（系統及流程.docx,04_全部文件與歷次版本/TTQS_GPT6_ASTRA_FULL_HANDOFF_20260925/18/1704_0095__I18-E02__01__建立目標客戶及學員滿意度調查機制（系統及流程.docx,原樣保留；本次尚未確認完成驗收,42321,4e7cc76add9033ec61766425f93e1a03a53b85a9a2162293ab69508cb3bbefb1
1705,0050__I11-E02__01__各課程單元內容均能達成訓練規劃的目標_完整工作稿.docx,TTQS_GPT6_ASTRA_FULL_HANDOFF_20260925/TTQS_GPT6_ASTRA_FULL_HANDOFF_20260925/TTQS_DOCUMENT_FOUNDRY_RUN_ASTRA_20260925/99_FINAL_PACKAGE/AUDIT_SAMPLE_RANDOM10_R01/0050__I11-E02__01__各課程單元內容均能達成訓練規劃的目標_完整工作稿.docx,04_全部文件與歷次版本/TTQS_GPT6_ASTRA_FULL_HANDOFF_20260925/18/1705_0050__I11-E02__01__各課程單元內容均能達成訓練規劃的目標_完整工作稿.docx,原樣保留；本次尚未確認完成驗收,43481,eb10a40ce86ff3d797bb08d2536c05ec2f4987c0dce4bf91a486d4fd23b7cb5c
1706,0090__I17D-E04__01__派訓單位主管對參訓學員的學習成效評估表_可直接使用成品.docx,TTQS_GPT6_ASTRA_FULL_HANDOFF_20260925/TTQS_GPT6_ASTRA_FULL_HANDOFF_20260925/TTQS_DOCUMENT_FOUNDRY_RUN_ASTRA_20260925/99_FINAL_PACKAGE/AUDIT_SAMPLE_RANDOM10_R01/0090__I17D-E04__01__派訓單位主管對參訓學員的學習成效評估表_可直接使用成品.docx,04_全部文件與歷次版本/TTQS_GPT6_ASTRA_FULL_HANDOFF_20260925/18/1706_0090__I17D-E04__01__派訓單位主管對參訓學員的學習成效評估表_可直接使用成品.docx,原樣保留；本次尚未確認完成驗收,44702,ba12597f709ebe6186410054663dd2426c14006b1088fae20db9bb96c3158b1f
1707,0067__I15-E03__01__訓練執行評估指標分析及相關統計分析_分析報告.docx,TTQS_GPT6_ASTRA_FULL_HANDOFF_20260925/TTQS_GPT6_ASTRA_FULL_HANDOFF_20260925/TTQS_DOCUMENT_FOUNDRY_RUN_ASTRA_20260925/99_FINAL_PACKAGE/AUDIT_SAMPLE_RANDOM10_R01/0067__I15-E03__01__訓練執行評估指標分析及相關統計分析_分析報告.docx,04_全部文件與歷次版本/TTQS_GPT6_ASTRA_FULL_HANDOFF_20260925/18/1707_0067__I15-E03__01__訓練執行評估指標分析及相關統計分析_分析報告.docx,原樣保留；本次尚未確認完成驗收,42531,b9bc63597f2ee236dcfad53aeed0a81066c9414971cec5c61d4af722343e4959
1708,0023__I04-E02__01__不同訓練課程的設計與規劃方向.docx,TTQS_GPT6_ASTRA_FULL_HANDOFF_20260925/TTQS_GPT6_ASTRA_FULL_HANDOFF_20260925/TTQS_DOCUMENT_FOUNDRY_RUN_ASTRA_20260925/99_FINAL_PACKAGE/AUDIT_SAMPLE_RANDOM10_R01/0023__I04-E02__01__不同訓練課程的設計與規劃方向.docx,04_全部文件與歷次版本/TTQS_GPT6_ASTRA_FULL_HANDOFF_20260925/18/1708_0023__I04-E02__01__不同訓練課程的設計與規劃方向.docx,原樣保留；本次尚未確認完成驗收,43624,165301852892732ee34c9207507621a63bfeb9ad9be4bbb3d430412a3f97ef3c
1709,0104__I18-E11__01__證照獲取率.docx,TTQS_GPT6_ASTRA_FULL_HANDOFF_20260925/TTQS_GPT6_ASTRA_FULL_HANDOFF_20260925/TTQS_DOCUMENT_FOUNDRY_RUN_ASTRA_20260925/99_FINAL_PACKAGE/AUDIT_SAMPLE_RANDOM10_R01/0104__I18-E11__01__證照獲取率.docx,04_全部文件與歷次版本/TTQS_GPT6_ASTRA_FULL_HANDOFF_20260925/18/1709_0104__I18-E11__01__證照獲取率.docx,原樣保留；本次尚未確認完成驗收,41809,bdc025366c97ac018fbe1a784c0e4052d092bddd1a7ad05d4bc6c3d94b33f79e
1710,0079__I17B-E01__04__指標17b_訓後學員職涯規劃建議表.docx,TTQS_GPT6_ASTRA_FULL_HANDOFF_20260925/TTQS_GPT6_ASTRA_FULL_HANDOFF_20260925/TTQS_DOCUMENT_FOUNDRY_RUN_ASTRA_20260925/99_FINAL_PACKAGE/AUDIT_SAMPLE_RANDOM10_R01/0079__I17B-E01__04__指標17b_訓後學員職涯規劃建議表.docx,04_全部文件與歷次版本/TTQS_GPT6_ASTRA_FULL_HANDOFF_20260925/18/1710_0079__I17B-E01__04__指標17b_訓後學員職涯規劃建議表.docx,原樣保留；本次尚未確認完成驗收,44763,4721aa76177012a2f27817ddb6f687f420febe1d9768d97670bf00d04d78fa26
1711,0105__I18-E13__01__問卷調查及課後行動計畫評估表等顯示目標客戶及_可直接使用成品.docx,TTQS_GPT6_ASTRA_FULL_HANDOFF_20260925/TTQS_GPT6_ASTRA_FULL_HANDOFF_20260925/TTQS_DOCUMENT_FOUNDRY_RUN_ASTRA_20260925/99_FINAL_PACKAGE/AUDIT_SAMPLE_RANDOM10_R01/0105__I18-E13__01__問卷調查及課後行動計畫評估表等顯示目標客戶及_可直接使用成品.docx,04_全部文件與歷次版本/TTQS_GPT6_ASTRA_FULL_HANDOFF_20260925/18/1711_0105__I18-E13__01__問卷調查及課後行動計畫評估表等顯示目標客戶及_可直接使用成品.docx,原樣保留；本次尚未確認完成驗收,43883,1a6deaf800c8df4853837c7a78104be9bd17e062d302f8e373354f8d7a4c0604
1712,0033__I07-E01__01__訓練課程計畫配合客戶及受訓者需求、職能需求的_可直接使用成品.docx,TTQS_GPT6_ASTRA_FULL_HANDOFF_20260925/TTQS_GPT6_ASTRA_FULL_HANDOFF_20260925/TTQS_DOCUMENT_FOUNDRY_RUN_ASTRA_20260925/99_FINAL_PACKAGE/AUDIT_SAMPLE_RANDOM10_R01/0033__I07-E01__01__訓練課程計畫配合客戶及受訓者需求、職能需求的_可直接使用成品.docx,04_全部文件與歷次版本/TTQS_GPT6_ASTRA_FULL_HANDOFF_20260925/18/1712_0033__I07-E01__01__訓練課程計畫配合客戶及受訓者需求、職能需求的_可直接使用成品.docx,原樣保留；本次尚未確認完成驗收,77711,5c6c30d8665608026814f8f93927fdee15e083b6d1a71253548f0c1c64eee413
1713,0133__I19-E22__01__年度訓練班次與參訓人次趨勢表.docx,TTQS_GPT6_ASTRA_FULL_HANDOFF_20260925/TTQS_GPT6_ASTRA_FULL_HANDOFF_20260925/TTQS_DOCUMENT_FOUNDRY_RUN_ASTRA_20260925/99_FINAL_PACKAGE/AUDIT_SAMPLE_RANDOM10_R01/0133__I19-E22__01__年度訓練班次與參訓人次趨勢表.docx,04_全部文件與歷次版本/TTQS_GPT6_ASTRA_FULL_HANDOFF_20260925/18/1713_0133__I19-E22__01__年度訓練班次與參訓人次趨勢表.docx,原樣保留；本次尚未確認完成驗收,96406,c1ec97eb04e913beb7373c0e7c5593f2b7908024e277250f9f2121ca97f0d312
1714,0031__I06-E02__01__專業訓練人員職能評估方法等證明_可直接使用成品.docx,TTQS_GPT6_ASTRA_FULL_HANDOFF_20260925/TTQS_GPT6_ASTRA_FULL_HANDOFF_20260925/TTQS_DOCUMENT_FOUNDRY_RUN_ASTRA_20260925/99_FINAL_PACKAGE_B04_R02_STAGING/06_指標06/0031__I06-E02__01__專業訓練人員職能評估方法等證明_可直接使用成品.docx,04_全部文件與歷次版本/TTQS_GPT6_ASTRA_FULL_HANDOFF_20260925/18/1714_0031__I06-E02__01__專業訓練人員職能評估方法等證明_可直接使用成品.docx,原樣保留；本次尚未確認完成驗收,43082,a79c76cae68c724b0cf9e1f5969074ebfaea13b8b7a00cfe8e112782387937a2
1715,0032__I06-E03__01__訓練機構具備執行訓練業務相關職能的說明.docx,TTQS_GPT6_ASTRA_FULL_HANDOFF_20260925/TTQS_GPT6_ASTRA_FULL_HANDOFF_20260925/TTQS_DOCUMENT_FOUNDRY_RUN_ASTRA_20260925/99_FINAL_PACKAGE_B04_R02_STAGING/06_指標06/0032__I06-E03__01__訓練機構具備執行訓練業務相關職能的說明.docx,04_全部文件與歷次版本/TTQS_GPT6_ASTRA_FULL_HANDOFF_20260925/18/1715_0032__I06-E03__01__訓練機構具備執行訓練業務相關職能的說明.docx,原樣保留；本次尚未確認完成驗收,42548,34a654616b581e86869be6012da86e8fe391fb03452504c2bc43c8110ce76255
1716,0033__I07-E01__01__訓練課程計畫配合客戶及受訓者需求、職能需求的_可直接使用成品.docx,TTQS_GPT6_ASTRA_FULL_HANDOFF_20260925/TTQS_GPT6_ASTRA_FULL_HANDOFF_20260925/TTQS_DOCUMENT_FOUNDRY_RUN_ASTRA_20260925/99_FINAL_PACKAGE_B04_R02_STAGING/07_指標07/0033__I07-E01__01__訓練課程計畫配合客戶及受訓者需求、職能需求的_可直接使用成品.docx,04_全部文件與歷次版本/TTQS_GPT6_ASTRA_FULL_HANDOFF_20260925/18/1716_0033__I07-E01__01__訓練課程計畫配合客戶及受訓者需求、職能需求的_可直接使用成品.docx,原樣保留；本次尚未確認完成驗收,42817,2ceb6fe700db929fbde6ab8e1c002298202e93559f007777746d31ef850cbc94
1717,0034__I07-E02__01__針對學員做職能盤點或職能分析並據以規劃適切課_可直接使用成品.docx,TTQS_GPT6_ASTRA_FULL_HANDOFF_20260925/TTQS_GPT6_ASTRA_FULL_HANDOFF_20260925/TTQS_DOCUMENT_FOUNDRY_RUN_ASTRA_20260925/99_FINAL_PACKAGE_B04_R02_STAGING/07_指標07/0034__I07-E02__01__針對學員做職能盤點或職能分析並據以規劃適切課_可直接使用成品.docx,04_全部文件與歷次版本/TTQS_GPT6_ASTRA_FULL_HANDOFF_20260925/18/1717_0034__I07-E02__01__針對學員做職能盤點或職能分析並據以規劃適切課_可直接使用成品.docx,原樣保留；本次尚未確認完成驗收,42421,5a7dcc4bf33d6460228a5bf31c4e0a18ef6e05e5ce3e2c73216f5e64a1a0b9bd
1718,0035__I07-E03__01__對相關職能分析及運用的方法均能適時檢討隨時改.docx,TTQS_GPT6_ASTRA_FULL_HANDOFF_20260925/TTQS_GPT6_ASTRA_FULL_HANDOFF_20260925/TTQS_DOCUMENT_FOUNDRY_RUN_ASTRA_20260925/99_FINAL_PACKAGE_B04_R02_STAGING/07_指標07/0035__I07-E03__01__對相關職能分析及運用的方法均能適時檢討隨時改.docx,04_全部文件與歷次版本/TTQS_GPT6_ASTRA_FULL_HANDOFF_20260925/18/1718_0035__I07-E03__01__對相關職能分析及運用的方法均能適時檢討隨時改.docx,原樣保留；本次尚未確認完成驗收,42153,02fd1af5c2239c40c5a42f35d443d6ea1f735dfab56795fb0caa2dc51244f906
1719,0036__I07-E04__01__課程設計進度流程及規劃書.docx,TTQS_GPT6_ASTRA_FULL_HANDOFF_20260925/TTQS_GPT6_ASTRA_FULL_HANDOFF_20260925/TTQS_DOCUMENT_FOUNDRY_RUN_ASTRA_20260925/99_FINAL_PACKAGE_B04_R02_STAGING/07_指標07/0036__I07-E04__01__課程設計進度流程及規劃書.docx,04_全部文件與歷次版本/TTQS_GPT6_ASTRA_FULL_HANDOFF_20260925/18/1719_0036__I07-E04__01__課程設計進度流程及規劃書.docx,原樣保留；本次尚未確認完成驗收,42518,5569c807fcc3770399047bac99be961bf059fbb287d311ffe988c89eb3bf43e5
1720,0037__I08-E01__01__相關文件紀錄能顯示近年來訓練目標、訓練方法、_可直接使用成品.docx,TTQS_GPT6_ASTRA_FULL_HANDOFF_20260925/TTQS_GPT6_ASTRA_FULL_HANDOFF_20260925/TTQS_DOCUMENT_FOUNDRY_RUN_ASTRA_20260925/99_FINAL_PACKAGE_B04_R02_STAGING/08_指標08/0037__I08-E01__01__相關文件紀錄能顯示近年來訓練目標、訓練方法、_可直接使用成品.docx,04_全部文件與歷次版本/TTQS_GPT6_ASTRA_FULL_HANDOFF_20260925/18/1720_0037__I08-E01__01__相關文件紀錄能顯示近年來訓練目標、訓練方法、_可直接使用成品.docx,原樣保留；本次尚未確認完成驗收,42020,d4afc6374a8cd81090ebd89aa1d1341b4e0d827bbe5ede07e9516e70818749ba
1721,0038__I08-E02__01__針對訓練方案的系統設計能適時檢討及改善，執行.docx,TTQS_GPT6_ASTRA_FULL_HANDOFF_20260925/TTQS_GPT6_ASTRA_FULL_HANDOFF_20260925/TTQS_DOCUMENT_FOUNDRY_RUN_ASTRA_20260925/99_FINAL_PACKAGE_B04_R02_STAGING/08_指標08/0038__I08-E02__01__針對訓練方案的系統設計能適時檢討及改善，執行.docx,04_全部文件與歷次版本/TTQS_GPT6_ASTRA_FULL_HANDOFF_20260925/18/1721_0038__I08-E02__01__針對訓練方案的系統設計能適時檢討及改善，執行.docx,原樣保留；本次尚未確認完成驗收,41934,f4ae6e6f89aceb34b86d72659a4b75c39b1d325725dfb06190d832855c3f8212
1722,0039__I08-E03__01__課程規劃與設計審查會議紀錄.docx,TTQS_GPT6_ASTRA_FULL_HANDOFF_20260925/TTQS_GPT6_ASTRA_FULL_HANDOFF_20260925/TTQS_DOCUMENT_FOUNDRY_RUN_ASTRA_20260925/99_FINAL_PACKAGE_B04_R02_STAGING/08_指標08/0039__I08-E03__01__課程規劃與設計審查會議紀錄.docx,04_全部文件與歷次版本/TTQS_GPT6_ASTRA_FULL_HANDOFF_20260925/18/1722_0039__I08-E03__01__課程規劃與設計審查會議紀錄.docx,原樣保留；本次尚未確認完成驗收,42270,6e89708e261980896af4e02520950e0dec383ab88c9c6c9e2b7a52d613e67a51
1723,0040__I08-E03__02__訓練評估方法與成效指標對照表.docx,TTQS_GPT6_ASTRA_FULL_HANDOFF_20260925/TTQS_GPT6_ASTRA_FULL_HANDOFF_20260925/TTQS_DOCUMENT_FOUNDRY_RUN_ASTRA_20260925/99_FINAL_PACKAGE_B04_R02_STAGING/08_指標08/0040__I08-E03__02__訓練評估方法與成效指標對照表.docx,04_全部文件與歷次版本/TTQS_GPT6_ASTRA_FULL_HANDOFF_20260925/18/1723_0040__I08-E03__02__訓練評估方法與成效指標對照表.docx,原樣保留；本次尚未確認完成驗收,42686,8611414fd8b093acd95e48ed8b7659b06d63062916c2c755ac0782ba7cdf2754
1724,0041__I09-E01__01__課程規劃書（能顯示包含講師、行政、企業學員、.docx,TTQS_GPT6_ASTRA_FULL_HANDOFF_20260925/TTQS_GPT6_ASTRA_FULL_HANDOFF_20260925/TTQS_DOCUMENT_FOUNDRY_RUN_ASTRA_20260925/99_FINAL_PACKAGE_B05_R01_STAGING/09_指標09/0041__I09-E01__01__課程規劃書（能顯示包含講師、行政、企業學員、.docx,04_全部文件與歷次版本/TTQS_GPT6_ASTRA_FULL_HANDOFF_20260925/18/1724_0041__I09-E01__01__課程規劃書（能顯示包含講師、行政、企業學員、.docx,原樣保留；本次尚未確認完成驗收,43347,ff68bdbb7615e1c9fa4096316844717de0dfc8763972d1a76b8ea3ab6ff5cc33
1725,0042__I09-E02__01__執行本項目與作業流程相關文件資料（展現利益關.docx,TTQS_GPT6_ASTRA_FULL_HANDOFF_20260925/TTQS_GPT6_ASTRA_FULL_HANDOFF_20260925/TTQS_DOCUMENT_FOUNDRY_RUN_ASTRA_20260925/99_FINAL_PACKAGE_B05_R01_STAGING/09_指標09/0042__I09-E02__01__執行本項目與作業流程相關文件資料（展現利益關.docx,04_全部文件與歷次版本/TTQS_GPT6_ASTRA_FULL_HANDOFF_20260925/18/1725_0042__I09-E02__01__執行本項目與作業流程相關文件資料（展現利益關.docx,原樣保留；本次尚未確認完成驗收,43217,4c4618cdf575bc70fdad1492f5f8a7ca7dd9c8c8dd117b14ff0ac91204bc7772
1726,0043__I09-E03__01__針對需求單位進行訪談並留有紀錄與統計分析_可直接使用成品.docx,TTQS_GPT6_ASTRA_FULL_HANDOFF_20260925/TTQS_GPT6_ASTRA_FULL_HANDOFF_20260925/TTQS_DOCUMENT_FOUNDRY_RUN_ASTRA_20260925/99_FINAL_PACKAGE_B05_R01_STAGING/09_指標09/0043__I09-E03__01__針對需求單位進行訪談並留有紀錄與統計分析_可直接使用成品.docx,04_全部文件與歷次版本/TTQS_GPT6_ASTRA_FULL_HANDOFF_20260925/18/1726_0043__I09-E03__01__針對需求單位進行訪談並留有紀錄與統計分析_可直接使用成品.docx,原樣保留；本次尚未確認完成驗收,43783,b64f3c8479d92f03de73cce3737621f90de20e9e5594b52da5924cbcae102edf
1727,0044__I09-E04__01__所有的討論、會議或E-mail均留有完整紀錄_可直接使用成品.docx,TTQS_GPT6_ASTRA_FULL_HANDOFF_20260925/TTQS_GPT6_ASTRA_FULL_HANDOFF_20260925/TTQS_DOCUMENT_FOUNDRY_RUN_ASTRA_20260925/99_FINAL_PACKAGE_B05_R01_STAGING/09_指標09/0044__I09-E04__01__所有的討論、會議或E-mail均留有完整紀錄_可直接使用成品.docx,04_全部文件與歷次版本/TTQS_GPT6_ASTRA_FULL_HANDOFF_20260925/18/1727_0044__I09-E04__01__所有的討論、會議或E-mail均留有完整紀錄_可直接使用成品.docx,原樣保留；本次尚未確認完成驗收,43420,eb628f1c596366af73fc1f5407b735e85e2a948958d5be172272fe01de7474de
1728,0045__I10-E01__01__訓練資源採購與甄選管理辦法.docx,TTQS_GPT6_ASTRA_FULL_HANDOFF_20260925/TTQS_GPT6_ASTRA_FULL_HANDOFF_20260925/TTQS_DOCUMENT_FOUNDRY_RUN_ASTRA_20260925/99_FINAL_PACKAGE_B05_R01_STAGING/10_指標10/0045__I10-E01__01__訓練資源採購與甄選管理辦法.docx,04_全部文件與歷次版本/TTQS_GPT6_ASTRA_FULL_HANDOFF_20260925/18/1728_0045__I10-E01__01__訓練資源採購與甄選管理辦法.docx,原樣保留；本次尚未確認完成驗收,46271,d9e48ebdf2317d7b0e7efa7f0038c73536037f4a8104b99d005e45ad99d18c9e
1729,0046__I10-E01__02__師資教材廠商評選紀錄表.docx,TTQS_GPT6_ASTRA_FULL_HANDOFF_20260925/TTQS_GPT6_ASTRA_FULL_HANDOFF_20260925/TTQS_DOCUMENT_FOUNDRY_RUN_ASTRA_20260925/99_FINAL_PACKAGE_B05_R01_STAGING/10_指標10/0046__I10-E01__02__師資教材廠商評選紀錄表.docx,04_全部文件與歷次版本/TTQS_GPT6_ASTRA_FULL_HANDOFF_20260925/18/1729_0046__I10-E01__02__師資教材廠商評選紀錄表.docx,原樣保留；本次尚未確認完成驗收,44237,6594c64676365ea84612d0256544ceb283a2990ed8903788f4a6046e898ed89d
1730,0047__I10-E02__01__相關文件能記錄近年來對於課程之評估、採購、簽.docx,TTQS_GPT6_ASTRA_FULL_HANDOFF_20260925/TTQS_GPT6_ASTRA_FULL_HANDOFF_20260925/TTQS_DOCUMENT_FOUNDRY_RUN_ASTRA_20260925/99_FINAL_PACKAGE_B05_R01_STAGING/10_指標10/0047__I10-E02__01__相關文件能記錄近年來對於課程之評估、採購、簽.docx,04_全部文件與歷次版本/TTQS_GPT6_ASTRA_FULL_HANDOFF_20260925/18/1730_0047__I10-E02__01__相關文件能記錄近年來對於課程之評估、採購、簽.docx,原樣保留；本次尚未確認完成驗收,43569,fe6eb38ac35765dd4389106c8cab07568a00f2c8c91d902b2a1e68b6f0c42c3c
1731,0048__I10-E03__01__大型採購均辦理會議通過、師資遴聘後亦經過會議_可直接使用成品.docx,TTQS_GPT6_ASTRA_FULL_HANDOFF_20260925/TTQS_GPT6_ASTRA_FULL_HANDOFF_20260925/TTQS_DOCUMENT_FOUNDRY_RUN_ASTRA_20260925/99_FINAL_PACKAGE_B05_R01_STAGING/10_指標10/0048__I10-E03__01__大型採購均辦理會議通過、師資遴聘後亦經過會議_可直接使用成品.docx,04_全部文件與歷次版本/TTQS_GPT6_ASTRA_FULL_HANDOFF_20260925/18/1731_0048__I10-E03__01__大型採購均辦理會議通過、師資遴聘後亦經過會議_可直接使用成品.docx,原樣保留；本次尚未確認完成驗收,43262,b073e08619dbf62ed40becb96586bc1deb60f729ae54d934e918f061a9abae91
1732,0049__I11-E01__01__訓練課程計畫配合業主、受訓者以及職能需求等調_可直接使用成品.docx,TTQS_GPT6_ASTRA_FULL_HANDOFF_20260925/TTQS_GPT6_ASTRA_FULL_HANDOFF_20260925/TTQS_DOCUMENT_FOUNDRY_RUN_ASTRA_20260925/99_FINAL_PACKAGE_B05_R01_STAGING/11_指標11/0049__I11-E01__01__訓練課程計畫配合業主、受訓者以及職能需求等調_可直接使用成品.docx,04_全部文件與歷次版本/TTQS_GPT6_ASTRA_FULL_HANDOFF_20260925/18/1732_0049__I11-E01__01__訓練課程計畫配合業主、受訓者以及職能需求等調_可直接使用成品.docx,原樣保留；本次尚未確認完成驗收,43291,78fc8f135d98af074fbca3f28da21263f5e989bf238cd3af3d5becaa091c2ba8
1733,0050__I11-E02__01__各課程單元內容均能達成訓練規劃的目標.docx,TTQS_GPT6_ASTRA_FULL_HANDOFF_20260925/TTQS_GPT6_ASTRA_FULL_HANDOFF_20260925/TTQS_DOCUMENT_FOUNDRY_RUN_ASTRA_20260925/99_FINAL_PACKAGE_B05_R01_STAGING/11_指標11/0050__I11-E02__01__各課程單元內容均能達成訓練規劃的目標.docx,04_全部文件與歷次版本/TTQS_GPT6_ASTRA_FULL_HANDOFF_20260925/18/1733_0050__I11-E02__01__各課程單元內容均能達成訓練規劃的目標.docx,原樣保留；本次尚未確認完成驗收,43173,9e4b86ba1240057ab4a7f8ef8f7024809672b478723db76d8ffd13040066151b
1734,0041__I09-E01__01__課程規劃書（能顯示包含講師、行政、企業學員、.docx,TTQS_GPT6_ASTRA_FULL_HANDOFF_20260925/TTQS_GPT6_ASTRA_FULL_HANDOFF_20260925/TTQS_DOCUMENT_FOUNDRY_RUN_ASTRA_20260925/99_FINAL_PACKAGE_B05_R02_STAGING/09_指標09/0041__I09-E01__01__課程規劃書（能顯示包含講師、行政、企業學員、.docx,04_全部文件與歷次版本/TTQS_GPT6_ASTRA_FULL_HANDOFF_20260925/18/1734_0041__I09-E01__01__課程規劃書（能顯示包含講師、行政、企業學員、.docx,原樣保留；本次尚未確認完成驗收,43178,dd83cd91914020716e151c72f07676b743c1640518db34c8d0e0dc2bc2472420
1735,0042__I09-E02__01__執行本項目與作業流程相關文件資料（展現利益關.docx,TTQS_GPT6_ASTRA_FULL_HANDOFF_20260925/TTQS_GPT6_ASTRA_FULL_HANDOFF_20260925/TTQS_DOCUMENT_FOUNDRY_RUN_ASTRA_20260925/99_FINAL_PACKAGE_B05_R02_STAGING/09_指標09/0042__I09-E02__01__執行本項目與作業流程相關文件資料（展現利益關.docx,04_全部文件與歷次版本/TTQS_GPT6_ASTRA_FULL_HANDOFF_20260925/18/1735_0042__I09-E02__01__執行本項目與作業流程相關文件資料（展現利益關.docx,原樣保留；本次尚未確認完成驗收,43044,7518860dc72cd4226bd92f10a1a1ed1456297829403957d0e80a4b82351f77d4
1736,0043__I09-E03__01__針對需求單位進行訪談並留有紀錄與統計分析_可直接使用成品.docx,TTQS_GPT6_ASTRA_FULL_HANDOFF_20260925/TTQS_GPT6_ASTRA_FULL_HANDOFF_20260925/TTQS_DOCUMENT_FOUNDRY_RUN_ASTRA_20260925/99_FINAL_PACKAGE_B05_R02_STAGING/09_指標09/0043__I09-E03__01__針對需求單位進行訪談並留有紀錄與統計分析_可直接使用成品.docx,04_全部文件與歷次版本/TTQS_GPT6_ASTRA_FULL_HANDOFF_20260925/18/1736_0043__I09-E03__01__針對需求單位進行訪談並留有紀錄與統計分析_可直接使用成品.docx,原樣保留；本次尚未確認完成驗收,44046,d16b70c60652f7c4ed1433db0abd15bc30d987a7ca961a1eef42e1aad9569486
1737,0044__I09-E04__01__所有的討論、會議或E-mail均留有完整紀錄_可直接使用成品.docx,TTQS_GPT6_ASTRA_FULL_HANDOFF_20260925/TTQS_GPT6_ASTRA_FULL_HANDOFF_20260925/TTQS_DOCUMENT_FOUNDRY_RUN_ASTRA_20260925/99_FINAL_PACKAGE_B05_R02_STAGING/09_指標09/0044__I09-E04__01__所有的討論、會議或E-mail均留有完整紀錄_可直接使用成品.docx,04_全部文件與歷次版本/TTQS_GPT6_ASTRA_FULL_HANDOFF_20260925/18/1737_0044__I09-E04__01__所有的討論、會議或E-mail均留有完整紀錄_可直接使用成品.docx,原樣保留；本次尚未確認完成驗收,43240,0e25cabb87717d08bcdcbfb242ce5e8168d03ed547f5c0c3aaa7181350489d9e
1738,0045__I10-E01__01__訓練資源採購與甄選管理辦法.docx,TTQS_GPT6_ASTRA_FULL_HANDOFF_20260925/TTQS_GPT6_ASTRA_FULL_HANDOFF_20260925/TTQS_DOCUMENT_FOUNDRY_RUN_ASTRA_20260925/99_FINAL_PACKAGE_B05_R02_STAGING/10_指標10/0045__I10-E01__01__訓練資源採購與甄選管理辦法.docx,04_全部文件與歷次版本/TTQS_GPT6_ASTRA_FULL_HANDOFF_20260925/18/1738_0045__I10-E01__01__訓練資源採購與甄選管理辦法.docx,原樣保留；本次尚未確認完成驗收,46102,5f70a5af99adb9f9713487b7f5881dbbef36239b9ec0ed858fc791391d0debcf
1739,0046__I10-E01__02__師資教材廠商評選紀錄表.docx,TTQS_GPT6_ASTRA_FULL_HANDOFF_20260925/TTQS_GPT6_ASTRA_FULL_HANDOFF_20260925/TTQS_DOCUMENT_FOUNDRY_RUN_ASTRA_20260925/99_FINAL_PACKAGE_B05_R02_STAGING/10_指標10/0046__I10-E01__02__師資教材廠商評選紀錄表.docx,04_全部文件與歷次版本/TTQS_GPT6_ASTRA_FULL_HANDOFF_20260925/18/1739_0046__I10-E01__02__師資教材廠商評選紀錄表.docx,原樣保留；本次尚未確認完成驗收,44056,3fc19a6e74a61b68372842a893d530ad29827709a556f466fef908838a997a50
1740,0047__I10-E02__01__相關文件能記錄近年來對於課程之評估、採購、簽.docx,TTQS_GPT6_ASTRA_FULL_HANDOFF_20260925/TTQS_GPT6_ASTRA_FULL_HANDOFF_20260925/TTQS_DOCUMENT_FOUNDRY_RUN_ASTRA_20260925/99_FINAL_PACKAGE_B05_R02_STAGING/10_指標10/0047__I10-E02__01__相關文件能記錄近年來對於課程之評估、採購、簽.docx,04_全部文件與歷次版本/TTQS_GPT6_ASTRA_FULL_HANDOFF_20260925/18/1740_0047__I10-E02__01__相關文件能記錄近年來對於課程之評估、採購、簽.docx,原樣保留；本次尚未確認完成驗收,43392,e1cd06f1cd2be8b15746b134dbfbb25080e22330d80c39971e80b28b8c9f0e82
1741,0048__I10-E03__01__大型採購均辦理會議通過、師資遴聘後亦經過會議_可直接使用成品.docx,TTQS_GPT6_ASTRA_FULL_HANDOFF_20260925/TTQS_GPT6_ASTRA_FULL_HANDOFF_20260925/TTQS_DOCUMENT_FOUNDRY_RUN_ASTRA_20260925/99_FINAL_PACKAGE_B05_R02_STAGING/10_指標10/0048__I10-E03__01__大型採購均辦理會議通過、師資遴聘後亦經過會議_可直接使用成品.docx,04_全部文件與歷次版本/TTQS_GPT6_ASTRA_FULL_HANDOFF_20260925/18/1741_0048__I10-E03__01__大型採購均辦理會議通過、師資遴聘後亦經過會議_可直接使用成品.docx,原樣保留；本次尚未確認完成驗收,43091,a2f189272d092c9ee621feb578fe04f7aa417892734a52c895d749f29ed01f1a
1742,0049__I11-E01__01__訓練課程計畫配合業主、受訓者以及職能需求等調_可直接使用成品.docx,TTQS_GPT6_ASTRA_FULL_HANDOFF_20260925/TTQS_GPT6_ASTRA_FULL_HANDOFF_20260925/TTQS_DOCUMENT_FOUNDRY_RUN_ASTRA_20260925/99_FINAL_PACKAGE_B05_R02_STAGING/11_指標11/0049__I11-E01__01__訓練課程計畫配合業主、受訓者以及職能需求等調_可直接使用成品.docx,04_全部文件與歷次版本/TTQS_GPT6_ASTRA_FULL_HANDOFF_20260925/18/1742_0049__I11-E01__01__訓練課程計畫配合業主、受訓者以及職能需求等調_可直接使用成品.docx,原樣保留；本次尚未確認完成驗收,43118,33973a836e016b600b7389ae0a8397664e6eabe4bdb9569ac644fbdf18886339
1743,0050__I11-E02__01__各課程單元內容均能達成訓練規劃的目標.docx,TTQS_GPT6_ASTRA_FULL_HANDOFF_20260925/TTQS_GPT6_ASTRA_FULL_HANDOFF_20260925/TTQS_DOCUMENT_FOUNDRY_RUN_ASTRA_20260925/99_FINAL_PACKAGE_B05_R02_STAGING/11_指標11/0050__I11-E02__01__各課程單元內容均能達成訓練規劃的目標.docx,04_全部文件與歷次版本/TTQS_GPT6_ASTRA_FULL_HANDOFF_20260925/18/1743_0050__I11-E02__01__各課程單元內容均能達成訓練規劃的目標.docx,原樣保留；本次尚未確認完成驗收,43003,70acc4da639978d1f7a42e1cbdd99266fef038fef7e43e3c3e97b716c6117916
1744,0043__I09-E03__01__針對需求單位進行訪談並留有紀錄與統計分析_可直接使用成品.docx,TTQS_GPT6_ASTRA_FULL_HANDOFF_20260925/TTQS_GPT6_ASTRA_FULL_HANDOFF_20260925/TTQS_DOCUMENT_FOUNDRY_RUN_ASTRA_20260925/99_FINAL_PACKAGE_B05_R03_STAGING/09_指標09/0043__I09-E03__01__針對需求單位進行訪談並留有紀錄與統計分析_可直接使用成品.docx,04_全部文件與歷次版本/TTQS_GPT6_ASTRA_FULL_HANDOFF_20260925/18/1744_0043__I09-E03__01__針對需求單位進行訪談並留有紀錄與統計分析_可直接使用成品.docx,原樣保留；本次尚未確認完成驗收,44444,d008074aef3ee23c777e4ad450fffb8ccdf151dac26ef92b429dbe0638c6bf51
1745,0046__I10-E01__02__師資教材廠商評選紀錄表.docx,TTQS_GPT6_ASTRA_FULL_HANDOFF_20260925/TTQS_GPT6_ASTRA_FULL_HANDOFF_20260925/TTQS_DOCUMENT_FOUNDRY_RUN_ASTRA_20260925/99_FINAL_PACKAGE_B05_R03_STAGING/10_指標10/0046__I10-E01__02__師資教材廠商評選紀錄表.docx,04_全部文件與歷次版本/TTQS_GPT6_ASTRA_FULL_HANDOFF_20260925/18/1745_0046__I10-E01__02__師資教材廠商評選紀錄表.docx,原樣保留；本次尚未確認完成驗收,44561,3c1dd17e5413c8eb253e290f79b94c6aa872e9bb181869a7e7f2c3c66c2fdfa2
1746,0043__I09-E03__01__針對需求單位進行訪談並留有紀錄與統計分析_可直接使用成品.docx,TTQS_GPT6_ASTRA_FULL_HANDOFF_20260925/TTQS_GPT6_ASTRA_FULL_HANDOFF_20260925/TTQS_DOCUMENT_FOUNDRY_RUN_ASTRA_20260925/99_FINAL_PACKAGE_B05_R04_STAGING/09_指標09/0043__I09-E03__01__針對需求單位進行訪談並留有紀錄與統計分析_可直接使用成品.docx,04_全部文件與歷次版本/TTQS_GPT6_ASTRA_FULL_HANDOFF_20260925/18/1746_0043__I09-E03__01__針對需求單位進行訪談並留有紀錄與統計分析_可直接使用成品.docx,原樣保留；本次尚未確認完成驗收,43441,21c80181eab29e01827f19c77e5f7f3c6dc412eea599720b3c1fd064427870a5
1747,0046__I10-E01__02__師資教材廠商評選紀錄表.docx,TTQS_GPT6_ASTRA_FULL_HANDOFF_20260925/TTQS_GPT6_ASTRA_FULL_HANDOFF_20260925/TTQS_DOCUMENT_FOUNDRY_RUN_ASTRA_20260925/99_FINAL_PACKAGE_B05_R04_STAGING/10_指標10/0046__I10-E01__02__師資教材廠商評選紀錄表.docx,04_全部文件與歷次版本/TTQS_GPT6_ASTRA_FULL_HANDOFF_20260925/18/1747_0046__I10-E01__02__師資教材廠商評選紀錄表.docx,原樣保留；本次尚未確認完成驗收,43551,8c5b6c75e32dff9980f4cdc44a04c67a8a0bff11bf88defc1372dfbb7c29845b
1748,0051__I11-E03__01__各項課程產出均經討論後確認，且留有完整紀錄與_可直接使用成品.docx,TTQS_GPT6_ASTRA_FULL_HANDOFF_20260925/TTQS_GPT6_ASTRA_FULL_HANDOFF_20260925/TTQS_DOCUMENT_FOUNDRY_RUN_ASTRA_20260925/99_FINAL_PACKAGE_B06_R01_STAGING/11_指標11/0051__I11-E03__01__各項課程產出均經討論後確認，且留有完整紀錄與_可直接使用成品.docx,04_全部文件與歷次版本/TTQS_GPT6_ASTRA_FULL_HANDOFF_20260925/18/1748_0051__I11-E03__01__各項課程產出均經討論後確認，且留有完整紀錄與_可直接使用成品.docx,原樣保留；本次尚未確認完成驗收,40785,ef98badb75a6a652438b5f18596cdd97002780eff0a25f7e1787ebf2f83e8ccb
1749,0052__I11-E04__01__規劃課程依學員及結訓學員意見訂定訓練課程，且_可直接使用成品.docx,TTQS_GPT6_ASTRA_FULL_HANDOFF_20260925/TTQS_GPT6_ASTRA_FULL_HANDOFF_20260925/TTQS_DOCUMENT_FOUNDRY_RUN_ASTRA_20260925/99_FINAL_PACKAGE_B06_R01_STAGING/11_指標11/0052__I11-E04__01__規劃課程依學員及結訓學員意見訂定訓練課程，且_可直接使用成品.docx,04_全部文件與歷次版本/TTQS_GPT6_ASTRA_FULL_HANDOFF_20260925/18/1749_0052__I11-E04__01__規劃課程依學員及結訓學員意見訂定訓練課程，且_可直接使用成品.docx,原樣保留；本次尚未確認完成驗收,40912,31e03843a2ec79e385784a2414295310411e770fe246a5eddd1584273e29846e
1750,0053__I12-E01__01__近年針對訓練課程的切合性，有檢討並調整遴選學_可直接使用成品.docx,TTQS_GPT6_ASTRA_FULL_HANDOFF_20260925/TTQS_GPT6_ASTRA_FULL_HANDOFF_20260925/TTQS_DOCUMENT_FOUNDRY_RUN_ASTRA_20260925/99_FINAL_PACKAGE_B06_R01_STAGING/12_指標12/0053__I12-E01__01__近年針對訓練課程的切合性，有檢討並調整遴選學_可直接使用成品.docx,04_全部文件與歷次版本/TTQS_GPT6_ASTRA_FULL_HANDOFF_20260925/18/1750_0053__I12-E01__01__近年針對訓練課程的切合性，有檢討並調整遴選學_可直接使用成品.docx,原樣保留；本次尚未確認完成驗收,40870,7fc3248979f80e8e7290c7175023f73ccea0560f72c6ad03b1991898650d44b8
1751,0054__I12-E02__01__依學員遴選標準及流程遴選，教材由講師及顧問推_完整工作稿.docx,TTQS_GPT6_ASTRA_FULL_HANDOFF_20260925/TTQS_GPT6_ASTRA_FULL_HANDOFF_20260925/TTQS_DOCUMENT_FOUNDRY_RUN_ASTRA_20260925/99_FINAL_PACKAGE_B06_R01_STAGING/12_指標12/0054__I12-E02__01__依學員遴選標準及流程遴選，教材由講師及顧問推_完整工作稿.docx,04_全部文件與歷次版本/TTQS_GPT6_ASTRA_FULL_HANDOFF_20260925/18/1751_0054__I12-E02__01__依學員遴選標準及流程遴選，教材由講師及顧問推_完整工作稿.docx,原樣保留；本次尚未確認完成驗收,40869,b68fc82d45329ce7e6562d486b82420bf33ca3cd06f1422b168715c5c5899bb3
1752,0055__I12-E03__01__講師的遴聘依師資遴選標準及流程評選並經訓練管_可直接使用成品.docx,TTQS_GPT6_ASTRA_FULL_HANDOFF_20260925/TTQS_GPT6_ASTRA_FULL_HANDOFF_20260925/TTQS_DOCUMENT_FOUNDRY_RUN_ASTRA_20260925/99_FINAL_PACKAGE_B06_R01_STAGING/12_指標12/0055__I12-E03__01__講師的遴聘依師資遴選標準及流程評選並經訓練管_可直接使用成品.docx,04_全部文件與歷次版本/TTQS_GPT6_ASTRA_FULL_HANDOFF_20260925/18/1752_0055__I12-E03__01__講師的遴聘依師資遴選標準及流程評選並經訓練管_可直接使用成品.docx,原樣保留；本次尚未確認完成驗收,41045,f208be2ce89435444d469a3eb82f13b5799afbea044a716a137ac20492252de9
1753,0056__I12-E04__01__設備安檢或是場地投保證明_可直接使用成品.docx,TTQS_GPT6_ASTRA_FULL_HANDOFF_20260925/TTQS_GPT6_ASTRA_FULL_HANDOFF_20260925/TTQS_DOCUMENT_FOUNDRY_RUN_ASTRA_20260925/99_FINAL_PACKAGE_B06_R01_STAGING/12_指標12/0056__I12-E04__01__設備安檢或是場地投保證明_可直接使用成品.docx,04_全部文件與歷次版本/TTQS_GPT6_ASTRA_FULL_HANDOFF_20260925/18/1753_0056__I12-E04__01__設備安檢或是場地投保證明_可直接使用成品.docx,原樣保留；本次尚未確認完成驗收,40645,da967fbf0ab03fb5014fa38bf7750ef599dea00e7ff230c856113df70af11ad4
1754,0057__I13-E01__01__相關文件紀錄能證實近年來對訓練成果轉移及達成_可直接使用成品.docx,TTQS_GPT6_ASTRA_FULL_HANDOFF_20260925/TTQS_GPT6_ASTRA_FULL_HANDOFF_20260925/TTQS_DOCUMENT_FOUNDRY_RUN_ASTRA_20260925/99_FINAL_PACKAGE_B06_R01_STAGING/13_指標13/0057__I13-E01__01__相關文件紀錄能證實近年來對訓練成果轉移及達成_可直接使用成品.docx,04_全部文件與歷次版本/TTQS_GPT6_ASTRA_FULL_HANDOFF_20260925/18/1754_0057__I13-E01__01__相關文件紀錄能證實近年來對訓練成果轉移及達成_可直接使用成品.docx,原樣保留；本次尚未確認完成驗收,40770,fb4ed54e5382f4a6904b83980c3f0aff61ab62c19c45cc46ab3342d44ae4b308
1755,0058__I13-E02__01__具體明確紀錄展現提供受訓人員或客戶，如：課程_可直接使用成品.docx,TTQS_GPT6_ASTRA_FULL_HANDOFF_20260925/TTQS_GPT6_ASTRA_FULL_HANDOFF_20260925/TTQS_DOCUMENT_FOUNDRY_RUN_ASTRA_20260925/99_FINAL_PACKAGE_B06_R01_STAGING/13_指標13/0058__I13-E02__01__具體明確紀錄展現提供受訓人員或客戶，如：課程_可直接使用成品.docx,04_全部文件與歷次版本/TTQS_GPT6_ASTRA_FULL_HANDOFF_20260925/18/1755_0058__I13-E02__01__具體明確紀錄展現提供受訓人員或客戶，如：課程_可直接使用成品.docx,原樣保留；本次尚未確認完成驗收,41044,a1430a4fc2141246d4ce46b3e787b46d9eb4a02d62d2352baa940fa8050cf46d
1756,0059__I13-E03__01__業主提供回訓或相關機制、學習心得交流的平台、_完整工作稿.docx,TTQS_GPT6_ASTRA_FULL_HANDOFF_20260925/TTQS_GPT6_ASTRA_FULL_HANDOFF_20260925/TTQS_DOCUMENT_FOUNDRY_RUN_ASTRA_20260925/99_FINAL_PACKAGE_B06_R01_STAGING/13_指標13/0059__I13-E03__01__業主提供回訓或相關機制、學習心得交流的平台、_完整工作稿.docx,04_全部文件與歷次版本/TTQS_GPT6_ASTRA_FULL_HANDOFF_20260925/18/1756_0059__I13-E03__01__業主提供回訓或相關機制、學習心得交流的平台、_完整工作稿.docx,原樣保留；本次尚未確認完成驗收,40794,7dce6e04d5774a2328f3201574bd2e1cd3b6d1eea80e1dff4a10acc7b43d8e5c
1757,0060__I14-E01__01__訓練資料與訓練過程及成果的紀錄與分類，均有系_可直接使用成品.docx,TTQS_GPT6_ASTRA_FULL_HANDOFF_20260925/TTQS_GPT6_ASTRA_FULL_HANDOFF_20260925/TTQS_DOCUMENT_FOUNDRY_RUN_ASTRA_20260925/99_FINAL_PACKAGE_B06_R01_STAGING/14_指標14/0060__I14-E01__01__訓練資料與訓練過程及成果的紀錄與分類，均有系_可直接使用成品.docx,04_全部文件與歷次版本/TTQS_GPT6_ASTRA_FULL_HANDOFF_20260925/18/1757_0060__I14-E01__01__訓練資料與訓練過程及成果的紀錄與分類，均有系_可直接使用成品.docx,原樣保留；本次尚未確認完成驗收,41085,514d38ec8551d05a462fe3481e0d3248a615b5f8de6b6d957607a9cd84bef313
1758,0061__I14-E02__01__訓練檔案管理系統_完整工作稿.docx,TTQS_GPT6_ASTRA_FULL_HANDOFF_20260925/TTQS_GPT6_ASTRA_FULL_HANDOFF_20260925/TTQS_DOCUMENT_FOUNDRY_RUN_ASTRA_20260925/99_FINAL_PACKAGE_B07_R01_STAGING/14_指標14/0061__I14-E02__01__訓練檔案管理系統_完整工作稿.docx,04_全部文件與歷次版本/TTQS_GPT6_ASTRA_FULL_HANDOFF_20260925/18/1758_0061__I14-E02__01__訓練檔案管理系統_完整工作稿.docx,原樣保留；本次尚未確認完成驗收,41523,943c7cc2f908405017fcbcdd9fc33c42b06808c1beff3420d973bebd56859010
1759,0062__I14-E03__01__完整的訓練文件建檔資料_完整工作稿.docx,TTQS_GPT6_ASTRA_FULL_HANDOFF_20260925/TTQS_GPT6_ASTRA_FULL_HANDOFF_20260925/TTQS_DOCUMENT_FOUNDRY_RUN_ASTRA_20260925/99_FINAL_PACKAGE_B07_R01_STAGING/14_指標14/0062__I14-E03__01__完整的訓練文件建檔資料_完整工作稿.docx,04_全部文件與歷次版本/TTQS_GPT6_ASTRA_FULL_HANDOFF_20260925/18/1759_0062__I14-E03__01__完整的訓練文件建檔資料_完整工作稿.docx,原樣保留；本次尚未確認完成驗收,41311,5b3a35295054fc4a611564089cea381f30988a2c4e5f9c86f67e06208f1caf60
1760,0063__I14-E04__01__是否提供查詢功能，並具持續改善機制_完整工作稿.docx,TTQS_GPT6_ASTRA_FULL_HANDOFF_20260925/TTQS_GPT6_ASTRA_FULL_HANDOFF_20260925/TTQS_DOCUMENT_FOUNDRY_RUN_ASTRA_20260925/99_FINAL_PACKAGE_B07_R01_STAGING/14_指標14/0063__I14-E04__01__是否提供查詢功能，並具持續改善機制_完整工作稿.docx,04_全部文件與歷次版本/TTQS_GPT6_ASTRA_FULL_HANDOFF_20260925/18/1760_0063__I14-E04__01__是否提供查詢功能，並具持續改善機制_完整工作稿.docx,原樣保留；本次尚未確認完成驗收,41417,fe586b8854a367a77bde37f7aab7d0fbc24a4e3dd2291156ebccebfec20f399b
1761,0064__I14-E05__01__資訊系統化程度及檢索速度_完整工作稿.docx,TTQS_GPT6_ASTRA_FULL_HANDOFF_20260925/TTQS_GPT6_ASTRA_FULL_HANDOFF_20260925/TTQS_DOCUMENT_FOUNDRY_RUN_ASTRA_20260925/99_FINAL_PACKAGE_B07_R01_STAGING/14_指標14/0064__I14-E05__01__資訊系統化程度及檢索速度_完整工作稿.docx,04_全部文件與歷次版本/TTQS_GPT6_ASTRA_FULL_HANDOFF_20260925/18/1761_0064__I14-E05__01__資訊系統化程度及檢索速度_完整工作稿.docx,原樣保留；本次尚未確認完成驗收,41539,2139311c7e81a3dc0740fd7a40f8a810a333b6f878c5040bc2c86a1c1d909ed8
1762,0065__I15-E01__01__訓後定期性綜合檢討或管理審查制度會議紀錄_可直接使用成品.docx,TTQS_GPT6_ASTRA_FULL_HANDOFF_20260925/TTQS_GPT6_ASTRA_FULL_HANDOFF_20260925/TTQS_DOCUMENT_FOUNDRY_RUN_ASTRA_20260925/99_FINAL_PACKAGE_B07_R01_STAGING/15_指標15/0065__I15-E01__01__訓後定期性綜合檢討或管理審查制度會議紀錄_可直接使用成品.docx,04_全部文件與歷次版本/TTQS_GPT6_ASTRA_FULL_HANDOFF_20260925/18/1762_0065__I15-E01__01__訓後定期性綜合檢討或管理審查制度會議紀錄_可直接使用成品.docx,原樣保留；本次尚未確認完成驗收,41063,e0039bff59cf4810ebc73500b94c1f500cec35ab81d9d0ffdca54de9d7b541ba
1763,0066__I15-E02__01__訓練班級完整結案報告.docx,TTQS_GPT6_ASTRA_FULL_HANDOFF_20260925/TTQS_GPT6_ASTRA_FULL_HANDOFF_20260925/TTQS_DOCUMENT_FOUNDRY_RUN_ASTRA_20260925/99_FINAL_PACKAGE_B07_R01_STAGING/15_指標15/0066__I15-E02__01__訓練班級完整結案報告.docx,04_全部文件與歷次版本/TTQS_GPT6_ASTRA_FULL_HANDOFF_20260925/18/1763_0066__I15-E02__01__訓練班級完整結案報告.docx,原樣保留；本次尚未確認完成驗收,61302,1cc1ae53d93d1b99e7ca36bff93096e323511eb7ad18d98da6681d6f9dc07489
1764,0067__I15-E03__01__訓練執行評估指標分析及相關統計分析_分析報告.docx,TTQS_GPT6_ASTRA_FULL_HANDOFF_20260925/TTQS_GPT6_ASTRA_FULL_HANDOFF_20260925/TTQS_DOCUMENT_FOUNDRY_RUN_ASTRA_20260925/99_FINAL_PACKAGE_B07_R01_STAGING/15_指標15/0067__I15-E03__01__訓練執行評估指標分析及相關統計分析_分析報告.docx,04_全部文件與歷次版本/TTQS_GPT6_ASTRA_FULL_HANDOFF_20260925/18/1764_0067__I15-E03__01__訓練執行評估指標分析及相關統計分析_分析報告.docx,原樣保留；本次尚未確認完成驗收,41394,fc73b4335f402ca2abc7e8e791852e8fe5359de667967d6cd0ce96fcb68dab1d
1765,0068__I15-E04__01__訓後改善建議追蹤報告_分析報告.docx,TTQS_GPT6_ASTRA_FULL_HANDOFF_20260925/TTQS_GPT6_ASTRA_FULL_HANDOFF_20260925/TTQS_DOCUMENT_FOUNDRY_RUN_ASTRA_20260925/99_FINAL_PACKAGE_B07_R01_STAGING/15_指標15/0068__I15-E04__01__訓後改善建議追蹤報告_分析報告.docx,04_全部文件與歷次版本/TTQS_GPT6_ASTRA_FULL_HANDOFF_20260925/18/1765_0068__I15-E04__01__訓後改善建議追蹤報告_分析報告.docx,原樣保留；本次尚未確認完成驗收,40918,bd5fe89c8aa7f83c4b826915a753baefd288ee20d540e1760f99a15b1b344331
1766,0069__I16-E01__01__訓練流程的管控方法及紀錄_可直接使用成品.docx,TTQS_GPT6_ASTRA_FULL_HANDOFF_20260925/TTQS_GPT6_ASTRA_FULL_HANDOFF_20260925/TTQS_DOCUMENT_FOUNDRY_RUN_ASTRA_20260925/99_FINAL_PACKAGE_B07_R01_STAGING/16_指標16/0069__I16-E01__01__訓練流程的管控方法及紀錄_可直接使用成品.docx,04_全部文件與歷次版本/TTQS_GPT6_ASTRA_FULL_HANDOFF_20260925/18/1766_0069__I16-E01__01__訓練流程的管控方法及紀錄_可直接使用成品.docx,原樣保留；本次尚未確認完成驗收,41249,2ffadc8b8331d2463629872d3771a8260c764b434b40dc0b22a8d539688b93f6
1767,0070__I16-E02__01__訓練異常處理程序與工具.docx,TTQS_GPT6_ASTRA_FULL_HANDOFF_20260925/TTQS_GPT6_ASTRA_FULL_HANDOFF_20260925/TTQS_DOCUMENT_FOUNDRY_RUN_ASTRA_20260925/99_FINAL_PACKAGE_B07_R01_STAGING/16_指標16/0070__I16-E02__01__訓練異常處理程序與工具.docx,04_全部文件與歷次版本/TTQS_GPT6_ASTRA_FULL_HANDOFF_20260925/18/1767_0070__I16-E02__01__訓練異常處理程序與工具.docx,原樣保留；本次尚未確認完成驗收,59721,4bc597aa6193cd6de34fa5c62caa1828276940d21d0a18a3f4d1ea4b8e40ae48
1768,0061__I14-E02__01__訓練檔案管理系統_完整工作稿.docx,TTQS_GPT6_ASTRA_FULL_HANDOFF_20260925/TTQS_GPT6_ASTRA_FULL_HANDOFF_20260925/TTQS_DOCUMENT_FOUNDRY_RUN_ASTRA_20260925/99_FINAL_PACKAGE_B07_R02_STAGING/14_指標14/0061__I14-E02__01__訓練檔案管理系統_完整工作稿.docx,04_全部文件與歷次版本/TTQS_GPT6_ASTRA_FULL_HANDOFF_20260925/18/1768_0061__I14-E02__01__訓練檔案管理系統_完整工作稿.docx,原樣保留；本次尚未確認完成驗收,41541,42d5490593b087b797362b04ea9069f6d4ea6b0205ef9888f689cfb77f7065f8
1769,0062__I14-E03__01__完整的訓練文件建檔資料_完整工作稿.docx,TTQS_GPT6_ASTRA_FULL_HANDOFF_20260925/TTQS_GPT6_ASTRA_FULL_HANDOFF_20260925/TTQS_DOCUMENT_FOUNDRY_RUN_ASTRA_20260925/99_FINAL_PACKAGE_B07_R02_STAGING/14_指標14/0062__I14-E03__01__完整的訓練文件建檔資料_完整工作稿.docx,04_全部文件與歷次版本/TTQS_GPT6_ASTRA_FULL_HANDOFF_20260925/18/1769_0062__I14-E03__01__完整的訓練文件建檔資料_完整工作稿.docx,原樣保留；本次尚未確認完成驗收,41133,4f9609af20c75ec3dee58ac9e3c93c646b657e33f317a72d4cf32fa79fac771b
1770,0063__I14-E04__01__是否提供查詢功能，並具持續改善機制_完整工作稿.docx,TTQS_GPT6_ASTRA_FULL_HANDOFF_20260925/TTQS_GPT6_ASTRA_FULL_HANDOFF_20260925/TTQS_DOCUMENT_FOUNDRY_RUN_ASTRA_20260925/99_FINAL_PACKAGE_B07_R02_STAGING/14_指標14/0063__I14-E04__01__是否提供查詢功能，並具持續改善機制_完整工作稿.docx,04_全部文件與歷次版本/TTQS_GPT6_ASTRA_FULL_HANDOFF_20260925/18/1770_0063__I14-E04__01__是否提供查詢功能，並具持續改善機制_完整工作稿.docx,原樣保留；本次尚未確認完成驗收,41248,d5e304a6e2b64d73f80325f0bd1be160cee5df14ec6ace856b70b653a6410f1f
1771,0064__I14-E05__01__資訊系統化程度及檢索速度_完整工作稿.docx,TTQS_GPT6_ASTRA_FULL_HANDOFF_20260925/TTQS_GPT6_ASTRA_FULL_HANDOFF_20260925/TTQS_DOCUMENT_FOUNDRY_RUN_ASTRA_20260925/99_FINAL_PACKAGE_B07_R02_STAGING/14_指標14/0064__I14-E05__01__資訊系統化程度及檢索速度_完整工作稿.docx,04_全部文件與歷次版本/TTQS_GPT6_ASTRA_FULL_HANDOFF_20260925/18/1771_0064__I14-E05__01__資訊系統化程度及檢索速度_完整工作稿.docx,原樣保留；本次尚未確認完成驗收,41402,53948756ad5c5cc265c3cda9fd80da74f1342cb4622063409a9204ccd574ccd5
1772,0065__I15-E01__01__訓後定期性綜合檢討或管理審查制度會議紀錄_可直接使用成品.docx,TTQS_GPT6_ASTRA_FULL_HANDOFF_20260925/TTQS_GPT6_ASTRA_FULL_HANDOFF_20260925/TTQS_DOCUMENT_FOUNDRY_RUN_ASTRA_20260925/99_FINAL_PACKAGE_B07_R02_STAGING/15_指標15/0065__I15-E01__01__訓後定期性綜合檢討或管理審查制度會議紀錄_可直接使用成品.docx,04_全部文件與歷次版本/TTQS_GPT6_ASTRA_FULL_HANDOFF_20260925/18/1772_0065__I15-E01__01__訓後定期性綜合檢討或管理審查制度會議紀錄_可直接使用成品.docx,原樣保留；本次尚未確認完成驗收,40918,34587bcb30c0063f8ad7f9b286c64dbfc695ccc7f59f619a3b775b52b95d88da
1773,0066__I15-E02__01__訓練班級完整結案報告.docx,TTQS_GPT6_ASTRA_FULL_HANDOFF_20260925/TTQS_GPT6_ASTRA_FULL_HANDOFF_20260925/TTQS_DOCUMENT_FOUNDRY_RUN_ASTRA_20260925/99_FINAL_PACKAGE_B07_R02_STAGING/15_指標15/0066__I15-E02__01__訓練班級完整結案報告.docx,04_全部文件與歷次版本/TTQS_GPT6_ASTRA_FULL_HANDOFF_20260925/18/1773_0066__I15-E02__01__訓練班級完整結案報告.docx,原樣保留；本次尚未確認完成驗收,61302,1cc1ae53d93d1b99e7ca36bff93096e323511eb7ad18d98da6681d6f9dc07489
1774,0067__I15-E03__01__訓練執行評估指標分析及相關統計分析_分析報告.docx,TTQS_GPT6_ASTRA_FULL_HANDOFF_20260925/TTQS_GPT6_ASTRA_FULL_HANDOFF_20260925/TTQS_DOCUMENT_FOUNDRY_RUN_ASTRA_20260925/99_FINAL_PACKAGE_B07_R02_STAGING/15_指標15/0067__I15-E03__01__訓練執行評估指標分析及相關統計分析_分析報告.docx,04_全部文件與歷次版本/TTQS_GPT6_ASTRA_FULL_HANDOFF_20260925/18/1774_0067__I15-E03__01__訓練執行評估指標分析及相關統計分析_分析報告.docx,原樣保留；本次尚未確認完成驗收,41394,fc73b4335f402ca2abc7e8e791852e8fe5359de667967d6cd0ce96fcb68dab1d
1775,0068__I15-E04__01__訓後改善建議追蹤報告_分析報告.docx,TTQS_GPT6_ASTRA_FULL_HANDOFF_20260925/TTQS_GPT6_ASTRA_FULL_HANDOFF_20260925/TTQS_DOCUMENT_FOUNDRY_RUN_ASTRA_20260925/99_FINAL_PACKAGE_B07_R02_STAGING/15_指標15/0068__I15-E04__01__訓後改善建議追蹤報告_分析報告.docx,04_全部文件與歷次版本/TTQS_GPT6_ASTRA_FULL_HANDOFF_20260925/18/1775_0068__I15-E04__01__訓後改善建議追蹤報告_分析報告.docx,原樣保留；本次尚未確認完成驗收,40918,bd5fe89c8aa7f83c4b826915a753baefd288ee20d540e1760f99a15b1b344331
1776,0069__I16-E01__01__訓練流程的管控方法及紀錄_可直接使用成品.docx,TTQS_GPT6_ASTRA_FULL_HANDOFF_20260925/TTQS_GPT6_ASTRA_FULL_HANDOFF_20260925/TTQS_DOCUMENT_FOUNDRY_RUN_ASTRA_20260925/99_FINAL_PACKAGE_B07_R02_STAGING/16_指標16/0069__I16-E01__01__訓練流程的管控方法及紀錄_可直接使用成品.docx,04_全部文件與歷次版本/TTQS_GPT6_ASTRA_FULL_HANDOFF_20260925/18/1776_0069__I16-E01__01__訓練流程的管控方法及紀錄_可直接使用成品.docx,原樣保留；本次尚未確認完成驗收,41249,2ffadc8b8331d2463629872d3771a8260c764b434b40dc0b22a8d539688b93f6
1777,0070__I16-E02__01__訓練異常處理程序與工具.docx,TTQS_GPT6_ASTRA_FULL_HANDOFF_20260925/TTQS_GPT6_ASTRA_FULL_HANDOFF_20260925/TTQS_DOCUMENT_FOUNDRY_RUN_ASTRA_20260925/99_FINAL_PACKAGE_B07_R02_STAGING/16_指標16/0070__I16-E02__01__訓練異常處理程序與工具.docx,04_全部文件與歷次版本/TTQS_GPT6_ASTRA_FULL_HANDOFF_20260925/18/1777_0070__I16-E02__01__訓練異常處理程序與工具.docx,原樣保留；本次尚未確認完成驗收,59721,4bc597aa6193cd6de34fa5c62caa1828276940d21d0a18a3f4d1ea4b8e40ae48
1778,0061__I14-E02__01__訓練檔案管理系統_完整工作稿.docx,TTQS_GPT6_ASTRA_FULL_HANDOFF_20260925/TTQS_GPT6_ASTRA_FULL_HANDOFF_20260925/TTQS_DOCUMENT_FOUNDRY_RUN_ASTRA_20260925/99_FINAL_PACKAGE_B07_R03_STAGING/14_指標14/0061__I14-E02__01__訓練檔案管理系統_完整工作稿.docx,04_全部文件與歷次版本/TTQS_GPT6_ASTRA_FULL_HANDOFF_20260925/18/1778_0061__I14-E02__01__訓練檔案管理系統_完整工作稿.docx,原樣保留；本次尚未確認完成驗收,41545,adff24f8ea206cd6be2d9a63cb076955bed4deba4fb9ba8b66330ece68fd8ef2
1779,0062__I14-E03__01__完整的訓練文件建檔資料_完整工作稿.docx,TTQS_GPT6_ASTRA_FULL_HANDOFF_20260925/TTQS_GPT6_ASTRA_FULL_HANDOFF_20260925/TTQS_DOCUMENT_FOUNDRY_RUN_ASTRA_20260925/99_FINAL_PACKAGE_B07_R03_STAGING/14_指標14/0062__I14-E03__01__完整的訓練文件建檔資料_完整工作稿.docx,04_全部文件與歷次版本/TTQS_GPT6_ASTRA_FULL_HANDOFF_20260925/18/1779_0062__I14-E03__01__完整的訓練文件建檔資料_完整工作稿.docx,原樣保留；本次尚未確認完成驗收,41133,4f9609af20c75ec3dee58ac9e3c93c646b657e33f317a72d4cf32fa79fac771b
1780,0063__I14-E04__01__是否提供查詢功能，並具持續改善機制_完整工作稿.docx,TTQS_GPT6_ASTRA_FULL_HANDOFF_20260925/TTQS_GPT6_ASTRA_FULL_HANDOFF_20260925/TTQS_DOCUMENT_FOUNDRY_RUN_ASTRA_20260925/99_FINAL_PACKAGE_B07_R03_STAGING/14_指標14/0063__I14-E04__01__是否提供查詢功能，並具持續改善機制_完整工作稿.docx,04_全部文件與歷次版本/TTQS_GPT6_ASTRA_FULL_HANDOFF_20260925/18/1780_0063__I14-E04__01__是否提供查詢功能，並具持續改善機制_完整工作稿.docx,原樣保留；本次尚未確認完成驗收,41248,d5e304a6e2b64d73f80325f0bd1be160cee5df14ec6ace856b70b653a6410f1f
1781,0064__I14-E05__01__資訊系統化程度及檢索速度_完整工作稿.docx,TTQS_GPT6_ASTRA_FULL_HANDOFF_20260925/TTQS_GPT6_ASTRA_FULL_HANDOFF_20260925/TTQS_DOCUMENT_FOUNDRY_RUN_ASTRA_20260925/99_FINAL_PACKAGE_B07_R03_STAGING/14_指標14/0064__I14-E05__01__資訊系統化程度及檢索速度_完整工作稿.docx,04_全部文件與歷次版本/TTQS_GPT6_ASTRA_FULL_HANDOFF_20260925/18/1781_0064__I14-E05__01__資訊系統化程度及檢索速度_完整工作稿.docx,原樣保留；本次尚未確認完成驗收,41865,88f982fa197255f234eeafe496f7f3eb6a3beca28a91b79b90203bf4967cd128
1782,0065__I15-E01__01__訓後定期性綜合檢討或管理審查制度會議紀錄_可直接使用成品.docx,TTQS_GPT6_ASTRA_FULL_HANDOFF_20260925/TTQS_GPT6_ASTRA_FULL_HANDOFF_20260925/TTQS_DOCUMENT_FOUNDRY_RUN_ASTRA_20260925/99_FINAL_PACKAGE_B07_R03_STAGING/15_指標15/0065__I15-E01__01__訓後定期性綜合檢討或管理審查制度會議紀錄_可直接使用成品.docx,04_全部文件與歷次版本/TTQS_GPT6_ASTRA_FULL_HANDOFF_20260925/18/1782_0065__I15-E01__01__訓後定期性綜合檢討或管理審查制度會議紀錄_可直接使用成品.docx,原樣保留；本次尚未確認完成驗收,40918,34587bcb30c0063f8ad7f9b286c64dbfc695ccc7f59f619a3b775b52b95d88da
1783,0066__I15-E02__01__訓練班級完整結案報告.docx,TTQS_GPT6_ASTRA_FULL_HANDOFF_20260925/TTQS_GPT6_ASTRA_FULL_HANDOFF_20260925/TTQS_DOCUMENT_FOUNDRY_RUN_ASTRA_20260925/99_FINAL_PACKAGE_B07_R03_STAGING/15_指標15/0066__I15-E02__01__訓練班級完整結案報告.docx,04_全部文件與歷次版本/TTQS_GPT6_ASTRA_FULL_HANDOFF_20260925/18/1783_0066__I15-E02__01__訓練班級完整結案報告.docx,原樣保留；本次尚未確認完成驗收,61302,1cc1ae53d93d1b99e7ca36bff93096e323511eb7ad18d98da6681d6f9dc07489
1784,0067__I15-E03__01__訓練執行評估指標分析及相關統計分析_分析報告.docx,TTQS_GPT6_ASTRA_FULL_HANDOFF_20260925/TTQS_GPT6_ASTRA_FULL_HANDOFF_20260925/TTQS_DOCUMENT_FOUNDRY_RUN_ASTRA_20260925/99_FINAL_PACKAGE_B07_R03_STAGING/15_指標15/0067__I15-E03__01__訓練執行評估指標分析及相關統計分析_分析報告.docx,04_全部文件與歷次版本/TTQS_GPT6_ASTRA_FULL_HANDOFF_20260925/18/1784_0067__I15-E03__01__訓練執行評估指標分析及相關統計分析_分析報告.docx,原樣保留；本次尚未確認完成驗收,41394,fc73b4335f402ca2abc7e8e791852e8fe5359de667967d6cd0ce96fcb68dab1d
1785,0068__I15-E04__01__訓後改善建議追蹤報告_分析報告.docx,TTQS_GPT6_ASTRA_FULL_HANDOFF_20260925/TTQS_GPT6_ASTRA_FULL_HANDOFF_20260925/TTQS_DOCUMENT_FOUNDRY_RUN_ASTRA_20260925/99_FINAL_PACKAGE_B07_R03_STAGING/15_指標15/0068__I15-E04__01__訓後改善建議追蹤報告_分析報告.docx,04_全部文件與歷次版本/TTQS_GPT6_ASTRA_FULL_HANDOFF_20260925/18/1785_0068__I15-E04__01__訓後改善建議追蹤報告_分析報告.docx,原樣保留；本次尚未確認完成驗收,40918,bd5fe89c8aa7f83c4b826915a753baefd288ee20d540e1760f99a15b1b344331
1786,0069__I16-E01__01__訓練流程的管控方法及紀錄_可直接使用成品.docx,TTQS_GPT6_ASTRA_FULL_HANDOFF_20260925/TTQS_GPT6_ASTRA_FULL_HANDOFF_20260925/TTQS_DOCUMENT_FOUNDRY_RUN_ASTRA_20260925/99_FINAL_PACKAGE_B07_R03_STAGING/16_指標16/0069__I16-E01__01__訓練流程的管控方法及紀錄_可直接使用成品.docx,04_全部文件與歷次版本/TTQS_GPT6_ASTRA_FULL_HANDOFF_20260925/18/1786_0069__I16-E01__01__訓練流程的管控方法及紀錄_可直接使用成品.docx,原樣保留；本次尚未確認完成驗收,41249,2ffadc8b8331d2463629872d3771a8260c764b434b40dc0b22a8d539688b93f6
1787,0070__I16-E02__01__訓練異常處理程序與工具.docx,TTQS_GPT6_ASTRA_FULL_HANDOFF_20260925/TTQS_GPT6_ASTRA_FULL_HANDOFF_20260925/TTQS_DOCUMENT_FOUNDRY_RUN_ASTRA_20260925/99_FINAL_PACKAGE_B07_R03_STAGING/16_指標16/0070__I16-E02__01__訓練異常處理程序與工具.docx,04_全部文件與歷次版本/TTQS_GPT6_ASTRA_FULL_HANDOFF_20260925/18/1787_0070__I16-E02__01__訓練異常處理程序與工具.docx,原樣保留；本次尚未確認完成驗收,59721,4bc597aa6193cd6de34fa5c62caa1828276940d21d0a18a3f4d1ea4b8e40ae48
1788,0071__I16-E02__02__異常通報暨CAPA矯正預防紀錄.docx,TTQS_GPT6_ASTRA_FULL_HANDOFF_20260925/TTQS_GPT6_ASTRA_FULL_HANDOFF_20260925/TTQS_DOCUMENT_FOUNDRY_RUN_ASTRA_20260925/99_FINAL_PACKAGE_B08_R01_STAGING/16_指標16/0071__I16-E02__02__異常通報暨CAPA矯正預防紀錄.docx,04_全部文件與歷次版本/TTQS_GPT6_ASTRA_FULL_HANDOFF_20260925/18/1788_0071__I16-E02__02__異常通報暨CAPA矯正預防紀錄.docx,原樣保留；本次尚未確認完成驗收,50070,7696028aa110395e76484bed713938a01c0213c8849290d117b250371b604467
1789,0072__I16-E03__01__訓練的內外稽核流程與紀錄_可直接使用成品.docx,TTQS_GPT6_ASTRA_FULL_HANDOFF_20260925/TTQS_GPT6_ASTRA_FULL_HANDOFF_20260925/TTQS_DOCUMENT_FOUNDRY_RUN_ASTRA_20260925/99_FINAL_PACKAGE_B08_R01_STAGING/16_指標16/0072__I16-E03__01__訓練的內外稽核流程與紀錄_可直接使用成品.docx,04_全部文件與歷次版本/TTQS_GPT6_ASTRA_FULL_HANDOFF_20260925/18/1789_0072__I16-E03__01__訓練的內外稽核流程與紀錄_可直接使用成品.docx,原樣保留；本次尚未確認完成驗收,41367,22256f51c58302940bc1d73a28f5a8fe0ec4ab2cec2e1220bb192118c1059a22
1790,0073__I17A-E01__01__課後滿意度調查分析與課後檢討講師、學員、人資_可直接使用成品.docx,TTQS_GPT6_ASTRA_FULL_HANDOFF_20260925/TTQS_GPT6_ASTRA_FULL_HANDOFF_20260925/TTQS_DOCUMENT_FOUNDRY_RUN_ASTRA_20260925/99_FINAL_PACKAGE_B08_R01_STAGING/17_指標17/0073__I17A-E01__01__課後滿意度調查分析與課後檢討講師、學員、人資_可直接使用成品.docx,04_全部文件與歷次版本/TTQS_GPT6_ASTRA_FULL_HANDOFF_20260925/18/1790_0073__I17A-E01__01__課後滿意度調查分析與課後檢討講師、學員、人資_可直接使用成品.docx,原樣保留；本次尚未確認完成驗收,41514,e326234973f3006469fb3df891f38d01eaf04f171318fb7c8855e8cbf0de1d02
1791,0074__I17A-E02__01__課程結案報告（含問卷調查統計分析、課程規劃紀_可直接使用成品.docx,TTQS_GPT6_ASTRA_FULL_HANDOFF_20260925/TTQS_GPT6_ASTRA_FULL_HANDOFF_20260925/TTQS_DOCUMENT_FOUNDRY_RUN_ASTRA_20260925/99_FINAL_PACKAGE_B08_R01_STAGING/17_指標17/0074__I17A-E02__01__課程結案報告（含問卷調查統計分析、課程規劃紀_可直接使用成品.docx,04_全部文件與歷次版本/TTQS_GPT6_ASTRA_FULL_HANDOFF_20260925/18/1791_0074__I17A-E02__01__課程結案報告（含問卷調查統計分析、課程規劃紀_可直接使用成品.docx,原樣保留；本次尚未確認完成驗收,41567,e7fffd8a72cded6a3e81e6f3ce57f3ffb131b2d7598d44d862a0d8d6343247ab
1792,0075__I17A-E03__01__依反應評估進行課程改善的行動方案。）_分析報告.docx,TTQS_GPT6_ASTRA_FULL_HANDOFF_20260925/TTQS_GPT6_ASTRA_FULL_HANDOFF_20260925/TTQS_DOCUMENT_FOUNDRY_RUN_ASTRA_20260925/99_FINAL_PACKAGE_B08_R01_STAGING/17_指標17/0075__I17A-E03__01__依反應評估進行課程改善的行動方案。）_分析報告.docx,04_全部文件與歷次版本/TTQS_GPT6_ASTRA_FULL_HANDOFF_20260925/18/1792_0075__I17A-E03__01__依反應評估進行課程改善的行動方案。）_分析報告.docx,原樣保留；本次尚未確認完成驗收,40939,07e3f3d65dccaa56bb7b3ccfaf24ce58b344389460db4b2c7976b1080b78c7f1
1793,0076__I17B-E01__01__指標17b_考試暨實作評量紀錄.docx,TTQS_GPT6_ASTRA_FULL_HANDOFF_20260925/TTQS_GPT6_ASTRA_FULL_HANDOFF_20260925/TTQS_DOCUMENT_FOUNDRY_RUN_ASTRA_20260925/99_FINAL_PACKAGE_B08_R01_STAGING/17_指標17/0076__I17B-E01__01__指標17b_考試暨實作評量紀錄.docx,04_全部文件與歷次版本/TTQS_GPT6_ASTRA_FULL_HANDOFF_20260925/18/1793_0076__I17B-E01__01__指標17b_考試暨實作評量紀錄.docx,原樣保留；本次尚未確認完成驗收,55134,76e0d3e52c117813fdccf27499119471ce5755007c957089662d29de55052d83
1794,0077__I17B-E01__02__指標17b_學員學習心得報告.docx,TTQS_GPT6_ASTRA_FULL_HANDOFF_20260925/TTQS_GPT6_ASTRA_FULL_HANDOFF_20260925/TTQS_DOCUMENT_FOUNDRY_RUN_ASTRA_20260925/99_FINAL_PACKAGE_B08_R01_STAGING/17_指標17/0077__I17B-E01__02__指標17b_學員學習心得報告.docx,04_全部文件與歷次版本/TTQS_GPT6_ASTRA_FULL_HANDOFF_20260925/18/1794_0077__I17B-E01__02__指標17b_學員學習心得報告.docx,原樣保留；本次尚未確認完成驗收,46679,2b2b63f938bfb62a2e248e9ada9e34be7b8649eac9f607690bced0845ac26c59
1795,0078__I17B-E01__03__指標17b_課程照片暨活動紀錄表.docx,TTQS_GPT6_ASTRA_FULL_HANDOFF_20260925/TTQS_GPT6_ASTRA_FULL_HANDOFF_20260925/TTQS_DOCUMENT_FOUNDRY_RUN_ASTRA_20260925/99_FINAL_PACKAGE_B08_R01_STAGING/17_指標17/0078__I17B-E01__03__指標17b_課程照片暨活動紀錄表.docx,04_全部文件與歷次版本/TTQS_GPT6_ASTRA_FULL_HANDOFF_20260925/18/1795_0078__I17B-E01__03__指標17b_課程照片暨活動紀錄表.docx,原樣保留；本次尚未確認完成驗收,49132,e7f950b3db396532c43af2131d4b29f32f129864268e79f1c1ca83065f5e4ea1
1796,0079__I17B-E01__04__指標17b_訓後學員職涯規劃建議表.docx,TTQS_GPT6_ASTRA_FULL_HANDOFF_20260925/TTQS_GPT6_ASTRA_FULL_HANDOFF_20260925/TTQS_DOCUMENT_FOUNDRY_RUN_ASTRA_20260925/99_FINAL_PACKAGE_B08_R01_STAGING/17_指標17/0079__I17B-E01__04__指標17b_訓後學員職涯規劃建議表.docx,04_全部文件與歷次版本/TTQS_GPT6_ASTRA_FULL_HANDOFF_20260925/18/1796_0079__I17B-E01__04__指標17b_訓後學員職涯規劃建議表.docx,原樣保留；本次尚未確認完成驗收,44763,4721aa76177012a2f27817ddb6f687f420febe1d9768d97670bf00d04d78fa26
1797,0080__I17B-E02__01__對課程評量及學員建議進行檢討與紀錄_可直接使用成品.docx,TTQS_GPT6_ASTRA_FULL_HANDOFF_20260925/TTQS_GPT6_ASTRA_FULL_HANDOFF_20260925/TTQS_DOCUMENT_FOUNDRY_RUN_ASTRA_20260925/99_FINAL_PACKAGE_B08_R01_STAGING/17_指標17/0080__I17B-E02__01__對課程評量及學員建議進行檢討與紀錄_可直接使用成品.docx,04_全部文件與歷次版本/TTQS_GPT6_ASTRA_FULL_HANDOFF_20260925/18/1797_0080__I17B-E02__01__對課程評量及學員建議進行檢討與紀錄_可直接使用成品.docx,原樣保留；本次尚未確認完成驗收,41270,20282680e784152a6e9fa338cac32905f153f226d149395a896c6b2f0511dbb3
1798,0071__I16-E02__02__異常通報暨CAPA矯正預防紀錄.docx,TTQS_GPT6_ASTRA_FULL_HANDOFF_20260925/TTQS_GPT6_ASTRA_FULL_HANDOFF_20260925/TTQS_DOCUMENT_FOUNDRY_RUN_ASTRA_20260925/99_FINAL_PACKAGE_B08_R02_STAGING/16_指標16/0071__I16-E02__02__異常通報暨CAPA矯正預防紀錄.docx,04_全部文件與歷次版本/TTQS_GPT6_ASTRA_FULL_HANDOFF_20260925/18/1798_0071__I16-E02__02__異常通報暨CAPA矯正預防紀錄.docx,原樣保留；本次尚未確認完成驗收,50070,7696028aa110395e76484bed713938a01c0213c8849290d117b250371b604467
1799,0072__I16-E03__01__訓練的內外稽核流程與紀錄_可直接使用成品.docx,TTQS_GPT6_ASTRA_FULL_HANDOFF_20260925/TTQS_GPT6_ASTRA_FULL_HANDOFF_20260925/TTQS_DOCUMENT_FOUNDRY_RUN_ASTRA_20260925/99_FINAL_PACKAGE_B08_R02_STAGING/16_指標16/0072__I16-E03__01__訓練的內外稽核流程與紀錄_可直接使用成品.docx,04_全部文件與歷次版本/TTQS_GPT6_ASTRA_FULL_HANDOFF_20260925/18/1799_0072__I16-E03__01__訓練的內外稽核流程與紀錄_可直接使用成品.docx,原樣保留；本次尚未確認完成驗收,41367,22256f51c58302940bc1d73a28f5a8fe0ec4ab2cec2e1220bb192118c1059a22
1800,0073__I17A-E01__01__課後滿意度調查分析與課後檢討講師、學員、人資_可直接使用成品.docx,TTQS_GPT6_ASTRA_FULL_HANDOFF_20260925/TTQS_GPT6_ASTRA_FULL_HANDOFF_20260925/TTQS_DOCUMENT_FOUNDRY_RUN_ASTRA_20260925/99_FINAL_PACKAGE_B08_R02_STAGING/17_指標17/0073__I17A-E01__01__課後滿意度調查分析與課後檢討講師、學員、人資_可直接使用成品.docx,04_全部文件與歷次版本/TTQS_GPT6_ASTRA_FULL_HANDOFF_20260925/18/1800_0073__I17A-E01__01__課後滿意度調查分析與課後檢討講師、學員、人資_可直接使用成品.docx,原樣保留；本次尚未確認完成驗收,41514,e326234973f3006469fb3df891f38d01eaf04f171318fb7c8855e8cbf0de1d02
1801,0071__I16-E02__02__異常通報暨CAPA矯正預防紀錄.docx,TTQS_GPT6_ASTRA_FULL_HANDOFF_20260925/TTQS_GPT6_ASTRA_FULL_HANDOFF_20260925/TTQS_DOCUMENT_FOUNDRY_RUN_ASTRA_20260925/99_FINAL_PACKAGE_B08_R03_STAGING/16_指標16/0071__I16-E02__02__異常通報暨CAPA矯正預防紀錄.docx,04_全部文件與歷次版本/TTQS_GPT6_ASTRA_FULL_HANDOFF_20260925/19/1801_0071__I16-E02__02__異常通報暨CAPA矯正預防紀錄.docx,原樣保留；本次尚未確認完成驗收,50070,7696028aa110395e76484bed713938a01c0213c8849290d117b250371b604467
1802,0072__I16-E03__01__訓練的內外稽核流程與紀錄_可直接使用成品.docx,TTQS_GPT6_ASTRA_FULL_HANDOFF_20260925/TTQS_GPT6_ASTRA_FULL_HANDOFF_20260925/TTQS_DOCUMENT_FOUNDRY_RUN_ASTRA_20260925/99_FINAL_PACKAGE_B08_R03_STAGING/16_指標16/0072__I16-E03__01__訓練的內外稽核流程與紀錄_可直接使用成品.docx,04_全部文件與歷次版本/TTQS_GPT6_ASTRA_FULL_HANDOFF_20260925/19/1802_0072__I16-E03__01__訓練的內外稽核流程與紀錄_可直接使用成品.docx,原樣保留；本次尚未確認完成驗收,41367,22256f51c58302940bc1d73a28f5a8fe0ec4ab2cec2e1220bb192118c1059a22
1803,0073__I17A-E01__01__課後滿意度調查分析與課後檢討講師、學員、人資_可直接使用成品.docx,TTQS_GPT6_ASTRA_FULL_HANDOFF_20260925/TTQS_GPT6_ASTRA_FULL_HANDOFF_20260925/TTQS_DOCUMENT_FOUNDRY_RUN_ASTRA_20260925/99_FINAL_PACKAGE_B08_R03_STAGING/17_指標17/0073__I17A-E01__01__課後滿意度調查分析與課後檢討講師、學員、人資_可直接使用成品.docx,04_全部文件與歷次版本/TTQS_GPT6_ASTRA_FULL_HANDOFF_20260925/19/1803_0073__I17A-E01__01__課後滿意度調查分析與課後檢討講師、學員、人資_可直接使用成品.docx,原樣保留；本次尚未確認完成驗收,41536,bd2dce6eff27ca7377027a58aefa3d82e57c328d7c524951c3876257d367e39b
1804,0074__I17A-E02__01__課程結案報告（含問卷調查統計分析、課程規劃紀_可直接使用成品.docx,TTQS_GPT6_ASTRA_FULL_HANDOFF_20260925/TTQS_GPT6_ASTRA_FULL_HANDOFF_20260925/TTQS_DOCUMENT_FOUNDRY_RUN_ASTRA_20260925/99_FINAL_PACKAGE_B08_R03_STAGING/17_指標17/0074__I17A-E02__01__課程結案報告（含問卷調查統計分析、課程規劃紀_可直接使用成品.docx,04_全部文件與歷次版本/TTQS_GPT6_ASTRA_FULL_HANDOFF_20260925/19/1804_0074__I17A-E02__01__課程結案報告（含問卷調查統計分析、課程規劃紀_可直接使用成品.docx,原樣保留；本次尚未確認完成驗收,41589,5d03b3455ec646d52031f8fac13aae674e00d01e598f1eadf3339f890ca9d5ca
1805,0075__I17A-E03__01__依反應評估進行課程改善的行動方案。）_分析報告.docx,TTQS_GPT6_ASTRA_FULL_HANDOFF_20260925/TTQS_GPT6_ASTRA_FULL_HANDOFF_20260925/TTQS_DOCUMENT_FOUNDRY_RUN_ASTRA_20260925/99_FINAL_PACKAGE_B08_R03_STAGING/17_指標17/0075__I17A-E03__01__依反應評估進行課程改善的行動方案。）_分析報告.docx,04_全部文件與歷次版本/TTQS_GPT6_ASTRA_FULL_HANDOFF_20260925/19/1805_0075__I17A-E03__01__依反應評估進行課程改善的行動方案。）_分析報告.docx,原樣保留；本次尚未確認完成驗收,40939,07e3f3d65dccaa56bb7b3ccfaf24ce58b344389460db4b2c7976b1080b78c7f1
1806,0076__I17B-E01__01__指標17b_考試暨實作評量紀錄.docx,TTQS_GPT6_ASTRA_FULL_HANDOFF_20260925/TTQS_GPT6_ASTRA_FULL_HANDOFF_20260925/TTQS_DOCUMENT_FOUNDRY_RUN_ASTRA_20260925/99_FINAL_PACKAGE_B08_R03_STAGING/17_指標17/0076__I17B-E01__01__指標17b_考試暨實作評量紀錄.docx,04_全部文件與歷次版本/TTQS_GPT6_ASTRA_FULL_HANDOFF_20260925/19/1806_0076__I17B-E01__01__指標17b_考試暨實作評量紀錄.docx,原樣保留；本次尚未確認完成驗收,55134,76e0d3e52c117813fdccf27499119471ce5755007c957089662d29de55052d83
1807,0077__I17B-E01__02__指標17b_學員學習心得報告.docx,TTQS_GPT6_ASTRA_FULL_HANDOFF_20260925/TTQS_GPT6_ASTRA_FULL_HANDOFF_20260925/TTQS_DOCUMENT_FOUNDRY_RUN_ASTRA_20260925/99_FINAL_PACKAGE_B08_R03_STAGING/17_指標17/0077__I17B-E01__02__指標17b_學員學習心得報告.docx,04_全部文件與歷次版本/TTQS_GPT6_ASTRA_FULL_HANDOFF_20260925/19/1807_0077__I17B-E01__02__指標17b_學員學習心得報告.docx,原樣保留；本次尚未確認完成驗收,46679,2b2b63f938bfb62a2e248e9ada9e34be7b8649eac9f607690bced0845ac26c59
1808,0078__I17B-E01__03__指標17b_課程照片暨活動紀錄表.docx,TTQS_GPT6_ASTRA_FULL_HANDOFF_20260925/TTQS_GPT6_ASTRA_FULL_HANDOFF_20260925/TTQS_DOCUMENT_FOUNDRY_RUN_ASTRA_20260925/99_FINAL_PACKAGE_B08_R03_STAGING/17_指標17/0078__I17B-E01__03__指標17b_課程照片暨活動紀錄表.docx,04_全部文件與歷次版本/TTQS_GPT6_ASTRA_FULL_HANDOFF_20260925/19/1808_0078__I17B-E01__03__指標17b_課程照片暨活動紀錄表.docx,原樣保留；本次尚未確認完成驗收,49132,e7f950b3db396532c43af2131d4b29f32f129864268e79f1c1ca83065f5e4ea1
1809,0079__I17B-E01__04__指標17b_訓後學員職涯規劃建議表.docx,TTQS_GPT6_ASTRA_FULL_HANDOFF_20260925/TTQS_GPT6_ASTRA_FULL_HANDOFF_20260925/TTQS_DOCUMENT_FOUNDRY_RUN_ASTRA_20260925/99_FINAL_PACKAGE_B08_R03_STAGING/17_指標17/0079__I17B-E01__04__指標17b_訓後學員職涯規劃建議表.docx,04_全部文件與歷次版本/TTQS_GPT6_ASTRA_FULL_HANDOFF_20260925/19/1809_0079__I17B-E01__04__指標17b_訓後學員職涯規劃建議表.docx,原樣保留；本次尚未確認完成驗收,44763,4721aa76177012a2f27817ddb6f687f420febe1d9768d97670bf00d04d78fa26
1810,0080__I17B-E02__01__對課程評量及學員建議進行檢討與紀錄_可直接使用成品.docx,TTQS_GPT6_ASTRA_FULL_HANDOFF_20260925/TTQS_GPT6_ASTRA_FULL_HANDOFF_20260925/TTQS_DOCUMENT_FOUNDRY_RUN_ASTRA_20260925/99_FINAL_PACKAGE_B08_R03_STAGING/17_指標17/0080__I17B-E02__01__對課程評量及學員建議進行檢討與紀錄_可直接使用成品.docx,04_全部文件與歷次版本/TTQS_GPT6_ASTRA_FULL_HANDOFF_20260925/19/1810_0080__I17B-E02__01__對課程評量及學員建議進行檢討與紀錄_可直接使用成品.docx,原樣保留；本次尚未確認完成驗收,41270,20282680e784152a6e9fa338cac32905f153f226d149395a896c6b2f0511dbb3
1811,0081__I17B-E03__01__結案報告書、課後訓練機構的課程檢討行動計畫查_可直接使用成品.docx,TTQS_GPT6_ASTRA_FULL_HANDOFF_20260925/TTQS_GPT6_ASTRA_FULL_HANDOFF_20260925/TTQS_DOCUMENT_FOUNDRY_RUN_ASTRA_20260925/99_FINAL_PACKAGE_B09_R01_STAGING/17_指標17/0081__I17B-E03__01__結案報告書、課後訓練機構的課程檢討行動計畫查_可直接使用成品.docx,04_全部文件與歷次版本/TTQS_GPT6_ASTRA_FULL_HANDOFF_20260925/19/1811_0081__I17B-E03__01__結案報告書、課後訓練機構的課程檢討行動計畫查_可直接使用成品.docx,原樣保留；本次尚未確認完成驗收,41872,94c78f060ff31830f8a2083a07b6fff3926c20cd5deeb8cd4e7aacee95ecc863
1812,0082__I17C-E01__01__學員訓後動態調查表_可直接使用成品.docx,TTQS_GPT6_ASTRA_FULL_HANDOFF_20260925/TTQS_GPT6_ASTRA_FULL_HANDOFF_20260925/TTQS_DOCUMENT_FOUNDRY_RUN_ASTRA_20260925/99_FINAL_PACKAGE_B09_R01_STAGING/17_指標17/0082__I17C-E01__01__學員訓後動態調查表_可直接使用成品.docx,04_全部文件與歷次版本/TTQS_GPT6_ASTRA_FULL_HANDOFF_20260925/19/1812_0082__I17C-E01__01__學員訓後動態調查表_可直接使用成品.docx,原樣保留；本次尚未確認完成驗收,41736,72c7422258685aec4c189edf672d80851a1d83f5cd90f8749eecaadb7000a10c
1813,0083__I17C-E02__01__參訓學員的學習成果實施行動計畫表追蹤紀錄_可直接使用成品.docx,TTQS_GPT6_ASTRA_FULL_HANDOFF_20260925/TTQS_GPT6_ASTRA_FULL_HANDOFF_20260925/TTQS_DOCUMENT_FOUNDRY_RUN_ASTRA_20260925/99_FINAL_PACKAGE_B09_R01_STAGING/17_指標17/0083__I17C-E02__01__參訓學員的學習成果實施行動計畫表追蹤紀錄_可直接使用成品.docx,04_全部文件與歷次版本/TTQS_GPT6_ASTRA_FULL_HANDOFF_20260925/19/1813_0083__I17C-E02__01__參訓學員的學習成果實施行動計畫表追蹤紀錄_可直接使用成品.docx,原樣保留；本次尚未確認完成驗收,41254,7a25bc735a4c0a236e9d4f9cee5e643d551999ce33ec737e708310acd6da0c73
1814,0084__I17C-E03__01__派訓單位主管對參訓學員的學習成效評估表_可直接使用成品.docx,TTQS_GPT6_ASTRA_FULL_HANDOFF_20260925/TTQS_GPT6_ASTRA_FULL_HANDOFF_20260925/TTQS_DOCUMENT_FOUNDRY_RUN_ASTRA_20260925/99_FINAL_PACKAGE_B09_R01_STAGING/17_指標17/0084__I17C-E03__01__派訓單位主管對參訓學員的學習成效評估表_可直接使用成品.docx,04_全部文件與歷次版本/TTQS_GPT6_ASTRA_FULL_HANDOFF_20260925/19/1814_0084__I17C-E03__01__派訓單位主管對參訓學員的學習成效評估表_可直接使用成品.docx,原樣保留；本次尚未確認完成驗收,41511,9ac0e079715d6c5dbeba18d7197d1272675e6a11fcddb21d4fc04a12554c3ac4
1815,0085__I17C-E04__01__知識管理社群討論.docx,TTQS_GPT6_ASTRA_FULL_HANDOFF_20260925/TTQS_GPT6_ASTRA_FULL_HANDOFF_20260925/TTQS_DOCUMENT_FOUNDRY_RUN_ASTRA_20260925/99_FINAL_PACKAGE_B09_R01_STAGING/17_指標17/0085__I17C-E04__01__知識管理社群討論.docx,04_全部文件與歷次版本/TTQS_GPT6_ASTRA_FULL_HANDOFF_20260925/19/1815_0085__I17C-E04__01__知識管理社群討論.docx,原樣保留；本次尚未確認完成驗收,41499,fcefded52d4456c511e35daac36f59ef5e379c78ce80bc73b13e09dc199d62ce
1816,0086__I17C-E05__01__神秘客實地稽核（外部稽核）課後機制等.docx,TTQS_GPT6_ASTRA_FULL_HANDOFF_20260925/TTQS_GPT6_ASTRA_FULL_HANDOFF_20260925/TTQS_DOCUMENT_FOUNDRY_RUN_ASTRA_20260925/99_FINAL_PACKAGE_B09_R01_STAGING/17_指標17/0086__I17C-E05__01__神秘客實地稽核（外部稽核）課後機制等.docx,04_全部文件與歷次版本/TTQS_GPT6_ASTRA_FULL_HANDOFF_20260925/19/1816_0086__I17C-E05__01__神秘客實地稽核（外部稽核）課後機制等.docx,原樣保留；本次尚未確認完成驗收,41846,194474031df1d6d45122fdad735fecb1dcd98090275a4a4e23cea67596ce947a
1817,0088__I17D-E02__01__就業及考照追蹤紀錄_可直接使用成品.docx,TTQS_GPT6_ASTRA_FULL_HANDOFF_20260925/TTQS_GPT6_ASTRA_FULL_HANDOFF_20260925/TTQS_DOCUMENT_FOUNDRY_RUN_ASTRA_20260925/99_FINAL_PACKAGE_B09_R01_STAGING/17_指標17/0088__I17D-E02__01__就業及考照追蹤紀錄_可直接使用成品.docx,04_全部文件與歷次版本/TTQS_GPT6_ASTRA_FULL_HANDOFF_20260925/19/1817_0088__I17D-E02__01__就業及考照追蹤紀錄_可直接使用成品.docx,原樣保留；本次尚未確認完成驗收,41702,46a9ca9d78c40a5bff33ccdedb143d7f9253cf4ce3f4ed994becb776ee692400
1818,0089__I17D-E03__01__品質不良率下降統計表.docx,TTQS_GPT6_ASTRA_FULL_HANDOFF_20260925/TTQS_GPT6_ASTRA_FULL_HANDOFF_20260925/TTQS_DOCUMENT_FOUNDRY_RUN_ASTRA_20260925/99_FINAL_PACKAGE_B09_R01_STAGING/17_指標17/0089__I17D-E03__01__品質不良率下降統計表.docx,04_全部文件與歷次版本/TTQS_GPT6_ASTRA_FULL_HANDOFF_20260925/19/1818_0089__I17D-E03__01__品質不良率下降統計表.docx,原樣保留；本次尚未確認完成驗收,41297,fab241b9a20ad5392266af292b584a3ee6bca7da98f12ae6a1e40132f282041b
1819,0090__I17D-E04__01__派訓單位主管對參訓學員的學習成效評估表_可直接使用成品.docx,TTQS_GPT6_ASTRA_FULL_HANDOFF_20260925/TTQS_GPT6_ASTRA_FULL_HANDOFF_20260925/TTQS_DOCUMENT_FOUNDRY_RUN_ASTRA_20260925/99_FINAL_PACKAGE_B09_R01_STAGING/17_指標17/0090__I17D-E04__01__派訓單位主管對參訓學員的學習成效評估表_可直接使用成品.docx,04_全部文件與歷次版本/TTQS_GPT6_ASTRA_FULL_HANDOFF_20260925/19/1819_0090__I17D-E04__01__派訓單位主管對參訓學員的學習成效評估表_可直接使用成品.docx,原樣保留；本次尚未確認完成驗收,41813,5fb9ddac7a2136bbef58e35e1865f07b8f96401a0f1180fd22fab4e6c2093344
1820,0087__I17D-E01__01__訓後成果追蹤調查表.docx,TTQS_GPT6_ASTRA_FULL_HANDOFF_20260925/TTQS_GPT6_ASTRA_FULL_HANDOFF_20260925/TTQS_DOCUMENT_FOUNDRY_RUN_ASTRA_20260925/99_FINAL_PACKAGE_B09_R01_STAGING/17_指標17/0087__I17D-E01__01__訓後成果追蹤調查表.docx,04_全部文件與歷次版本/TTQS_GPT6_ASTRA_FULL_HANDOFF_20260925/19/1820_0087__I17D-E01__01__訓後成果追蹤調查表.docx,原樣保留；本次尚未確認完成驗收,53197,426754646ee5d258dca99a250f27d9fa3d4b9cf8122da3819fd2942c45ffbd88
1821,0081__I17B-E03__01__結案報告書、課後訓練機構的課程檢討行動計畫查_可直接使用成品.docx,TTQS_GPT6_ASTRA_FULL_HANDOFF_20260925/TTQS_GPT6_ASTRA_FULL_HANDOFF_20260925/TTQS_DOCUMENT_FOUNDRY_RUN_ASTRA_20260925/99_FINAL_PACKAGE_B09_R02_STAGING/17_指標17/0081__I17B-E03__01__結案報告書、課後訓練機構的課程檢討行動計畫查_可直接使用成品.docx,04_全部文件與歷次版本/TTQS_GPT6_ASTRA_FULL_HANDOFF_20260925/19/1821_0081__I17B-E03__01__結案報告書、課後訓練機構的課程檢討行動計畫查_可直接使用成品.docx,原樣保留；本次尚未確認完成驗收,41648,1ecd4cf90c6c09dfbb8bd821e8354b1ab184c4c70c215f3e56d900cd0b350133
1822,0082__I17C-E01__01__學員訓後動態調查表_可直接使用成品.docx,TTQS_GPT6_ASTRA_FULL_HANDOFF_20260925/TTQS_GPT6_ASTRA_FULL_HANDOFF_20260925/TTQS_DOCUMENT_FOUNDRY_RUN_ASTRA_20260925/99_FINAL_PACKAGE_B09_R02_STAGING/17_指標17/0082__I17C-E01__01__學員訓後動態調查表_可直接使用成品.docx,04_全部文件與歷次版本/TTQS_GPT6_ASTRA_FULL_HANDOFF_20260925/19/1822_0082__I17C-E01__01__學員訓後動態調查表_可直接使用成品.docx,原樣保留；本次尚未確認完成驗收,41568,e907622a841b9e3b9ec39edbeccbab2cfe88540835e5e2d7cc58ba880e1c2a95
1823,0083__I17C-E02__01__參訓學員的學習成果實施行動計畫表追蹤紀錄_可直接使用成品.docx,TTQS_GPT6_ASTRA_FULL_HANDOFF_20260925/TTQS_GPT6_ASTRA_FULL_HANDOFF_20260925/TTQS_DOCUMENT_FOUNDRY_RUN_ASTRA_20260925/99_FINAL_PACKAGE_B09_R02_STAGING/17_指標17/0083__I17C-E02__01__參訓學員的學習成果實施行動計畫表追蹤紀錄_可直接使用成品.docx,04_全部文件與歷次版本/TTQS_GPT6_ASTRA_FULL_HANDOFF_20260925/19/1823_0083__I17C-E02__01__參訓學員的學習成果實施行動計畫表追蹤紀錄_可直接使用成品.docx,原樣保留；本次尚未確認完成驗收,41123,ba96da149d9b044a1d76043c1d70d859c270181d2678d1bb1b12a4f1f7cd489b
1824,0084__I17C-E03__01__派訓單位主管對參訓學員的學習成效評估表_可直接使用成品.docx,TTQS_GPT6_ASTRA_FULL_HANDOFF_20260925/TTQS_GPT6_ASTRA_FULL_HANDOFF_20260925/TTQS_DOCUMENT_FOUNDRY_RUN_ASTRA_20260925/99_FINAL_PACKAGE_B09_R02_STAGING/17_指標17/0084__I17C-E03__01__派訓單位主管對參訓學員的學習成效評估表_可直接使用成品.docx,04_全部文件與歷次版本/TTQS_GPT6_ASTRA_FULL_HANDOFF_20260925/19/1824_0084__I17C-E03__01__派訓單位主管對參訓學員的學習成效評估表_可直接使用成品.docx,原樣保留；本次尚未確認完成驗收,41385,5eafe2d3afb2462fc8f46eb407550b3069d6da8f60984b5f105c7df81790cf76
1825,0085__I17C-E04__01__知識管理社群討論.docx,TTQS_GPT6_ASTRA_FULL_HANDOFF_20260925/TTQS_GPT6_ASTRA_FULL_HANDOFF_20260925/TTQS_DOCUMENT_FOUNDRY_RUN_ASTRA_20260925/99_FINAL_PACKAGE_B09_R02_STAGING/17_指標17/0085__I17C-E04__01__知識管理社群討論.docx,04_全部文件與歷次版本/TTQS_GPT6_ASTRA_FULL_HANDOFF_20260925/19/1825_0085__I17C-E04__01__知識管理社群討論.docx,原樣保留；本次尚未確認完成驗收,41329,18ffba55e7cfc142d9487727b1e4e64eb146d3dd2d50d60dfe37eb662c140ce3
1826,0086__I17C-E05__01__神秘客實地稽核（外部稽核）課後機制等.docx,TTQS_GPT6_ASTRA_FULL_HANDOFF_20260925/TTQS_GPT6_ASTRA_FULL_HANDOFF_20260925/TTQS_DOCUMENT_FOUNDRY_RUN_ASTRA_20260925/99_FINAL_PACKAGE_B09_R02_STAGING/17_指標17/0086__I17C-E05__01__神秘客實地稽核（外部稽核）課後機制等.docx,04_全部文件與歷次版本/TTQS_GPT6_ASTRA_FULL_HANDOFF_20260925/19/1826_0086__I17C-E05__01__神秘客實地稽核（外部稽核）課後機制等.docx,原樣保留；本次尚未確認完成驗收,41649,c1cc88b41c124bd3c8b1e6ef7da574582069086a2affa668b2dd598808d06d06
1827,0088__I17D-E02__01__就業及考照追蹤紀錄_可直接使用成品.docx,TTQS_GPT6_ASTRA_FULL_HANDOFF_20260925/TTQS_GPT6_ASTRA_FULL_HANDOFF_20260925/TTQS_DOCUMENT_FOUNDRY_RUN_ASTRA_20260925/99_FINAL_PACKAGE_B09_R02_STAGING/17_指標17/0088__I17D-E02__01__就業及考照追蹤紀錄_可直接使用成品.docx,04_全部文件與歷次版本/TTQS_GPT6_ASTRA_FULL_HANDOFF_20260925/19/1827_0088__I17D-E02__01__就業及考照追蹤紀錄_可直接使用成品.docx,原樣保留；本次尚未確認完成驗收,41516,4e84a38da0071f072344e83e474eb7c303dd3b4950331477750c5f716e7127dd
1828,0089__I17D-E03__01__品質不良率下降統計表.docx,TTQS_GPT6_ASTRA_FULL_HANDOFF_20260925/TTQS_GPT6_ASTRA_FULL_HANDOFF_20260925/TTQS_DOCUMENT_FOUNDRY_RUN_ASTRA_20260925/99_FINAL_PACKAGE_B09_R02_STAGING/17_指標17/0089__I17D-E03__01__品質不良率下降統計表.docx,04_全部文件與歷次版本/TTQS_GPT6_ASTRA_FULL_HANDOFF_20260925/19/1828_0089__I17D-E03__01__品質不良率下降統計表.docx,原樣保留；本次尚未確認完成驗收,41119,640b9c067e6104dd7481f27da35ce09ebd09a80b4a86cc03111cd3cdcaee70de
1829,0090__I17D-E04__01__派訓單位主管對參訓學員的學習成效評估表_可直接使用成品.docx,TTQS_GPT6_ASTRA_FULL_HANDOFF_20260925/TTQS_GPT6_ASTRA_FULL_HANDOFF_20260925/TTQS_DOCUMENT_FOUNDRY_RUN_ASTRA_20260925/99_FINAL_PACKAGE_B09_R02_STAGING/17_指標17/0090__I17D-E04__01__派訓單位主管對參訓學員的學習成效評估表_可直接使用成品.docx,04_全部文件與歷次版本/TTQS_GPT6_ASTRA_FULL_HANDOFF_20260925/19/1829_0090__I17D-E04__01__派訓單位主管對參訓學員的學習成效評估表_可直接使用成品.docx,原樣保留；本次尚未確認完成驗收,41628,c0ee3e37013236a7d8166a44dd58ab079a2a925f8a508797ad8fa480d14170b3
1830,0087__I17D-E01__01__訓後成果追蹤調查表.docx,TTQS_GPT6_ASTRA_FULL_HANDOFF_20260925/TTQS_GPT6_ASTRA_FULL_HANDOFF_20260925/TTQS_DOCUMENT_FOUNDRY_RUN_ASTRA_20260925/99_FINAL_PACKAGE_B09_R02_STAGING/17_指標17/0087__I17D-E01__01__訓後成果追蹤調查表.docx,04_全部文件與歷次版本/TTQS_GPT6_ASTRA_FULL_HANDOFF_20260925/19/1830_0087__I17D-E01__01__訓後成果追蹤調查表.docx,原樣保留；本次尚未確認完成驗收,53197,426754646ee5d258dca99a250f27d9fa3d4b9cf8122da3819fd2942c45ffbd88
1831,0081__I17B-E03__01__結案報告書、課後訓練機構的課程檢討行動計畫查_可直接使用成品.docx,TTQS_GPT6_ASTRA_FULL_HANDOFF_20260925/TTQS_GPT6_ASTRA_FULL_HANDOFF_20260925/TTQS_DOCUMENT_FOUNDRY_RUN_ASTRA_20260925/99_FINAL_PACKAGE_B09_R03_STAGING/17_指標17/0081__I17B-E03__01__結案報告書、課後訓練機構的課程檢討行動計畫查_可直接使用成品.docx,04_全部文件與歷次版本/TTQS_GPT6_ASTRA_FULL_HANDOFF_20260925/19/1831_0081__I17B-E03__01__結案報告書、課後訓練機構的課程檢討行動計畫查_可直接使用成品.docx,原樣保留；本次尚未確認完成驗收,41648,1ecd4cf90c6c09dfbb8bd821e8354b1ab184c4c70c215f3e56d900cd0b350133
1832,0082__I17C-E01__01__學員訓後動態調查表_可直接使用成品.docx,TTQS_GPT6_ASTRA_FULL_HANDOFF_20260925/TTQS_GPT6_ASTRA_FULL_HANDOFF_20260925/TTQS_DOCUMENT_FOUNDRY_RUN_ASTRA_20260925/99_FINAL_PACKAGE_B09_R03_STAGING/17_指標17/0082__I17C-E01__01__學員訓後動態調查表_可直接使用成品.docx,04_全部文件與歷次版本/TTQS_GPT6_ASTRA_FULL_HANDOFF_20260925/19/1832_0082__I17C-E01__01__學員訓後動態調查表_可直接使用成品.docx,原樣保留；本次尚未確認完成驗收,41598,b39562e77310ee15dee690076530d50360ea866e49b1d115136c6caf8a057eae
1833,0083__I17C-E02__01__參訓學員的學習成果實施行動計畫表追蹤紀錄_可直接使用成品.docx,TTQS_GPT6_ASTRA_FULL_HANDOFF_20260925/TTQS_GPT6_ASTRA_FULL_HANDOFF_20260925/TTQS_DOCUMENT_FOUNDRY_RUN_ASTRA_20260925/99_FINAL_PACKAGE_B09_R03_STAGING/17_指標17/0083__I17C-E02__01__參訓學員的學習成果實施行動計畫表追蹤紀錄_可直接使用成品.docx,04_全部文件與歷次版本/TTQS_GPT6_ASTRA_FULL_HANDOFF_20260925/19/1833_0083__I17C-E02__01__參訓學員的學習成果實施行動計畫表追蹤紀錄_可直接使用成品.docx,原樣保留；本次尚未確認完成驗收,41149,17d0278b05070d7ae8965951713d6b67632e277ad302a6e13ce69c1c3c54f926
1834,0084__I17C-E03__01__派訓單位主管對參訓學員的學習成效評估表_可直接使用成品.docx,TTQS_GPT6_ASTRA_FULL_HANDOFF_20260925/TTQS_GPT6_ASTRA_FULL_HANDOFF_20260925/TTQS_DOCUMENT_FOUNDRY_RUN_ASTRA_20260925/99_FINAL_PACKAGE_B09_R03_STAGING/17_指標17/0084__I17C-E03__01__派訓單位主管對參訓學員的學習成效評估表_可直接使用成品.docx,04_全部文件與歷次版本/TTQS_GPT6_ASTRA_FULL_HANDOFF_20260925/19/1834_0084__I17C-E03__01__派訓單位主管對參訓學員的學習成效評估表_可直接使用成品.docx,原樣保留；本次尚未確認完成驗收,41404,3d5819b067d92c04d2f6b54305f623c37e8b870b4ac0822549797d66a846d34c
1835,0085__I17C-E04__01__知識管理社群討論.docx,TTQS_GPT6_ASTRA_FULL_HANDOFF_20260925/TTQS_GPT6_ASTRA_FULL_HANDOFF_20260925/TTQS_DOCUMENT_FOUNDRY_RUN_ASTRA_20260925/99_FINAL_PACKAGE_B09_R03_STAGING/17_指標17/0085__I17C-E04__01__知識管理社群討論.docx,04_全部文件與歷次版本/TTQS_GPT6_ASTRA_FULL_HANDOFF_20260925/19/1835_0085__I17C-E04__01__知識管理社群討論.docx,原樣保留；本次尚未確認完成驗收,41352,4a51b62512f6868d71bfe9568a4712b13fa52cdeaad8fd28bde8fcdde7fac577
1836,0086__I17C-E05__01__神秘客實地稽核（外部稽核）課後機制等.docx,TTQS_GPT6_ASTRA_FULL_HANDOFF_20260925/TTQS_GPT6_ASTRA_FULL_HANDOFF_20260925/TTQS_DOCUMENT_FOUNDRY_RUN_ASTRA_20260925/99_FINAL_PACKAGE_B09_R03_STAGING/17_指標17/0086__I17C-E05__01__神秘客實地稽核（外部稽核）課後機制等.docx,04_全部文件與歷次版本/TTQS_GPT6_ASTRA_FULL_HANDOFF_20260925/19/1836_0086__I17C-E05__01__神秘客實地稽核（外部稽核）課後機制等.docx,原樣保留；本次尚未確認完成驗收,41649,c1cc88b41c124bd3c8b1e6ef7da574582069086a2affa668b2dd598808d06d06
1837,0088__I17D-E02__01__就業及考照追蹤紀錄_可直接使用成品.docx,TTQS_GPT6_ASTRA_FULL_HANDOFF_20260925/TTQS_GPT6_ASTRA_FULL_HANDOFF_20260925/TTQS_DOCUMENT_FOUNDRY_RUN_ASTRA_20260925/99_FINAL_PACKAGE_B09_R03_STAGING/17_指標17/0088__I17D-E02__01__就業及考照追蹤紀錄_可直接使用成品.docx,04_全部文件與歷次版本/TTQS_GPT6_ASTRA_FULL_HANDOFF_20260925/19/1837_0088__I17D-E02__01__就業及考照追蹤紀錄_可直接使用成品.docx,原樣保留；本次尚未確認完成驗收,41541,fb0d15f7039e6256bc6a9c737f414fccba51139b68be8748fb3c066321709c35
1838,0089__I17D-E03__01__品質不良率下降統計表.docx,TTQS_GPT6_ASTRA_FULL_HANDOFF_20260925/TTQS_GPT6_ASTRA_FULL_HANDOFF_20260925/TTQS_DOCUMENT_FOUNDRY_RUN_ASTRA_20260925/99_FINAL_PACKAGE_B09_R03_STAGING/17_指標17/0089__I17D-E03__01__品質不良率下降統計表.docx,04_全部文件與歷次版本/TTQS_GPT6_ASTRA_FULL_HANDOFF_20260925/19/1838_0089__I17D-E03__01__品質不良率下降統計表.docx,原樣保留；本次尚未確認完成驗收,41139,da459a2ae9a6e33b940941d1031bafa36a84243e32876603776885a97d818db2
1839,0090__I17D-E04__01__派訓單位主管對參訓學員的學習成效評估表_可直接使用成品.docx,TTQS_GPT6_ASTRA_FULL_HANDOFF_20260925/TTQS_GPT6_ASTRA_FULL_HANDOFF_20260925/TTQS_DOCUMENT_FOUNDRY_RUN_ASTRA_20260925/99_FINAL_PACKAGE_B09_R03_STAGING/17_指標17/0090__I17D-E04__01__派訓單位主管對參訓學員的學習成效評估表_可直接使用成品.docx,04_全部文件與歷次版本/TTQS_GPT6_ASTRA_FULL_HANDOFF_20260925/19/1839_0090__I17D-E04__01__派訓單位主管對參訓學員的學習成效評估表_可直接使用成品.docx,原樣保留；本次尚未確認完成驗收,41651,0dc9327946e314d19eb9def066ac2f9112abaa2bfa8ba76432b8ac42f29b3a3c
1840,0087__I17D-E01__01__訓後成果追蹤調查表.docx,TTQS_GPT6_ASTRA_FULL_HANDOFF_20260925/TTQS_GPT6_ASTRA_FULL_HANDOFF_20260925/TTQS_DOCUMENT_FOUNDRY_RUN_ASTRA_20260925/99_FINAL_PACKAGE_B09_R03_STAGING/17_指標17/0087__I17D-E01__01__訓後成果追蹤調查表.docx,04_全部文件與歷次版本/TTQS_GPT6_ASTRA_FULL_HANDOFF_20260925/19/1840_0087__I17D-E01__01__訓後成果追蹤調查表.docx,原樣保留；本次尚未確認完成驗收,53197,426754646ee5d258dca99a250f27d9fa3d4b9cf8122da3819fd2942c45ffbd88
1841,0081__I17B-E03__01__結案報告書、課後訓練機構的課程檢討行動計畫查_可直接使用成品.docx,TTQS_GPT6_ASTRA_FULL_HANDOFF_20260925/TTQS_GPT6_ASTRA_FULL_HANDOFF_20260925/TTQS_DOCUMENT_FOUNDRY_RUN_ASTRA_20260925/99_FINAL_PACKAGE_B09_R04_STAGING/17_指標17/0081__I17B-E03__01__結案報告書、課後訓練機構的課程檢討行動計畫查_可直接使用成品.docx,04_全部文件與歷次版本/TTQS_GPT6_ASTRA_FULL_HANDOFF_20260925/19/1841_0081__I17B-E03__01__結案報告書、課後訓練機構的課程檢討行動計畫查_可直接使用成品.docx,原樣保留；本次尚未確認完成驗收,41648,1ecd4cf90c6c09dfbb8bd821e8354b1ab184c4c70c215f3e56d900cd0b350133
1842,0082__I17C-E01__01__學員訓後動態調查表_可直接使用成品.docx,TTQS_GPT6_ASTRA_FULL_HANDOFF_20260925/TTQS_GPT6_ASTRA_FULL_HANDOFF_20260925/TTQS_DOCUMENT_FOUNDRY_RUN_ASTRA_20260925/99_FINAL_PACKAGE_B09_R04_STAGING/17_指標17/0082__I17C-E01__01__學員訓後動態調查表_可直接使用成品.docx,04_全部文件與歷次版本/TTQS_GPT6_ASTRA_FULL_HANDOFF_20260925/19/1842_0082__I17C-E01__01__學員訓後動態調查表_可直接使用成品.docx,原樣保留；本次尚未確認完成驗收,41598,b39562e77310ee15dee690076530d50360ea866e49b1d115136c6caf8a057eae
1843,0083__I17C-E02__01__參訓學員的學習成果實施行動計畫表追蹤紀錄_可直接使用成品.docx,TTQS_GPT6_ASTRA_FULL_HANDOFF_20260925/TTQS_GPT6_ASTRA_FULL_HANDOFF_20260925/TTQS_DOCUMENT_FOUNDRY_RUN_ASTRA_20260925/99_FINAL_PACKAGE_B09_R04_STAGING/17_指標17/0083__I17C-E02__01__參訓學員的學習成果實施行動計畫表追蹤紀錄_可直接使用成品.docx,04_全部文件與歷次版本/TTQS_GPT6_ASTRA_FULL_HANDOFF_20260925/19/1843_0083__I17C-E02__01__參訓學員的學習成果實施行動計畫表追蹤紀錄_可直接使用成品.docx,原樣保留；本次尚未確認完成驗收,41149,17d0278b05070d7ae8965951713d6b67632e277ad302a6e13ce69c1c3c54f926
1844,0084__I17C-E03__01__派訓單位主管對參訓學員的學習成效評估表_可直接使用成品.docx,TTQS_GPT6_ASTRA_FULL_HANDOFF_20260925/TTQS_GPT6_ASTRA_FULL_HANDOFF_20260925/TTQS_DOCUMENT_FOUNDRY_RUN_ASTRA_20260925/99_FINAL_PACKAGE_B09_R04_STAGING/17_指標17/0084__I17C-E03__01__派訓單位主管對參訓學員的學習成效評估表_可直接使用成品.docx,04_全部文件與歷次版本/TTQS_GPT6_ASTRA_FULL_HANDOFF_20260925/19/1844_0084__I17C-E03__01__派訓單位主管對參訓學員的學習成效評估表_可直接使用成品.docx,原樣保留；本次尚未確認完成驗收,41404,3d5819b067d92c04d2f6b54305f623c37e8b870b4ac0822549797d66a846d34c
1845,0085__I17C-E04__01__知識管理社群討論.docx,TTQS_GPT6_ASTRA_FULL_HANDOFF_20260925/TTQS_GPT6_ASTRA_FULL_HANDOFF_20260925/TTQS_DOCUMENT_FOUNDRY_RUN_ASTRA_20260925/99_FINAL_PACKAGE_B09_R04_STAGING/17_指標17/0085__I17C-E04__01__知識管理社群討論.docx,04_全部文件與歷次版本/TTQS_GPT6_ASTRA_FULL_HANDOFF_20260925/19/1845_0085__I17C-E04__01__知識管理社群討論.docx,原樣保留；本次尚未確認完成驗收,41352,4a51b62512f6868d71bfe9568a4712b13fa52cdeaad8fd28bde8fcdde7fac577
1846,0086__I17C-E05__01__神秘客實地稽核（外部稽核）課後機制等.docx,TTQS_GPT6_ASTRA_FULL_HANDOFF_20260925/TTQS_GPT6_ASTRA_FULL_HANDOFF_20260925/TTQS_DOCUMENT_FOUNDRY_RUN_ASTRA_20260925/99_FINAL_PACKAGE_B09_R04_STAGING/17_指標17/0086__I17C-E05__01__神秘客實地稽核（外部稽核）課後機制等.docx,04_全部文件與歷次版本/TTQS_GPT6_ASTRA_FULL_HANDOFF_20260925/19/1846_0086__I17C-E05__01__神秘客實地稽核（外部稽核）課後機制等.docx,原樣保留；本次尚未確認完成驗收,41649,c1cc88b41c124bd3c8b1e6ef7da574582069086a2affa668b2dd598808d06d06
1847,0088__I17D-E02__01__就業及考照追蹤紀錄_可直接使用成品.docx,TTQS_GPT6_ASTRA_FULL_HANDOFF_20260925/TTQS_GPT6_ASTRA_FULL_HANDOFF_20260925/TTQS_DOCUMENT_FOUNDRY_RUN_ASTRA_20260925/99_FINAL_PACKAGE_B09_R04_STAGING/17_指標17/0088__I17D-E02__01__就業及考照追蹤紀錄_可直接使用成品.docx,04_全部文件與歷次版本/TTQS_GPT6_ASTRA_FULL_HANDOFF_20260925/19/1847_0088__I17D-E02__01__就業及考照追蹤紀錄_可直接使用成品.docx,原樣保留；本次尚未確認完成驗收,41541,fb0d15f7039e6256bc6a9c737f414fccba51139b68be8748fb3c066321709c35
1848,0089__I17D-E03__01__品質不良率下降統計表.docx,TTQS_GPT6_ASTRA_FULL_HANDOFF_20260925/TTQS_GPT6_ASTRA_FULL_HANDOFF_20260925/TTQS_DOCUMENT_FOUNDRY_RUN_ASTRA_20260925/99_FINAL_PACKAGE_B09_R04_STAGING/17_指標17/0089__I17D-E03__01__品質不良率下降統計表.docx,04_全部文件與歷次版本/TTQS_GPT6_ASTRA_FULL_HANDOFF_20260925/19/1848_0089__I17D-E03__01__品質不良率下降統計表.docx,原樣保留；本次尚未確認完成驗收,41139,da459a2ae9a6e33b940941d1031bafa36a84243e32876603776885a97d818db2
1849,0090__I17D-E04__01__派訓單位主管對參訓學員的學習成效評估表_可直接使用成品.docx,TTQS_GPT6_ASTRA_FULL_HANDOFF_20260925/TTQS_GPT6_ASTRA_FULL_HANDOFF_20260925/TTQS_DOCUMENT_FOUNDRY_RUN_ASTRA_20260925/99_FINAL_PACKAGE_B09_R04_STAGING/17_指標17/0090__I17D-E04__01__派訓單位主管對參訓學員的學習成效評估表_可直接使用成品.docx,04_全部文件與歷次版本/TTQS_GPT6_ASTRA_FULL_HANDOFF_20260925/19/1849_0090__I17D-E04__01__派訓單位主管對參訓學員的學習成效評估表_可直接使用成品.docx,原樣保留；本次尚未確認完成驗收,41683,00b5c82a59b99d752929ed9192a81a252c54bf4d0497d707c0eba4e751803771
1850,0087__I17D-E01__01__訓後成果追蹤調查表.docx,TTQS_GPT6_ASTRA_FULL_HANDOFF_20260925/TTQS_GPT6_ASTRA_FULL_HANDOFF_20260925/TTQS_DOCUMENT_FOUNDRY_RUN_ASTRA_20260925/99_FINAL_PACKAGE_B09_R04_STAGING/17_指標17/0087__I17D-E01__01__訓後成果追蹤調查表.docx,04_全部文件與歷次版本/TTQS_GPT6_ASTRA_FULL_HANDOFF_20260925/19/1850_0087__I17D-E01__01__訓後成果追蹤調查表.docx,原樣保留；本次尚未確認完成驗收,53197,426754646ee5d258dca99a250f27d9fa3d4b9cf8122da3819fd2942c45ffbd88
1851,0091__I17D-E05__01__學員就業證明_可直接使用成品.docx,TTQS_GPT6_ASTRA_FULL_HANDOFF_20260925/TTQS_GPT6_ASTRA_FULL_HANDOFF_20260925/TTQS_DOCUMENT_FOUNDRY_RUN_ASTRA_20260925/99_FINAL_PACKAGE_B10_R01_STAGING/17_指標17/0091__I17D-E05__01__學員就業證明_可直接使用成品.docx,04_全部文件與歷次版本/TTQS_GPT6_ASTRA_FULL_HANDOFF_20260925/19/1851_0091__I17D-E05__01__學員就業證明_可直接使用成品.docx,原樣保留；本次尚未確認完成驗收,41716,f11e2e0e6134b017ffa93da82e1b89b6d75bd1178a5fe10358073979037f8057
1852,0092__I17D-E06__01__第三方感謝函索取稿與證據驗證登錄表.docx,TTQS_GPT6_ASTRA_FULL_HANDOFF_20260925/TTQS_GPT6_ASTRA_FULL_HANDOFF_20260925/TTQS_DOCUMENT_FOUNDRY_RUN_ASTRA_20260925/99_FINAL_PACKAGE_B10_R01_STAGING/17_指標17/0092__I17D-E06__01__第三方感謝函索取稿與證據驗證登錄表.docx,04_全部文件與歷次版本/TTQS_GPT6_ASTRA_FULL_HANDOFF_20260925/19/1852_0092__I17D-E06__01__第三方感謝函索取稿與證據驗證登錄表.docx,原樣保留；本次尚未確認完成驗收,41421,94e801984238d2302c332bf097af0e4837786b8e43e427c8b0f630cd7529f7c7
1853,0093__I17D-E07__01__學員訓後雇主問卷調查表_可直接使用成品.docx,TTQS_GPT6_ASTRA_FULL_HANDOFF_20260925/TTQS_GPT6_ASTRA_FULL_HANDOFF_20260925/TTQS_DOCUMENT_FOUNDRY_RUN_ASTRA_20260925/99_FINAL_PACKAGE_B10_R01_STAGING/17_指標17/0093__I17D-E07__01__學員訓後雇主問卷調查表_可直接使用成品.docx,04_全部文件與歷次版本/TTQS_GPT6_ASTRA_FULL_HANDOFF_20260925/19/1853_0093__I17D-E07__01__學員訓後雇主問卷調查表_可直接使用成品.docx,原樣保留；本次尚未確認完成驗收,41767,60a0206b0247812c92d2f2f577bd9daff2295ecb50ee2c5c77412051915008c3
1854,0094__I18-E01__01__口述目標客戶及學員認為訓練有其功能，僅有滿意_可直接使用成品.docx,TTQS_GPT6_ASTRA_FULL_HANDOFF_20260925/TTQS_GPT6_ASTRA_FULL_HANDOFF_20260925/TTQS_DOCUMENT_FOUNDRY_RUN_ASTRA_20260925/99_FINAL_PACKAGE_B10_R01_STAGING/18_指標18/0094__I18-E01__01__口述目標客戶及學員認為訓練有其功能，僅有滿意_可直接使用成品.docx,04_全部文件與歷次版本/TTQS_GPT6_ASTRA_FULL_HANDOFF_20260925/19/1854_0094__I18-E01__01__口述目標客戶及學員認為訓練有其功能，僅有滿意_可直接使用成品.docx,原樣保留；本次尚未確認完成驗收,41824,0e8e1a302e0d48d1220ea4a9eb0c72ceb4d9368395376cfcd71909c985789e1c
1855,0095__I18-E02__01__建立目標客戶及學員滿意度調查機制（系統及流程.docx,TTQS_GPT6_ASTRA_FULL_HANDOFF_20260925/TTQS_GPT6_ASTRA_FULL_HANDOFF_20260925/TTQS_DOCUMENT_FOUNDRY_RUN_ASTRA_20260925/99_FINAL_PACKAGE_B10_R01_STAGING/18_指標18/0095__I18-E02__01__建立目標客戶及學員滿意度調查機制（系統及流程.docx,04_全部文件與歷次版本/TTQS_GPT6_ASTRA_FULL_HANDOFF_20260925/19/1855_0095__I18-E02__01__建立目標客戶及學員滿意度調查機制（系統及流程.docx,原樣保留；本次尚未確認完成驗收,42321,4e7cc76add9033ec61766425f93e1a03a53b85a9a2162293ab69508cb3bbefb1
1856,0096__I18-E03__01__感謝函_可直接使用成品.docx,TTQS_GPT6_ASTRA_FULL_HANDOFF_20260925/TTQS_GPT6_ASTRA_FULL_HANDOFF_20260925/TTQS_DOCUMENT_FOUNDRY_RUN_ASTRA_20260925/99_FINAL_PACKAGE_B10_R01_STAGING/18_指標18/0096__I18-E03__01__感謝函_可直接使用成品.docx,04_全部文件與歷次版本/TTQS_GPT6_ASTRA_FULL_HANDOFF_20260925/19/1856_0096__I18-E03__01__感謝函_可直接使用成品.docx,原樣保留；本次尚未確認完成驗收,41413,7a5ffe7f524e1bbe7a1ec40c0e20c3616b1eec60e558cc376bedab25c3ace91d
1857,0097__I18-E05__01__問卷調查等顯示目標客戶及學員認為訓練有達成能.docx,TTQS_GPT6_ASTRA_FULL_HANDOFF_20260925/TTQS_GPT6_ASTRA_FULL_HANDOFF_20260925/TTQS_DOCUMENT_FOUNDRY_RUN_ASTRA_20260925/99_FINAL_PACKAGE_B10_R01_STAGING/18_指標18/0097__I18-E05__01__問卷調查等顯示目標客戶及學員認為訓練有達成能.docx,04_全部文件與歷次版本/TTQS_GPT6_ASTRA_FULL_HANDOFF_20260925/19/1857_0097__I18-E05__01__問卷調查等顯示目標客戶及學員認為訓練有達成能.docx,原樣保留；本次尚未確認完成驗收,41592,24b7ea852091a0ec573936cd3852d265b2e23af1f3046e04b46ba9cbbb340ff6
1858,0098__I18-E06__01__執行目標客戶及學員滿意度調查及分析（系統及流.docx,TTQS_GPT6_ASTRA_FULL_HANDOFF_20260925/TTQS_GPT6_ASTRA_FULL_HANDOFF_20260925/TTQS_DOCUMENT_FOUNDRY_RUN_ASTRA_20260925/99_FINAL_PACKAGE_B10_R01_STAGING/18_指標18/0098__I18-E06__01__執行目標客戶及學員滿意度調查及分析（系統及流.docx,04_全部文件與歷次版本/TTQS_GPT6_ASTRA_FULL_HANDOFF_20260925/19/1858_0098__I18-E06__01__執行目標客戶及學員滿意度調查及分析（系統及流.docx,原樣保留；本次尚未確認完成驗收,41768,d5f6977c12b9b0e805c2636611bca9da9ccf104f8222cd735f58b8e95b6e89f0
1859,0099__I18-E07__01__提出目標客戶及學員對訓練達能力提升之說明（學.docx,TTQS_GPT6_ASTRA_FULL_HANDOFF_20260925/TTQS_GPT6_ASTRA_FULL_HANDOFF_20260925/TTQS_DOCUMENT_FOUNDRY_RUN_ASTRA_20260925/99_FINAL_PACKAGE_B10_R01_STAGING/18_指標18/0099__I18-E07__01__提出目標客戶及學員對訓練達能力提升之說明（學.docx,04_全部文件與歷次版本/TTQS_GPT6_ASTRA_FULL_HANDOFF_20260925/19/1859_0099__I18-E07__01__提出目標客戶及學員對訓練達能力提升之說明（學.docx,原樣保留；本次尚未確認完成驗收,41544,b2f14abdb1716f6413492bae47978b8f2775dc0b14a45b30eb8af2ba4818ffb7
1860,0100__I18-E08__01__學員培訓前後自我評量表.docx,TTQS_GPT6_ASTRA_FULL_HANDOFF_20260925/TTQS_GPT6_ASTRA_FULL_HANDOFF_20260925/TTQS_DOCUMENT_FOUNDRY_RUN_ASTRA_20260925/99_FINAL_PACKAGE_B10_R01_STAGING/18_指標18/0100__I18-E08__01__學員培訓前後自我評量表.docx,04_全部文件與歷次版本/TTQS_GPT6_ASTRA_FULL_HANDOFF_20260925/19/1860_0100__I18-E08__01__學員培訓前後自我評量表.docx,原樣保留；本次尚未確認完成驗收,42305,bf330f665968df33f609badb0247edc3ab525b75099da08277e3bf3567c3e460
1861,0101__I18-E08__02__能力提升雷達分析報告.docx,TTQS_GPT6_ASTRA_FULL_HANDOFF_20260925/TTQS_GPT6_ASTRA_FULL_HANDOFF_20260925/TTQS_DOCUMENT_FOUNDRY_RUN_ASTRA_20260925/99_FINAL_PACKAGE_B11_R01_STAGING/18_指標18/0101__I18-E08__02__能力提升雷達分析報告.docx,04_全部文件與歷次版本/TTQS_GPT6_ASTRA_FULL_HANDOFF_20260925/19/1861_0101__I18-E08__02__能力提升雷達分析報告.docx,原樣保留；本次尚未確認完成驗收,97396,fa226a3a8a7cc19ff5409b5b681cb23bf80059c4a91b31c8a1cdc6660468da62
1862,0102__I18-E09__01__指導學員參加技能競賽獲獎.docx,TTQS_GPT6_ASTRA_FULL_HANDOFF_20260925/TTQS_GPT6_ASTRA_FULL_HANDOFF_20260925/TTQS_DOCUMENT_FOUNDRY_RUN_ASTRA_20260925/99_FINAL_PACKAGE_B11_R01_STAGING/18_指標18/0102__I18-E09__01__指導學員參加技能競賽獲獎.docx,04_全部文件與歷次版本/TTQS_GPT6_ASTRA_FULL_HANDOFF_20260925/19/1862_0102__I18-E09__01__指導學員參加技能競賽獲獎.docx,原樣保留；本次尚未確認完成驗收,42011,4f08a97e0bf0b8572a97cae27076d9121f9684ff26f4c60201d2df93c182bd6e
1863,0103__I18-E10__01__感謝函_可直接使用成品.docx,TTQS_GPT6_ASTRA_FULL_HANDOFF_20260925/TTQS_GPT6_ASTRA_FULL_HANDOFF_20260925/TTQS_DOCUMENT_FOUNDRY_RUN_ASTRA_20260925/99_FINAL_PACKAGE_B11_R01_STAGING/18_指標18/0103__I18-E10__01__感謝函_可直接使用成品.docx,04_全部文件與歷次版本/TTQS_GPT6_ASTRA_FULL_HANDOFF_20260925/19/1863_0103__I18-E10__01__感謝函_可直接使用成品.docx,原樣保留；本次尚未確認完成驗收,41972,351336947a7ec71e146d20e426de2b46353fb71814f4833c678c9d4589c200fd
1864,0104__I18-E11__01__證照獲取率.docx,TTQS_GPT6_ASTRA_FULL_HANDOFF_20260925/TTQS_GPT6_ASTRA_FULL_HANDOFF_20260925/TTQS_DOCUMENT_FOUNDRY_RUN_ASTRA_20260925/99_FINAL_PACKAGE_B11_R01_STAGING/18_指標18/0104__I18-E11__01__證照獲取率.docx,04_全部文件與歷次版本/TTQS_GPT6_ASTRA_FULL_HANDOFF_20260925/19/1864_0104__I18-E11__01__證照獲取率.docx,原樣保留；本次尚未確認完成驗收,41809,bdc025366c97ac018fbe1a784c0e4052d092bddd1a7ad05d4bc6c3d94b33f79e
1865,0105__I18-E13__01__問卷調查及課後行動計畫評估表等顯示目標客戶及_可直接使用成品.docx,TTQS_GPT6_ASTRA_FULL_HANDOFF_20260925/TTQS_GPT6_ASTRA_FULL_HANDOFF_20260925/TTQS_DOCUMENT_FOUNDRY_RUN_ASTRA_20260925/99_FINAL_PACKAGE_B11_R01_STAGING/18_指標18/0105__I18-E13__01__問卷調查及課後行動計畫評估表等顯示目標客戶及_可直接使用成品.docx,04_全部文件與歷次版本/TTQS_GPT6_ASTRA_FULL_HANDOFF_20260925/19/1865_0105__I18-E13__01__問卷調查及課後行動計畫評估表等顯示目標客戶及_可直接使用成品.docx,原樣保留；本次尚未確認完成驗收,42407,22b526ce506f9be07b458248af6635ef7b03971fb14a4a982d38112309440662
1866,0106__I18-E14__01__提出目標客戶及學員對訓練達組織績效改善之說明.docx,TTQS_GPT6_ASTRA_FULL_HANDOFF_20260925/TTQS_GPT6_ASTRA_FULL_HANDOFF_20260925/TTQS_DOCUMENT_FOUNDRY_RUN_ASTRA_20260925/99_FINAL_PACKAGE_B11_R01_STAGING/18_指標18/0106__I18-E14__01__提出目標客戶及學員對訓練達組織績效改善之說明.docx,04_全部文件與歷次版本/TTQS_GPT6_ASTRA_FULL_HANDOFF_20260925/19/1866_0106__I18-E14__01__提出目標客戶及學員對訓練達組織績效改善之說明.docx,原樣保留；本次尚未確認完成驗收,42008,59a745eef63486e9b87705ed635fa517467f3857ad8d49cf162dc1ac9d48aa49
1867,0107__I18-E15__01__高證照通過率之證明資料_可直接使用成品.docx,TTQS_GPT6_ASTRA_FULL_HANDOFF_20260925/TTQS_GPT6_ASTRA_FULL_HANDOFF_20260925/TTQS_DOCUMENT_FOUNDRY_RUN_ASTRA_20260925/99_FINAL_PACKAGE_B11_R01_STAGING/18_指標18/0107__I18-E15__01__高證照通過率之證明資料_可直接使用成品.docx,04_全部文件與歷次版本/TTQS_GPT6_ASTRA_FULL_HANDOFF_20260925/19/1867_0107__I18-E15__01__高證照通過率之證明資料_可直接使用成品.docx,原樣保留；本次尚未確認完成驗收,42053,e9a885e0923d42ace43fb45a2af2c2fc80a38828d93a0ec3ba83d1e3d85a2262
1868,0108__I18-E16__01__提高薪資紀錄_可直接使用成品.docx,TTQS_GPT6_ASTRA_FULL_HANDOFF_20260925/TTQS_GPT6_ASTRA_FULL_HANDOFF_20260925/TTQS_DOCUMENT_FOUNDRY_RUN_ASTRA_20260925/99_FINAL_PACKAGE_B11_R01_STAGING/18_指標18/0108__I18-E16__01__提高薪資紀錄_可直接使用成品.docx,04_全部文件與歷次版本/TTQS_GPT6_ASTRA_FULL_HANDOFF_20260925/19/1868_0108__I18-E16__01__提高薪資紀錄_可直接使用成品.docx,原樣保留；本次尚未確認完成驗收,42237,3b1f986f0bd359dccaff01f31e60bd7367541a244d28c63d43a1b37db7e57a11
1869,0109__I18-E17__01__社群網站知識討論區，人員使用網站頻率高.docx,TTQS_GPT6_ASTRA_FULL_HANDOFF_20260925/TTQS_GPT6_ASTRA_FULL_HANDOFF_20260925/TTQS_DOCUMENT_FOUNDRY_RUN_ASTRA_20260925/99_FINAL_PACKAGE_B11_R01_STAGING/18_指標18/0109__I18-E17__01__社群網站知識討論區，人員使用網站頻率高.docx,04_全部文件與歷次版本/TTQS_GPT6_ASTRA_FULL_HANDOFF_20260925/19/1869_0109__I18-E17__01__社群網站知識討論區，人員使用網站頻率高.docx,原樣保留；本次尚未確認完成驗收,41535,75db58a467e9ce2ce7046dfb0fa50d486ab70a712646d6e76bc20198671667e3
1870,0110__I18-E19__01__問卷調查及課後行動計畫評估表等顯示目標客戶及_可直接使用成品.docx,TTQS_GPT6_ASTRA_FULL_HANDOFF_20260925/TTQS_GPT6_ASTRA_FULL_HANDOFF_20260925/TTQS_DOCUMENT_FOUNDRY_RUN_ASTRA_20260925/99_FINAL_PACKAGE_B11_R01_STAGING/18_指標18/0110__I18-E19__01__問卷調查及課後行動計畫評估表等顯示目標客戶及_可直接使用成品.docx,04_全部文件與歷次版本/TTQS_GPT6_ASTRA_FULL_HANDOFF_20260925/19/1870_0110__I18-E19__01__問卷調查及課後行動計畫評估表等顯示目標客戶及_可直接使用成品.docx,原樣保留；本次尚未確認完成驗收,42497,88dfc72ff30e32893cb000d529fd406d481b8875e387d9aba33ed059ff51b020
1871,0101__I18-E08__02__能力提升雷達分析報告.docx,TTQS_GPT6_ASTRA_FULL_HANDOFF_20260925/TTQS_GPT6_ASTRA_FULL_HANDOFF_20260925/TTQS_DOCUMENT_FOUNDRY_RUN_ASTRA_20260925/99_FINAL_PACKAGE_B11_R02_STAGING/18_指標18/0101__I18-E08__02__能力提升雷達分析報告.docx,04_全部文件與歷次版本/TTQS_GPT6_ASTRA_FULL_HANDOFF_20260925/19/1871_0101__I18-E08__02__能力提升雷達分析報告.docx,原樣保留；本次尚未確認完成驗收,97415,aa7b9363cc9b57c5d213c6c65c7fb3020318b11b59371853074cbf0e85745453
1872,0101__I18-E08__02__能力提升雷達分析報告.docx,TTQS_GPT6_ASTRA_FULL_HANDOFF_20260925/TTQS_GPT6_ASTRA_FULL_HANDOFF_20260925/TTQS_DOCUMENT_FOUNDRY_RUN_ASTRA_20260925/99_FINAL_PACKAGE_B11_R03_STAGING/18_指標18/0101__I18-E08__02__能力提升雷達分析報告.docx,04_全部文件與歷次版本/TTQS_GPT6_ASTRA_FULL_HANDOFF_20260925/19/1872_0101__I18-E08__02__能力提升雷達分析報告.docx,原樣保留；本次尚未確認完成驗收,97391,890f19e5f8ec0a8e46c180d873069eaf979d9464262ebb4128f670868097bf26
1873,0101__I18-E08__02__能力提升雷達分析報告.docx,TTQS_GPT6_ASTRA_FULL_HANDOFF_20260925/TTQS_GPT6_ASTRA_FULL_HANDOFF_20260925/TTQS_DOCUMENT_FOUNDRY_RUN_ASTRA_20260925/99_FINAL_PACKAGE_B11_R04_STAGING/18_指標18/0101__I18-E08__02__能力提升雷達分析報告.docx,04_全部文件與歷次版本/TTQS_GPT6_ASTRA_FULL_HANDOFF_20260925/19/1873_0101__I18-E08__02__能力提升雷達分析報告.docx,原樣保留；本次尚未確認完成驗收,105528,be47c09b53a08a090828ec635e0140e787ce92999f2e67001650a11928250d05
1874,0105__I18-E13__01__問卷調查及課後行動計畫評估表等顯示目標客戶及_可直接使用成品.docx,TTQS_GPT6_ASTRA_FULL_HANDOFF_20260925/TTQS_GPT6_ASTRA_FULL_HANDOFF_20260925/TTQS_DOCUMENT_FOUNDRY_RUN_ASTRA_20260925/99_FINAL_PACKAGE_B11_0105_R02_STAGING/18_指標18/0105__I18-E13__01__問卷調查及課後行動計畫評估表等顯示目標客戶及_可直接使用成品.docx,04_全部文件與歷次版本/TTQS_GPT6_ASTRA_FULL_HANDOFF_20260925/19/1874_0105__I18-E13__01__問卷調查及課後行動計畫評估表等顯示目標客戶及_可直接使用成品.docx,原樣保留；本次尚未確認完成驗收,43883,1a6deaf800c8df4853837c7a78104be9bd17e062d302f8e373354f8d7a4c0604
1875,0111__I18-E20__01__特殊績效及社會面成果證據登錄表.docx,TTQS_GPT6_ASTRA_FULL_HANDOFF_20260925/TTQS_GPT6_ASTRA_FULL_HANDOFF_20260925/TTQS_DOCUMENT_FOUNDRY_RUN_ASTRA_20260925/99_FINAL_PACKAGE_B12_R01_STAGING/18_指標18/0111__I18-E20__01__特殊績效及社會面成果證據登錄表.docx,04_全部文件與歷次版本/TTQS_GPT6_ASTRA_FULL_HANDOFF_20260925/19/1875_0111__I18-E20__01__特殊績效及社會面成果證據登錄表.docx,原樣保留；本次尚未確認完成驗收,41980,4b489e1ea95d64eee1abe6dcb476348be93fb59270e8482628a0ca5d69ecb314
1876,0112__I18-E21__01__輔導考照及學員回訓率追蹤分析表.docx,TTQS_GPT6_ASTRA_FULL_HANDOFF_20260925/TTQS_GPT6_ASTRA_FULL_HANDOFF_20260925/TTQS_DOCUMENT_FOUNDRY_RUN_ASTRA_20260925/99_FINAL_PACKAGE_B12_R01_STAGING/18_指標18/0112__I18-E21__01__輔導考照及學員回訓率追蹤分析表.docx,04_全部文件與歷次版本/TTQS_GPT6_ASTRA_FULL_HANDOFF_20260925/19/1876_0112__I18-E21__01__輔導考照及學員回訓率追蹤分析表.docx,原樣保留；本次尚未確認完成驗收,41930,57fe0b9a17812cbcb240246935787de627e51407522c6d3359567ec4eb5247f8
1877,0113__I18-E22__01__會員人數年度變化追蹤分析表.docx,TTQS_GPT6_ASTRA_FULL_HANDOFF_20260925/TTQS_GPT6_ASTRA_FULL_HANDOFF_20260925/TTQS_DOCUMENT_FOUNDRY_RUN_ASTRA_20260925/99_FINAL_PACKAGE_B12_R01_STAGING/18_指標18/0113__I18-E22__01__會員人數年度變化追蹤分析表.docx,04_全部文件與歷次版本/TTQS_GPT6_ASTRA_FULL_HANDOFF_20260925/19/1877_0113__I18-E22__01__會員人數年度變化追蹤分析表.docx,原樣保留；本次尚未確認完成驗收,41858,a0dc3be32d6feb59249f56cccbccd67fa14faaa3e4fe263433716a1942d97732
1878,0114__I19-E01__01__目標市場及顧客價值改善紀錄與評量表.docx,TTQS_GPT6_ASTRA_FULL_HANDOFF_20260925/TTQS_GPT6_ASTRA_FULL_HANDOFF_20260925/TTQS_DOCUMENT_FOUNDRY_RUN_ASTRA_20260925/99_FINAL_PACKAGE_B12_R01_STAGING/19_指標19/0114__I19-E01__01__目標市場及顧客價值改善紀錄與評量表.docx,04_全部文件與歷次版本/TTQS_GPT6_ASTRA_FULL_HANDOFF_20260925/19/1878_0114__I19-E01__01__目標市場及顧客價值改善紀錄與評量表.docx,原樣保留；本次尚未確認完成驗收,42019,b66b28271f9edeb36e5928f9089ff4a8f46ed0fd69f3e14a37e82527877512ea
1879,0115__I19-E02__01__心得與知識分享執行成效分析表.docx,TTQS_GPT6_ASTRA_FULL_HANDOFF_20260925/TTQS_GPT6_ASTRA_FULL_HANDOFF_20260925/TTQS_DOCUMENT_FOUNDRY_RUN_ASTRA_20260925/99_FINAL_PACKAGE_B12_R01_STAGING/19_指標19/0115__I19-E02__01__心得與知識分享執行成效分析表.docx,04_全部文件與歷次版本/TTQS_GPT6_ASTRA_FULL_HANDOFF_20260925/19/1879_0115__I19-E02__01__心得與知識分享執行成效分析表.docx,原樣保留；本次尚未確認完成驗收,41683,f09f2bb703cdadb0e8eeb15a39dadafc352580e96c5e63e51f691cd381791954
1880,0116__I19-E03__01__學員訓後就業狀況追蹤調查表.docx,TTQS_GPT6_ASTRA_FULL_HANDOFF_20260925/TTQS_GPT6_ASTRA_FULL_HANDOFF_20260925/TTQS_DOCUMENT_FOUNDRY_RUN_ASTRA_20260925/99_FINAL_PACKAGE_B12_R01_STAGING/19_指標19/0116__I19-E03__01__學員訓後就業狀況追蹤調查表.docx,04_全部文件與歷次版本/TTQS_GPT6_ASTRA_FULL_HANDOFF_20260925/19/1880_0116__I19-E03__01__學員訓後就業狀況追蹤調查表.docx,原樣保留；本次尚未確認完成驗收,42138,b503eafdda1375e244dc6471079aa87de445b15432c9bedb7d720a39bc9ef391
1881,0117__I19-E04__01__學員考照通過率追蹤及分析表.docx,TTQS_GPT6_ASTRA_FULL_HANDOFF_20260925/TTQS_GPT6_ASTRA_FULL_HANDOFF_20260925/TTQS_DOCUMENT_FOUNDRY_RUN_ASTRA_20260925/99_FINAL_PACKAGE_B12_R01_STAGING/19_指標19/0117__I19-E04__01__學員考照通過率追蹤及分析表.docx,04_全部文件與歷次版本/TTQS_GPT6_ASTRA_FULL_HANDOFF_20260925/19/1881_0117__I19-E04__01__學員考照通過率追蹤及分析表.docx,原樣保留；本次尚未確認完成驗收,41920,368a2e7c8f2601da2635948c826f14aa51a417db728f447698e98455777c5f62
1882,0118__I19-E05__01__感謝函原件收存與核驗登錄表.docx,TTQS_GPT6_ASTRA_FULL_HANDOFF_20260925/TTQS_GPT6_ASTRA_FULL_HANDOFF_20260925/TTQS_DOCUMENT_FOUNDRY_RUN_ASTRA_20260925/99_FINAL_PACKAGE_B12_R01_STAGING/19_指標19/0118__I19-E05__01__感謝函原件收存與核驗登錄表.docx,04_全部文件與歷次版本/TTQS_GPT6_ASTRA_FULL_HANDOFF_20260925/19/1882_0118__I19-E05__01__感謝函原件收存與核驗登錄表.docx,原樣保留；本次尚未確認完成驗收,41709,e22ccd61a0b703d875238857736a5654908957591301307a9298f767d53aface
1883,0119__I19-E07__01__目標市場及顧客價值部分提升證據分析表.docx,TTQS_GPT6_ASTRA_FULL_HANDOFF_20260925/TTQS_GPT6_ASTRA_FULL_HANDOFF_20260925/TTQS_DOCUMENT_FOUNDRY_RUN_ASTRA_20260925/99_FINAL_PACKAGE_B12_R01_STAGING/19_指標19/0119__I19-E07__01__目標市場及顧客價值部分提升證據分析表.docx,04_全部文件與歷次版本/TTQS_GPT6_ASTRA_FULL_HANDOFF_20260925/19/1883_0119__I19-E07__01__目標市場及顧客價值部分提升證據分析表.docx,原樣保留；本次尚未確認完成驗收,41781,3d5362acb7cb39db5d4356bee5e2d310585806ea5e4df6dd2cd3031d56e2bc2f
1884,0120__I19-E08__01__訓練成果初步證據彙整與評量表.docx,TTQS_GPT6_ASTRA_FULL_HANDOFF_20260925/TTQS_GPT6_ASTRA_FULL_HANDOFF_20260925/TTQS_DOCUMENT_FOUNDRY_RUN_ASTRA_20260925/99_FINAL_PACKAGE_B12_R01_STAGING/19_指標19/0120__I19-E08__01__訓練成果初步證據彙整與評量表.docx,04_全部文件與歷次版本/TTQS_GPT6_ASTRA_FULL_HANDOFF_20260925/19/1884_0120__I19-E08__01__訓練成果初步證據彙整與評量表.docx,原樣保留；本次尚未確認完成驗收,41869,be9d5f79b1cb9b5a23e5c714deddc8de3f000e806d057811f4feb7cf3a460c03
1885,0111__I18-E20__01__特殊績效及社會面成果證據登錄表.docx,TTQS_GPT6_ASTRA_FULL_HANDOFF_20260925/TTQS_GPT6_ASTRA_FULL_HANDOFF_20260925/TTQS_DOCUMENT_FOUNDRY_RUN_ASTRA_20260925/99_FINAL_PACKAGE_B12_R02_STAGING/18_指標18/0111__I18-E20__01__特殊績效及社會面成果證據登錄表.docx,04_全部文件與歷次版本/TTQS_GPT6_ASTRA_FULL_HANDOFF_20260925/19/1885_0111__I18-E20__01__特殊績效及社會面成果證據登錄表.docx,原樣保留；本次尚未確認完成驗收,42006,f5bf605fec093decdd2a7e0a869edcb0674c8ac21a8ca44e5bb80f156dea9b2e
1886,0116__I19-E03__01__學員訓後就業狀況追蹤調查表.docx,TTQS_GPT6_ASTRA_FULL_HANDOFF_20260925/TTQS_GPT6_ASTRA_FULL_HANDOFF_20260925/TTQS_DOCUMENT_FOUNDRY_RUN_ASTRA_20260925/99_FINAL_PACKAGE_B12_R02_STAGING/19_指標19/0116__I19-E03__01__學員訓後就業狀況追蹤調查表.docx,04_全部文件與歷次版本/TTQS_GPT6_ASTRA_FULL_HANDOFF_20260925/19/1886_0116__I19-E03__01__學員訓後就業狀況追蹤調查表.docx,原樣保留；本次尚未確認完成驗收,42066,92efe24f25efbbf76e24f2ea8fff30187a6110f7174df130aa8e71732a5d51a3
1887,0118__I19-E05__01__感謝函原件收存與核驗登錄表.docx,TTQS_GPT6_ASTRA_FULL_HANDOFF_20260925/TTQS_GPT6_ASTRA_FULL_HANDOFF_20260925/TTQS_DOCUMENT_FOUNDRY_RUN_ASTRA_20260925/99_FINAL_PACKAGE_B12_R02_STAGING/19_指標19/0118__I19-E05__01__感謝函原件收存與核驗登錄表.docx,04_全部文件與歷次版本/TTQS_GPT6_ASTRA_FULL_HANDOFF_20260925/19/1887_0118__I19-E05__01__感謝函原件收存與核驗登錄表.docx,原樣保留；本次尚未確認完成驗收,41617,c07a092680d20bccf2234c069fdec82a490e6ee0291645f5b4591fd9adea34a8
1888,0111__I18-E20__01__特殊績效及社會面成果證據登錄表.docx,TTQS_GPT6_ASTRA_FULL_HANDOFF_20260925/TTQS_GPT6_ASTRA_FULL_HANDOFF_20260925/TTQS_DOCUMENT_FOUNDRY_RUN_ASTRA_20260925/99_FINAL_PACKAGE_B12_R03_STAGING/18_指標18/0111__I18-E20__01__特殊績效及社會面成果證據登錄表.docx,04_全部文件與歷次版本/TTQS_GPT6_ASTRA_FULL_HANDOFF_20260925/19/1888_0111__I18-E20__01__特殊績效及社會面成果證據登錄表.docx,原樣保留；本次尚未確認完成驗收,42053,0fc42cf8bb47f8139d87b4ab015c82dbdf807d50214369fb93a631d1f9762c68
1889,0116__I19-E03__01__學員訓後就業狀況追蹤調查表.docx,TTQS_GPT6_ASTRA_FULL_HANDOFF_20260925/TTQS_GPT6_ASTRA_FULL_HANDOFF_20260925/TTQS_DOCUMENT_FOUNDRY_RUN_ASTRA_20260925/99_FINAL_PACKAGE_B12_R03_STAGING/19_指標19/0116__I19-E03__01__學員訓後就業狀況追蹤調查表.docx,04_全部文件與歷次版本/TTQS_GPT6_ASTRA_FULL_HANDOFF_20260925/19/1889_0116__I19-E03__01__學員訓後就業狀況追蹤調查表.docx,原樣保留；本次尚未確認完成驗收,42126,493311befadb0b87622ff54ab87da13de6cb20fbdd9542cfc9832c9c04adb7d7
1890,0121__I19-E09__01__學員滿意度與學習評量報告.docx,TTQS_GPT6_ASTRA_FULL_HANDOFF_20260925/TTQS_GPT6_ASTRA_FULL_HANDOFF_20260925/TTQS_DOCUMENT_FOUNDRY_RUN_ASTRA_20260925/99_FINAL_PACKAGE_B13_R01_STAGING/0121__I19-E09__01__學員滿意度與學習評量報告.docx,04_全部文件與歷次版本/TTQS_GPT6_ASTRA_FULL_HANDOFF_20260925/19/1890_0121__I19-E09__01__學員滿意度與學習評量報告.docx,原樣保留；本次尚未確認完成驗收,41306,6dd0e4f7de8ca7cc5dba40a3ea1d11c7d5e5a4e726e310f9977654ca12782bdc
1891,0122__I19-E10__01__課後追蹤與證照通過分析表.docx,TTQS_GPT6_ASTRA_FULL_HANDOFF_20260925/TTQS_GPT6_ASTRA_FULL_HANDOFF_20260925/TTQS_DOCUMENT_FOUNDRY_RUN_ASTRA_20260925/99_FINAL_PACKAGE_B13_R01_STAGING/0122__I19-E10__01__課後追蹤與證照通過分析表.docx,04_全部文件與歷次版本/TTQS_GPT6_ASTRA_FULL_HANDOFF_20260925/19/1891_0122__I19-E10__01__課後追蹤與證照通過分析表.docx,原樣保留；本次尚未確認完成驗收,41498,0028c32ee1744e9e0869f2e5794e90ec18499276561844556e7288d238747460
1892,0123__I19-E11__01__會員訓後事業成就個案紀錄.docx,TTQS_GPT6_ASTRA_FULL_HANDOFF_20260925/TTQS_GPT6_ASTRA_FULL_HANDOFF_20260925/TTQS_DOCUMENT_FOUNDRY_RUN_ASTRA_20260925/99_FINAL_PACKAGE_B13_R01_STAGING/0123__I19-E11__01__會員訓後事業成就個案紀錄.docx,04_全部文件與歷次版本/TTQS_GPT6_ASTRA_FULL_HANDOFF_20260925/19/1892_0123__I19-E11__01__會員訓後事業成就個案紀錄.docx,原樣保留；本次尚未確認完成驗收,41339,801ecf4f8c3782e1260aebc5963c047a63db604c062fdb527c203a54c353a114
1893,0124__I19-E12__01__結訓學員雇用與雇主回饋佐證表.docx,TTQS_GPT6_ASTRA_FULL_HANDOFF_20260925/TTQS_GPT6_ASTRA_FULL_HANDOFF_20260925/TTQS_DOCUMENT_FOUNDRY_RUN_ASTRA_20260925/99_FINAL_PACKAGE_B13_R01_STAGING/0124__I19-E12__01__結訓學員雇用與雇主回饋佐證表.docx,04_全部文件與歷次版本/TTQS_GPT6_ASTRA_FULL_HANDOFF_20260925/19/1893_0124__I19-E12__01__結訓學員雇用與雇主回饋佐證表.docx,原樣保留；本次尚未確認完成驗收,41364,419c8f96e78e69780a141d4fd5e6a809c6daddd2f344994c22095e1a12c2f47f
1894,0125__I19-E13__01__學員職務運用追蹤紀錄.docx,TTQS_GPT6_ASTRA_FULL_HANDOFF_20260925/TTQS_GPT6_ASTRA_FULL_HANDOFF_20260925/TTQS_DOCUMENT_FOUNDRY_RUN_ASTRA_20260925/99_FINAL_PACKAGE_B13_R01_STAGING/0125__I19-E13__01__學員職務運用追蹤紀錄.docx,04_全部文件與歷次版本/TTQS_GPT6_ASTRA_FULL_HANDOFF_20260925/19/1894_0125__I19-E13__01__學員職務運用追蹤紀錄.docx,原樣保留；本次尚未確認完成驗收,41351,529ae6995ffc3a37c944b14671c4cb5471ccb31ef67873bd50a777ceabcf2aa9
1895,0126__I19-E14__01__訓後薪資變化調查與分析表.docx,TTQS_GPT6_ASTRA_FULL_HANDOFF_20260925/TTQS_GPT6_ASTRA_FULL_HANDOFF_20260925/TTQS_DOCUMENT_FOUNDRY_RUN_ASTRA_20260925/99_FINAL_PACKAGE_B13_R01_STAGING/0126__I19-E14__01__訓後薪資變化調查與分析表.docx,04_全部文件與歷次版本/TTQS_GPT6_ASTRA_FULL_HANDOFF_20260925/19/1895_0126__I19-E14__01__訓後薪資變化調查與分析表.docx,原樣保留；本次尚未確認完成驗收,41461,47755b346bfe67a89855c8ab31f2a7885ccd22323000707d5e3af30733c56696
1896,0127__I19-E16__01__目標市場與顧客價值量化效益分析表.docx,TTQS_GPT6_ASTRA_FULL_HANDOFF_20260925/TTQS_GPT6_ASTRA_FULL_HANDOFF_20260925/TTQS_DOCUMENT_FOUNDRY_RUN_ASTRA_20260925/99_FINAL_PACKAGE_B13_R01_STAGING/0127__I19-E16__01__目標市場與顧客價值量化效益分析表.docx,04_全部文件與歷次版本/TTQS_GPT6_ASTRA_FULL_HANDOFF_20260925/19/1896_0127__I19-E16__01__目標市場與顧客價值量化效益分析表.docx,原樣保留；本次尚未確認完成驗收,41432,8e443ff0d932a3119088448bcc671311a515e3b80c6a9328a986342c539fc49f
1897,0128__I19-E17__01__個人訓後績效改善個案分析表.docx,TTQS_GPT6_ASTRA_FULL_HANDOFF_20260925/TTQS_GPT6_ASTRA_FULL_HANDOFF_20260925/TTQS_DOCUMENT_FOUNDRY_RUN_ASTRA_20260925/99_FINAL_PACKAGE_B13_R01_STAGING/0128__I19-E17__01__個人訓後績效改善個案分析表.docx,04_全部文件與歷次版本/TTQS_GPT6_ASTRA_FULL_HANDOFF_20260925/19/1897_0128__I19-E17__01__個人訓後績效改善個案分析表.docx,原樣保留；本次尚未確認完成驗收,41217,a842739094de149d5bb8c15788a4194ea7edc8e55c55b419870717f764ff3be1
1898,0129__I19-E18__01__營運表現前後比較分析表.docx,TTQS_GPT6_ASTRA_FULL_HANDOFF_20260925/TTQS_GPT6_ASTRA_FULL_HANDOFF_20260925/TTQS_DOCUMENT_FOUNDRY_RUN_ASTRA_20260925/99_FINAL_PACKAGE_B13_R01_STAGING/0129__I19-E18__01__營運表現前後比較分析表.docx,04_全部文件與歷次版本/TTQS_GPT6_ASTRA_FULL_HANDOFF_20260925/19/1898_0129__I19-E18__01__營運表現前後比較分析表.docx,原樣保留；本次尚未確認完成驗收,41517,3a41e354d1d9a8f61de004cf23232d991f6da1650372277c0e828bed44d659f7
1899,0130__I19-E19__01__學員訓後創業案例紀錄與佐證表.docx,TTQS_GPT6_ASTRA_FULL_HANDOFF_20260925/TTQS_GPT6_ASTRA_FULL_HANDOFF_20260925/TTQS_DOCUMENT_FOUNDRY_RUN_ASTRA_20260925/99_FINAL_PACKAGE_B13_R01_STAGING/0130__I19-E19__01__學員訓後創業案例紀錄與佐證表.docx,04_全部文件與歷次版本/TTQS_GPT6_ASTRA_FULL_HANDOFF_20260925/19/1899_0130__I19-E19__01__學員訓後創業案例紀錄與佐證表.docx,原樣保留；本次尚未確認完成驗收,41320,1ffdd65dc6ea828a7c1805a6ae301b98e5487b0d11e2956b7db06d5febcaf020
1900,0121__I19-E09__01__學員滿意度與學習評量報告__R02.docx,TTQS_GPT6_ASTRA_FULL_HANDOFF_20260925/TTQS_GPT6_ASTRA_FULL_HANDOFF_20260925/TTQS_DOCUMENT_FOUNDRY_RUN_ASTRA_20260925/99_FINAL_PACKAGE_B13_R02_STAGING/0121__I19-E09__01__學員滿意度與學習評量報告__R02.docx,04_全部文件與歷次版本/TTQS_GPT6_ASTRA_FULL_HANDOFF_20260925/19/1900_0121__I19-E09__01__學員滿意度與學習評量報告__R02.docx,原樣保留；本次尚未確認完成驗收,41299,42103f322aae5e42a45982ba2d631c1720a01f66bde1113e74a960f4af174e41
1901,0122__I19-E10__01__課後追蹤與證照通過分析表__R02.docx,TTQS_GPT6_ASTRA_FULL_HANDOFF_20260925/TTQS_GPT6_ASTRA_FULL_HANDOFF_20260925/TTQS_DOCUMENT_FOUNDRY_RUN_ASTRA_20260925/99_FINAL_PACKAGE_B13_R02_STAGING/0122__I19-E10__01__課後追蹤與證照通過分析表__R02.docx,04_全部文件與歷次版本/TTQS_GPT6_ASTRA_FULL_HANDOFF_20260925/20/1901_0122__I19-E10__01__課後追蹤與證照通過分析表__R02.docx,原樣保留；本次尚未確認完成驗收,41491,72d092067e5c0d69e177a2c3651075fd9cb898a14cbf88058bbb2709119f5321
1902,0123__I19-E11__01__會員訓後事業成就個案紀錄__R02.docx,TTQS_GPT6_ASTRA_FULL_HANDOFF_20260925/TTQS_GPT6_ASTRA_FULL_HANDOFF_20260925/TTQS_DOCUMENT_FOUNDRY_RUN_ASTRA_20260925/99_FINAL_PACKAGE_B13_R02_STAGING/0123__I19-E11__01__會員訓後事業成就個案紀錄__R02.docx,04_全部文件與歷次版本/TTQS_GPT6_ASTRA_FULL_HANDOFF_20260925/20/1902_0123__I19-E11__01__會員訓後事業成就個案紀錄__R02.docx,原樣保留；本次尚未確認完成驗收,41332,7d04b0ecbbd65b15f40312d1bfd6f747138ebfd78ff92806d71bbf08d5d3b495
1903,0124__I19-E12__01__結訓學員雇用與雇主回饋佐證表__R02.docx,TTQS_GPT6_ASTRA_FULL_HANDOFF_20260925/TTQS_GPT6_ASTRA_FULL_HANDOFF_20260925/TTQS_DOCUMENT_FOUNDRY_RUN_ASTRA_20260925/99_FINAL_PACKAGE_B13_R02_STAGING/0124__I19-E12__01__結訓學員雇用與雇主回饋佐證表__R02.docx,04_全部文件與歷次版本/TTQS_GPT6_ASTRA_FULL_HANDOFF_20260925/20/1903_0124__I19-E12__01__結訓學員雇用與雇主回饋佐證表__R02.docx,原樣保留；本次尚未確認完成驗收,41357,257b40ef3798efc0ab4125905494d691fdd18d138a884f0dd0850c924f0f1aee
1904,0125__I19-E13__01__學員職務運用追蹤紀錄__R02.docx,TTQS_GPT6_ASTRA_FULL_HANDOFF_20260925/TTQS_GPT6_ASTRA_FULL_HANDOFF_20260925/TTQS_DOCUMENT_FOUNDRY_RUN_ASTRA_20260925/99_FINAL_PACKAGE_B13_R02_STAGING/0125__I19-E13__01__學員職務運用追蹤紀錄__R02.docx,04_全部文件與歷次版本/TTQS_GPT6_ASTRA_FULL_HANDOFF_20260925/20/1904_0125__I19-E13__01__學員職務運用追蹤紀錄__R02.docx,原樣保留；本次尚未確認完成驗收,41344,ada704355cddfb4667fda8f7f66c9d3fb6a235034ceed498c8e518cb025a5da8
1905,0126__I19-E14__01__訓後薪資變化調查與分析表__R02.docx,TTQS_GPT6_ASTRA_FULL_HANDOFF_20260925/TTQS_GPT6_ASTRA_FULL_HANDOFF_20260925/TTQS_DOCUMENT_FOUNDRY_RUN_ASTRA_20260925/99_FINAL_PACKAGE_B13_R02_STAGING/0126__I19-E14__01__訓後薪資變化調查與分析表__R02.docx,04_全部文件與歷次版本/TTQS_GPT6_ASTRA_FULL_HANDOFF_20260925/20/1905_0126__I19-E14__01__訓後薪資變化調查與分析表__R02.docx,原樣保留；本次尚未確認完成驗收,41454,14b0cd010606b9f609b829c525378c14c00cf73d510ec7370bc6dc7bae13ae45
1906,0127__I19-E16__01__目標市場與顧客價值量化效益分析表__R02.docx,TTQS_GPT6_ASTRA_FULL_HANDOFF_20260925/TTQS_GPT6_ASTRA_FULL_HANDOFF_20260925/TTQS_DOCUMENT_FOUNDRY_RUN_ASTRA_20260925/99_FINAL_PACKAGE_B13_R02_STAGING/0127__I19-E16__01__目標市場與顧客價值量化效益分析表__R02.docx,04_全部文件與歷次版本/TTQS_GPT6_ASTRA_FULL_HANDOFF_20260925/20/1906_0127__I19-E16__01__目標市場與顧客價值量化效益分析表__R02.docx,原樣保留；本次尚未確認完成驗收,41425,21bdec6f358cc2bb596c25cccebf6d91c1932edb0371f4a3c08bfc9a51440495
1907,0128__I19-E17__01__個人訓後績效改善個案分析表__R02.docx,TTQS_GPT6_ASTRA_FULL_HANDOFF_20260925/TTQS_GPT6_ASTRA_FULL_HANDOFF_20260925/TTQS_DOCUMENT_FOUNDRY_RUN_ASTRA_20260925/99_FINAL_PACKAGE_B13_R02_STAGING/0128__I19-E17__01__個人訓後績效改善個案分析表__R02.docx,04_全部文件與歷次版本/TTQS_GPT6_ASTRA_FULL_HANDOFF_20260925/20/1907_0128__I19-E17__01__個人訓後績效改善個案分析表__R02.docx,原樣保留；本次尚未確認完成驗收,41210,266dcb738b0ccec553dc4bf950a226d52981b720390a1fe0e2966d52c9ef0359
1908,0129__I19-E18__01__營運表現前後比較分析表__R02.docx,TTQS_GPT6_ASTRA_FULL_HANDOFF_20260925/TTQS_GPT6_ASTRA_FULL_HANDOFF_20260925/TTQS_DOCUMENT_FOUNDRY_RUN_ASTRA_20260925/99_FINAL_PACKAGE_B13_R02_STAGING/0129__I19-E18__01__營運表現前後比較分析表__R02.docx,04_全部文件與歷次版本/TTQS_GPT6_ASTRA_FULL_HANDOFF_20260925/20/1908_0129__I19-E18__01__營運表現前後比較分析表__R02.docx,原樣保留；本次尚未確認完成驗收,41510,e8bc347e5b16f2d83187b55a5c37bb613abb0711bc51ceda2e401280e2f2a790
1909,0130__I19-E19__01__學員訓後創業案例紀錄與佐證表__R02.docx,TTQS_GPT6_ASTRA_FULL_HANDOFF_20260925/TTQS_GPT6_ASTRA_FULL_HANDOFF_20260925/TTQS_DOCUMENT_FOUNDRY_RUN_ASTRA_20260925/99_FINAL_PACKAGE_B13_R02_STAGING/0130__I19-E19__01__學員訓後創業案例紀錄與佐證表__R02.docx,04_全部文件與歷次版本/TTQS_GPT6_ASTRA_FULL_HANDOFF_20260925/20/1909_0130__I19-E19__01__學員訓後創業案例紀錄與佐證表__R02.docx,原樣保留；本次尚未確認完成驗收,41313,44899c3a8c4d0897430473c3d447710d31221966ca4b1a869e4b1bc8cbdbd3a1
1910,0131__I19-E20__01__學員證照通過與就業追蹤統計表.docx,TTQS_GPT6_ASTRA_FULL_HANDOFF_20260925/TTQS_GPT6_ASTRA_FULL_HANDOFF_20260925/TTQS_DOCUMENT_FOUNDRY_RUN_ASTRA_20260925/99_FINAL_PACKAGE_B14_R01_STAGING/0131__I19-E20__01__學員證照通過與就業追蹤統計表.docx,04_全部文件與歷次版本/TTQS_GPT6_ASTRA_FULL_HANDOFF_20260925/20/1910_0131__I19-E20__01__學員證照通過與就業追蹤統計表.docx,原樣保留；本次尚未確認完成驗收,41199,f4faed2e99d1d2b4ea79fff1db2ee3357e25f1ca013b8be70f781e470371081d
1911,0132__I19-E21__01__個人產品不良件數與訓後改善分析表.docx,TTQS_GPT6_ASTRA_FULL_HANDOFF_20260925/TTQS_GPT6_ASTRA_FULL_HANDOFF_20260925/TTQS_DOCUMENT_FOUNDRY_RUN_ASTRA_20260925/99_FINAL_PACKAGE_B14_R01_STAGING/0132__I19-E21__01__個人產品不良件數與訓後改善分析表.docx,04_全部文件與歷次版本/TTQS_GPT6_ASTRA_FULL_HANDOFF_20260925/20/1911_0132__I19-E21__01__個人產品不良件數與訓後改善分析表.docx,原樣保留；本次尚未確認完成驗收,41213,25e3a22bb6a72baf9ae238579fc0123f19bde3490fff092ff2662c56e25570ac
1912,0133__I19-E22__01__年度訓練班次與參訓人次趨勢表.docx,TTQS_GPT6_ASTRA_FULL_HANDOFF_20260925/TTQS_GPT6_ASTRA_FULL_HANDOFF_20260925/TTQS_DOCUMENT_FOUNDRY_RUN_ASTRA_20260925/99_FINAL_PACKAGE_B14_R01_STAGING/0133__I19-E22__01__年度訓練班次與參訓人次趨勢表.docx,04_全部文件與歷次版本/TTQS_GPT6_ASTRA_FULL_HANDOFF_20260925/20/1912_0133__I19-E22__01__年度訓練班次與參訓人次趨勢表.docx,原樣保留；本次尚未確認完成驗收,41216,a16657b25d78dacf25b208e2834a797cecc9109386ad61bf7f89543e26775269
1913,0134__I19-E23__01__會員人數與會費收入年度核對表.docx,TTQS_GPT6_ASTRA_FULL_HANDOFF_20260925/TTQS_GPT6_ASTRA_FULL_HANDOFF_20260925/TTQS_DOCUMENT_FOUNDRY_RUN_ASTRA_20260925/99_FINAL_PACKAGE_B14_R01_STAGING/0134__I19-E23__01__會員人數與會費收入年度核對表.docx,04_全部文件與歷次版本/TTQS_GPT6_ASTRA_FULL_HANDOFF_20260925/20/1913_0134__I19-E23__01__會員人數與會費收入年度核對表.docx,原樣保留；本次尚未確認完成驗收,41208,0c76afa1d98bf2a93b675c3d554e19def5b55714a660ddff0d2a581359f18def
1914,0135__I19-E25__01__目標市場與顧客價值具體提升成效分析報告.docx,TTQS_GPT6_ASTRA_FULL_HANDOFF_20260925/TTQS_GPT6_ASTRA_FULL_HANDOFF_20260925/TTQS_DOCUMENT_FOUNDRY_RUN_ASTRA_20260925/99_FINAL_PACKAGE_B14_R01_STAGING/0135__I19-E25__01__目標市場與顧客價值具體提升成效分析報告.docx,04_全部文件與歷次版本/TTQS_GPT6_ASTRA_FULL_HANDOFF_20260925/20/1914_0135__I19-E25__01__目標市場與顧客價值具體提升成效分析報告.docx,原樣保留；本次尚未確認完成驗收,41392,a38fe9544dc342c6a4d1e71e9c7e1ef243217111f72d26da9830e8084ca60e7d
1915,0136__I19-E26__01__公益活動、獎項與學校合作原件驗證登錄表.docx,TTQS_GPT6_ASTRA_FULL_HANDOFF_20260925/TTQS_GPT6_ASTRA_FULL_HANDOFF_20260925/TTQS_DOCUMENT_FOUNDRY_RUN_ASTRA_20260925/99_FINAL_PACKAGE_B14_R01_STAGING/0136__I19-E26__01__公益活動、獎項與學校合作原件驗證登錄表.docx,04_全部文件與歷次版本/TTQS_GPT6_ASTRA_FULL_HANDOFF_20260925/20/1915_0136__I19-E26__01__公益活動、獎項與學校合作原件驗證登錄表.docx,原樣保留；本次尚未確認完成驗收,41332,415a6c64bf2c98aa3330557cb0310e2576d0251325b73a27f75f916291fa4f25
1916,0137__I19-E27__01__媒體採訪與正面報導原件查驗表.docx,TTQS_GPT6_ASTRA_FULL_HANDOFF_20260925/TTQS_GPT6_ASTRA_FULL_HANDOFF_20260925/TTQS_DOCUMENT_FOUNDRY_RUN_ASTRA_20260925/99_FINAL_PACKAGE_B14_R01_STAGING/0137__I19-E27__01__媒體採訪與正面報導原件查驗表.docx,04_全部文件與歷次版本/TTQS_GPT6_ASTRA_FULL_HANDOFF_20260925/20/1916_0137__I19-E27__01__媒體採訪與正面報導原件查驗表.docx,原樣保留；本次尚未確認完成驗收,41295,12fa03130e86138cff358df78a703d45e97a2713961c21a1445761f423b08e30
1917,0138__I19-E28__01__學員訓後薪資與獎勵升遷第三方驗證表.docx,TTQS_GPT6_ASTRA_FULL_HANDOFF_20260925/TTQS_GPT6_ASTRA_FULL_HANDOFF_20260925/TTQS_DOCUMENT_FOUNDRY_RUN_ASTRA_20260925/99_FINAL_PACKAGE_B14_R01_STAGING/0138__I19-E28__01__學員訓後薪資與獎勵升遷第三方驗證表.docx,04_全部文件與歷次版本/TTQS_GPT6_ASTRA_FULL_HANDOFF_20260925/20/1917_0138__I19-E28__01__學員訓後薪資與獎勵升遷第三方驗證表.docx,原樣保留；本次尚未確認完成驗收,41223,16b266b3bb5b697644fdf524c5e77bb99c11ace22f19e8597bde7b968b6e0485
1918,0139__I19-E29__01__證照通過率與就業率跨年度改善分析報告.docx,TTQS_GPT6_ASTRA_FULL_HANDOFF_20260925/TTQS_GPT6_ASTRA_FULL_HANDOFF_20260925/TTQS_DOCUMENT_FOUNDRY_RUN_ASTRA_20260925/99_FINAL_PACKAGE_B14_R01_STAGING/0139__I19-E29__01__證照通過率與就業率跨年度改善分析報告.docx,04_全部文件與歷次版本/TTQS_GPT6_ASTRA_FULL_HANDOFF_20260925/20/1918_0139__I19-E29__01__證照通過率與就業率跨年度改善分析報告.docx,原樣保留；本次尚未確認完成驗收,41310,ade91f905ab4054737745ea7b954ff107f8c677c65c84820c1ed4dc607377008
1919,0140__I19-E30__01__訓練資訊系統使用普及率盤點與分析表.docx,TTQS_GPT6_ASTRA_FULL_HANDOFF_20260925/TTQS_GPT6_ASTRA_FULL_HANDOFF_20260925/TTQS_DOCUMENT_FOUNDRY_RUN_ASTRA_20260925/99_FINAL_PACKAGE_B14_R01_STAGING/0140__I19-E30__01__訓練資訊系統使用普及率盤點與分析表.docx,04_全部文件與歷次版本/TTQS_GPT6_ASTRA_FULL_HANDOFF_20260925/20/1919_0140__I19-E30__01__訓練資訊系統使用普及率盤點與分析表.docx,原樣保留；本次尚未確認完成驗收,41303,f866be7da12682c833cbbd6434f124c02420f0428693fa14388f7ccec9ec2786
1920,0141__I19-E31__01__顧客滿意度趨勢調查與分析報告.docx,TTQS_GPT6_ASTRA_FULL_HANDOFF_20260925/TTQS_GPT6_ASTRA_FULL_HANDOFF_20260925/TTQS_DOCUMENT_FOUNDRY_RUN_ASTRA_20260925/99_FINAL_PACKAGE_B15_R01_STAGING/0141__I19-E31__01__顧客滿意度趨勢調查與分析報告.docx,04_全部文件與歷次版本/TTQS_GPT6_ASTRA_FULL_HANDOFF_20260925/20/1920_0141__I19-E31__01__顧客滿意度趨勢調查與分析報告.docx,原樣保留；本次尚未確認完成驗收,41311,600f9c089253dab62008d69daecfab15ea8576ff812a1e27ce36e331fa4fee7b
1921,0142__I19-E32__01__組織近三年營業額與收入趨勢核對報告.docx,TTQS_GPT6_ASTRA_FULL_HANDOFF_20260925/TTQS_GPT6_ASTRA_FULL_HANDOFF_20260925/TTQS_DOCUMENT_FOUNDRY_RUN_ASTRA_20260925/99_FINAL_PACKAGE_B15_R01_STAGING/0142__I19-E32__01__組織近三年營業額與收入趨勢核對報告.docx,04_全部文件與歷次版本/TTQS_GPT6_ASTRA_FULL_HANDOFF_20260925/20/1921_0142__I19-E32__01__組織近三年營業額與收入趨勢核對報告.docx,原樣保留；本次尚未確認完成驗收,41459,af951f5a12befd0e880988d678093be1c062c4d16ff09c9d0e33399ab135ff98
1922,00_LEGACY_RECOVERED_PTYSD-TTQS-P-01_中長程發展規劃與策略地圖.docx,TTQS_GPT6_ASTRA_FULL_HANDOFF_20260925/PACKAGE_UTF8_VERIFY/TTQS_GPT6_ASTRA_FULL_HANDOFF_20260925/03_FIRST_DOCUMENT_STRATEGY_MAP_EVOLUTION/00_LEGACY_RECOVERED_PTYSD-TTQS-P-01_中長程發展規劃與策略地圖.docx,04_全部文件與歷次版本/TTQS_GPT6_ASTRA_FULL_HANDOFF_20260925/20/1922_00_LEGACY_RECOVERED_PTYSD-TTQS-P-01_中長程發展規劃與策略地圖.docx,原樣保留；本次尚未確認完成驗收,9208702,d849d8b71ea1bf631251f8dd8a4cc2cda1b52c77675edda1a2643a1117fe13e7
1923,03_V4_BAD_BATCH_OFR-001_EXAMPLE.docx,TTQS_GPT6_ASTRA_FULL_HANDOFF_20260925/PACKAGE_UTF8_VERIFY/TTQS_GPT6_ASTRA_FULL_HANDOFF_20260925/03_FIRST_DOCUMENT_STRATEGY_MAP_EVOLUTION/03_V4_BAD_BATCH_OFR-001_EXAMPLE.docx,04_全部文件與歷次版本/TTQS_GPT6_ASTRA_FULL_HANDOFF_20260925/20/1923_03_V4_BAD_BATCH_OFR-001_EXAMPLE.docx,原樣保留；本次尚未確認完成驗收,42989,313c091811a41525924f47298786ea5b2c008ff2a8771691b16efc80fcf16f27
1924,OFR-002-D01_I01_市場需求調查問卷_目標市場需求調查_D1.docx,TTQS_GPT6_ASTRA_FULL_HANDOFF_20260925/PACKAGE_UTF8_VERIFY/TTQS_GPT6_ASTRA_FULL_HANDOFF_20260925/04_HISTORICAL_CODEX_FAILURES_AND_AUDITS/BAD_BATCH_DOCX/OFR-002-D01_I01_市場需求調查問卷_目標市場需求調查_D1.docx,04_全部文件與歷次版本/TTQS_GPT6_ASTRA_FULL_HANDOFF_20260925/20/1924_OFR-002-D01_I01_市場需求調查問卷_目標市場需求調查_D1.docx,原樣保留；本次尚未確認完成驗收,42781,32a811d93b60f4ff4505235785fd9456c4207ef5d4799d882cac57baf08dd1fb
1925,OFR-020-D01_I04_課程規劃書_不同訓練課程的設計與規劃方向_D1.docx,TTQS_GPT6_ASTRA_FULL_HANDOFF_20260925/PACKAGE_UTF8_VERIFY/TTQS_GPT6_ASTRA_FULL_HANDOFF_20260925/04_HISTORICAL_CODEX_FAILURES_AND_AUDITS/BAD_BATCH_DOCX/OFR-020-D01_I04_課程規劃書_不同訓練課程的設計與規劃方向_D1.docx,04_全部文件與歷次版本/TTQS_GPT6_ASTRA_FULL_HANDOFF_20260925/20/1925_OFR-020-D01_I04_課程規劃書_不同訓練課程的設計與規劃方向_D1.docx,原樣保留；本次尚未確認完成驗收,43546,3ff6334baf05e15e9b1e773adda37043680d2dea19dbf0f083afdcd3490d4f7c
1926,OFR-003-D02_I01_人力資源發展與訓練規劃_D2.docx,TTQS_GPT6_ASTRA_FULL_HANDOFF_20260925/PACKAGE_UTF8_VERIFY/TTQS_GPT6_ASTRA_FULL_HANDOFF_20260925/04_HISTORICAL_CODEX_FAILURES_AND_AUDITS/BAD_BATCH_DOCX/OFR-003-D02_I01_人力資源發展與訓練規劃_D2.docx,04_全部文件與歷次版本/TTQS_GPT6_ASTRA_FULL_HANDOFF_20260925/20/1926_OFR-003-D02_I01_人力資源發展與訓練規劃_D2.docx,原樣保留；本次尚未確認完成驗收,42764,ed7777735bea408f3a2b4247bde6c61709ea4e24f052e027931d926980457d34
1927,OFR-005-D01_I01_年度發展計畫_各類別訓練課程年度成長計畫_D1.docx,TTQS_GPT6_ASTRA_FULL_HANDOFF_20260925/PACKAGE_UTF8_VERIFY/TTQS_GPT6_ASTRA_FULL_HANDOFF_20260925/04_HISTORICAL_CODEX_FAILURES_AND_AUDITS/BAD_BATCH_DOCX/OFR-005-D01_I01_年度發展計畫_各類別訓練課程年度成長計畫_D1.docx,04_全部文件與歷次版本/TTQS_GPT6_ASTRA_FULL_HANDOFF_20260925/20/1927_OFR-005-D01_I01_年度發展計畫_各類別訓練課程年度成長計畫_D1.docx,原樣保留；本次尚未確認完成驗收,42742,600cd8c3cdb695deffec91fadca53871ddbac0555d7d018d5ef520a242d91f7a
1928,OFR-016-D01_I03_年度發展計畫_學員訓練類型及促進關鍵績效指標KPI_D1.docx,TTQS_GPT6_ASTRA_FULL_HANDOFF_20260925/PACKAGE_UTF8_VERIFY/TTQS_GPT6_ASTRA_FULL_HANDOFF_20260925/04_HISTORICAL_CODEX_FAILURES_AND_AUDITS/BAD_BATCH_DOCX/OFR-016-D01_I03_年度發展計畫_學員訓練類型及促進關鍵績效指標KPI_D1.docx,04_全部文件與歷次版本/TTQS_GPT6_ASTRA_FULL_HANDOFF_20260925/20/1928_OFR-016-D01_I03_年度發展計畫_學員訓練類型及促進關鍵績效指標KPI_D1.docx,原樣保留；本次尚未確認完成驗收,42593,65f1de2ed939de63656b9cb97911d4979df6b813176f3a7720edcb602a648f7e
1929,OFR-014-D01_I03_流程圖與責任矩陣_訓練體系圖解及核心訓練類別名稱_D1.docx,TTQS_GPT6_ASTRA_FULL_HANDOFF_20260925/PACKAGE_UTF8_VERIFY/TTQS_GPT6_ASTRA_FULL_HANDOFF_20260925/04_HISTORICAL_CODEX_FAILURES_AND_AUDITS/BAD_BATCH_DOCX/OFR-014-D01_I03_流程圖與責任矩陣_訓練體系圖解及核心訓練類別名稱_D1.docx,04_全部文件與歷次版本/TTQS_GPT6_ASTRA_FULL_HANDOFF_20260925/20/1929_OFR-014-D01_I03_流程圖與責任矩陣_訓練體系圖解及核心訓練類別名稱_D1.docx,原樣保留；本次尚未確認完成驗收,41969,cddf6eaa66178f4703a1958da66a626102f5113e965cc20639ebdeeb699ff642
1930,OFR-022-D02_I04_訓練結果評估與標準化流程_D2.docx,TTQS_GPT6_ASTRA_FULL_HANDOFF_20260925/PACKAGE_UTF8_VERIFY/TTQS_GPT6_ASTRA_FULL_HANDOFF_20260925/04_HISTORICAL_CODEX_FAILURES_AND_AUDITS/BAD_BATCH_DOCX/OFR-022-D02_I04_訓練結果評估與標準化流程_D2.docx,04_全部文件與歷次版本/TTQS_GPT6_ASTRA_FULL_HANDOFF_20260925/20/1930_OFR-022-D02_I04_訓練結果評估與標準化流程_D2.docx,原樣保留；本次尚未確認完成驗收,42085,d7909f862bf58cfbc1b514a05ecbaf982c6f013e13465fb10b521c90d71882fc
1931,OFR-030-D02_I06_專業訓練人員職能評量量規_D2.docx,TTQS_GPT6_ASTRA_FULL_HANDOFF_20260925/PACKAGE_UTF8_VERIFY/TTQS_GPT6_ASTRA_FULL_HANDOFF_20260925/04_HISTORICAL_CODEX_FAILURES_AND_AUDITS/BAD_BATCH_DOCX/OFR-030-D02_I06_專業訓練人員職能評量量規_D2.docx,04_全部文件與歷次版本/TTQS_GPT6_ASTRA_FULL_HANDOFF_20260925/20/1931_OFR-030-D02_I06_專業訓練人員職能評量量規_D2.docx,原樣保留；本次尚未確認完成驗收,42543,a0b9da0c4ab7c74437893c126fbff3adb2cede64bf17dbc1c2b197187e02a35d
1932,0001.docx,B2_R12_DOCX_TEMP/0001.docx,04_全部文件與歷次版本/B2_R12_DOCX_TEMP/20/1932_0001.docx,原樣保留；本次尚未確認完成驗收,49098,5602df51f2090863002a38d3665b1b00d3391a8a776b5727b2f3b0d5a6ec0322
1933,0002.docx,B2_R12_DOCX_TEMP/0002.docx,04_全部文件與歷次版本/B2_R12_DOCX_TEMP/20/1933_0002.docx,原樣保留；本次尚未確認完成驗收,57663,c97850e86530094eae37dd8919eb09709584b51a6def3d291cf3422ac3d8b8c5
1934,0003.docx,B2_R12_DOCX_TEMP/0003.docx,04_全部文件與歷次版本/B2_R12_DOCX_TEMP/20/1934_0003.docx,原樣保留；本次尚未確認完成驗收,42992,e29be4f8bec8c04001192247ab37d30f3dd62f3376ee3c0349ab376c6ae01124
1935,0004.docx,B2_R12_DOCX_TEMP/0004.docx,04_全部文件與歷次版本/B2_R12_DOCX_TEMP/20/1935_0004.docx,原樣保留；本次尚未確認完成驗收,50524,3caac854fda52c1f35ee0a27f3860b2b5dee111d9bb58e7e6ad5a535759a1416
1936,0005.docx,B2_R12_DOCX_TEMP/0005.docx,04_全部文件與歷次版本/B2_R12_DOCX_TEMP/20/1936_0005.docx,原樣保留；本次尚未確認完成驗收,45415,754574ba42f207b83ac768c46b2c9103481ba730b8b974078caeed1217d7a848
1937,0006.docx,B2_R12_DOCX_TEMP/0006.docx,04_全部文件與歷次版本/B2_R12_DOCX_TEMP/20/1937_0006.docx,原樣保留；本次尚未確認完成驗收,44894,561b048ddf56b2666a846b148cc46a3496a07abe3b922f9d9135f60cd0170a33
1938,0007.docx,B2_R12_DOCX_TEMP/0007.docx,04_全部文件與歷次版本/B2_R12_DOCX_TEMP/20/1938_0007.docx,原樣保留；本次尚未確認完成驗收,43857,e0239d75397bf34eadaea7a1ee7a4c9010d1c433a4b653aaae95170075b23b94
1939,0008.docx,B2_R12_DOCX_TEMP/0008.docx,04_全部文件與歷次版本/B2_R12_DOCX_TEMP/20/1939_0008.docx,原樣保留；本次尚未確認完成驗收,43933,dc36325ad7d85eca9d5e6fbd90e9c9722330e5bd04d8fa515832b00ea57a2b3a
1940,0009.docx,B2_R12_DOCX_TEMP/0009.docx,04_全部文件與歷次版本/B2_R12_DOCX_TEMP/20/1940_0009.docx,原樣保留；本次尚未確認完成驗收,42672,d1e57c7b6b49632ad711e76c909c9604f111e9f7381eded8842bfce6f7e937b5
1941,0010.docx,B2_R12_DOCX_TEMP/0010.docx,04_全部文件與歷次版本/B2_R12_DOCX_TEMP/20/1941_0010.docx,原樣保留；本次尚未確認完成驗收,44963,36fd04f10bd6c1f64e99485c7b4c4da8388c9e9ad5bef97e76586c14136b2d34
1942,0011.docx,B2_R12_DOCX_TEMP/0011.docx,04_全部文件與歷次版本/B2_R12_DOCX_TEMP/20/1942_0011.docx,原樣保留；本次尚未確認完成驗收,43795,55cfb12e103adadb461a8eb86748abb7c990f16a6301b8fc991ca89ab05d12a9
1943,0012.docx,B2_R12_DOCX_TEMP/0012.docx,04_全部文件與歷次版本/B2_R12_DOCX_TEMP/20/1943_0012.docx,原樣保留；本次尚未確認完成驗收,44263,39a205bff8fabdcdda17c49577658bf2cc83b681b294a079cd530a7c0f36d9b8
1944,0013.docx,B2_R12_DOCX_TEMP/0013.docx,04_全部文件與歷次版本/B2_R12_DOCX_TEMP/20/1944_0013.docx,原樣保留；本次尚未確認完成驗收,43969,5d6303b9b31804f3bff964df59591a7429432a6c40becf5cd378b7e52922ab7f
1945,0014.docx,B2_R12_DOCX_TEMP/0014.docx,04_全部文件與歷次版本/B2_R12_DOCX_TEMP/20/1945_0014.docx,原樣保留；本次尚未確認完成驗收,41512,0bb08b2079cbbd73f54fb66a93eb504ae866e0264d1e7edbd84cf03dbc107c70
1946,0015.docx,B2_R12_DOCX_TEMP/0015.docx,04_全部文件與歷次版本/B2_R12_DOCX_TEMP/20/1946_0015.docx,原樣保留；本次尚未確認完成驗收,41921,f231efa41e88125dbcf1943af7e780a71962c858a46a83410b871dc7440c7c00
1947,0016.docx,B2_R12_DOCX_TEMP/0016.docx,04_全部文件與歷次版本/B2_R12_DOCX_TEMP/20/1947_0016.docx,原樣保留；本次尚未確認完成驗收,43455,b22eeb4ab2ad634c87ba2b2cbb4554304682f0e8cfb626311efa30b87b72d278
1948,0017.docx,B2_R12_DOCX_TEMP/0017.docx,04_全部文件與歷次版本/B2_R12_DOCX_TEMP/20/1948_0017.docx,原樣保留；本次尚未確認完成驗收,43361,d03994adac205a28e5b34c5b9a8590dc023be0fb2fd6eddba333befac7d3817f
1949,0018.docx,B2_R12_DOCX_TEMP/0018.docx,04_全部文件與歷次版本/B2_R12_DOCX_TEMP/20/1949_0018.docx,原樣保留；本次尚未確認完成驗收,43879,302c77340e688458764c599d3ca707cc817039232e27acbefe7d521a1a7fa39a
1950,0019.docx,B2_R12_DOCX_TEMP/0019.docx,04_全部文件與歷次版本/B2_R12_DOCX_TEMP/20/1950_0019.docx,原樣保留；本次尚未確認完成驗收,43563,f271e81dd89ebe8427158ab804ee329f7679d77462b4b3c564aa4eac480bf7a2
1951,0020.docx,B2_R12_DOCX_TEMP/0020.docx,04_全部文件與歷次版本/B2_R12_DOCX_TEMP/20/1951_0020.docx,原樣保留；本次尚未確認完成驗收,44944,b50a8269342f3ac3117504ac614e2cf4edd91aab650eea9a8e37cdb32c71ea8c
1952,0012.docx,B2_R15_CANDIDATES/0012.docx,04_全部文件與歷次版本/B2_R15_CANDIDATES/20/1952_0012.docx,原樣保留；本次尚未確認完成驗收,45035,38cd48c0ca9e7625dc9ceeee805be379ad9e7ead40155185ef514c0445fa9af6
1953,0013.docx,B2_R15_CANDIDATES/0013.docx,04_全部文件與歷次版本/B2_R15_CANDIDATES/20/1953_0013.docx,原樣保留；本次尚未確認完成驗收,43985,d8a9057dcfa8e8af12cb04a8a188895ad12a738a465901b04160e1e0e746fb3d
1954,0012.docx,B2_R15_BACKUP/0012.docx,04_全部文件與歷次版本/B2_R15_BACKUP/20/1954_0012.docx,原樣保留；本次尚未確認完成驗收,44263,39a205bff8fabdcdda17c49577658bf2cc83b681b294a079cd530a7c0f36d9b8
1955,0013.docx,B2_R15_BACKUP/0013.docx,04_全部文件與歷次版本/B2_R15_BACKUP/20/1955_0013.docx,原樣保留；本次尚未確認完成驗收,43969,5d6303b9b31804f3bff964df59591a7429432a6c40becf5cd378b7e52922ab7f
1956,0012.docx,B2_R16_CANDIDATES/0012.docx,04_全部文件與歷次版本/B2_R16_CANDIDATES/20/1956_0012.docx,原樣保留；本次尚未確認完成驗收,45039,46826b8393d3da18c4a50883e9af82fd39c25719e4cfb04315f6da4d587eda74
1957,0013.docx,B2_R16_CANDIDATES/0013.docx,04_全部文件與歷次版本/B2_R16_CANDIDATES/20/1957_0013.docx,原樣保留；本次尚未確認完成驗收,43985,03be19864e94a2e5951a020d58eb59035bed625f7a766bbb8faac20e76e89bdc
1958,0013.docx,B2_R17_CANDIDATES/0013.docx,04_全部文件與歷次版本/B2_R17_CANDIDATES/20/1958_0013.docx,原樣保留；本次尚未確認完成驗收,43995,29bcac805fd4917f7c4453e964bf1fa7b60139c05c70980511d7acb07dcb29b8
1959,0012.docx,B2_R18_CANDIDATES/0012.docx,04_全部文件與歷次版本/B2_R18_CANDIDATES/20/1959_0012.docx,原樣保留；本次尚未確認完成驗收,45043,40c268e0dd6d8e900bde4334b02902c72dbdc4fbcf2beff53cf7ed8e6641c04a
1960,0012.docx,B2_R19_CANDIDATES/0012.docx,04_全部文件與歷次版本/B2_R19_CANDIDATES/20/1960_0012.docx,原樣保留；本次尚未確認完成驗收,45552,0401146049874709ef90f1a5ff87a701b2d8d98b83bcff9b839ade5d0a37e28e
1961,0012.docx,B2_R20_CANDIDATES/0012.docx,04_全部文件與歷次版本/B2_R20_CANDIDATES/20/1961_0012.docx,原樣保留；本次尚未確認完成驗收,45547,01b1b7a6210969ac72da0fffe0deddfb70a499753fe335c8ac19ccb6db0fc155
1962,0012.docx,B2_R21_CANDIDATES/0012.docx,04_全部文件與歷次版本/B2_R21_CANDIDATES/20/1962_0012.docx,原樣保留；本次尚未確認完成驗收,45101,f96ff2e4dc954ddfe0a2d390af0194e9792c1f9dc764704769a0d447c78dda6c
1963,0008_PRE_R05.docx,B2_R22_CANDIDATES/0008_PRE_R05.docx,04_全部文件與歷次版本/B2_R22_CANDIDATES/20/1963_0008_PRE_R05.docx,原樣保留；本次尚未確認完成驗收,43933,dc36325ad7d85eca9d5e6fbd90e9c9722330e5bd04d8fa515832b00ea57a2b3a
1964,0008.docx,B2_R22_CANDIDATES/0008.docx,04_全部文件與歷次版本/B2_R22_CANDIDATES/20/1964_0008.docx,原樣保留；本次尚未確認完成驗收,44120,083902aee0c2ee5e311cab18b36d6a3d9a5a1626c9a3ba56ae6bd72574a7cfa8
1965,0009_PRE_R05.docx,B2_R23_CANDIDATES/0009_PRE_R05.docx,04_全部文件與歷次版本/B2_R23_CANDIDATES/20/1965_0009_PRE_R05.docx,原樣保留；本次尚未確認完成驗收,42672,d1e57c7b6b49632ad711e76c909c9604f111e9f7381eded8842bfce6f7e937b5
1966,0009.docx,B2_R23_CANDIDATES/0009.docx,04_全部文件與歷次版本/B2_R23_CANDIDATES/20/1966_0009.docx,原樣保留；本次尚未確認完成驗收,42746,8763fca45ec43a08857e0580a46849c37fa8298fbb8ec2c803da070aa2d9219f
1967,0008_R23.docx,B2_R24_FINAL_CANDIDATES/0008_R23.docx,04_全部文件與歷次版本/B2_R24_FINAL_CANDIDATES/20/1967_0008_R23.docx,原樣保留；本次尚未確認完成驗收,44883,e3228d34befe3c90c01c039d7f93cf619c099baf76a40ed25741e39b1d4792f0
1968,0009_R24.docx,B2_R24_FINAL_CANDIDATES/0009_R24.docx,04_全部文件與歷次版本/B2_R24_FINAL_CANDIDATES/20/1968_0009_R24.docx,原樣保留；本次尚未確認完成驗收,43372,acd9ae180b9bf16bcaac8536000e18674516d31ba6bc6e11740051a485a1a45e
1969,0008_R24.docx,B2_R24_FINAL_CANDIDATES/0008_R24.docx,04_全部文件與歷次版本/B2_R24_FINAL_CANDIDATES/20/1969_0008_R24.docx,原樣保留；本次尚未確認完成驗收,44878,a34558ef6e896ef2943f7d46767d25680f1063efbf489c3a5092e55cd9e117b7
1970,0008_R25.docx,B2_R24_FINAL_CANDIDATES/0008_R25.docx,04_全部文件與歷次版本/B2_R24_FINAL_CANDIDATES/20/1970_0008_R25.docx,原樣保留；本次尚未確認完成驗收,45156,9fd7cc2df8e13c7e8b3e8a5855a0cf98b5db6222233b5992534fbcd7141e07a4
1971,0007_R10.docx,B2_R25_0007_R10/0007_R10.docx,04_全部文件與歷次版本/B2_R25_0007_R10/20/1971_0007_R10.docx,原樣保留；本次尚未確認完成驗收,44478,0920d0757842e6d053f09635e0e1a3355b9c91f7fc0fb79509adf1f810e234df
1972,0052.docx,_RANDOM12_QA_R01/DOCX/0052.docx,04_全部文件與歷次版本/_RANDOM12_QA_R01/20/1972_0052.docx,原樣保留；本次尚未確認完成驗收,43489,dadd574eaafd10ed40900bc935d273e0866ccae4f7071ad187af6b9e4bfc3021
1973,0054.docx,_RANDOM12_QA_R01/DOCX/0054.docx,04_全部文件與歷次版本/_RANDOM12_QA_R01/20/1973_0054.docx,原樣保留；本次尚未確認完成驗收,46352,a5307175acece306bb7ae06833b9a263ee66cef52c1fc8e273519661b2115132
1974,0090.docx,_RANDOM12_QA_R01/DOCX/0090.docx,04_全部文件與歷次版本/_RANDOM12_QA_R01/20/1974_0090.docx,原樣保留；本次尚未確認完成驗收,44966,a4128b90ea210840c93da1c67f6333d9db01f5c34b6f0c5e19ab71180e51820e
1975,0025.docx,_RANDOM12_QA_R01/DOCX/0025.docx,04_全部文件與歷次版本/_RANDOM12_QA_R01/20/1975_0025.docx,原樣保留；本次尚未確認完成驗收,46034,2d69fe66f8389ccd9afe16d6c3af06e76468e68721b2d877858d6f68acdbebb3
1976,0100.docx,_RANDOM12_QA_R01/DOCX/0100.docx,04_全部文件與歷次版本/_RANDOM12_QA_R01/20/1976_0100.docx,原樣保留；本次尚未確認完成驗收,91871,a17f74113f648e6934ffb930699da6e7b1f9f5a6b3887aaa95341a0520a9b154
1977,0116.docx,_RANDOM12_QA_R01/DOCX/0116.docx,04_全部文件與歷次版本/_RANDOM12_QA_R01/20/1977_0116.docx,原樣保留；本次尚未確認完成驗收,45764,2bb7150cc6d7fa90bd640f0dcd2d1bd88e9ea63f8d9555bdb481f3d6774a33de
1978,0133.docx,_RANDOM12_QA_R01/DOCX/0133.docx,04_全部文件與歷次版本/_RANDOM12_QA_R01/20/1978_0133.docx,原樣保留；本次尚未確認完成驗收,96346,3ff93f65bc2a899be8af3a139bea7b59e175551f152133e461f1dc9b45fcb99c
1979,0060.docx,_RANDOM12_QA_R01/DOCX/0060.docx,04_全部文件與歷次版本/_RANDOM12_QA_R01/20/1979_0060.docx,原樣保留；本次尚未確認完成驗收,46260,663deb642b7c733fbd7a06a5c40c6e6f011a983602fb1ebb4c6cb796c621817d
1980,0061.docx,_RANDOM12_QA_R01/DOCX/0061.docx,04_全部文件與歷次版本/_RANDOM12_QA_R01/20/1980_0061.docx,原樣保留；本次尚未確認完成驗收,46914,3ddd062b7a8608795f872a9429890db73cf770f98677ffacf76767288aaa380d
1981,0077.docx,_RANDOM12_QA_R01/DOCX/0077.docx,04_全部文件與歷次版本/_RANDOM12_QA_R01/20/1981_0077.docx,原樣保留；本次尚未確認完成驗收,46743,eb1cb0afb9751379c5443aee9db046c39447a2f343beab7a77dbaf939ac8c3bc
1982,0090.docx,_RANDOM12_QA_R02/DOCX/0090.docx,04_全部文件與歷次版本/_RANDOM12_QA_R02/20/1982_0090.docx,原樣保留；本次尚未確認完成驗收,44702,ba12597f709ebe6186410054663dd2426c14006b1088fae20db9bb96c3158b1f
1983,0116.docx,_RANDOM12_QA_R02/DOCX/0116.docx,04_全部文件與歷次版本/_RANDOM12_QA_R02/20/1983_0116.docx,原樣保留；本次尚未確認完成驗收,45749,f291e0459e0926ee13cba290124b1402a7f80d9b06b45f569a945be0be364d25
1984,0133.docx,_RANDOM12_QA_R02/DOCX/0133.docx,04_全部文件與歷次版本/_RANDOM12_QA_R02/20/1984_0133.docx,原樣保留；本次尚未確認完成驗收,96405,fe8ad28ed8c00b9baccc3173617de33b6b4a5ece86437f98813c144bbf642d61
1985,0060.docx,_RANDOM12_QA_R02/DOCX/0060.docx,04_全部文件與歷次版本/_RANDOM12_QA_R02/20/1985_0060.docx,原樣保留；本次尚未確認完成驗收,46220,2742d42a9c3fe09e5b94674b89276eadd1646e445330015c149a0c0aa5c7799e
1986,0116.docx,_RANDOM12_QA_R03/DOCX/0116.docx,04_全部文件與歷次版本/_RANDOM12_QA_R03/20/1986_0116.docx,原樣保留；本次尚未確認完成驗收,45782,70dcb7ff6acb3f7f7ccf699ddddda73dff186532ecbfb30685e6a92b3903951f
1987,0133.docx,_RANDOM12_QA_R04/DOCX/0133.docx,04_全部文件與歷次版本/_RANDOM12_QA_R04/20/1987_0133.docx,原樣保留；本次尚未確認完成驗收,96406,c1ec97eb04e913beb7373c0e7c5593f2b7908024e277250f9f2121ca97f0d312
1988,0077.docx,_RANDOM12_QA_R05/DOCX/0077.docx,04_全部文件與歷次版本/_RANDOM12_QA_R05/20/1988_0077.docx,原樣保留；本次尚未確認完成驗收,46753,3f7287b1e7cc23b8143b4fedadb75f27ba6eac96a35691d92016aab21bd7a6a7
1989,0052.docx,_RANDOM12_QA_R05/DOCX/0052.docx,04_全部文件與歷次版本/_RANDOM12_QA_R05/20/1989_0052.docx,原樣保留；本次尚未確認完成驗收,43821,d61896fa2173618997afa3df6c64c6eb9f71ce6b190d731ed8520ccaae153683
1990,0025.docx,_RANDOM12_QA_R05/DOCX/0025.docx,04_全部文件與歷次版本/_RANDOM12_QA_R05/20/1990_0025.docx,原樣保留；本次尚未確認完成驗收,46545,dc672ae84c143d238adf6857596e1e1325dab16f79d9185975110ab4cc2c4d78
1991,0025.docx,_RANDOM12_QA_R06/DOCX/0025.docx,04_全部文件與歷次版本/_RANDOM12_QA_R06/20/1991_0025.docx,原樣保留；本次尚未確認完成驗收,46579,4fa461e66871ef7d70976b8ddcb7d4a96964ab9063fd31e676cd022f63ce6c84
1992,0025.docx,_RANDOM12_QA_R07/DOCX/0025.docx,04_全部文件與歷次版本/_RANDOM12_QA_R07/20/1992_0025.docx,原樣保留；本次尚未確認完成驗收,46590,2ed092328e06aaacb613ea446259a7eb6e589a5f0ee24975c402ba500b22b15e
1993,0025_R05.docx,_RANDOM12_QA_R10/DOCX/0025_R05.docx,04_全部文件與歷次版本/_RANDOM12_QA_R10/20/1993_0025_R05.docx,原樣保留；本次尚未確認完成驗收,46672,21a0ce190699c202ba107a7cf8f0a8a14d7a3a9721bad90f03b0516d6cb77cbc
1994,0046.docx,_WQ4R32_PENDING/DOCX/0046.docx,04_全部文件與歷次版本/_WQ4R32_PENDING/20/1994_0046.docx,原樣保留；本次尚未確認完成驗收,44422,46ee2c6a79e71e73e5d11f28c886a1ad63e0d0c085771ceaf2ed8ce1bbc27b28
1995,0056.docx,_WQ4R32_PENDING/DOCX/0056.docx,04_全部文件與歷次版本/_WQ4R32_PENDING/20/1995_0056.docx,原樣保留；本次尚未確認完成驗收,41756,17e5b2a423a47a3d0459ab618d3840748b3b4edfbc7dc13e8b7a6ea1335ab1d3
1996,0064.docx,_WQ4R32_PENDING/DOCX/0064.docx,04_全部文件與歷次版本/_WQ4R32_PENDING/20/1996_0064.docx,原樣保留；本次尚未確認完成驗收,44128,c775a49d69c15d3c98376ee8288ee3d7233c18e766bd9db2445f1a0e66994fd2
1997,0065.docx,_WQ4R32_PENDING/DOCX/0065.docx,04_全部文件與歷次版本/_WQ4R32_PENDING/20/1997_0065.docx,原樣保留；本次尚未確認完成驗收,41250,eb9290c0dfe70655b5d9ef483ce95bb9691435da0a21387288ba61fee6a82f71
1998,0069.docx,_WQ4R32_PENDING/DOCX/0069.docx,04_全部文件與歷次版本/_WQ4R32_PENDING/20/1998_0069.docx,原樣保留；本次尚未確認完成驗收,43421,03f10fa2bba8da7ec7da9ce978d6a2d49ebdd17d1b29f275fb2aa352cfeaba6d
1999,0056.docx,_WQ4R33_FLOW/DOCX/0056.docx,04_全部文件與歷次版本/_WQ4R33_FLOW/20/1999_0056.docx,原樣保留；本次尚未確認完成驗收,41739,badc91021635234493cda54c4d8353c6a51536d2ef648e91e06097e2fca9ddb7
2000,0064.docx,_WQ4R33_FLOW/DOCX/0064.docx,04_全部文件與歷次版本/_WQ4R33_FLOW/20/2000_0064.docx,原樣保留；本次尚未確認完成驗收,44106,ddb162246053f643bed3a384d3359963ef6cb4f601272741c46f9022f2c87ddc
2001,0056.docx,_WQ4R34_BLOCK/DOCX/0056.docx,04_全部文件與歷次版本/_WQ4R34_BLOCK/21/2001_0056.docx,原樣保留；本次尚未確認完成驗收,41756,6655351d4abd6a9f1cfa8e2091da340841770b483fb0e9ff7269128e66088836
2002,0064.docx,_WQ4R34_BLOCK/DOCX/0064.docx,04_全部文件與歷次版本/_WQ4R34_BLOCK/21/2002_0064.docx,原樣保留；本次尚未確認完成驗收,44129,712778169d6486e74ccf7e9159ecbe4c7e072008c01c6f7f9cc76de393f342e3
2003,0093.docx,_renderbatch06/0093.docx,04_全部文件與歷次版本/_renderbatch06/21/2003_0093.docx,原樣保留；本次尚未確認完成驗收,43608,7b1923a4f7eef35ed26e35c462581bb13db99cb4fe6105a1b315a0189f4b8a48
2004,0103.docx,_renderbatch06_simple/0103.docx,04_全部文件與歷次版本/_renderbatch06_simple/21/2004_0103.docx,原樣保留；本次尚未確認完成驗收,41989,115fc3d6bb442583c0d51db327be2e9333397a3096f5af0bfbdacbc5a465a009
2005,0107.docx,_renderbatch06_simple/0107.docx,04_全部文件與歷次版本/_renderbatch06_simple/21/2005_0107.docx,原樣保留；本次尚未確認完成驗收,42067,4c2ade230a39ae33bd7f40fb7c04aef0514b48fe1f756855350120d7d035b5d3
2006,0108.docx,_renderbatch06_simple/0108.docx,04_全部文件與歷次版本/_renderbatch06_simple/21/2006_0108.docx,原樣保留；本次尚未確認完成驗收,42261,2dd79ae989de73dd9db712d8498e48825c9d618f1abfad500b09c3d0bfa65854
2007,0103.docx,_renderbatch06_printout/0103.docx,04_全部文件與歷次版本/_renderbatch06_printout/21/2007_0103.docx,原樣保留；本次尚未確認完成驗收,41989,115fc3d6bb442583c0d51db327be2e9333397a3096f5af0bfbdacbc5a465a009
2008,0093.docx,_renderbatch06_printout/0093.docx,04_全部文件與歷次版本/_renderbatch06_printout/21/2008_0093.docx,原樣保留；本次尚未確認完成驗收,43608,7b1923a4f7eef35ed26e35c462581bb13db99cb4fe6105a1b315a0189f4b8a48
2009,0094.docx,_renderbatch06_printout/0094.docx,04_全部文件與歷次版本/_renderbatch06_printout/21/2009_0094.docx,原樣保留；本次尚未確認完成驗收,44508,ce07d1afbcafb3ea1f1169e197924e81fe25b3ce7b27e0b5e18f0898250274a3
2010,0102.docx,_renderbatch06_printout/0102.docx,04_全部文件與歷次版本/_renderbatch06_printout/21/2010_0102.docx,原樣保留；本次尚未確認完成驗收,42043,bdaeb97815a495223ed631abee7a7ca189921501d48fa0f1e1995275e07b2b2c
2011,0107.docx,_renderbatch06_printout/0107.docx,04_全部文件與歷次版本/_renderbatch06_printout/21/2011_0107.docx,原樣保留；本次尚未確認完成驗收,42067,4c2ade230a39ae33bd7f40fb7c04aef0514b48fe1f756855350120d7d035b5d3
2012,0108.docx,_renderbatch06_printout/0108.docx,04_全部文件與歷次版本/_renderbatch06_printout/21/2012_0108.docx,原樣保留；本次尚未確認完成驗收,42261,2dd79ae989de73dd9db712d8498e48825c9d618f1abfad500b09c3d0bfa65854
2013,0091.docx,_renderbatch06_printout/0091.docx,04_全部文件與歷次版本/_renderbatch06_printout/21/2013_0091.docx,原樣保留；本次尚未確認完成驗收,41716,f11e2e0e6134b017ffa93da82e1b89b6d75bd1178a5fe10358073979037f8057
2014,0092.docx,_renderbatch06_printout/0092.docx,04_全部文件與歷次版本/_renderbatch06_printout/21/2014_0092.docx,原樣保留；本次尚未確認完成驗收,41421,94e801984238d2302c332bf097af0e4837786b8e43e427c8b0f630cd7529f7c7
2015,0095.docx,_renderbatch06_printout/0095.docx,04_全部文件與歷次版本/_renderbatch06_printout/21/2015_0095.docx,原樣保留；本次尚未確認完成驗收,42321,4e7cc76add9033ec61766425f93e1a03a53b85a9a2162293ab69508cb3bbefb1
2016,0096.docx,_renderbatch06_printout/0096.docx,04_全部文件與歷次版本/_renderbatch06_printout/21/2016_0096.docx,原樣保留；本次尚未確認完成驗收,41413,7a5ffe7f524e1bbe7a1ec40c0e20c3616b1eec60e558cc376bedab25c3ace91d
2017,0097.docx,_renderbatch06_printout/0097.docx,04_全部文件與歷次版本/_renderbatch06_printout/21/2017_0097.docx,原樣保留；本次尚未確認完成驗收,41592,24b7ea852091a0ec573936cd3852d265b2e23af1f3046e04b46ba9cbbb340ff6
2018,0098.docx,_renderbatch06_printout/0098.docx,04_全部文件與歷次版本/_renderbatch06_printout/21/2018_0098.docx,原樣保留；本次尚未確認完成驗收,41768,d5f6977c12b9b0e805c2636611bca9da9ccf104f8222cd735f58b8e95b6e89f0
2019,0099.docx,_renderbatch06_printout/0099.docx,04_全部文件與歷次版本/_renderbatch06_printout/21/2019_0099.docx,原樣保留；本次尚未確認完成驗收,41544,b2f14abdb1716f6413492bae47978b8f2775dc0b14a45b30eb8af2ba4818ffb7
2020,0104.docx,_renderbatch06_printout/0104.docx,04_全部文件與歷次版本/_renderbatch06_printout/21/2020_0104.docx,原樣保留；本次尚未確認完成驗收,41809,bdc025366c97ac018fbe1a784c0e4052d092bddd1a7ad05d4bc6c3d94b33f79e
2021,0106.docx,_renderbatch06_printout/0106.docx,04_全部文件與歷次版本/_renderbatch06_printout/21/2021_0106.docx,原樣保留；本次尚未確認完成驗收,42008,59a745eef63486e9b87705ed635fa517467f3857ad8d49cf162dc1ac9d48aa49
2022,0109.docx,_renderbatch06_printout/0109.docx,04_全部文件與歷次版本/_renderbatch06_printout/21/2022_0109.docx,原樣保留；本次尚未確認完成驗收,41535,75db58a467e9ce2ce7046dfb0fa50d486ab70a712646d6e76bc20198671667e3
2023,0099_R02.docx,_renderbatch06_printout/0099_R02.docx,04_全部文件與歷次版本/_renderbatch06_printout/21/2023_0099_R02.docx,原樣保留；本次尚未確認完成驗收,41566,e4db9b762f79dabd91c526f55251a650f7bbedfe42234a66481463c89a3f3236
2024,0101_sample.docx,_renderbatch06_printout/0101_sample.docx,04_全部文件與歷次版本/_renderbatch06_printout/21/2024_0101_sample.docx,原樣保留；本次尚未確認完成驗收,105528,be47c09b53a08a090828ec635e0140e787ce92999f2e67001650a11928250d05
2025,0110_sample.docx,_renderbatch06_printout/0110_sample.docx,04_全部文件與歷次版本/_renderbatch06_printout/21/2025_0110_sample.docx,原樣保留；本次尚未確認完成驗收,42497,88dfc72ff30e32893cb000d529fd406d481b8875e387d9aba33ed059ff51b020
2026,0105_sample.docx,_renderbatch06_printout/0105_sample.docx,04_全部文件與歷次版本/_renderbatch06_printout/21/2026_0105_sample.docx,原樣保留；本次尚未確認完成驗收,43883,1a6deaf800c8df4853837c7a78104be9bd17e062d302f8e373354f8d7a4c0604
2027,0110_R02.docx,_renderbatch06_printout/0110_R02.docx,04_全部文件與歷次版本/_renderbatch06_printout/21/2027_0110_R02.docx,原樣保留；本次尚未確認完成驗收,42520,ea888a93404437dcec39fbe3ff95ef7c408b16b3109af2d4df07e867f7b77b63
2028,0110_R03.docx,_renderbatch06_printout/0110_R03.docx,04_全部文件與歷次版本/_renderbatch06_printout/21/2028_0110_R03.docx,原樣保留；本次尚未確認完成驗收,42525,ed8b2c1005be2e74159af18b0825af2992761d70920cc1fa49519be8d851ca21
2029,0110_R04.docx,_renderbatch06_printout/0110_R04.docx,04_全部文件與歷次版本/_renderbatch06_printout/21/2029_0110_R04.docx,原樣保留；本次尚未確認完成驗收,42520,a28a594a94e3eb26ecea979c97119ad00c07f4532739a2290c4bd766f6b2d0f7
2030,0053_I12-E01_R01.docx,_BATCH10_R01_QA/DOCX_COPIES/0053_I12-E01_R01.docx,04_全部文件與歷次版本/_BATCH10_R01_QA/21/2030_0053_I12-E01_R01.docx,原樣保留；本次尚未確認完成驗收,42361,5ff094890e33e0be6f795bb143d11d271d3a436abd8966e406ec1de56af7fb4e
2031,0062_I14-E03_R01.docx,_BATCH10_R01_QA/DOCX_COPIES/0062_I14-E03_R01.docx,04_全部文件與歷次版本/_BATCH10_R01_QA/21/2031_0062_I14-E03_R01.docx,原樣保留；本次尚未確認完成驗收,43837,fb9a987bb59e9f91e64b098e1b7ff888d6ba09e5b9aabdd2a4f01dbd4917b0bc
2032,0132_I19-E21_R01.docx,_BATCH10_R01_QA/DOCX_COPIES/0132_I19-E21_R01.docx,04_全部文件與歷次版本/_BATCH10_R01_QA/21/2032_0132_I19-E21_R01.docx,原樣保留；本次尚未確認完成驗收,41794,9de123499d734450b7f36f5c512464a14b9e57fcc6a1e96a36825f7bf96aed42
2033,0134_I19-E23_R01.docx,_BATCH10_R01_QA/DOCX_COPIES/0134_I19-E23_R01.docx,04_全部文件與歷次版本/_BATCH10_R01_QA/21/2033_0134_I19-E23_R01.docx,原樣保留；本次尚未確認完成驗收,41371,39f7bda2fa20ecd360ae1ef3c2e10545f32558db1fb56dc6a9caeec8956cd4c8
2034,0135_I19-E25_R01.docx,_BATCH10_R01_QA/DOCX_COPIES/0135_I19-E25_R01.docx,04_全部文件與歷次版本/_BATCH10_R01_QA/21/2034_0135_I19-E25_R01.docx,原樣保留；本次尚未確認完成驗收,41864,1910f7c395a50a45879a674e10cf42ea1e3a0fece7ad5454c36600f06a1e6a54
2035,0136_I19-E26_R01.docx,_BATCH10_R01_QA/DOCX_COPIES/0136_I19-E26_R01.docx,04_全部文件與歷次版本/_BATCH10_R01_QA/21/2035_0136_I19-E26_R01.docx,原樣保留；本次尚未確認完成驗收,41937,dbca9f8e4a2137bb71518c3d2f337a245ac0468fcb8e0df93605915a94b58d0c
2036,0137_I19-E27_R01.docx,_BATCH10_R01_QA/DOCX_COPIES/0137_I19-E27_R01.docx,04_全部文件與歷次版本/_BATCH10_R01_QA/21/2036_0137_I19-E27_R01.docx,原樣保留；本次尚未確認完成驗收,41774,3f760cf723ec64acb85620a5167727ac27305b0e9ecf0a2f7efab0a66e12e484
2037,0138_I19-E28_R01.docx,_BATCH10_R01_QA/DOCX_COPIES/0138_I19-E28_R01.docx,04_全部文件與歷次版本/_BATCH10_R01_QA/21/2037_0138_I19-E28_R01.docx,原樣保留；本次尚未確認完成驗收,41639,e0c56f58177495cff7cf42af3dc000bd75b1b2475116267b967d8ecc1ede9b5e
2038,0139_I19-E29_R01.docx,_BATCH10_R01_QA/DOCX_COPIES/0139_I19-E29_R01.docx,04_全部文件與歷次版本/_BATCH10_R01_QA/21/2038_0139_I19-E29_R01.docx,原樣保留；本次尚未確認完成驗收,41722,c1298b901fb81e20873b034ec8decc324e4d7a6a7513b862c6e06c7a3c9b047f
2039,0132_0132_I19-E21_R02_WORD.docx,_BATCH10_R02_QA/DOCX_COPIES/0132_0132_I19-E21_R02_WORD.docx,04_全部文件與歷次版本/_BATCH10_R02_QA/21/2039_0132_0132_I19-E21_R02_WORD.docx,原樣保留；本次尚未確認完成驗收,41814,c76fe95606a3cedaa13a093f0233af45332b5c97c9d59fe726e2e117d6771f87
2040,0132_I19-E21_R02_WORD.docx,_BATCH10_R02_QA/DOCX_COPIES/0132_I19-E21_R02_WORD.docx,04_全部文件與歷次版本/_BATCH10_R02_QA/21/2040_0132_I19-E21_R02_WORD.docx,原樣保留；本次尚未確認完成驗收,41814,c76fe95606a3cedaa13a093f0233af45332b5c97c9d59fe726e2e117d6771f87
2041,0135_I19-E25_R02_WORD.docx,_BATCH10_R02_QA/DOCX_COPIES/0135_I19-E25_R02_WORD.docx,04_全部文件與歷次版本/_BATCH10_R02_QA/21/2041_0135_I19-E25_R02_WORD.docx,原樣保留；本次尚未確認完成驗收,41855,3cae7e6b717dbf09b953fcd74fa2549f3593c94f6d8dd13a913321161e434337
2042,0136_I19-E26_R02_WORD.docx,_BATCH10_R02_QA/DOCX_COPIES/0136_I19-E26_R02_WORD.docx,04_全部文件與歷次版本/_BATCH10_R02_QA/21/2042_0136_I19-E26_R02_WORD.docx,原樣保留；本次尚未確認完成驗收,41957,7deb6780811b302c01fb60f58080a4d4942b4c0d71c39cd4cc17b7fd7c4b18f0
2043,0137_I19-E27_R02_WORD.docx,_BATCH10_R02_QA/DOCX_COPIES/0137_I19-E27_R02_WORD.docx,04_全部文件與歷次版本/_BATCH10_R02_QA/21/2043_0137_I19-E27_R02_WORD.docx,原樣保留；本次尚未確認完成驗收,41796,99030b45fa4e09cd5292f63283ef63c5e392fbc7dba8ea88388f97debce5f15b
2044,0138_I19-E28_R02_WORD.docx,_BATCH10_R02_QA/DOCX_COPIES/0138_I19-E28_R02_WORD.docx,04_全部文件與歷次版本/_BATCH10_R02_QA/21/2044_0138_I19-E28_R02_WORD.docx,原樣保留；本次尚未確認完成驗收,41667,02900e5f6f120791430824e3aa33e0a4ce6f8f232810dd519bab5ffa11cfa75d
2045,0139_I19-E29_R02_WORD.docx,_BATCH10_R02_QA/DOCX_COPIES/0139_I19-E29_R02_WORD.docx,04_全部文件與歷次版本/_BATCH10_R02_QA/21/2045_0139_I19-E29_R02_WORD.docx,原樣保留；本次尚未確認完成驗收,41742,55529894635d9743853398fd8454f00f520e2f23b622e5b173b356ae8dea8d26
2046,0136_I19-E26_R03_WORD.docx,_BATCH10_R03_QA/DOCX_COPIES/0136_I19-E26_R03_WORD.docx,04_全部文件與歷次版本/_BATCH10_R03_QA/21/2046_0136_I19-E26_R03_WORD.docx,原樣保留；本次尚未確認完成驗收,41998,f056251a6bf97b9e2cd9d68698b96aeac71a8229ee03dcddb2de079ee4bb034e
2047,0139_I19-E29_R03_WORD.docx,_BATCH10_R03_0139_QA/DOCX_COPIES/0139_I19-E29_R03_WORD.docx,04_全部文件與歷次版本/_BATCH10_R03_0139_QA/21/2047_0139_I19-E29_R03_WORD.docx,原樣保留；本次尚未確認完成驗收,41925,dba8afd468850e5e7fef1726d3245f5bd6ee7d9fc480192e6201a044a1b7afb1
2048,0031__I06-E02__R3_SAMPLE_SYNTHETIC_REBUILD.docx,TTQS_ONE_WIN10_MISSION_20261002/starter_R01/01_CURRENT_GOOD_REFERENCE/0031__I06-E02__R3_SAMPLE_SYNTHETIC_REBUILD.docx,04_全部文件與歷次版本/TTQS_ONE_WIN10_MISSION_20261002/21/2048_0031__I06-E02__R3_SAMPLE_SYNTHETIC_REBUILD.docx,原樣保留；本次尚未確認完成驗收,159064,6f4d667002512580dae2b59c90ad164973bad8e046ae678b3999fb1ba28070cf
2049,0032__I06-E03__R3_SAMPLE_SYNTHETIC_REBUILD.docx,TTQS_ONE_WIN10_MISSION_20261002/starter_R01/01_CURRENT_GOOD_REFERENCE/0032__I06-E03__R3_SAMPLE_SYNTHETIC_REBUILD.docx,04_全部文件與歷次版本/TTQS_ONE_WIN10_MISSION_20261002/21/2049_0032__I06-E03__R3_SAMPLE_SYNTHETIC_REBUILD.docx,原樣保留；本次尚未確認完成驗收,150406,6e74fa857a5138b79a12d95029fc287e710eb48622fa9625cf721ea0813b77fe
2050,0033__I07-E01__R3_SAMPLE_SYNTHETIC_REBUILD.docx,TTQS_ONE_WIN10_MISSION_20261002/starter_R01/01_CURRENT_GOOD_REFERENCE/0033__I07-E01__R3_SAMPLE_SYNTHETIC_REBUILD.docx,04_全部文件與歷次版本/TTQS_ONE_WIN10_MISSION_20261002/21/2050_0033__I07-E01__R3_SAMPLE_SYNTHETIC_REBUILD.docx,原樣保留；本次尚未確認完成驗收,81049,a75b4c272b9c7e59b449a6a324885d94da1e0a84feda482a64f4339eb0f29a2f
2051,0034__I07-E02__R3_SAMPLE_SYNTHETIC_REBUILD.docx,TTQS_ONE_WIN10_MISSION_20261002/starter_R01/01_CURRENT_GOOD_REFERENCE/0034__I07-E02__R3_SAMPLE_SYNTHETIC_REBUILD.docx,04_全部文件與歷次版本/TTQS_ONE_WIN10_MISSION_20261002/21/2051_0034__I07-E02__R3_SAMPLE_SYNTHETIC_REBUILD.docx,原樣保留；本次尚未確認完成驗收,143852,43e3ac5fd7f6443a7d225979d6d52cdcac1f1904da61f35a778da73a334ff8d9
2052,0035__I07-E03__R3_SAMPLE_SYNTHETIC_REBUILD.docx,TTQS_ONE_WIN10_MISSION_20261002/starter_R01/01_CURRENT_GOOD_REFERENCE/0035__I07-E03__R3_SAMPLE_SYNTHETIC_REBUILD.docx,04_全部文件與歷次版本/TTQS_ONE_WIN10_MISSION_20261002/21/2052_0035__I07-E03__R3_SAMPLE_SYNTHETIC_REBUILD.docx,原樣保留；本次尚未確認完成驗收,163236,68dfde209e14ca179b7b22a3b4fb7633b28238ce91843f5baca10fc81559f9e3
2053,0036__I07-E04__R3_SAMPLE_SYNTHETIC_REBUILD.docx,TTQS_ONE_WIN10_MISSION_20261002/starter_R01/01_CURRENT_GOOD_REFERENCE/0036__I07-E04__R3_SAMPLE_SYNTHETIC_REBUILD.docx,04_全部文件與歷次版本/TTQS_ONE_WIN10_MISSION_20261002/21/2053_0036__I07-E04__R3_SAMPLE_SYNTHETIC_REBUILD.docx,原樣保留；本次尚未確認完成驗收,76080,e5439986101282180eb5d27881abdc0a770e9be3e3f15c134efd23ca1f802134
2054,0037__I08-E01__R3_SAMPLE_SYNTHETIC_REBUILD.docx,TTQS_ONE_WIN10_MISSION_20261002/starter_R01/01_CURRENT_GOOD_REFERENCE/0037__I08-E01__R3_SAMPLE_SYNTHETIC_REBUILD.docx,04_全部文件與歷次版本/TTQS_ONE_WIN10_MISSION_20261002/21/2054_0037__I08-E01__R3_SAMPLE_SYNTHETIC_REBUILD.docx,原樣保留；本次尚未確認完成驗收,73799,6e534c42061b6b841431843b3522ff770c569b648a4990c5df10aa1b5fda1419
2055,0038__I08-E02__R3_SAMPLE_SYNTHETIC_REBUILD.docx,TTQS_ONE_WIN10_MISSION_20261002/starter_R01/01_CURRENT_GOOD_REFERENCE/0038__I08-E02__R3_SAMPLE_SYNTHETIC_REBUILD.docx,04_全部文件與歷次版本/TTQS_ONE_WIN10_MISSION_20261002/21/2055_0038__I08-E02__R3_SAMPLE_SYNTHETIC_REBUILD.docx,原樣保留；本次尚未確認完成驗收,73246,7d4b0e39e89bbbc87601db0755aa72b8d14710999ae6cfd0255efb2ccb18edbf
2056,0039__I08-E03__R3_SAMPLE_SYNTHETIC_REBUILD.docx,TTQS_ONE_WIN10_MISSION_20261002/starter_R01/01_CURRENT_GOOD_REFERENCE/0039__I08-E03__R3_SAMPLE_SYNTHETIC_REBUILD.docx,04_全部文件與歷次版本/TTQS_ONE_WIN10_MISSION_20261002/21/2056_0039__I08-E03__R3_SAMPLE_SYNTHETIC_REBUILD.docx,原樣保留；本次尚未確認完成驗收,78155,c6f47e690db321ed187993bafc2cbe9832730d59df0874f217fd40832f0dad2d
2057,0040__I08-E03__R3_SAMPLE_SYNTHETIC_REBUILD.docx,TTQS_ONE_WIN10_MISSION_20261002/starter_R01/01_CURRENT_GOOD_REFERENCE/0040__I08-E03__R3_SAMPLE_SYNTHETIC_REBUILD.docx,04_全部文件與歷次版本/TTQS_ONE_WIN10_MISSION_20261002/21/2057_0040__I08-E03__R3_SAMPLE_SYNTHETIC_REBUILD.docx,原樣保留；本次尚未確認完成驗收,75194,181735982d24ee943d8615bf2af2fc2ebc39800ded08a76972dd2e97b3d336f5
2058,TTQS_ONE_DEEP_DOCUMENT_INTEGRITY_READABILITY_AUDIT_AND_OPTIMIZATION_PLAN_R01.docx,TTQS_ONE_WIN10_MISSION_20261002/starter_R01/04_EVIDENCE/TTQS_ONE_DEEP_DOCUMENT_INTEGRITY_READABILITY_AUDIT_AND_OPTIMIZATION_PLAN_R01.docx,04_全部文件與歷次版本/TTQS_ONE_WIN10_MISSION_20261002/21/2058_TTQS_ONE_DEEP_DOCUMENT_INTEGRITY_READABILITY_AUDIT_AND_OPTIMIZATION_PL.docx,原樣保留；本次尚未確認完成驗收,23694,36898653b34f660b4fcbf15b877ebfd707a309e16971bbb2a9daefa38c82e74b
2059,TTQS_ONE_DEEP_DOCUMENT_INTEGRITY_READABILITY_AUDIT_AND_OPTIMIZATION_PLAN_R01.docx,TTQS_ONE_WIN10_MISSION_20261002/R04/04_EVIDENCE/TTQS_ONE_DEEP_DOCUMENT_INTEGRITY_READABILITY_AUDIT_AND_OPTIMIZATION_PLAN_R01.docx,04_全部文件與歷次版本/TTQS_ONE_WIN10_MISSION_20261002/21/2059_TTQS_ONE_DEEP_DOCUMENT_INTEGRITY_READABILITY_AUDIT_AND_OPTIMIZATION_PL.docx,原樣保留；本次尚未確認完成驗收,23694,36898653b34f660b4fcbf15b877ebfd707a309e16971bbb2a9daefa38c82e74b
2060,0034__針對學員做職能盤點或職能分析並據以規劃適切課_可直接使用成品.docx,TTQS_ONE_WIN10_MISSION_20261002/R04/01_HUMANIZED_REFERENCE/0034__針對學員做職能盤點或職能分析並據以規劃適切課_可直接使用成品.docx,04_全部文件與歷次版本/TTQS_ONE_WIN10_MISSION_20261002/21/2060_0034__針對學員做職能盤點或職能分析並據以規劃適切課_可直接使用成品.docx,原樣保留；本次尚未確認完成驗收,143750,fb644a16f2d0df9555363c9acbaf4db7f80696f69e76d5aa62e9da2108f30cf0
2061,0035__對相關職能分析及運用的方法均能適時檢討隨時改_完整工作稿.docx,TTQS_ONE_WIN10_MISSION_20261002/R04/01_HUMANIZED_REFERENCE/0035__對相關職能分析及運用的方法均能適時檢討隨時改_完整工作稿.docx,04_全部文件與歷次版本/TTQS_ONE_WIN10_MISSION_20261002/21/2061_0035__對相關職能分析及運用的方法均能適時檢討隨時改_完整工作稿.docx,原樣保留；本次尚未確認完成驗收,163112,ca8cb93cd4bfb316f29182fb66a078faec60d73ced46bcc3e6b0a8681a82f891
2062,0037__相關文件紀錄能顯示近年來訓練目標、訓練方法、_可直接使用成品.docx,TTQS_ONE_WIN10_MISSION_20261002/R04/01_HUMANIZED_REFERENCE/0037__相關文件紀錄能顯示近年來訓練目標、訓練方法、_可直接使用成品.docx,04_全部文件與歷次版本/TTQS_ONE_WIN10_MISSION_20261002/21/2062_0037__相關文件紀錄能顯示近年來訓練目標、訓練方法、_可直接使用成品.docx,原樣保留；本次尚未確認完成驗收,73666,35124c2fb792b7c79fac32625499917f211dcebdecde779fa64285addd673403
2063,0032__訓練機構具備執行訓練業務相關職能的說明_完整工作稿.docx,TTQS_ONE_WIN10_MISSION_20261002/R04/01_HUMANIZED_REFERENCE/0032__訓練機構具備執行訓練業務相關職能的說明_完整工作稿.docx,04_全部文件與歷次版本/TTQS_ONE_WIN10_MISSION_20261002/21/2063_0032__訓練機構具備執行訓練業務相關職能的說明_完整工作稿.docx,原樣保留；本次尚未確認完成驗收,150298,99daa093d96b34aac488cec89abdfddd66454529a80002f04fd89c1a32af23db
2064,0039__課程規劃與設計審查會議紀錄.docx,TTQS_ONE_WIN10_MISSION_20261002/R04/01_HUMANIZED_REFERENCE/0039__課程規劃與設計審查會議紀錄.docx,04_全部文件與歷次版本/TTQS_ONE_WIN10_MISSION_20261002/21/2064_0039__課程規劃與設計審查會議紀錄.docx,原樣保留；本次尚未確認完成驗收,77925,4c8e16be02610e639c4ac7292447485e9c7aabcd81f93bb0dbfc88d0681d17c3
2065,0031__專業訓練人員職能評估方法等證明_可直接使用成品.docx,TTQS_ONE_WIN10_MISSION_20261002/R04/01_HUMANIZED_REFERENCE/0031__專業訓練人員職能評估方法等證明_可直接使用成品.docx,04_全部文件與歷次版本/TTQS_ONE_WIN10_MISSION_20261002/21/2065_0031__專業訓練人員職能評估方法等證明_可直接使用成品.docx,原樣保留；本次尚未確認完成驗收,158927,1910ee6ed85b9a7b31a5792c78fcfc74d42c451c49ffc8408b12d058c7dc6929
2066,0036__有課程設計進度表、課程規劃流程圖說明、訓練規_完整工作稿.docx,TTQS_ONE_WIN10_MISSION_20261002/R04/01_HUMANIZED_REFERENCE/0036__有課程設計進度表、課程規劃流程圖說明、訓練規_完整工作稿.docx,04_全部文件與歷次版本/TTQS_ONE_WIN10_MISSION_20261002/21/2066_0036__有課程設計進度表、課程規劃流程圖說明、訓練規_完整工作稿.docx,原樣保留；本次尚未確認完成驗收,75955,92f8ecfa0a2330ddc693e3006ebc065f40bcd32b89b98616a7c56efe7175f32f
2067,0040__訓練評估方法與成效指標對照表.docx,TTQS_ONE_WIN10_MISSION_20261002/R04/01_HUMANIZED_REFERENCE/0040__訓練評估方法與成效指標對照表.docx,04_全部文件與歷次版本/TTQS_ONE_WIN10_MISSION_20261002/21/2067_0040__訓練評估方法與成效指標對照表.docx,原樣保留；本次尚未確認完成驗收,75016,9cda927b3838b646c368e927d6d67df0a241c33ecf75f1b3ad4b16cd6e48a6a0
2068,0033__訓練課程計畫配合客戶及受訓者需求、職能需求的_可直接使用成品.docx,TTQS_ONE_WIN10_MISSION_20261002/R04/01_HUMANIZED_REFERENCE/0033__訓練課程計畫配合客戶及受訓者需求、職能需求的_可直接使用成品.docx,04_全部文件與歷次版本/TTQS_ONE_WIN10_MISSION_20261002/21/2068_0033__訓練課程計畫配合客戶及受訓者需求、職能需求的_可直接使用成品.docx,原樣保留；本次尚未確認完成驗收,80922,418ae909b332fbfd19f03751bf1483f475603fe01a16d1a5eed3fa149dc1238d
2069,0038__針對訓練方案的系統設計能適時檢討及改善，執行_完整工作稿.docx,TTQS_ONE_WIN10_MISSION_20261002/R04/01_HUMANIZED_REFERENCE/0038__針對訓練方案的系統設計能適時檢討及改善，執行_完整工作稿.docx,04_全部文件與歷次版本/TTQS_ONE_WIN10_MISSION_20261002/21/2069_0038__針對訓練方案的系統設計能適時檢討及改善，執行_完整工作稿.docx,原樣保留；本次尚未確認完成驗收,73149,e8b3ca417a9d3c5f8002b79e0b11bc7aaeafb0b718040caa582bb13b65301dbe
2070,9999__NEGATIVE_ENGINEERING_PLACEHOLDER.docx,TTQS_ONE_WIN10_MISSION_20261002/R04/08_TESTS/NEGATIVE_FIXTURES/9999__NEGATIVE_ENGINEERING_PLACEHOLDER.docx,04_全部文件與歷次版本/TTQS_ONE_WIN10_MISSION_20261002/21/2070_9999__NEGATIVE_ENGINEERING_PLACEHOLDER.docx,原樣保留；本次尚未確認完成驗收,36728,8f47301f314e5648c1193b9f2eff815aaaad33e8f6899b18f68108ed765db1a6
2071,TTQS_ONE_DEEP_DOCUMENT_INTEGRITY_READABILITY_AUDIT_AND_OPTIMIZATION_PLAN_R01.docx,TTQS_ONE_CODEX_RUNTIME/INPUTS/R04/04_EVIDENCE/TTQS_ONE_DEEP_DOCUMENT_INTEGRITY_READABILITY_AUDIT_AND_OPTIMIZATION_PLAN_R01.docx,04_全部文件與歷次版本/TTQS_ONE_CODEX_RUNTIME/21/2071_TTQS_ONE_DEEP_DOCUMENT_INTEGRITY_READABILITY_AUDIT_AND_OPTIMIZATION_PL.docx,原樣保留；本次尚未確認完成驗收,23694,36898653b34f660b4fcbf15b877ebfd707a309e16971bbb2a9daefa38c82e74b
2072,0034__針對學員做職能盤點或職能分析並據以規劃適切課_可直接使用成品.docx,TTQS_ONE_CODEX_RUNTIME/INPUTS/R04/01_HUMANIZED_REFERENCE/0034__針對學員做職能盤點或職能分析並據以規劃適切課_可直接使用成品.docx,04_全部文件與歷次版本/TTQS_ONE_CODEX_RUNTIME/21/2072_0034__針對學員做職能盤點或職能分析並據以規劃適切課_可直接使用成品.docx,原樣保留；本次尚未確認完成驗收,143750,fb644a16f2d0df9555363c9acbaf4db7f80696f69e76d5aa62e9da2108f30cf0
2073,0035__對相關職能分析及運用的方法均能適時檢討隨時改_完整工作稿.docx,TTQS_ONE_CODEX_RUNTIME/INPUTS/R04/01_HUMANIZED_REFERENCE/0035__對相關職能分析及運用的方法均能適時檢討隨時改_完整工作稿.docx,04_全部文件與歷次版本/TTQS_ONE_CODEX_RUNTIME/21/2073_0035__對相關職能分析及運用的方法均能適時檢討隨時改_完整工作稿.docx,原樣保留；本次尚未確認完成驗收,163112,ca8cb93cd4bfb316f29182fb66a078faec60d73ced46bcc3e6b0a8681a82f891
2074,0037__相關文件紀錄能顯示近年來訓練目標、訓練方法、_可直接使用成品.docx,TTQS_ONE_CODEX_RUNTIME/INPUTS/R04/01_HUMANIZED_REFERENCE/0037__相關文件紀錄能顯示近年來訓練目標、訓練方法、_可直接使用成品.docx,04_全部文件與歷次版本/TTQS_ONE_CODEX_RUNTIME/21/2074_0037__相關文件紀錄能顯示近年來訓練目標、訓練方法、_可直接使用成品.docx,原樣保留；本次尚未確認完成驗收,73666,35124c2fb792b7c79fac32625499917f211dcebdecde779fa64285addd673403
2075,0032__訓練機構具備執行訓練業務相關職能的說明_完整工作稿.docx,TTQS_ONE_CODEX_RUNTIME/INPUTS/R04/01_HUMANIZED_REFERENCE/0032__訓練機構具備執行訓練業務相關職能的說明_完整工作稿.docx,04_全部文件與歷次版本/TTQS_ONE_CODEX_RUNTIME/21/2075_0032__訓練機構具備執行訓練業務相關職能的說明_完整工作稿.docx,原樣保留；本次尚未確認完成驗收,150298,99daa093d96b34aac488cec89abdfddd66454529a80002f04fd89c1a32af23db
2076,0039__課程規劃與設計審查會議紀錄.docx,TTQS_ONE_CODEX_RUNTIME/INPUTS/R04/01_HUMANIZED_REFERENCE/0039__課程規劃與設計審查會議紀錄.docx,04_全部文件與歷次版本/TTQS_ONE_CODEX_RUNTIME/21/2076_0039__課程規劃與設計審查會議紀錄.docx,原樣保留；本次尚未確認完成驗收,77925,4c8e16be02610e639c4ac7292447485e9c7aabcd81f93bb0dbfc88d0681d17c3
2077,0031__專業訓練人員職能評估方法等證明_可直接使用成品.docx,TTQS_ONE_CODEX_RUNTIME/INPUTS/R04/01_HUMANIZED_REFERENCE/0031__專業訓練人員職能評估方法等證明_可直接使用成品.docx,04_全部文件與歷次版本/TTQS_ONE_CODEX_RUNTIME/21/2077_0031__專業訓練人員職能評估方法等證明_可直接使用成品.docx,原樣保留；本次尚未確認完成驗收,158927,1910ee6ed85b9a7b31a5792c78fcfc74d42c451c49ffc8408b12d058c7dc6929
2078,0036__有課程設計進度表、課程規劃流程圖說明、訓練規_完整工作稿.docx,TTQS_ONE_CODEX_RUNTIME/INPUTS/R04/01_HUMANIZED_REFERENCE/0036__有課程設計進度表、課程規劃流程圖說明、訓練規_完整工作稿.docx,04_全部文件與歷次版本/TTQS_ONE_CODEX_RUNTIME/21/2078_0036__有課程設計進度表、課程規劃流程圖說明、訓練規_完整工作稿.docx,原樣保留；本次尚未確認完成驗收,75955,92f8ecfa0a2330ddc693e3006ebc065f40bcd32b89b98616a7c56efe7175f32f
2079,0040__訓練評估方法與成效指標對照表.docx,TTQS_ONE_CODEX_RUNTIME/INPUTS/R04/01_HUMANIZED_REFERENCE/0040__訓練評估方法與成效指標對照表.docx,04_全部文件與歷次版本/TTQS_ONE_CODEX_RUNTIME/21/2079_0040__訓練評估方法與成效指標對照表.docx,原樣保留；本次尚未確認完成驗收,75016,9cda927b3838b646c368e927d6d67df0a241c33ecf75f1b3ad4b16cd6e48a6a0
2080,0033__訓練課程計畫配合客戶及受訓者需求、職能需求的_可直接使用成品.docx,TTQS_ONE_CODEX_RUNTIME/INPUTS/R04/01_HUMANIZED_REFERENCE/0033__訓練課程計畫配合客戶及受訓者需求、職能需求的_可直接使用成品.docx,04_全部文件與歷次版本/TTQS_ONE_CODEX_RUNTIME/21/2080_0033__訓練課程計畫配合客戶及受訓者需求、職能需求的_可直接使用成品.docx,原樣保留；本次尚未確認完成驗收,80922,418ae909b332fbfd19f03751bf1483f475603fe01a16d1a5eed3fa149dc1238d
2081,0038__針對訓練方案的系統設計能適時檢討及改善，執行_完整工作稿.docx,TTQS_ONE_CODEX_RUNTIME/INPUTS/R04/01_HUMANIZED_REFERENCE/0038__針對訓練方案的系統設計能適時檢討及改善，執行_完整工作稿.docx,04_全部文件與歷次版本/TTQS_ONE_CODEX_RUNTIME/21/2081_0038__針對訓練方案的系統設計能適時檢討及改善，執行_完整工作稿.docx,原樣保留；本次尚未確認完成驗收,73149,e8b3ca417a9d3c5f8002b79e0b11bc7aaeafb0b718040caa582bb13b65301dbe
2082,9999__NEGATIVE_ENGINEERING_PLACEHOLDER.docx,TTQS_ONE_CODEX_RUNTIME/INPUTS/R04/08_TESTS/NEGATIVE_FIXTURES/9999__NEGATIVE_ENGINEERING_PLACEHOLDER.docx,04_全部文件與歷次版本/TTQS_ONE_CODEX_RUNTIME/21/2082_9999__NEGATIVE_ENGINEERING_PLACEHOLDER.docx,原樣保留；本次尚未確認完成驗收,36728,8f47301f314e5648c1193b9f2eff815aaaad33e8f6899b18f68108ed765db1a6
2083,TTQS_ONE_DEEP_DOCUMENT_INTEGRITY_READABILITY_AUDIT_AND_OPTIMIZATION_PLAN_R01.docx,TTQS_ONE_CODEX_RUNTIME/CONTROL/TTQS_ONE_DEEP_DOCUMENT_INTEGRITY_READABILITY_AUDIT_AND_OPTIMIZATION_PLAN_R01.docx,04_全部文件與歷次版本/TTQS_ONE_CODEX_RUNTIME/21/2083_TTQS_ONE_DEEP_DOCUMENT_INTEGRITY_READABILITY_AUDIT_AND_OPTIMIZATION_PL.docx,原樣保留；本次尚未確認完成驗收,23694,36898653b34f660b4fcbf15b877ebfd707a309e16971bbb2a9daefa38c82e74b
2084,0071__異常通報暨CAPA矯正預防紀錄.docx,TTQS_ONE_CODEX_RUNTIME/CONTROL/MODEL_POLICY/UNATTESTED_CURRENT_20261004/0071__異常通報暨CAPA矯正預防紀錄.docx,04_全部文件與歷次版本/TTQS_ONE_CODEX_RUNTIME/21/2084_0071__異常通報暨CAPA矯正預防紀錄.docx,原樣保留；本次尚未確認完成驗收,47205,334ed51f437331605fa291c153a6726c1fc05a74d29cf057ad66747512c43065
2085,0076__指標17b_考試暨實作評量紀錄.docx,TTQS_ONE_CODEX_RUNTIME/CONTROL/MODEL_POLICY/UNATTESTED_CURRENT_20261004/0076__指標17b_考試暨實作評量紀錄.docx,04_全部文件與歷次版本/TTQS_ONE_CODEX_RUNTIME/21/2085_0076__指標17b_考試暨實作評量紀錄.docx,原樣保留；本次尚未確認完成驗收,45782,f0099863f55cd9a180b502c1fc5d03b303aa8ea38b14b74f4783afdb2b8e4471
2086,0067__訓練執行評估指標分析及相關統計分析_分析報告.docx,TTQS_ONE_CODEX_RUNTIME/STATUS/PREEMPTED_0067_E1_20261002_2101/0067__訓練執行評估指標分析及相關統計分析_分析報告.docx,04_全部文件與歷次版本/TTQS_ONE_CODEX_RUNTIME/21/2086_0067__訓練執行評估指標分析及相關統計分析_分析報告.docx,原樣保留；本次尚未確認完成驗收,46656,38982077ad6f531b18e21ea4104b84669a9112fa3c2ce56b95a43aefbe04dae8
2087,0076__指標17b_考試暨實作評量紀錄.docx,TTQS_ONE_CODEX_RUNTIME/STATUS/PARKED_0076_E1_20261002_2120/0076__指標17b_考試暨實作評量紀錄.docx,04_全部文件與歷次版本/TTQS_ONE_CODEX_RUNTIME/21/2087_0076__指標17b_考試暨實作評量紀錄.docx,原樣保留；本次尚未確認完成驗收,46078,65f37a365852ace90894362e8a4ef1e47b454b27e0ecbaf102b61c92ce32861f
2088,0087__訓後成果追蹤調查表_PRE_GATE_FIX.docx,TTQS_ONE_CODEX_RUNTIME/STATUS/PARKED_0087_E0_20261002_2134/0087__訓後成果追蹤調查表_PRE_GATE_FIX.docx,04_全部文件與歷次版本/TTQS_ONE_CODEX_RUNTIME/21/2088_0087__訓後成果追蹤調查表_PRE_GATE_FIX.docx,原樣保留；本次尚未確認完成驗收,55996,3eaefb9145c573c72db124d0c3a1835919a45bf6f2e4ccaab4c9eec69cc70e25
2089,0003__目標市場需求調查問卷.docx,TTQS_ONE_CODEX_RUNTIME/CURRENT/0003__目標市場需求調查問卷.docx,04_全部文件與歷次版本/TTQS_ONE_CODEX_RUNTIME/21/2089_0003__目標市場需求調查問卷.docx,原樣保留；本次尚未確認完成驗收,48364,203af4e96e9622c73897745b99035ba554326106379d7b9b85c2a0bd62b02fcf
2090,0025__訓練評估與實施標準化作業程序SOP.docx,TTQS_ONE_CODEX_RUNTIME/CURRENT/0025__訓練評估與實施標準化作業程序SOP.docx,04_全部文件與歷次版本/TTQS_ONE_CODEX_RUNTIME/21/2090_0025__訓練評估與實施標準化作業程序SOP.docx,原樣保留；本次尚未確認完成驗收,52865,1c838a26bde0e53e38129239268797176d8c6aea4557c4b0b8ded296426959fe
2091,0067__訓練執行評估指標分析及相關統計分析_分析報告.docx,TTQS_ONE_CODEX_RUNTIME/CURRENT/0067__訓練執行評估指標分析及相關統計分析_分析報告.docx,04_全部文件與歷次版本/TTQS_ONE_CODEX_RUNTIME/21/2091_0067__訓練執行評估指標分析及相關統計分析_分析報告.docx,原樣保留；本次尚未確認完成驗收,48608,a20342c25a00a6b6a9c3412b61e52a3c865cd8361ce6778d5eb99a9ac50e72d1
2092,0076__指標17b_考試暨實作評量紀錄.docx,TTQS_ONE_CODEX_RUNTIME/CURRENT/0076__指標17b_考試暨實作評量紀錄.docx,04_全部文件與歷次版本/TTQS_ONE_CODEX_RUNTIME/21/2092_0076__指標17b_考試暨實作評量紀錄.docx,原樣保留；本次尚未確認完成驗收,45782,f0099863f55cd9a180b502c1fc5d03b303aa8ea38b14b74f4783afdb2b8e4471
2093,0066__訓練班級完整結案報告.docx,TTQS_ONE_CODEX_RUNTIME/CURRENT/0066__訓練班級完整結案報告.docx,04_全部文件與歷次版本/TTQS_ONE_CODEX_RUNTIME/21/2093_0066__訓練班級完整結案報告.docx,原樣保留；本次尚未確認完成驗收,17727,220f535cf3e53a51215f7b5b8afb880013ef3015162264ec8b50285821819884
2094,0100__學員培訓前後自我評量表.docx,TTQS_ONE_CODEX_RUNTIME/CURRENT/0100__學員培訓前後自我評量表.docx,04_全部文件與歷次版本/TTQS_ONE_CODEX_RUNTIME/21/2094_0100__學員培訓前後自我評量表.docx,原樣保留；本次尚未確認完成驗收,105463,f7f3addfed3bfe46aba1a3f282e22b7f92d36de8a1b1c8252e4a77bad1e270d1
2095,0001__中長程業務發展策略地圖.docx,TTQS_ONE_CODEX_RUNTIME/CURRENT/0001__中長程業務發展策略地圖.docx,04_全部文件與歷次版本/TTQS_ONE_CODEX_RUNTIME/21/2095_0001__中長程業務發展策略地圖.docx,原樣保留；本次尚未確認完成驗收,17808,5d24ddd86b58b3ecb3d692b19a313dc3e7d6bac3aa77a3049ac6e17499080963
2096,0087__訓後成果追蹤調查表.docx,TTQS_ONE_CODEX_RUNTIME/CURRENT/0087__訓後成果追蹤調查表.docx,04_全部文件與歷次版本/TTQS_ONE_CODEX_RUNTIME/21/2096_0087__訓後成果追蹤調查表.docx,原樣保留；本次尚未確認完成驗收,51370,5409c06717ff75f65f1f24c1257a1bfe5795f8a82131acc0f4706180fa67db5a
2097,0142__組織近三年營業額與收入趨勢核對報告.docx,TTQS_ONE_CODEX_RUNTIME/CURRENT/0142__組織近三年營業額與收入趨勢核對報告.docx,04_全部文件與歷次版本/TTQS_ONE_CODEX_RUNTIME/21/2097_0142__組織近三年營業額與收入趨勢核對報告.docx,原樣保留；本次尚未確認完成驗收,44970,59f9b500eafd0b283a6df898d337e888da37cb6bcfc98cb180a6fd452b8034a6
2098,0071__異常通報暨CAPA矯正預防紀錄.docx,TTQS_ONE_CODEX_RUNTIME/CURRENT/0071__異常通報暨CAPA矯正預防紀錄.docx,04_全部文件與歷次版本/TTQS_ONE_CODEX_RUNTIME/21/2098_0071__異常通報暨CAPA矯正預防紀錄.docx,原樣保留；本次尚未確認完成驗收,47205,334ed51f437331605fa291c153a6726c1fc05a74d29cf057ad66747512c43065
2099,0047__相關文件能記錄近年來對於課程之評估、採購、簽_制度文件.docx,TTQS_ONE_CODEX_RUNTIME/CURRENT/0047__相關文件能記錄近年來對於課程之評估、採購、簽_制度文件.docx,04_全部文件與歷次版本/TTQS_ONE_CODEX_RUNTIME/21/2099_0047__相關文件能記錄近年來對於課程之評估、採購、簽_制度文件.docx,原樣保留；本次尚未確認完成驗收,45471,b51815c1594e44ba7b1d1d02753c3b38d44a16166e74a4474a2e47509116b2b2
2100,0050__各課程單元內容均能達成訓練規劃的目標_完整工作稿.docx,TTQS_ONE_CODEX_RUNTIME/CURRENT/0050__各課程單元內容均能達成訓練規劃的目標_完整工作稿.docx,04_全部文件與歷次版本/TTQS_ONE_CODEX_RUNTIME/21/2100_0050__各課程單元內容均能達成訓練規劃的目標_完整工作稿.docx,原樣保留；本次尚未確認完成驗收,45104,91c49c02c5a5db4df298bc0ae91693e801765b25f3427bed3949d636ff69ff75
2101,0044__所有的討論、會議或E-mail均留有完整紀錄_可直接使用成品.docx,TTQS_ONE_CODEX_RUNTIME/CURRENT/0044__所有的討論、會議或E-mail均留有完整紀錄_可直接使用成品.docx,04_全部文件與歷次版本/TTQS_ONE_CODEX_RUNTIME/22/2101_0044__所有的討論、會議或E-mail均留有完整紀錄_可直接使用成品.docx,原樣保留；本次尚未確認完成驗收,40857,427e9ccae8ebf0f3128571057b63602c728ea70c1ea911857fba941c3acfd1d1
2102,0042__執行本項目與作業流程相關文件資料（展現利益關_完整工作稿.docx,TTQS_ONE_CODEX_RUNTIME/CURRENT/0042__執行本項目與作業流程相關文件資料（展現利益關_完整工作稿.docx,04_全部文件與歷次版本/TTQS_ONE_CODEX_RUNTIME/22/2102_0042__執行本項目與作業流程相關文件資料（展現利益關_完整工作稿.docx,原樣保留；本次尚未確認完成驗收,43204,47bddaa2ba7d19f8401676553a37ba9aeb5878166e54276bdcbf1bfe3ab583d0
2103,0002__策略因果鏈與三年KPI對照表.docx,TTQS_ONE_CODEX_RUNTIME/CURRENT/0002__策略因果鏈與三年KPI對照表.docx,04_全部文件與歷次版本/TTQS_ONE_CODEX_RUNTIME/22/2103_0002__策略因果鏈與三年KPI對照表.docx,已驗收的可修改示範文件；不是本會真實執行紀錄,43243,ba6b4c4876130c77cb8ac6a886f4ed4d2e09d4e19bbf21fc71d22d8c8b376a53
2104,0003__目標市場需求調查問卷__PRE_R04_HOTFIX1_FAILED.docx,TTQS_ONE_CODEX_RUNTIME/SUPERSEDED/0003__目標市場需求調查問卷__PRE_R04_HOTFIX1_FAILED.docx,04_全部文件與歷次版本/TTQS_ONE_CODEX_RUNTIME/22/2104_0003__目標市場需求調查問卷__PRE_R04_HOTFIX1_FAILED.docx,原樣保留；本次尚未確認完成驗收,23846,060764683147822ebf1c7432a95ed7bd54d902c6c0c4c99e769b71f2784f3af0
2105,0003__目標市場需求調查問卷__PARKED_PRE_LATEST_REVIEW_20261002.docx,TTQS_ONE_CODEX_RUNTIME/SUPERSEDED/0003__目標市場需求調查問卷__PARKED_PRE_LATEST_REVIEW_20261002.docx,04_全部文件與歷次版本/TTQS_ONE_CODEX_RUNTIME/22/2105_0003__目標市場需求調查問卷__PARKED_PRE_LATEST_REVIEW_20261002.docx,原樣保留；本次尚未確認完成驗收,48699,02f401c80198f7dd5ca69f74d13abeea036924fe87198c7f0b531a9b3e1dfdcc
2106,0001__中長程業務發展策略地圖__REVOKED_FALSE_SEMANTIC_PASS_20261003_010709.docx,TTQS_ONE_CODEX_RUNTIME/SUPERSEDED/0001__中長程業務發展策略地圖__REVOKED_FALSE_SEMANTIC_PASS_20261003_010709.docx,04_全部文件與歷次版本/TTQS_ONE_CODEX_RUNTIME/22/2106_0001__中長程業務發展策略地圖__REVOKED_FALSE_SEMANTIC_PASS_20261003_010709.docx,原樣保留；本次尚未確認完成驗收,17075,1c6ea6319b4165e4071b76044ba95904df3e8075eb7ca0259abebd84ce4bbc67
2107,0044__所有的討論、會議或E-mail均留有完整紀錄_可直接使用成品__WF_CODEX_BUILD_0044_20261004_180902_129737__e207caac65a6.docx,TTQS_ONE_CODEX_RUNTIME/SUPERSEDED/0044__所有的討論、會議或E-mail均留有完整紀錄_可直接使用成品__WF_CODEX_BUILD_0044_20261004_180902_129737__e207caac65a6.docx,04_全部文件與歷次版本/TTQS_ONE_CODEX_RUNTIME/22/2107_0044__所有的討論、會議或E-mail均留有完整紀錄_可直接使用成品__WF_CODEX_BUILD_0044_20261004_180.docx,原樣保留；本次尚未確認完成驗收,45776,e207caac65a6a00d82c6ce2908fbc2a9d27d5500d2914d26babfea26a1d4202e
2108,0044__所有的討論、會議或E-mail均留有完整紀錄_可直接使用成品__WF_CODEX_BUILD_0044_20261004_180902_129737__e7311253c652.docx,TTQS_ONE_CODEX_RUNTIME/SUPERSEDED/0044__所有的討論、會議或E-mail均留有完整紀錄_可直接使用成品__WF_CODEX_BUILD_0044_20261004_180902_129737__e7311253c652.docx,04_全部文件與歷次版本/TTQS_ONE_CODEX_RUNTIME/22/2108_0044__所有的討論、會議或E-mail均留有完整紀錄_可直接使用成品__WF_CODEX_BUILD_0044_20261004_180.docx,原樣保留；本次尚未確認完成驗收,45604,e7311253c652f6230f362bd88c5e39884d42013e606e634ffa5c1f27a57c36bf
2109,0044__所有的討論、會議或E-mail均留有完整紀錄_可直接使用成品__WF_CODEX_RENDER_0044_20261004_184809__6b790ba51a6a.docx,TTQS_ONE_CODEX_RUNTIME/SUPERSEDED/0044__所有的討論、會議或E-mail均留有完整紀錄_可直接使用成品__WF_CODEX_RENDER_0044_20261004_184809__6b790ba51a6a.docx,04_全部文件與歷次版本/TTQS_ONE_CODEX_RUNTIME/22/2109_0044__所有的討論、會議或E-mail均留有完整紀錄_可直接使用成品__WF_CODEX_RENDER_0044_20261004_18.docx,原樣保留；本次尚未確認完成驗收,45527,6b790ba51a6a8a67ca58b8e6e61db96a6fb30290300d4f6b2c10d8153a31ebf5
2110,0030__工作經驗的相關受訓證明_可直接使用成品__WF_CODEX_SALVAGE_0030_20261004_212706_133481__3dd0bcd1549e.docx,TTQS_ONE_CODEX_RUNTIME/SUPERSEDED/0030__工作經驗的相關受訓證明_可直接使用成品__WF_CODEX_SALVAGE_0030_20261004_212706_133481__3dd0bcd1549e.docx,04_全部文件與歷次版本/TTQS_ONE_CODEX_RUNTIME/22/2110_0030__工作經驗的相關受訓證明_可直接使用成品__WF_CODEX_SALVAGE_0030_20261004_212706_13348.docx,原樣保留；本次尚未確認完成驗收,50205,3dd0bcd1549e9ff33478834e17e66a5546d424b14bf1fef155a397adba996998
2111,0050__各課程單元內容均能達成訓練規劃的目標_完整工作稿__WF_CODEX_SALVAGE_0050_20261004_215506_138630__650ba23dc603.docx,TTQS_ONE_CODEX_RUNTIME/SUPERSEDED/0050__各課程單元內容均能達成訓練規劃的目標_完整工作稿__WF_CODEX_SALVAGE_0050_20261004_215506_138630__650ba23dc603.docx,04_全部文件與歷次版本/TTQS_ONE_CODEX_RUNTIME/22/2111_0050__各課程單元內容均能達成訓練規劃的目標_完整工作稿__WF_CODEX_SALVAGE_0050_20261004_215506_.docx,原樣保留；本次尚未確認完成驗收,45565,650ba23dc603865527d4718c8f8ca9b2dc6c430789629a92a3f45876a4238f5e
2112,0031__專業訓練人員職能評估方法等證明_可直接使用成品__WF_CODEX_SALVAGE_0031_20261004_220304_073611__045ef0b1033a.docx,TTQS_ONE_CODEX_RUNTIME/SUPERSEDED/0031__專業訓練人員職能評估方法等證明_可直接使用成品__WF_CODEX_SALVAGE_0031_20261004_220304_073611__045ef0b1033a.docx,04_全部文件與歷次版本/TTQS_ONE_CODEX_RUNTIME/22/2112_0031__專業訓練人員職能評估方法等證明_可直接使用成品__WF_CODEX_SALVAGE_0031_20261004_220304_0.docx,原樣保留；本次尚未確認完成驗收,52902,045ef0b1033ad9aaed205c074396619db2da8dd9eed30aab2eac35a050ec16e9
2113,0032__訓練機構具備執行訓練業務相關職能的說明_完整工作稿__WF_CODEX_SALVAGE_0032_20261004_220903_978870__4bf4d8d81aaf.docx,TTQS_ONE_CODEX_RUNTIME/SUPERSEDED/0032__訓練機構具備執行訓練業務相關職能的說明_完整工作稿__WF_CODEX_SALVAGE_0032_20261004_220903_978870__4bf4d8d81aaf.docx,04_全部文件與歷次版本/TTQS_ONE_CODEX_RUNTIME/22/2113_0032__訓練機構具備執行訓練業務相關職能的說明_完整工作稿__WF_CODEX_SALVAGE_0032_20261004_220903.docx,原樣保留；本次尚未確認完成驗收,52934,4bf4d8d81aafda6f599cb10f3beb4ace0421fed212de51a62992b6324b738130
2114,0031__專業訓練人員職能評估方法等證明_可直接使用成品__WF_CODEX_SALVAGE_0031_20261004_223249_595999__5f009ec7b3e1.docx,TTQS_ONE_CODEX_RUNTIME/SUPERSEDED/0031__專業訓練人員職能評估方法等證明_可直接使用成品__WF_CODEX_SALVAGE_0031_20261004_223249_595999__5f009ec7b3e1.docx,04_全部文件與歷次版本/TTQS_ONE_CODEX_RUNTIME/22/2114_0031__專業訓練人員職能評估方法等證明_可直接使用成品__WF_CODEX_SALVAGE_0031_20261004_223249_5.docx,原樣保留；本次尚未確認完成驗收,52902,5f009ec7b3e1c2ac2706ec95ff71576c6d5e6a567dceed91fb6fc470c9e8908a
2115,0032__訓練機構具備執行訓練業務相關職能的說明_完整工作稿__WF_CODEX_SALVAGE_0032_20261005_000256_193555__e1600b9825b9.docx,TTQS_ONE_CODEX_RUNTIME/SUPERSEDED/0032__訓練機構具備執行訓練業務相關職能的說明_完整工作稿__WF_CODEX_SALVAGE_0032_20261005_000256_193555__e1600b9825b9.docx,04_全部文件與歷次版本/TTQS_ONE_CODEX_RUNTIME/22/2115_0032__訓練機構具備執行訓練業務相關職能的說明_完整工作稿__WF_CODEX_SALVAGE_0032_20261005_000256.docx,原樣保留；本次尚未確認完成驗收,52934,e1600b9825b9f7864c645e64c74bfc16cf689c8f8cdf42fc6a87930bcd01f78a
2116,0032__訓練機構具備執行訓練業務相關職能的說明_完整工作稿__WF_CODEX_PATCH_MERGE_0032_20261005_R01__c60b12033cd3.docx,TTQS_ONE_CODEX_RUNTIME/SUPERSEDED/0032__訓練機構具備執行訓練業務相關職能的說明_完整工作稿__WF_CODEX_PATCH_MERGE_0032_20261005_R01__c60b12033cd3.docx,04_全部文件與歷次版本/TTQS_ONE_CODEX_RUNTIME/22/2116_0032__訓練機構具備執行訓練業務相關職能的說明_完整工作稿__WF_CODEX_PATCH_MERGE_0032_20261005_R0.docx,原樣保留；本次尚未確認完成驗收,57438,c60b12033cd31231ba40e6de8a8038865b95e545eb262410b8d83321ba2f4c12
2117,0047__相關文件能記錄近年來對於課程之評估、採購、簽_制度文件__WF_CODEX_LOCAL_REPAIR_0047_20261005_005315_R02__903be30d0df2.docx,TTQS_ONE_CODEX_RUNTIME/SUPERSEDED/0047__相關文件能記錄近年來對於課程之評估、採購、簽_制度文件__WF_CODEX_LOCAL_REPAIR_0047_20261005_005315_R02__903be30d0df2.docx,04_全部文件與歷次版本/TTQS_ONE_CODEX_RUNTIME/22/2117_0047__相關文件能記錄近年來對於課程之評估、採購、簽_制度文件__WF_CODEX_LOCAL_REPAIR_0047_20261005.docx,原樣保留；本次尚未確認完成驗收,46847,903be30d0df2ef7e0303bc0dde4a17f0b7fea975e99fd0829d0fd6d9f6af70f0
2118,0047__相關文件能記錄近年來對於課程之評估、採購、簽_制度文件__WF_CODEX_LOCAL_REPAIR_0047_20261005_010652_R03__173b24aa812d.docx,TTQS_ONE_CODEX_RUNTIME/SUPERSEDED/0047__相關文件能記錄近年來對於課程之評估、採購、簽_制度文件__WF_CODEX_LOCAL_REPAIR_0047_20261005_010652_R03__173b24aa812d.docx,04_全部文件與歷次版本/TTQS_ONE_CODEX_RUNTIME/22/2118_0047__相關文件能記錄近年來對於課程之評估、採購、簽_制度文件__WF_CODEX_LOCAL_REPAIR_0047_20261005.docx,原樣保留；本次尚未確認完成驗收,45913,173b24aa812dbf7d38f73f6ac5855e6aa71633e7482b916faadaf48d0cdcb7a5
2119,0047__相關文件能記錄近年來對於課程之評估、採購、簽_制度文件__WF_CODEX_SALVAGE_0047_20261005_011619_314365__0764cb30a18c.docx,TTQS_ONE_CODEX_RUNTIME/SUPERSEDED/0047__相關文件能記錄近年來對於課程之評估、採購、簽_制度文件__WF_CODEX_SALVAGE_0047_20261005_011619_314365__0764cb30a18c.docx,04_全部文件與歷次版本/TTQS_ONE_CODEX_RUNTIME/22/2119_0047__相關文件能記錄近年來對於課程之評估、採購、簽_制度文件__WF_CODEX_SALVAGE_0047_20261005_0116.docx,原樣保留；本次尚未確認完成驗收,45803,0764cb30a18c25f7883ed12e2f9c8ffaa6b88b82e1845b401c5df0eece457886
2120,0047__相關文件能記錄近年來對於課程之評估、採購、簽_制度文件__WF_CODEX_SALVAGE_0047_20261005_012559_517689__96e629b47895.docx,TTQS_ONE_CODEX_RUNTIME/SUPERSEDED/0047__相關文件能記錄近年來對於課程之評估、採購、簽_制度文件__WF_CODEX_SALVAGE_0047_20261005_012559_517689__96e629b47895.docx,04_全部文件與歷次版本/TTQS_ONE_CODEX_RUNTIME/22/2120_0047__相關文件能記錄近年來對於課程之評估、採購、簽_制度文件__WF_CODEX_SALVAGE_0047_20261005_0125.docx,原樣保留；本次尚未確認完成驗收,45615,96e629b478958b3dfa40862e87b2573cf62d24611e75c3437f670e727b2c7a66
2121,0047__相關文件能記錄近年來對於課程之評估、採購、簽_制度文件__WF_CODEX_SALVAGE_0047_20261005_013300_599785__9698d9c319b1.docx,TTQS_ONE_CODEX_RUNTIME/SUPERSEDED/0047__相關文件能記錄近年來對於課程之評估、採購、簽_制度文件__WF_CODEX_SALVAGE_0047_20261005_013300_599785__9698d9c319b1.docx,04_全部文件與歷次版本/TTQS_ONE_CODEX_RUNTIME/22/2121_0047__相關文件能記錄近年來對於課程之評估、採購、簽_制度文件__WF_CODEX_SALVAGE_0047_20261005_0133.docx,原樣保留；本次尚未確認完成驗收,45500,9698d9c319b118941b6c28fd7c379b72b502b56f9d10dcfc97e1f271fa56f6c9
2122,0047__相關文件能記錄近年來對於課程之評估、採購、簽_制度文件__WF_CODEX_SALVAGE_0047_20261005_014145_831804__4372294876d1.docx,TTQS_ONE_CODEX_RUNTIME/SUPERSEDED/0047__相關文件能記錄近年來對於課程之評估、採購、簽_制度文件__WF_CODEX_SALVAGE_0047_20261005_014145_831804__4372294876d1.docx,04_全部文件與歷次版本/TTQS_ONE_CODEX_RUNTIME/22/2122_0047__相關文件能記錄近年來對於課程之評估、採購、簽_制度文件__WF_CODEX_SALVAGE_0047_20261005_0141.docx,原樣保留；本次尚未確認完成驗收,45500,4372294876d1917f410d1966c6922a944f3284dceacd0d7b9c6f3f8dae1b82de
2123,0050__各課程單元內容均能達成訓練規劃的目標_完整工作稿__WF_CODEX_SALVAGE_0050_20261005_014834_135764__d1a50ff6157c.docx,TTQS_ONE_CODEX_RUNTIME/SUPERSEDED/0050__各課程單元內容均能達成訓練規劃的目標_完整工作稿__WF_CODEX_SALVAGE_0050_20261005_014834_135764__d1a50ff6157c.docx,04_全部文件與歷次版本/TTQS_ONE_CODEX_RUNTIME/22/2123_0050__各課程單元內容均能達成訓練規劃的目標_完整工作稿__WF_CODEX_SALVAGE_0050_20261005_014834_.docx,原樣保留；本次尚未確認完成驗收,45565,d1a50ff6157c791030bd6a3073bd2921ce5666a5deb07fa57e1913117e7695a9
2124,0050__各課程單元內容均能達成訓練規劃的目標_完整工作稿__WF_CODEX_SALVAGE_0050_20261005_020120_551313__cd69c48f933f.docx,TTQS_ONE_CODEX_RUNTIME/SUPERSEDED/0050__各課程單元內容均能達成訓練規劃的目標_完整工作稿__WF_CODEX_SALVAGE_0050_20261005_020120_551313__cd69c48f933f.docx,04_全部文件與歷次版本/TTQS_ONE_CODEX_RUNTIME/22/2124_0050__各課程單元內容均能達成訓練規劃的目標_完整工作稿__WF_CODEX_SALVAGE_0050_20261005_020120_.docx,原樣保留；本次尚未確認完成驗收,45223,cd69c48f933f3e13113868611fbec844fb26a98019ea86c976c3874744e0f076
2125,0044__所有的討論、會議或E-mail均留有完整紀錄_可直接使用成品__WF_CODEX_SALVAGE_0044_20261005_022523_456015__47ba98891123.docx,TTQS_ONE_CODEX_RUNTIME/SUPERSEDED/0044__所有的討論、會議或E-mail均留有完整紀錄_可直接使用成品__WF_CODEX_SALVAGE_0044_20261005_022523_456015__47ba98891123.docx,04_全部文件與歷次版本/TTQS_ONE_CODEX_RUNTIME/22/2125_0044__所有的討論、會議或E-mail均留有完整紀錄_可直接使用成品__WF_CODEX_SALVAGE_0044_20261005_0.docx,原樣保留；本次尚未確認完成驗收,45069,47ba98891123dc6e89d609461af2e9842fde54cfff680378e25a15a4b0dacc22
2126,0044__所有的討論、會議或E-mail均留有完整紀錄_可直接使用成品__WF_CODEX_PATCH_RENDER_0044_R03B_PREVIEW__fba1acde24e6.docx,TTQS_ONE_CODEX_RUNTIME/SUPERSEDED/0044__所有的討論、會議或E-mail均留有完整紀錄_可直接使用成品__WF_CODEX_PATCH_RENDER_0044_R03B_PREVIEW__fba1acde24e6.docx,04_全部文件與歷次版本/TTQS_ONE_CODEX_RUNTIME/22/2126_0044__所有的討論、會議或E-mail均留有完整紀錄_可直接使用成品__WF_CODEX_PATCH_RENDER_0044_R03B_.docx,原樣保留；本次尚未確認完成驗收,44967,fba1acde24e6f07a9fd05d3f2ddce3b02c4c659780b5345b8dd8a2c45dbd6289
2127,0044__所有的討論、會議或E-mail均留有完整紀錄_可直接使用成品__WF_CODEX_PATCH_RENDER_0044_R04B_PREVIEW__85897ef9cef5.docx,TTQS_ONE_CODEX_RUNTIME/SUPERSEDED/0044__所有的討論、會議或E-mail均留有完整紀錄_可直接使用成品__WF_CODEX_PATCH_RENDER_0044_R04B_PREVIEW__85897ef9cef5.docx,04_全部文件與歷次版本/TTQS_ONE_CODEX_RUNTIME/22/2127_0044__所有的討論、會議或E-mail均留有完整紀錄_可直接使用成品__WF_CODEX_PATCH_RENDER_0044_R04B_.docx,原樣保留；本次尚未確認完成驗收,43518,85897ef9cef57c66d1b5ffe1ecf7ad8396239b07592d27cdcc650dc341d4e369
2128,0044__所有的討論、會議或E-mail均留有完整紀錄_可直接使用成品__WF_CODEX_PATCH_RENDER_0044_R04C_PREVIEW__8b3c78c04a22.docx,TTQS_ONE_CODEX_RUNTIME/SUPERSEDED/0044__所有的討論、會議或E-mail均留有完整紀錄_可直接使用成品__WF_CODEX_PATCH_RENDER_0044_R04C_PREVIEW__8b3c78c04a22.docx,04_全部文件與歷次版本/TTQS_ONE_CODEX_RUNTIME/22/2128_0044__所有的討論、會議或E-mail均留有完整紀錄_可直接使用成品__WF_CODEX_PATCH_RENDER_0044_R04C_.docx,原樣保留；本次尚未確認完成驗收,41216,8b3c78c04a22760935d8561b303fe36a6a1ee10c9852afaee640095008b8c4fd
2129,0044__所有的討論、會議或E-mail均留有完整紀錄_可直接使用成品__WF_CODEX_PATCH_RENDER_0044_R05_PREVIEW__3e3bf65271a2.docx,TTQS_ONE_CODEX_RUNTIME/SUPERSEDED/0044__所有的討論、會議或E-mail均留有完整紀錄_可直接使用成品__WF_CODEX_PATCH_RENDER_0044_R05_PREVIEW__3e3bf65271a2.docx,04_全部文件與歷次版本/TTQS_ONE_CODEX_RUNTIME/22/2129_0044__所有的討論、會議或E-mail均留有完整紀錄_可直接使用成品__WF_CODEX_PATCH_RENDER_0044_R05_P.docx,原樣保留；本次尚未確認完成驗收,41196,3e3bf65271a263d811c3df6e7d2db020a9abaf9276b27cd746c18f5065f790d0
2130,0044__所有的討論、會議或E-mail均留有完整紀錄_可直接使用成品__WF_CODEX_PATCH_RENDER_0044_R06_PREVIEW__be96e047b7e1.docx,TTQS_ONE_CODEX_RUNTIME/SUPERSEDED/0044__所有的討論、會議或E-mail均留有完整紀錄_可直接使用成品__WF_CODEX_PATCH_RENDER_0044_R06_PREVIEW__be96e047b7e1.docx,04_全部文件與歷次版本/TTQS_ONE_CODEX_RUNTIME/22/2130_0044__所有的討論、會議或E-mail均留有完整紀錄_可直接使用成品__WF_CODEX_PATCH_RENDER_0044_R06_P.docx,原樣保留；本次尚未確認完成驗收,41268,be96e047b7e108a1913b6e9a7172cb9730a081d16ec87a6bd01224868d9f2fd8
2131,0044__所有的討論、會議或E-mail均留有完整紀錄_可直接使用成品__WF_CODEX_PATCH_RENDER_0044_R07_PREVIEW__a0907ed18a28.docx,TTQS_ONE_CODEX_RUNTIME/SUPERSEDED/0044__所有的討論、會議或E-mail均留有完整紀錄_可直接使用成品__WF_CODEX_PATCH_RENDER_0044_R07_PREVIEW__a0907ed18a28.docx,04_全部文件與歷次版本/TTQS_ONE_CODEX_RUNTIME/22/2131_0044__所有的討論、會議或E-mail均留有完整紀錄_可直接使用成品__WF_CODEX_PATCH_RENDER_0044_R07_P.docx,原樣保留；本次尚未確認完成驗收,41191,a0907ed18a286c43d9e71238892302b1be7a5defcf7ba26a4e674a5eb97d1f43
2132,0042__執行本項目與作業流程相關文件資料（展現利益關_完整工作稿__WF_CODEX_SALVAGE_RENDER_0042_20261005_R01C__22645a9e527e.docx,TTQS_ONE_CODEX_RUNTIME/SUPERSEDED/0042__執行本項目與作業流程相關文件資料（展現利益關_完整工作稿__WF_CODEX_SALVAGE_RENDER_0042_20261005_R01C__22645a9e527e.docx,04_全部文件與歷次版本/TTQS_ONE_CODEX_RUNTIME/22/2132_0042__執行本項目與作業流程相關文件資料（展現利益關_完整工作稿__WF_CODEX_SALVAGE_RENDER_0042_20261.docx,原樣保留；本次尚未確認完成驗收,49606,22645a9e527efe51bfbf929eb029b23d2336845e42ac85df5fb36a0064edce15
2133,0042__執行本項目與作業流程相關文件資料（展現利益關_完整工作稿__WF_CODEX_SALVAGE_RENDER_0042_20261005_R01D__ff8a2c04f4c5.docx,TTQS_ONE_CODEX_RUNTIME/SUPERSEDED/0042__執行本項目與作業流程相關文件資料（展現利益關_完整工作稿__WF_CODEX_SALVAGE_RENDER_0042_20261005_R01D__ff8a2c04f4c5.docx,04_全部文件與歷次版本/TTQS_ONE_CODEX_RUNTIME/22/2133_0042__執行本項目與作業流程相關文件資料（展現利益關_完整工作稿__WF_CODEX_SALVAGE_RENDER_0042_20261.docx,原樣保留；本次尚未確認完成驗收,41727,ff8a2c04f4c5157f0cb60f0d309e40387f711d5ec482c3745f57871964803937
2134,0042__執行本項目與作業流程相關文件資料（展現利益關_完整工作稿__WF_CODEX_SALVAGE_RENDER_0042_20261005_R01E2__03757d090f20.docx,TTQS_ONE_CODEX_RUNTIME/SUPERSEDED/0042__執行本項目與作業流程相關文件資料（展現利益關_完整工作稿__WF_CODEX_SALVAGE_RENDER_0042_20261005_R01E2__03757d090f20.docx,04_全部文件與歷次版本/TTQS_ONE_CODEX_RUNTIME/22/2134_0042__執行本項目與作業流程相關文件資料（展現利益關_完整工作稿__WF_CODEX_SALVAGE_RENDER_0042_20261.docx,原樣保留；本次尚未確認完成驗收,41726,03757d090f20f3542433335935e2275ca091bc07ccb11704d533598e35c0b24d
2135,0042__執行本項目與作業流程相關文件資料（展現利益關_完整工作稿__WF_CODEX_SALVAGE_RENDER_0042_20261005_R01E3__ab7a26d29616.docx,TTQS_ONE_CODEX_RUNTIME/SUPERSEDED/0042__執行本項目與作業流程相關文件資料（展現利益關_完整工作稿__WF_CODEX_SALVAGE_RENDER_0042_20261005_R01E3__ab7a26d29616.docx,04_全部文件與歷次版本/TTQS_ONE_CODEX_RUNTIME/22/2135_0042__執行本項目與作業流程相關文件資料（展現利益關_完整工作稿__WF_CODEX_SALVAGE_RENDER_0042_20261.docx,原樣保留；本次尚未確認完成驗收,43109,ab7a26d29616ba1b212612e3e2c5d4f71558e4026eba98e170dbc383fb8a0c07
2136,0042__執行本項目與作業流程相關文件資料（展現利益關_完整工作稿__WF_CODEX_SALVAGE_RENDER_0042_20261005_R01F2__f20839821ff4.docx,TTQS_ONE_CODEX_RUNTIME/SUPERSEDED/0042__執行本項目與作業流程相關文件資料（展現利益關_完整工作稿__WF_CODEX_SALVAGE_RENDER_0042_20261005_R01F2__f20839821ff4.docx,04_全部文件與歷次版本/TTQS_ONE_CODEX_RUNTIME/22/2136_0042__執行本項目與作業流程相關文件資料（展現利益關_完整工作稿__WF_CODEX_SALVAGE_RENDER_0042_20261.docx,原樣保留；本次尚未確認完成驗收,43110,f20839821ff4d44fa5d7f4095d2018680577a65a27c2fb98fb827f2e2dcbe3bc
2137,0045__訓練資源採購與甄選管理辦法__WF_CODEX_SALVAGE_0045_20261005_051119_686294__ab1e5b33a920.docx,TTQS_ONE_CODEX_RUNTIME/SUPERSEDED/0045__訓練資源採購與甄選管理辦法__WF_CODEX_SALVAGE_0045_20261005_051119_686294__ab1e5b33a920.docx,04_全部文件與歷次版本/TTQS_ONE_CODEX_RUNTIME/22/2137_0045__訓練資源採購與甄選管理辦法__WF_CODEX_SALVAGE_0045_20261005_051119_686294__ab1.docx,原樣保留；本次尚未確認完成驗收,60419,ab1e5b33a920a531cf3076145f879798afa1e1cdc3f2fed802b325509388894d
2138,0055__講師的遴聘依師資遴選標準及流程評選並經訓練管_可直接使用成品__WF_CODEX_SALVAGE_0055_20261005_060436_193210__abf9c5c5f424.docx,TTQS_ONE_CODEX_RUNTIME/SUPERSEDED/0055__講師的遴聘依師資遴選標準及流程評選並經訓練管_可直接使用成品__WF_CODEX_SALVAGE_0055_20261005_060436_193210__abf9c5c5f424.docx,04_全部文件與歷次版本/TTQS_ONE_CODEX_RUNTIME/22/2138_0055__講師的遴聘依師資遴選標準及流程評選並經訓練管_可直接使用成品__WF_CODEX_SALVAGE_0055_20261005_0.docx,原樣保留；本次尚未確認完成驗收,43157,abf9c5c5f424c5e6ca7fd436c7b672504fbe46ff74fb66e312abf8edbe967e58
2139,0055__講師的遴聘依師資遴選標準及流程評選並經訓練管_可直接使用成品__WF_CODEX_SALVAGE_0055_20261005_061735_710615__9c8f0daa3b56.docx,TTQS_ONE_CODEX_RUNTIME/SUPERSEDED/0055__講師的遴聘依師資遴選標準及流程評選並經訓練管_可直接使用成品__WF_CODEX_SALVAGE_0055_20261005_061735_710615__9c8f0daa3b56.docx,04_全部文件與歷次版本/TTQS_ONE_CODEX_RUNTIME/22/2139_0055__講師的遴聘依師資遴選標準及流程評選並經訓練管_可直接使用成品__WF_CODEX_SALVAGE_0055_20261005_0.docx,原樣保留；本次尚未確認完成驗收,43161,9c8f0daa3b56fd55ef145e6a5643c652094f67c111ec6a24baafeefaaabac598
2140,0054__依學員遴選標準及流程遴選，教材由講師及顧問推_完整工作稿__WF_CODEX_SALVAGE_0054_20261005_063933_488084__2a96071a5a83.docx,TTQS_ONE_CODEX_RUNTIME/SUPERSEDED/0054__依學員遴選標準及流程遴選，教材由講師及顧問推_完整工作稿__WF_CODEX_SALVAGE_0054_20261005_063933_488084__2a96071a5a83.docx,04_全部文件與歷次版本/TTQS_ONE_CODEX_RUNTIME/22/2140_0054__依學員遴選標準及流程遴選，教材由講師及顧問推_完整工作稿__WF_CODEX_SALVAGE_0054_20261005_063.docx,原樣保留；本次尚未確認完成驗收,45283,2a96071a5a83ff036725a9308619872a6421e987443a50f825fc44e241073dca
2141,0001_candidate.docx,TTQS_ONE_CODEX_RUNTIME/SUPERSEDED/EFF1A_INPLACE_SALVAGE_BACKUP_20261003_021338/0001_candidate.docx,04_全部文件與歷次版本/TTQS_ONE_CODEX_RUNTIME/22/2141_0001_candidate.docx,原樣保留；本次尚未確認完成驗收,17607,2f898d3655d61cf07ed0eb2f20e3f5c5f34e0818ad8684264c14ad220801f052
2142,0003_candidate.docx,TTQS_ONE_CODEX_RUNTIME/SUPERSEDED/EFF1A_INPLACE_SALVAGE_BACKUP_20261003_021338/0003_candidate.docx,04_全部文件與歷次版本/TTQS_ONE_CODEX_RUNTIME/22/2142_0003_candidate.docx,原樣保留；本次尚未確認完成驗收,48364,203af4e96e9622c73897745b99035ba554326106379d7b9b85c2a0bd62b02fcf
2143,candidate.docx,TTQS_ONE_CODEX_RUNTIME/SUPERSEDED/EFF1A_0001_E8_INPLACE_REPAIR_BACKUP_20261003_023022/candidate.docx,04_全部文件與歷次版本/TTQS_ONE_CODEX_RUNTIME/22/2143_candidate.docx,原樣保留；本次尚未確認完成驗收,17636,fe312e3e696714df5530eb1561d69a303433ab4ac16b435b182a0512df421a14
2144,0025__訓練評估與實施標準化作業程序SOP.docx,TTQS_ONE_CODEX_RUNTIME/SUPERSEDED/EFF1A_0025_INPLACE_SALVAGE_BACKUP_20261003_025544/WORK/CANDIDATES/0025__訓練評估與實施標準化作業程序SOP.docx,04_全部文件與歷次版本/TTQS_ONE_CODEX_RUNTIME/22/2144_0025__訓練評估與實施標準化作業程序SOP.docx,原樣保留；本次尚未確認完成驗收,52926,27dbd9a54ce8163e920646c8baf920ab77647ef177184ce82dfecbd9bbc8ca72
2145,0025__訓練評估與實施標準化作業程序SOP.docx,TTQS_ONE_CODEX_RUNTIME/SUPERSEDED/EFF1A_BOM_AND_INPLACE_REPAIR_BACKUP_20261003_032119/WORK/CANDIDATES/0025__訓練評估與實施標準化作業程序SOP.docx,04_全部文件與歷次版本/TTQS_ONE_CODEX_RUNTIME/22/2145_0025__訓練評估與實施標準化作業程序SOP.docx,原樣保留；本次尚未確認完成驗收,52865,1c838a26bde0e53e38129239268797176d8c6aea4557c4b0b8ded296426959fe
2146,0039__課程規劃與設計審查會議紀錄.docx,TTQS_ONE_CODEX_RUNTIME/SUPERSEDED/EFF1A_BOM_AND_INPLACE_REPAIR_BACKUP_20261003_032119/WORK/CANDIDATES/0039__課程規劃與設計審查會議紀錄.docx,04_全部文件與歷次版本/TTQS_ONE_CODEX_RUNTIME/22/2146_0039__課程規劃與設計審查會議紀錄.docx,原樣保留；本次尚未確認完成驗收,8468,b811f754a9b8f5e103cef961434e04703b069ae33d1b9ae254aa0f7d4fbb29b2
2147,0025__訓練評估與實施標準化作業程序SOP.docx,TTQS_ONE_CODEX_RUNTIME/SUPERSEDED/EFF1A_BOM_VERIFY_AND_0025_PROMOTION_BACKUP_20261003_032224/WORK/CANDIDATES/0025__訓練評估與實施標準化作業程序SOP.docx,04_全部文件與歷次版本/TTQS_ONE_CODEX_RUNTIME/22/2147_0025__訓練評估與實施標準化作業程序SOP.docx,原樣保留；本次尚未確認完成驗收,52865,1c838a26bde0e53e38129239268797176d8c6aea4557c4b0b8ded296426959fe
2148,0039__課程規劃與設計審查會議紀錄.docx,TTQS_ONE_CODEX_RUNTIME/SUPERSEDED/EFF1A_BOM_VERIFY_AND_0025_PROMOTION_BACKUP_20261003_032224/WORK/CANDIDATES/0039__課程規劃與設計審查會議紀錄.docx,04_全部文件與歷次版本/TTQS_ONE_CODEX_RUNTIME/22/2148_0039__課程規劃與設計審查會議紀錄.docx,原樣保留；本次尚未確認完成驗收,8468,b811f754a9b8f5e103cef961434e04703b069ae33d1b9ae254aa0f7d4fbb29b2
2149,0001__中長程業務發展策略地圖.docx,TTQS_ONE_CODEX_RUNTIME/SUPERSEDED/HOTFIX2_PRESTATE/CURRENT/0001__中長程業務發展策略地圖.docx,04_全部文件與歷次版本/TTQS_ONE_CODEX_RUNTIME/22/2149_0001__中長程業務發展策略地圖.docx,原樣保留；本次尚未確認完成驗收,17673,ff9bcc4ccb104cf714783046ac5d23bcd5aa5357a8967a6c07a26d721d40b048
2150,0003__目標市場需求調查問卷.docx,TTQS_ONE_CODEX_RUNTIME/SUPERSEDED/HOTFIX2_PRESTATE/CURRENT/0003__目標市場需求調查問卷.docx,04_全部文件與歷次版本/TTQS_ONE_CODEX_RUNTIME/22/2150_0003__目標市場需求調查問卷.docx,原樣保留；本次尚未確認完成驗收,48364,203af4e96e9622c73897745b99035ba554326106379d7b9b85c2a0bd62b02fcf
2151,0025__訓練評估與實施標準化作業程序SOP.docx,TTQS_ONE_CODEX_RUNTIME/SUPERSEDED/HOTFIX2_PRESTATE/CURRENT/0025__訓練評估與實施標準化作業程序SOP.docx,04_全部文件與歷次版本/TTQS_ONE_CODEX_RUNTIME/22/2151_0025__訓練評估與實施標準化作業程序SOP.docx,原樣保留；本次尚未確認完成驗收,52865,1c838a26bde0e53e38129239268797176d8c6aea4557c4b0b8ded296426959fe
2152,0066__訓練班級完整結案報告.docx,TTQS_ONE_CODEX_RUNTIME/SUPERSEDED/HOTFIX2_PRESTATE/CURRENT/0066__訓練班級完整結案報告.docx,04_全部文件與歷次版本/TTQS_ONE_CODEX_RUNTIME/22/2152_0066__訓練班級完整結案報告.docx,原樣保留；本次尚未確認完成驗收,15158,7d5a58c19cafcdbc30b21ef87cfd8b9f12497bff335f834dcbefe007f7cfa571
2153,0067__訓練執行評估指標分析及相關統計分析_分析報告.docx,TTQS_ONE_CODEX_RUNTIME/SUPERSEDED/HOTFIX2_PRESTATE/CURRENT/0067__訓練執行評估指標分析及相關統計分析_分析報告.docx,04_全部文件與歷次版本/TTQS_ONE_CODEX_RUNTIME/22/2153_0067__訓練執行評估指標分析及相關統計分析_分析報告.docx,原樣保留；本次尚未確認完成驗收,48608,a20342c25a00a6b6a9c3412b61e52a3c865cd8361ce6778d5eb99a9ac50e72d1
2154,0076__指標17b_考試暨實作評量紀錄.docx,TTQS_ONE_CODEX_RUNTIME/SUPERSEDED/HOTFIX2_PRESTATE/CURRENT/0076__指標17b_考試暨實作評量紀錄.docx,04_全部文件與歷次版本/TTQS_ONE_CODEX_RUNTIME/22/2154_0076__指標17b_考試暨實作評量紀錄.docx,原樣保留；本次尚未確認完成驗收,45916,ca5a73835c6c0e716c81019c2e127f40b3eba65e20357e3fb1936c3f2359d262
2155,0087__訓後成果追蹤調查表.docx,TTQS_ONE_CODEX_RUNTIME/SUPERSEDED/HOTFIX2_PRESTATE/CURRENT/0087__訓後成果追蹤調查表.docx,04_全部文件與歷次版本/TTQS_ONE_CODEX_RUNTIME/22/2155_0087__訓後成果追蹤調查表.docx,原樣保留；本次尚未確認完成驗收,62317,0714c164442db5f6d0f01cbd5536af0f339238aef4f914200348a50108179d6c
2156,0100__學員培訓前後自我評量表.docx,TTQS_ONE_CODEX_RUNTIME/SUPERSEDED/HOTFIX2_PRESTATE/CURRENT/0100__學員培訓前後自我評量表.docx,04_全部文件與歷次版本/TTQS_ONE_CODEX_RUNTIME/22/2156_0100__學員培訓前後自我評量表.docx,原樣保留；本次尚未確認完成驗收,105554,34f764f569c8430682a4d31bed53db1ef9a089f9b0898313a64243ed0a434977
2157,0066__訓練班級完整結案報告.docx,TTQS_ONE_CODEX_RUNTIME/WORK/CANDIDATES/0066__訓練班級完整結案報告.docx,04_全部文件與歷次版本/TTQS_ONE_CODEX_RUNTIME/22/2157_0066__訓練班級完整結案報告.docx,原樣保留；本次尚未確認完成驗收,17727,220f535cf3e53a51215f7b5b8afb880013ef3015162264ec8b50285821819884
2158,0025__訓練評估與實施標準化作業程序SOP.docx,TTQS_ONE_CODEX_RUNTIME/WORK/CANDIDATES/0025__訓練評估與實施標準化作業程序SOP.docx,04_全部文件與歷次版本/TTQS_ONE_CODEX_RUNTIME/22/2158_0025__訓練評估與實施標準化作業程序SOP.docx,原樣保留；本次尚未確認完成驗收,52865,1c838a26bde0e53e38129239268797176d8c6aea4557c4b0b8ded296426959fe
2159,0039__課程規劃與設計審查會議紀錄.docx,TTQS_ONE_CODEX_RUNTIME/WORK/CANDIDATES/0039__課程規劃與設計審查會議紀錄.docx,04_全部文件與歷次版本/TTQS_ONE_CODEX_RUNTIME/22/2159_0039__課程規劃與設計審查會議紀錄.docx,原樣保留；本次尚未確認完成驗收,11070,ad47ceb83d7c14a19a9161307059cd218b29f31a0c4bc90afdc65c22067d90ad
2160,0067__訓練執行評估指標分析及相關統計分析_分析報告.docx,TTQS_ONE_CODEX_RUNTIME/WORK/CANDIDATES/0067__訓練執行評估指標分析及相關統計分析_分析報告.docx,04_全部文件與歷次版本/TTQS_ONE_CODEX_RUNTIME/22/2160_0067__訓練執行評估指標分析及相關統計分析_分析報告.docx,原樣保留；本次尚未確認完成驗收,48608,a20342c25a00a6b6a9c3412b61e52a3c865cd8361ce6778d5eb99a9ac50e72d1
2161,0092__第三方感謝函索取稿與證據驗證登錄表.docx,TTQS_ONE_CODEX_RUNTIME/WORK/CANDIDATES/0092__第三方感謝函索取稿與證據驗證登錄表.docx,04_全部文件與歷次版本/TTQS_ONE_CODEX_RUNTIME/22/2161_0092__第三方感謝函索取稿與證據驗證登錄表.docx,原樣保留；本次尚未確認完成驗收,45641,83c304e7064cda4b21e65ed365fac743c7462c519b9177b603e5e7499a887c34
2162,0071__異常通報暨CAPA矯正預防紀錄.docx,TTQS_ONE_CODEX_RUNTIME/WORK/CANDIDATES/0071__異常通報暨CAPA矯正預防紀錄.docx,04_全部文件與歷次版本/TTQS_ONE_CODEX_RUNTIME/22/2162_0071__異常通報暨CAPA矯正預防紀錄.docx,原樣保留；本次尚未確認完成驗收,47261,256cdd7d5c3b9704d4cad7195228315bc13996a4acbdc40c21fb4ee62a734e9c
2163,0076__指標17b_考試暨實作評量紀錄.docx,TTQS_ONE_CODEX_RUNTIME/WORK/CANDIDATES/0076__指標17b_考試暨實作評量紀錄.docx,04_全部文件與歷次版本/TTQS_ONE_CODEX_RUNTIME/22/2163_0076__指標17b_考試暨實作評量紀錄.docx,原樣保留；本次尚未確認完成驗收,45782,f0099863f55cd9a180b502c1fc5d03b303aa8ea38b14b74f4783afdb2b8e4471
2164,0067__SALVAGED_32f752dfd782.docx,TTQS_ONE_CODEX_RUNTIME/WORK/CANDIDATES/0067__SALVAGED_32f752dfd782.docx,04_全部文件與歷次版本/TTQS_ONE_CODEX_RUNTIME/22/2164_0067__SALVAGED_32f752dfd782.docx,原樣保留；本次尚未確認完成驗收,49788,32f752dfd78267a5fd4dc968cf1cc4db731057399eeb26fc04756419cb92edd1
2165,0100__學員培訓前後自我評量表.docx,TTQS_ONE_CODEX_RUNTIME/WORK/CANDIDATES/0100__學員培訓前後自我評量表.docx,04_全部文件與歷次版本/TTQS_ONE_CODEX_RUNTIME/22/2165_0100__學員培訓前後自我評量表.docx,原樣保留；本次尚未確認完成驗收,105463,f7f3addfed3bfe46aba1a3f282e22b7f92d36de8a1b1c8252e4a77bad1e270d1
2166,0001__中長程業務發展策略地圖.docx,TTQS_ONE_CODEX_RUNTIME/WORK/CANDIDATES/0001__中長程業務發展策略地圖.docx,04_全部文件與歷次版本/TTQS_ONE_CODEX_RUNTIME/22/2166_0001__中長程業務發展策略地圖.docx,原樣保留；本次尚未確認完成驗收,17808,5d24ddd86b58b3ecb3d692b19a313dc3e7d6bac3aa77a3049ac6e17499080963
2167,0087__訓後成果追蹤調查表.docx,TTQS_ONE_CODEX_RUNTIME/WORK/CANDIDATES/0087__訓後成果追蹤調查表.docx,04_全部文件與歷次版本/TTQS_ONE_CODEX_RUNTIME/22/2167_0087__訓後成果追蹤調查表.docx,原樣保留；本次尚未確認完成驗收,51370,5409c06717ff75f65f1f24c1257a1bfe5795f8a82131acc0f4706180fa67db5a
2168,0142__組織近三年營業額與收入趨勢核對報告.docx,TTQS_ONE_CODEX_RUNTIME/WORK/CANDIDATES/0142__組織近三年營業額與收入趨勢核對報告.docx,04_全部文件與歷次版本/TTQS_ONE_CODEX_RUNTIME/22/2168_0142__組織近三年營業額與收入趨勢核對報告.docx,原樣保留；本次尚未確認完成驗收,44970,59f9b500eafd0b283a6df898d337e888da37cb6bcfc98cb180a6fd452b8034a6
2169,_MUSE_POLICY_INVALID__0003_938de16389b8__20261004_075043.docx,TTQS_ONE_CODEX_RUNTIME/WORK/CANDIDATES/_MUSE_POLICY_INVALID__0003_938de16389b8__20261004_075043.docx,04_全部文件與歷次版本/TTQS_ONE_CODEX_RUNTIME/22/2169__MUSE_POLICY_INVALID__0003_938de16389b8__20261004_075043.docx,原樣保留；本次尚未確認完成驗收,48641,938de16389b8ab5ae181d3b50b7c00b7c5997ead232618d4e859f87c8394aa23
2170,0033__訓練課程計畫配合客戶及受訓者需求、職能需求的_可直接使用成品.docx,TTQS_ONE_CODEX_RUNTIME/WORK/CANDIDATES/0033__訓練課程計畫配合客戶及受訓者需求、職能需求的_可直接使用成品.docx,04_全部文件與歷次版本/TTQS_ONE_CODEX_RUNTIME/22/2170_0033__訓練課程計畫配合客戶及受訓者需求、職能需求的_可直接使用成品.docx,原樣保留；本次尚未確認完成驗收,57332,784ed41a6bd955d2b40e212add7316c5c3fc39b1e474c8df7175d46d0a9f1247
2171,0030__工作經驗的相關受訓證明_可直接使用成品.docx,TTQS_ONE_CODEX_RUNTIME/WORK/CANDIDATES/0030__工作經驗的相關受訓證明_可直接使用成品.docx,04_全部文件與歷次版本/TTQS_ONE_CODEX_RUNTIME/22/2171_0030__工作經驗的相關受訓證明_可直接使用成品.docx,原樣保留；本次尚未確認完成驗收,50205,c29bd40a3cb3c73b174e7477c41a59d71f36e3e10284268de26c806d0a25c334
2172,0031__專業訓練人員職能評估方法等證明_可直接使用成品.docx,TTQS_ONE_CODEX_RUNTIME/WORK/CANDIDATES/0031__專業訓練人員職能評估方法等證明_可直接使用成品.docx,04_全部文件與歷次版本/TTQS_ONE_CODEX_RUNTIME/22/2172_0031__專業訓練人員職能評估方法等證明_可直接使用成品.docx,原樣保留；本次尚未確認完成驗收,52898,756deaa32c1f159b4a0aeaf2ca75fbf376fcff3bb460e90dd612616490cf87a5
2173,0032__訓練機構具備執行訓練業務相關職能的說明_完整工作稿.docx,TTQS_ONE_CODEX_RUNTIME/WORK/CANDIDATES/0032__訓練機構具備執行訓練業務相關職能的說明_完整工作稿.docx,04_全部文件與歷次版本/TTQS_ONE_CODEX_RUNTIME/22/2173_0032__訓練機構具備執行訓練業務相關職能的說明_完整工作稿.docx,原樣保留；本次尚未確認完成驗收,56459,f7dce176fb96397a13a5d90b915203c04fe997f5405c04e314ff530eef211587
2174,0047__相關文件能記錄近年來對於課程之評估、採購、簽_制度文件.docx,TTQS_ONE_CODEX_RUNTIME/WORK/CANDIDATES/0047__相關文件能記錄近年來對於課程之評估、採購、簽_制度文件.docx,04_全部文件與歷次版本/TTQS_ONE_CODEX_RUNTIME/22/2174_0047__相關文件能記錄近年來對於課程之評估、採購、簽_制度文件.docx,原樣保留；本次尚未確認完成驗收,45471,b51815c1594e44ba7b1d1d02753c3b38d44a16166e74a4474a2e47509116b2b2
2175,0050__各課程單元內容均能達成訓練規劃的目標_完整工作稿.docx,TTQS_ONE_CODEX_RUNTIME/WORK/CANDIDATES/0050__各課程單元內容均能達成訓練規劃的目標_完整工作稿.docx,04_全部文件與歷次版本/TTQS_ONE_CODEX_RUNTIME/22/2175_0050__各課程單元內容均能達成訓練規劃的目標_完整工作稿.docx,原樣保留；本次尚未確認完成驗收,45104,91c49c02c5a5db4df298bc0ae91693e801765b25f3427bed3949d636ff69ff75
2176,0044__所有的討論、會議或E-mail均留有完整紀錄_可直接使用成品.docx,TTQS_ONE_CODEX_RUNTIME/WORK/CANDIDATES/0044__所有的討論、會議或E-mail均留有完整紀錄_可直接使用成品.docx,04_全部文件與歷次版本/TTQS_ONE_CODEX_RUNTIME/22/2176_0044__所有的討論、會議或E-mail均留有完整紀錄_可直接使用成品.docx,原樣保留；本次尚未確認完成驗收,40857,427e9ccae8ebf0f3128571057b63602c728ea70c1ea911857fba941c3acfd1d1
2177,0042__執行本項目與作業流程相關文件資料（展現利益關_完整工作稿.docx,TTQS_ONE_CODEX_RUNTIME/WORK/CANDIDATES/0042__執行本項目與作業流程相關文件資料（展現利益關_完整工作稿.docx,04_全部文件與歷次版本/TTQS_ONE_CODEX_RUNTIME/22/2177_0042__執行本項目與作業流程相關文件資料（展現利益關_完整工作稿.docx,原樣保留；本次尚未確認完成驗收,43204,47bddaa2ba7d19f8401676553a37ba9aeb5878166e54276bdcbf1bfe3ab583d0
2178,0045__訓練資源採購與甄選管理辦法.docx,TTQS_ONE_CODEX_RUNTIME/WORK/CANDIDATES/0045__訓練資源採購與甄選管理辦法.docx,04_全部文件與歷次版本/TTQS_ONE_CODEX_RUNTIME/22/2178_0045__訓練資源採購與甄選管理辦法.docx,原樣保留；本次尚未確認完成驗收,60427,aebdeeef7da6944c5bb092f6e23c7f0825357e6866006e32971b3c8d8c81b535
2179,0055__講師的遴聘依師資遴選標準及流程評選並經訓練管_可直接使用成品.docx,TTQS_ONE_CODEX_RUNTIME/WORK/CANDIDATES/0055__講師的遴聘依師資遴選標準及流程評選並經訓練管_可直接使用成品.docx,04_全部文件與歷次版本/TTQS_ONE_CODEX_RUNTIME/22/2179_0055__講師的遴聘依師資遴選標準及流程評選並經訓練管_可直接使用成品.docx,原樣保留；本次尚未確認完成驗收,44595,b4bc77b6255e4cccc3511f4588ad7bb150d1f90e52535797014c814e482723be
2180,0054__依學員遴選標準及流程遴選，教材由講師及顧問推_完整工作稿.docx,TTQS_ONE_CODEX_RUNTIME/WORK/CANDIDATES/0054__依學員遴選標準及流程遴選，教材由講師及顧問推_完整工作稿.docx,04_全部文件與歷次版本/TTQS_ONE_CODEX_RUNTIME/22/2180_0054__依學員遴選標準及流程遴選，教材由講師及顧問推_完整工作稿.docx,原樣保留；本次尚未確認完成驗收,45283,0c799e810621357b2e2dc495ea93f37d3499c64ea2aeaf3ef1329ec745a2ca05
2181,0003__目標市場需求調查問卷.docx,TTQS_ONE_CODEX_RUNTIME/WORK/ROOT_CAUSE_0003_HOTFIX1/0003__目標市場需求調查問卷.docx,04_全部文件與歷次版本/TTQS_ONE_CODEX_RUNTIME/22/2181_0003__目標市場需求調查問卷.docx,原樣保留；本次尚未確認完成驗收,48699,02f401c80198f7dd5ca69f74d13abeea036924fe87198c7f0b531a9b3e1dfdcc
2182,candidate_input.docx,TTQS_ONE_CODEX_RUNTIME/WORK/TASKS/WF_CODEX_BUILD_0071_20261003_204032/EVIDENCE/candidate_input.docx,04_全部文件與歷次版本/TTQS_ONE_CODEX_RUNTIME/22/2182_candidate_input.docx,原樣保留；本次尚未確認完成驗收,47261,256cdd7d5c3b9704d4cad7195228315bc13996a4acbdc40c21fb4ee62a734e9c
2183,0071__異常通報暨CAPA矯正預防紀錄.docx,TTQS_ONE_CODEX_RUNTIME/WORK/TASKS/WF_CODEX_BUILD_0071_20261003_204032/OUTPUT/0071__異常通報暨CAPA矯正預防紀錄.docx,04_全部文件與歷次版本/TTQS_ONE_CODEX_RUNTIME/22/2183_0071__異常通報暨CAPA矯正預防紀錄.docx,原樣保留；本次尚未確認完成驗收,47203,dd944d4da69d82e8ef7501327b8fce52f8e214a83d22aacfe89663239e7b6da0
2184,0003__目標市場需求調查問卷.docx,TTQS_ONE_CODEX_RUNTIME/WORK/TASKS/HOTFIX6_INTEGRATION/WF_OPENCODE_BUILD_0003_20261003_204032/0003__目標市場需求調查問卷.docx,04_全部文件與歷次版本/TTQS_ONE_CODEX_RUNTIME/22/2184_0003__目標市場需求調查問卷.docx,原樣保留；本次尚未確認完成驗收,48861,0ba53058b92d15b570e127ce321bd54e1acc2796cffe2ee31b209718e28b9b6f
2185,0071__異常通報暨CAPA矯正預防紀錄.docx,TTQS_ONE_CODEX_RUNTIME/WORK/TASKS/HOTFIX6_INTEGRATION/WF_CODEX_BUILD_0071_20261003_204032/0071__異常通報暨CAPA矯正預防紀錄.docx,04_全部文件與歷次版本/TTQS_ONE_CODEX_RUNTIME/22/2185_0071__異常通報暨CAPA矯正預防紀錄.docx,原樣保留；本次尚未確認完成驗收,47203,dd944d4da69d82e8ef7501327b8fce52f8e214a83d22aacfe89663239e7b6da0
2186,0071__異常通報暨CAPA矯正預防紀錄.docx,TTQS_ONE_CODEX_RUNTIME/WORK/TASKS/HOTFIX6_INTEGRATION/WF_CODEX_REPAIR_0071_20261003_2100/0071__異常通報暨CAPA矯正預防紀錄.docx,04_全部文件與歷次版本/TTQS_ONE_CODEX_RUNTIME/22/2186_0071__異常通報暨CAPA矯正預防紀錄.docx,原樣保留；本次尚未確認完成驗收,47205,334ed51f437331605fa291c153a6726c1fc05a74d29cf057ad66747512c43065
2187,0025__訓練評估與實施標準化作業程序SOP.docx,TTQS_ONE_CODEX_RUNTIME/WORK/TASKS/HOTFIX6_INTEGRATION/WF_OPENCODE_REPAIR_0025_20261003_205801/0025__訓練評估與實施標準化作業程序SOP.docx,04_全部文件與歷次版本/TTQS_ONE_CODEX_RUNTIME/22/2187_0025__訓練評估與實施標準化作業程序SOP.docx,原樣保留；本次尚未確認完成驗收,53277,1771d24afa6f78b54f04e2f4ca0d31bf5776405777f2569250ee8c077dd65df7
2188,candidate_input.docx,TTQS_ONE_CODEX_RUNTIME/WORK/TASKS/WF_CODEX_REPAIR_0071_20261003_2100/EVIDENCE/candidate_input.docx,04_全部文件與歷次版本/TTQS_ONE_CODEX_RUNTIME/22/2188_candidate_input.docx,原樣保留；本次尚未確認完成驗收,47203,dd944d4da69d82e8ef7501327b8fce52f8e214a83d22aacfe89663239e7b6da0
2189,0071__異常通報暨CAPA矯正預防紀錄.docx,TTQS_ONE_CODEX_RUNTIME/WORK/TASKS/WF_CODEX_REPAIR_0071_20261003_2100/OUTPUT/0071__異常通報暨CAPA矯正預防紀錄.docx,04_全部文件與歷次版本/TTQS_ONE_CODEX_RUNTIME/22/2189_0071__異常通報暨CAPA矯正預防紀錄.docx,原樣保留；本次尚未確認完成驗收,47205,334ed51f437331605fa291c153a6726c1fc05a74d29cf057ad66747512c43065
2190,candidate_input.docx,TTQS_ONE_CODEX_RUNTIME/WORK/TASKS/WF_CODEX_REPAIR_0067_20261003_211519/EVIDENCE/candidate_input.docx,04_全部文件與歷次版本/TTQS_ONE_CODEX_RUNTIME/22/2190_candidate_input.docx,原樣保留；本次尚未確認完成驗收,48608,a20342c25a00a6b6a9c3412b61e52a3c865cd8361ce6778d5eb99a9ac50e72d1
2191,0067__訓練執行評估指標分析及相關統計分析_分析報告.docx,TTQS_ONE_CODEX_RUNTIME/WORK/TASKS/WF_CODEX_REPAIR_0067_20261003_211519/OUTPUT/0067__訓練執行評估指標分析及相關統計分析_分析報告.docx,04_全部文件與歷次版本/TTQS_ONE_CODEX_RUNTIME/22/2191_0067__訓練執行評估指標分析及相關統計分析_分析報告.docx,原樣保留；本次尚未確認完成驗收,49788,32f752dfd78267a5fd4dc968cf1cc4db731057399eeb26fc04756419cb92edd1
2192,candidate.docx,TTQS_ONE_CODEX_RUNTIME/WORK/DUAL_REVIEWS/WF_OPENCODE_REPAIR_0019_20261004_115102_66724dc805950d51a5b7/candidate.docx,04_全部文件與歷次版本/TTQS_ONE_CODEX_RUNTIME/22/2192_candidate.docx,原樣保留；本次尚未確認完成驗收,42231,438ff278c714944f684f58c22094c9aa6f31162d78bcbef19243439bba8b1eb2
2193,0054__依學員遴選標準及流程遴選，教材由講師及顧問推_完整工作稿__R03.docx,TTQS_ONE_CODEX_RUNTIME/WORK/CONTENT_PAYLOADS/WF_CODEX_SCHEMA_NORMALIZE_0054_20261005_R03/rendered/0054__依學員遴選標準及流程遴選，教材由講師及顧問推_完整工作稿__R03.docx,04_全部文件與歷次版本/TTQS_ONE_CODEX_RUNTIME/22/2193_0054__依學員遴選標準及流程遴選，教材由講師及顧問推_完整工作稿__R03.docx,原樣保留；本次尚未確認完成驗收,46864,af906528f5ac8fd646795d9ddef3581c1fd4c60b7b91242d17746d65acaa608b
2194,0054__依學員遴選標準及流程遴選，教材由講師及顧問推_完整工作稿.docx,TTQS_ONE_CODEX_RUNTIME/WORK/CONTENT_PAYLOADS/WF_CODEX_SCHEMA_NORMALIZE_0054_20261005_R04/rendered/0054__依學員遴選標準及流程遴選，教材由講師及顧問推_完整工作稿.docx,04_全部文件與歷次版本/TTQS_ONE_CODEX_RUNTIME/22/2194_0054__依學員遴選標準及流程遴選，教材由講師及顧問推_完整工作稿.docx,原樣保留；本次尚未確認完成驗收,46869,635c50324a3e0992a6915f5dd16687534bdf8b44ede87cdea9c44ca2faacd515
2195,0054__依學員遴選標準及流程遴選，教材由講師及顧問推_完整工作稿.docx,TTQS_ONE_CODEX_RUNTIME/WORK/CONTENT_PAYLOADS/WF_CODEX_SCHEMA_NORMALIZE_0054_20261005_R05/rendered/0054__依學員遴選標準及流程遴選，教材由講師及顧問推_完整工作稿.docx,04_全部文件與歷次版本/TTQS_ONE_CODEX_RUNTIME/22/2195_0054__依學員遴選標準及流程遴選，教材由講師及顧問推_完整工作稿.docx,原樣保留；本次尚未確認完成驗收,46625,ca83686c5c007445d44af3361a4cc9eda9d90f2a9f091024d35be8085da4b481
2196,0054__依學員遴選標準及流程遴選，教材由講師及顧問推_完整工作稿.docx,TTQS_ONE_CODEX_RUNTIME/WORK/CONTENT_PAYLOADS/WF_CODEX_SCHEMA_NORMALIZE_0054_20261005_R06/rendered/0054__依學員遴選標準及流程遴選，教材由講師及顧問推_完整工作稿.docx,04_全部文件與歷次版本/TTQS_ONE_CODEX_RUNTIME/22/2196_0054__依學員遴選標準及流程遴選，教材由講師及顧問推_完整工作稿.docx,原樣保留；本次尚未確認完成驗收,46581,407a9ad07ecf67c2166cc416d834e48b28c37b6d5442e1f03205c3ce28dc58be
2197,0054__依學員遴選標準及流程遴選，教材由講師及顧問推_完整工作稿.docx,TTQS_ONE_CODEX_RUNTIME/WORK/CONTENT_PAYLOADS/WF_CODEX_INTEGRATE_0054_R10_MASTER_PROPOSAL_20261005/candidate/0054__依學員遴選標準及流程遴選，教材由講師及顧問推_完整工作稿.docx,04_全部文件與歷次版本/TTQS_ONE_CODEX_RUNTIME/22/2197_0054__依學員遴選標準及流程遴選，教材由講師及顧問推_完整工作稿.docx,原樣保留；本次尚未確認完成驗收,48450,c9da34b2837354b71f63229cbc59760f6b3ec569d2d0f1c741d6cf04e414e883
2198,0054__依學員遴選標準及流程遴選，教材由講師及顧問推_完整工作稿.docx,TTQS_ONE_CODEX_RUNTIME/WORK/CONTENT_PAYLOADS/WF_CODEX_INTEGRATE_0054_R10_MASTER_PROPOSAL_20261005/candidate_versions/pre_first_page_clarity_repair/0054__依學員遴選標準及流程遴選，教材由講師及顧問推_完整工作稿.docx,04_全部文件與歷次版本/TTQS_ONE_CODEX_RUNTIME/22/2198_0054__依學員遴選標準及流程遴選，教材由講師及顧問推_完整工作稿.docx,原樣保留；本次尚未確認完成驗收,48442,c5042fbe2b09dd507edb2a1d461be77d2fddd4fe72001305a28d13a90b573499
2199,0054__依學員遴選標準及流程遴選，教材由講師及顧問推_完整工作稿.docx,TTQS_ONE_CODEX_RUNTIME/WORK/CONTENT_PAYLOADS/WF_LUNA_INTEGRATE_0054_R11_MASTER_PROPOSAL_20261005/candidate/0054__依學員遴選標準及流程遴選，教材由講師及顧問推_完整工作稿.docx,04_全部文件與歷次版本/TTQS_ONE_CODEX_RUNTIME/22/2199_0054__依學員遴選標準及流程遴選，教材由講師及顧問推_完整工作稿.docx,原樣保留；本次尚未確認完成驗收,49067,c0d0c609536cbcaf0578fb7b0e6995482859a338f63daa2ec7f1b5dc8bd64026
2200,0054__R11_LAYOUT_INPUT.docx,TTQS_ONE_CODEX_RUNTIME/WORK/CONTENT_PAYLOADS/WF_LUNA_INTEGRATE_0054_R11_MASTER_PROPOSAL_20261005/candidate/0054__R11_LAYOUT_INPUT.docx,04_全部文件與歷次版本/TTQS_ONE_CODEX_RUNTIME/22/2200_0054__R11_LAYOUT_INPUT.docx,原樣保留；本次尚未確認完成驗收,49067,c0d0c609536cbcaf0578fb7b0e6995482859a338f63daa2ec7f1b5dc8bd64026
2201,0054__依學員遴選標準及流程遴選，教材由講師及顧問推_完整工作稿.docx,TTQS_ONE_CODEX_RUNTIME/WORK/CONTENT_PAYLOADS/WF_LUNA_INTEGRATE_0054_R12_REGISTER_AND_USABILITY_REPAIR_20261005/candidate/0054__依學員遴選標準及流程遴選，教材由講師及顧問推_完整工作稿.docx,04_全部文件與歷次版本/TTQS_ONE_CODEX_RUNTIME/23/2201_0054__依學員遴選標準及流程遴選，教材由講師及顧問推_完整工作稿.docx,原樣保留；本次尚未確認完成驗收,48830,6f2742990b76aadf66713be4eefe53f69a118b4ee0336937b265f5b2023156f9
2202,0054__R12_LAYOUT_INPUT.docx,TTQS_ONE_CODEX_RUNTIME/WORK/CONTENT_PAYLOADS/WF_LUNA_INTEGRATE_0054_R12_REGISTER_AND_USABILITY_REPAIR_20261005/candidate/0054__R12_LAYOUT_INPUT.docx,04_全部文件與歷次版本/TTQS_ONE_CODEX_RUNTIME/23/2202_0054__R12_LAYOUT_INPUT.docx,原樣保留；本次尚未確認完成驗收,48830,6f2742990b76aadf66713be4eefe53f69a118b4ee0336937b265f5b2023156f9
2203,0054__依學員遴選標準及流程遴選，教材由講師及顧問推_完整工作稿.docx,TTQS_ONE_CODEX_RUNTIME/WORK/CONTENT_PAYLOADS/WF_LUNA_INTEGRATE_0054_R13_SOURCE_LOCATOR_TIE_COMPLETION_20261005/candidate/0054__依學員遴選標準及流程遴選，教材由講師及顧問推_完整工作稿.docx,04_全部文件與歷次版本/TTQS_ONE_CODEX_RUNTIME/23/2203_0054__依學員遴選標準及流程遴選，教材由講師及顧問推_完整工作稿.docx,原樣保留；本次尚未確認完成驗收,49117,7b14bcfc09ad38c42b73ffebbfaee1c09939e7b9f7ae578240168cd1aa13b6ea
2204,0054__R13_LAYOUT_INPUT.docx,TTQS_ONE_CODEX_RUNTIME/WORK/CONTENT_PAYLOADS/WF_LUNA_INTEGRATE_0054_R13_SOURCE_LOCATOR_TIE_COMPLETION_20261005/candidate/0054__R13_LAYOUT_INPUT.docx,04_全部文件與歷次版本/TTQS_ONE_CODEX_RUNTIME/23/2204_0054__R13_LAYOUT_INPUT.docx,原樣保留；本次尚未確認完成驗收,49117,7b14bcfc09ad38c42b73ffebbfaee1c09939e7b9f7ae578240168cd1aa13b6ea
2205,0054__依學員遴選標準及流程遴選，教材由講師及顧問推_完整工作稿.docx,TTQS_ONE_CODEX_RUNTIME/WORK/REVIEWS/codex_cross_review_0054_R13_20261005_104829/candidate/0054__依學員遴選標準及流程遴選，教材由講師及顧問推_完整工作稿.docx,04_全部文件與歷次版本/TTQS_ONE_CODEX_RUNTIME/23/2205_0054__依學員遴選標準及流程遴選，教材由講師及顧問推_完整工作稿.docx,原樣保留；本次尚未確認完成驗收,48746,87e230fa4822ac0e2ab29d853a2d267493b872ad2c781abf0700824812e453c0
2206,0031_rootfix.docx,TTQS_ONE_CODEX_RUNTIME/WORK/RENDERER_REPLAY/20261004_rootfix/0031_rootfix.docx,04_全部文件與歷次版本/TTQS_ONE_CODEX_RUNTIME/23/2206_0031_rootfix.docx,原樣保留；本次尚未確認完成驗收,58108,5bfaf7bb92882661de19b6e812bc7bb92a6ac706a6728587c48df063b051c4e3
2207,0032_rootfix.docx,TTQS_ONE_CODEX_RUNTIME/WORK/RENDERER_REPLAY/20261004_rootfix/0032_rootfix.docx,04_全部文件與歷次版本/TTQS_ONE_CODEX_RUNTIME/23/2207_0032_rootfix.docx,原樣保留；本次尚未確認完成驗收,52977,6c7db393a0c70a1093435f877f4d1eb53e0cb03eee7e027bcb942206152c776f
2208,0031__專業訓練人員職能評估方法等證明_可直接使用成品.docx,TTQS_ONE_CODEX_RUNTIME/WORK/RENDERER_REPLAY/20261004_rootfix/0031__專業訓練人員職能評估方法等證明_可直接使用成品.docx,04_全部文件與歷次版本/TTQS_ONE_CODEX_RUNTIME/23/2208_0031__專業訓練人員職能評估方法等證明_可直接使用成品.docx,原樣保留；本次尚未確認完成驗收,58108,5bfaf7bb92882661de19b6e812bc7bb92a6ac706a6728587c48df063b051c4e3
2209,0032__訓練機構具備執行訓練業務相關職能的說明_完整工作稿.docx,TTQS_ONE_CODEX_RUNTIME/WORK/RENDERER_REPLAY/20261004_rootfix/0032__訓練機構具備執行訓練業務相關職能的說明_完整工作稿.docx,04_全部文件與歷次版本/TTQS_ONE_CODEX_RUNTIME/23/2209_0032__訓練機構具備執行訓練業務相關職能的說明_完整工作稿.docx,原樣保留；本次尚未確認完成驗收,52977,6c7db393a0c70a1093435f877f4d1eb53e0cb03eee7e027bcb942206152c776f
2210,0032__訓練機構具備執行訓練業務相關職能的說明_完整工作稿.docx,TTQS_ONE_CODEX_RUNTIME/WORK/RENDERER_REPLAY/20261005_0032_rootfix/0032__訓練機構具備執行訓練業務相關職能的說明_完整工作稿.docx,04_全部文件與歷次版本/TTQS_ONE_CODEX_RUNTIME/23/2210_0032__訓練機構具備執行訓練業務相關職能的說明_完整工作稿.docx,原樣保留；本次尚未確認完成驗收,57438,3dab82cb2deb0397c37af531a686e7d805e497aa95d32ad342a0105ffa299135
2211,0031__專業訓練人員職能評估方法等證明_可直接使用成品.docx,TTQS_ONE_CODEX_RUNTIME/REFERENCE/0031__專業訓練人員職能評估方法等證明_可直接使用成品.docx,04_全部文件與歷次版本/TTQS_ONE_CODEX_RUNTIME/23/2211_0031__專業訓練人員職能評估方法等證明_可直接使用成品.docx,原樣保留；本次尚未確認完成驗收,158927,1910ee6ed85b9a7b31a5792c78fcfc74d42c451c49ffc8408b12d058c7dc6929
2212,0032__訓練機構具備執行訓練業務相關職能的說明_完整工作稿.docx,TTQS_ONE_CODEX_RUNTIME/REFERENCE/0032__訓練機構具備執行訓練業務相關職能的說明_完整工作稿.docx,04_全部文件與歷次版本/TTQS_ONE_CODEX_RUNTIME/23/2212_0032__訓練機構具備執行訓練業務相關職能的說明_完整工作稿.docx,原樣保留；本次尚未確認完成驗收,150298,99daa093d96b34aac488cec89abdfddd66454529a80002f04fd89c1a32af23db
2213,0033__訓練課程計畫配合客戶及受訓者需求、職能需求的_可直接使用成品.docx,TTQS_ONE_CODEX_RUNTIME/REFERENCE/0033__訓練課程計畫配合客戶及受訓者需求、職能需求的_可直接使用成品.docx,04_全部文件與歷次版本/TTQS_ONE_CODEX_RUNTIME/23/2213_0033__訓練課程計畫配合客戶及受訓者需求、職能需求的_可直接使用成品.docx,原樣保留；本次尚未確認完成驗收,80922,418ae909b332fbfd19f03751bf1483f475603fe01a16d1a5eed3fa149dc1238d
2214,0034__針對學員做職能盤點或職能分析並據以規劃適切課_可直接使用成品.docx,TTQS_ONE_CODEX_RUNTIME/REFERENCE/0034__針對學員做職能盤點或職能分析並據以規劃適切課_可直接使用成品.docx,04_全部文件與歷次版本/TTQS_ONE_CODEX_RUNTIME/23/2214_0034__針對學員做職能盤點或職能分析並據以規劃適切課_可直接使用成品.docx,原樣保留；本次尚未確認完成驗收,143750,fb644a16f2d0df9555363c9acbaf4db7f80696f69e76d5aa62e9da2108f30cf0
2215,0035__對相關職能分析及運用的方法均能適時檢討隨時改_完整工作稿.docx,TTQS_ONE_CODEX_RUNTIME/REFERENCE/0035__對相關職能分析及運用的方法均能適時檢討隨時改_完整工作稿.docx,04_全部文件與歷次版本/TTQS_ONE_CODEX_RUNTIME/23/2215_0035__對相關職能分析及運用的方法均能適時檢討隨時改_完整工作稿.docx,原樣保留；本次尚未確認完成驗收,163112,ca8cb93cd4bfb316f29182fb66a078faec60d73ced46bcc3e6b0a8681a82f891
2216,0036__有課程設計進度表、課程規劃流程圖說明、訓練規_完整工作稿.docx,TTQS_ONE_CODEX_RUNTIME/REFERENCE/0036__有課程設計進度表、課程規劃流程圖說明、訓練規_完整工作稿.docx,04_全部文件與歷次版本/TTQS_ONE_CODEX_RUNTIME/23/2216_0036__有課程設計進度表、課程規劃流程圖說明、訓練規_完整工作稿.docx,原樣保留；本次尚未確認完成驗收,75955,92f8ecfa0a2330ddc693e3006ebc065f40bcd32b89b98616a7c56efe7175f32f
2217,0037__相關文件紀錄能顯示近年來訓練目標、訓練方法、_可直接使用成品.docx,TTQS_ONE_CODEX_RUNTIME/REFERENCE/0037__相關文件紀錄能顯示近年來訓練目標、訓練方法、_可直接使用成品.docx,04_全部文件與歷次版本/TTQS_ONE_CODEX_RUNTIME/23/2217_0037__相關文件紀錄能顯示近年來訓練目標、訓練方法、_可直接使用成品.docx,原樣保留；本次尚未確認完成驗收,73666,35124c2fb792b7c79fac32625499917f211dcebdecde779fa64285addd673403
2218,0038__針對訓練方案的系統設計能適時檢討及改善，執行_完整工作稿.docx,TTQS_ONE_CODEX_RUNTIME/REFERENCE/0038__針對訓練方案的系統設計能適時檢討及改善，執行_完整工作稿.docx,04_全部文件與歷次版本/TTQS_ONE_CODEX_RUNTIME/23/2218_0038__針對訓練方案的系統設計能適時檢討及改善，執行_完整工作稿.docx,原樣保留；本次尚未確認完成驗收,73149,e8b3ca417a9d3c5f8002b79e0b11bc7aaeafb0b718040caa582bb13b65301dbe
2219,0039__課程規劃與設計審查會議紀錄.docx,TTQS_ONE_CODEX_RUNTIME/REFERENCE/0039__課程規劃與設計審查會議紀錄.docx,04_全部文件與歷次版本/TTQS_ONE_CODEX_RUNTIME/23/2219_0039__課程規劃與設計審查會議紀錄.docx,原樣保留；本次尚未確認完成驗收,77925,4c8e16be02610e639c4ac7292447485e9c7aabcd81f93bb0dbfc88d0681d17c3
2220,0040__訓練評估方法與成效指標對照表.docx,TTQS_ONE_CODEX_RUNTIME/REFERENCE/0040__訓練評估方法與成效指標對照表.docx,04_全部文件與歷次版本/TTQS_ONE_CODEX_RUNTIME/23/2220_0040__訓練評估方法與成效指標對照表.docx,原樣保留；本次尚未確認完成驗收,75016,9cda927b3838b646c368e927d6d67df0a241c33ecf75f1b3ad4b16cd6e48a6a0
2221,candidate_c60b12033cd31231ba40e6de8a8038865b95e545eb262410b8d83321ba2f4c12.docx,TTQS_ONE_CODEX_RUNTIME/MASTER/VISUAL_QA_0032/candidate_c60b12033cd31231ba40e6de8a8038865b95e545eb262410b8d83321ba2f4c12.docx,04_全部文件與歷次版本/TTQS_ONE_CODEX_RUNTIME/23/2221_candidate_c60b12033cd31231ba40e6de8a8038865b95e545eb262410b8d83321ba2f.docx,原樣保留；本次尚未確認完成驗收,57438,c60b12033cd31231ba40e6de8a8038865b95e545eb262410b8d83321ba2f4c12
2222,candidate_407a9ad07ecf67c2166cc416d834e48b28c37b6d5442e1f03205c3ce28dc58be.docx,TTQS_ONE_CODEX_RUNTIME/MASTER/VISUAL_QA_0054_R06/candidate_407a9ad07ecf67c2166cc416d834e48b28c37b6d5442e1f03205c3ce28dc58be.docx,04_全部文件與歷次版本/TTQS_ONE_CODEX_RUNTIME/23/2222_candidate_407a9ad07ecf67c2166cc416d834e48b28c37b6d5442e1f03205c3ce28dc.docx,原樣保留；本次尚未確認完成驗收,46581,407a9ad07ecf67c2166cc416d834e48b28c37b6d5442e1f03205c3ce28dc58be
2223,candidate_c9da34b2837354b71f63229cbc59760f6b3ec569d2d0f1c741d6cf04e414e883.docx,TTQS_ONE_CODEX_RUNTIME/MASTER/VISUAL_QA_0054_R10/candidate_c9da34b2837354b71f63229cbc59760f6b3ec569d2d0f1c741d6cf04e414e883.docx,04_全部文件與歷次版本/TTQS_ONE_CODEX_RUNTIME/23/2223_candidate_c9da34b2837354b71f63229cbc59760f6b3ec569d2d0f1c741d6cf04e414.docx,原樣保留；本次尚未確認完成驗收,48450,c9da34b2837354b71f63229cbc59760f6b3ec569d2d0f1c741d6cf04e414e883
2224,0054_candidate_table_pagination.docx,TTQS_ONE_CODEX_RUNTIME/MASTER/VISUAL_QA_0054_R11/0054_candidate_table_pagination.docx,04_全部文件與歷次版本/TTQS_ONE_CODEX_RUNTIME/23/2224_0054_candidate_table_pagination.docx,原樣保留；本次尚未確認完成驗收,48479,23de3f55743b38b8078e9b17f16f71aae6900ae964da4330f5bceb51a32f057c
2225,candidate_23de3f55743b38b8078e9b17f16f71aae6900ae964da4330f5bceb51a32f057c.docx,TTQS_ONE_CODEX_RUNTIME/MASTER/VISUAL_QA_0054_R11/candidate_23de3f55743b38b8078e9b17f16f71aae6900ae964da4330f5bceb51a32f057c.docx,04_全部文件與歷次版本/TTQS_ONE_CODEX_RUNTIME/23/2225_candidate_23de3f55743b38b8078e9b17f16f71aae6900ae964da4330f5bceb51a32f.docx,原樣保留；本次尚未確認完成驗收,48479,23de3f55743b38b8078e9b17f16f71aae6900ae964da4330f5bceb51a32f057c
2226,0054_candidate.docx,TTQS_ONE_CODEX_RUNTIME/MASTER/VISUAL_QA_0054_R12/0054_candidate.docx,04_全部文件與歷次版本/TTQS_ONE_CODEX_RUNTIME/23/2226_0054_candidate.docx,原樣保留；本次尚未確認完成驗收,48746,c45ea442170201d3076e4b33cbfce8ac31444dc6e78871a0ef83a825bfb0327e
2227,candidate_c45ea442170201d3076e4b33cbfce8ac31444dc6e78871a0ef83a825bfb0327e.docx,TTQS_ONE_CODEX_RUNTIME/MASTER/VISUAL_QA_0054_R12/candidate_c45ea442170201d3076e4b33cbfce8ac31444dc6e78871a0ef83a825bfb0327e.docx,04_全部文件與歷次版本/TTQS_ONE_CODEX_RUNTIME/23/2227_candidate_c45ea442170201d3076e4b33cbfce8ac31444dc6e78871a0ef83a825bfb0.docx,原樣保留；本次尚未確認完成驗收,48746,c45ea442170201d3076e4b33cbfce8ac31444dc6e78871a0ef83a825bfb0327e
2228,0054_candidate.docx,TTQS_ONE_CODEX_RUNTIME/MASTER/VISUAL_QA_0054_R13/0054_candidate.docx,04_全部文件與歷次版本/TTQS_ONE_CODEX_RUNTIME/23/2228_0054_candidate.docx,原樣保留；本次尚未確認完成驗收,48746,87e230fa4822ac0e2ab29d853a2d267493b872ad2c781abf0700824812e453c0
2229,candidate_87e230fa4822ac0e2ab29d853a2d267493b872ad2c781abf0700824812e453c0.docx,TTQS_ONE_CODEX_RUNTIME/MASTER/VISUAL_QA_0054_R13/candidate_87e230fa4822ac0e2ab29d853a2d267493b872ad2c781abf0700824812e453c0.docx,04_全部文件與歷次版本/TTQS_ONE_CODEX_RUNTIME/23/2229_candidate_87e230fa4822ac0e2ab29d853a2d267493b872ad2c781abf0700824812e4.docx,原樣保留；本次尚未確認完成驗收,48746,87e230fa4822ac0e2ab29d853a2d267493b872ad2c781abf0700824812e453c0
2230,TTQS近一週工作流稽核與改善報告_20261005.pre_integration.docx,TTQS_ONE_CODEX_RUNTIME/MASTER/WEEKLY_WORKFLOW_AUDIT_20261005/TTQS近一週工作流稽核與改善報告_20261005.pre_integration.docx,04_全部文件與歷次版本/TTQS_ONE_CODEX_RUNTIME/23/2230_TTQS近一週工作流稽核與改善報告_20261005.pre_integration.docx,已驗收的工作流檢討報告；不是評核佐證文件,47234,174f65cd13019789f8e2c2886ffd704a8bfea119e842555cfc8b3f0a19f53aa8
2231,UNVERIFIED_LUNA_APPENDIX_REPORT_c1c89c9c2bd706e656d716c6ff62b86b94ccd46b446e9e46ff1aa4573994ddc0.docx,TTQS_ONE_CODEX_RUNTIME/MASTER/WEEKLY_WORKFLOW_AUDIT_20261005/UNVERIFIED_LUNA_APPENDIX_REPORT_c1c89c9c2bd706e656d716c6ff62b86b94ccd46b446e9e46ff1aa4573994ddc0.docx,04_全部文件與歷次版本/TTQS_ONE_CODEX_RUNTIME/23/2231_UNVERIFIED_LUNA_APPENDIX_REPORT_c1c89c9c2bd706e656d716c6ff62b86b94ccd4.docx,原樣保留；本次尚未確認完成驗收,48066,c1c89c9c2bd706e656d716c6ff62b86b94ccd46b446e9e46ff1aa4573994ddc0
2232,candidate_03b9642d0acd2308230cbc4e514ded40a6b067c2d7ed093cf12c807d89e5131f.docx,TTQS_ONE_CODEX_RUNTIME/MASTER/WEEKLY_WORKFLOW_AUDIT_20261005/REPORT_QA/candidate_03b9642d0acd2308230cbc4e514ded40a6b067c2d7ed093cf12c807d89e5131f.docx,04_全部文件與歷次版本/TTQS_ONE_CODEX_RUNTIME/23/2232_candidate_03b9642d0acd2308230cbc4e514ded40a6b067c2d7ed093cf12c807d89e5.docx,原樣保留；本次尚未確認完成驗收,47419,03b9642d0acd2308230cbc4e514ded40a6b067c2d7ed093cf12c807d89e5131f
2233,candidate_343a45afc46e7c1936bb228c7fd5b606e8e7f8249878f448f149fe3ee8414e87.docx,TTQS_ONE_CODEX_RUNTIME/MASTER/WEEKLY_WORKFLOW_AUDIT_20261005/REPORT_QA_R02/candidate_343a45afc46e7c1936bb228c7fd5b606e8e7f8249878f448f149fe3ee8414e87.docx,04_全部文件與歷次版本/TTQS_ONE_CODEX_RUNTIME/23/2233_candidate_343a45afc46e7c1936bb228c7fd5b606e8e7f8249878f448f149fe3ee841.docx,原樣保留；本次尚未確認完成驗收,47407,343a45afc46e7c1936bb228c7fd5b606e8e7f8249878f448f149fe3ee8414e87
2234,candidate_466586fc2ec018121a7f18ee7291b1f1a257aa91d439f62e34014ceb06d3e300.docx,TTQS_ONE_CODEX_RUNTIME/MASTER/WEEKLY_WORKFLOW_AUDIT_20261005/REPORT_QA_R03/candidate_466586fc2ec018121a7f18ee7291b1f1a257aa91d439f62e34014ceb06d3e300.docx,04_全部文件與歷次版本/TTQS_ONE_CODEX_RUNTIME/23/2234_candidate_466586fc2ec018121a7f18ee7291b1f1a257aa91d439f62e34014ceb06d3.docx,原樣保留；本次尚未確認完成驗收,47202,466586fc2ec018121a7f18ee7291b1f1a257aa91d439f62e34014ceb06d3e300
2235,candidate_21ad22948f2ef6c5ba3c6fae14f2474f4d56d832b701fb056b427c6cfdceea4c.docx,TTQS_ONE_CODEX_RUNTIME/MASTER/WEEKLY_WORKFLOW_AUDIT_20261005/REPORT_QA_R04/candidate_21ad22948f2ef6c5ba3c6fae14f2474f4d56d832b701fb056b427c6cfdceea4c.docx,04_全部文件與歷次版本/TTQS_ONE_CODEX_RUNTIME/23/2235_candidate_21ad22948f2ef6c5ba3c6fae14f2474f4d56d832b701fb056b427c6cfdce.docx,原樣保留；本次尚未確認完成驗收,47147,21ad22948f2ef6c5ba3c6fae14f2474f4d56d832b701fb056b427c6cfdceea4c
2236,candidate_174f65cd13019789f8e2c2886ffd704a8bfea119e842555cfc8b3f0a19f53aa8.docx,TTQS_ONE_CODEX_RUNTIME/MASTER/WEEKLY_WORKFLOW_AUDIT_20261005/REPORT_QA_FINAL/candidate_174f65cd13019789f8e2c2886ffd704a8bfea119e842555cfc8b3f0a19f53aa8.docx,04_全部文件與歷次版本/TTQS_ONE_CODEX_RUNTIME/23/2236_candidate_174f65cd13019789f8e2c2886ffd704a8bfea119e842555cfc8b3f0a19f5.docx,已驗收的工作流檢討報告；不是評核佐證文件,47234,174f65cd13019789f8e2c2886ffd704a8bfea119e842555cfc8b3f0a19f53aa8
2237,0013__年度課程公告_待驗收.docx,TTQS_ONE_CODEX_RUNTIME/MASTER/MUSE_SCHEDULE/875929507feea6389dbd0cd9113d2882fbc2d0737c13ecc72e3ce35ed26fa213/0013__年度課程公告_待驗收.docx,04_全部文件與歷次版本/TTQS_ONE_CODEX_RUNTIME/23/2237_0013__年度課程公告_待驗收.docx,原樣保留；本次尚未確認完成驗收,43049,dc70ef008f862e3044de0d68e082cf3931943918cd36597ae945a9834aebb24d
2238,0013__公開公布訓練機構年度訓練課程_完整工作稿.docx,TTQS_ONE_CODEX_RUNTIME/MASTER/MUSE_SCHEDULE/875929507feea6389dbd0cd9113d2882fbc2d0737c13ecc72e3ce35ed26fa213/0013__公開公布訓練機構年度訓練課程_完整工作稿.docx,04_全部文件與歷次版本/TTQS_ONE_CODEX_RUNTIME/23/2238_0013__公開公布訓練機構年度訓練課程_完整工作稿.docx,原樣保留；本次尚未確認完成驗收,43184,793ac5f6ccccf5458300e79a817ae2db8844b1a36e16fc477f649ac0f37a82a1
2239,candidate_793ac5f6ccccf5458300e79a817ae2db8844b1a36e16fc477f649ac0f37a82a1.docx,TTQS_ONE_CODEX_RUNTIME/MASTER/MUSE_SCHEDULE/875929507feea6389dbd0cd9113d2882fbc2d0737c13ecc72e3ce35ed26fa213/page_check/candidate_793ac5f6ccccf5458300e79a817ae2db8844b1a36e16fc477f649ac0f37a82a1.docx,04_全部文件與歷次版本/TTQS_ONE_CODEX_RUNTIME/23/2239_candidate_793ac5f6ccccf5458300e79a817ae2db8844b1a36e16fc477f649ac0f37a.docx,原樣保留；本次尚未確認完成驗收,43184,793ac5f6ccccf5458300e79a817ae2db8844b1a36e16fc477f649ac0f37a82a1
2240,0003__需求問卷_待驗收.docx,TTQS_ONE_CODEX_RUNTIME/MASTER/MUSE_SCHEDULE/89912823917e070c16c5150817c0ca3f445f6d3134577ee29a16534f5957b4e3/0003__需求問卷_待驗收.docx,04_全部文件與歷次版本/TTQS_ONE_CODEX_RUNTIME/23/2240_0003__需求問卷_待驗收.docx,原樣保留；本次尚未確認完成驗收,45942,421a6877e21c3b3f43f2f103e851ae28fdcb0d0e130128041733b7744bb4cac3
2241,0003__目標市場需求調查問卷.docx,TTQS_ONE_CODEX_RUNTIME/MASTER/MUSE_SCHEDULE/89912823917e070c16c5150817c0ca3f445f6d3134577ee29a16534f5957b4e3/0003__目標市場需求調查問卷.docx,04_全部文件與歷次版本/TTQS_ONE_CODEX_RUNTIME/23/2241_0003__目標市場需求調查問卷.docx,原樣保留；本次尚未確認完成驗收,46075,204aa9618021afba0ba75a9da533db79a7b2c654890545cc8642c5ad1328e355
2242,0025__訓練評估與實施標準化作業程序SOP.docx,TTQS_ONE_CODEX_RUNTIME/MASTER/MUSE_SCHEDULE/d77b0d99337770513222bae32653be6dfd6eb3ff9eccb4007ef100d08be57534/0025__訓練評估與實施標準化作業程序SOP.docx,04_全部文件與歷次版本/TTQS_ONE_CODEX_RUNTIME/23/2242_0025__訓練評估與實施標準化作業程序SOP.docx,原樣保留；本次尚未確認完成驗收,46394,f2e0652bfb0d2ea59d001241b8926112e04b16eb9e704e3488b4a96eff05dc1e
2243,0001__中長程業務發展策略地圖.docx,TTQS_ONE_CODEX_RUNTIME/MASTER/ACCEPTANCE_20261005_1730/0001_R02/0001__中長程業務發展策略地圖.docx,04_全部文件與歷次版本/TTQS_ONE_CODEX_RUNTIME/23/2243_0001__中長程業務發展策略地圖.docx,原樣保留；本次尚未確認完成驗收,42796,271e513caad0efa76402960bed9b32eeb98bd0cea8a329d979eeacadc3aced24
2244,0001__中長程業務發展策略地圖.docx,TTQS_ONE_CODEX_RUNTIME/MASTER/ACCEPTANCE_20261005_1730/0001_R03/0001__中長程業務發展策略地圖.docx,04_全部文件與歷次版本/TTQS_ONE_CODEX_RUNTIME/23/2244_0001__中長程業務發展策略地圖.docx,原樣保留；本次尚未確認完成驗收,42822,eda9298fe118ad9f0fa339ca05e6481e50e2c08175c1593fafa3e7dda9dbc3e3
2245,0100__學員培訓前後自我評量表.docx,TTQS_ONE_CODEX_RUNTIME/MASTER/ACCEPTANCE_20261005_1730/0100_R02/0100__學員培訓前後自我評量表.docx,04_全部文件與歷次版本/TTQS_ONE_CODEX_RUNTIME/23/2245_0100__學員培訓前後自我評量表.docx,原樣保留；本次尚未確認完成驗收,313582,e180824841849b7ace0bb36357ced88ea4494e3bb92b7ce79f5dc3d054b09a1f
2246,input.docx,TTQS_ONE_CODEX_RUNTIME/MASTER/ACCEPTANCE_20261005_1730/WORD_QA/0013_attempt2/input.docx,04_全部文件與歷次版本/TTQS_ONE_CODEX_RUNTIME/23/2246_input.docx,原樣保留；本次尚未確認完成驗收,43184,793ac5f6ccccf5458300e79a817ae2db8844b1a36e16fc477f649ac0f37a82a1
2247,input.docx,TTQS_ONE_CODEX_RUNTIME/MASTER/ACCEPTANCE_20261005_1730/WORD_QA/known_good_control/input.docx,04_全部文件與歷次版本/TTQS_ONE_CODEX_RUNTIME/23/2247_input.docx,已驗收的工作流檢討報告；不是評核佐證文件,47234,174f65cd13019789f8e2c2886ffd704a8bfea119e842555cfc8b3f0a19f53aa8
2248,0013_0013__公開公布訓練機構年度訓練課程_完整工作稿.docx,TTQS_ONE_CODEX_RUNTIME/MASTER/EFFICIENT_IO_20261005/layout_pilot/0013_0013__公開公布訓練機構年度訓練課程_完整工作稿.docx,04_全部文件與歷次版本/TTQS_ONE_CODEX_RUNTIME/23/2248_0013_0013__公開公布訓練機構年度訓練課程_完整工作稿.docx,原樣保留；本次尚未確認完成驗收,43792,04b911e23032ed9d7428c964eede1a397f6fd53653575b3b2a115e7a8d82f958
2249,0003_0003__目標市場需求調查問卷.docx,TTQS_ONE_CODEX_RUNTIME/MASTER/EFFICIENT_IO_20261005/layout_pilot/0003_0003__目標市場需求調查問卷.docx,04_全部文件與歷次版本/TTQS_ONE_CODEX_RUNTIME/23/2249_0003_0003__目標市場需求調查問卷.docx,原樣保留；本次尚未確認完成驗收,46773,99efb5dae7aa25aa6d184aead4609f158c27a98b3867b5574c31adf6fff4a14e
2250,0025_0025__訓練評估與實施標準化作業程序SOP.docx,TTQS_ONE_CODEX_RUNTIME/MASTER/EFFICIENT_IO_20261005/layout_pilot/0025_0025__訓練評估與實施標準化作業程序SOP.docx,04_全部文件與歷次版本/TTQS_ONE_CODEX_RUNTIME/23/2250_0025_0025__訓練評估與實施標準化作業程序SOP.docx,原樣保留；本次尚未確認完成驗收,46998,5dcbec14893dcdba28d1f5716101646f3053eff540802319a63fbf4fc3ea54aa
2251,0001_0001__中長程業務發展策略地圖.docx,TTQS_ONE_CODEX_RUNTIME/MASTER/EFFICIENT_IO_20261005/layout_pilot/0001_0001__中長程業務發展策略地圖.docx,04_全部文件與歷次版本/TTQS_ONE_CODEX_RUNTIME/23/2251_0001_0001__中長程業務發展策略地圖.docx,原樣保留；本次尚未確認完成驗收,43284,6ebea8ea4768b5311eaf64402eb58cfdab2c795e858d0925a1084d9eab3fa029
2252,0100_0100__學員培訓前後自我評量表.docx,TTQS_ONE_CODEX_RUNTIME/MASTER/EFFICIENT_IO_20261005/layout_pilot/0100_0100__學員培訓前後自我評量表.docx,04_全部文件與歷次版本/TTQS_ONE_CODEX_RUNTIME/23/2252_0100_0100__學員培訓前後自我評量表.docx,原樣保留；本次尚未確認完成驗收,314324,dca2eae69d6e26e7172f0ae1edaa10e2f85a1e71385ee3eee7dd8d6cade95627
2253,0002_0002__策略因果鏈與三年KPI對照表.docx,TTQS_ONE_CODEX_RUNTIME/MASTER/EFFICIENT_IO_20261005/layout_pilot/0002_0002__策略因果鏈與三年KPI對照表.docx,04_全部文件與歷次版本/TTQS_ONE_CODEX_RUNTIME/23/2253_0002_0002__策略因果鏈與三年KPI對照表.docx,原樣保留；本次尚未確認完成驗收,43657,cbb1f428efb48746c472e22c94274fecee5343f352b661f0dcdfd99ee7a57dbe
2254,0002__策略因果鏈與三年KPI對照表.docx,TTQS_ONE_CODEX_RUNTIME/MASTER/EFFICIENT_IO_20261005/layout_pilot/0002/0002__策略因果鏈與三年KPI對照表.docx,04_全部文件與歷次版本/TTQS_ONE_CODEX_RUNTIME/23/2254_0002__策略因果鏈與三年KPI對照表.docx,原樣保留；本次尚未確認完成驗收,43215,97b21bd409b6cbfb584b1b200db8b65b1f07c65eb3284715ad1295ca38e494e5
2255,0013__公開公布訓練機構年度訓練課程_完整工作稿.docx,TTQS_ONE_CODEX_RUNTIME/MASTER/EFFICIENT_IO_20261005/layout_pilot/canonical_names/0013/0013__公開公布訓練機構年度訓練課程_完整工作稿.docx,04_全部文件與歷次版本/TTQS_ONE_CODEX_RUNTIME/23/2255_0013__公開公布訓練機構年度訓練課程_完整工作稿.docx,原樣保留；本次尚未確認完成驗收,43792,04b911e23032ed9d7428c964eede1a397f6fd53653575b3b2a115e7a8d82f958
2256,0003__目標市場需求調查問卷.docx,TTQS_ONE_CODEX_RUNTIME/MASTER/EFFICIENT_IO_20261005/layout_pilot/canonical_names/0003/0003__目標市場需求調查問卷.docx,04_全部文件與歷次版本/TTQS_ONE_CODEX_RUNTIME/23/2256_0003__目標市場需求調查問卷.docx,原樣保留；本次尚未確認完成驗收,46773,99efb5dae7aa25aa6d184aead4609f158c27a98b3867b5574c31adf6fff4a14e
2257,0025__訓練評估與實施標準化作業程序SOP.docx,TTQS_ONE_CODEX_RUNTIME/MASTER/EFFICIENT_IO_20261005/layout_pilot/canonical_names/0025/0025__訓練評估與實施標準化作業程序SOP.docx,04_全部文件與歷次版本/TTQS_ONE_CODEX_RUNTIME/23/2257_0025__訓練評估與實施標準化作業程序SOP.docx,原樣保留；本次尚未確認完成驗收,46998,5dcbec14893dcdba28d1f5716101646f3053eff540802319a63fbf4fc3ea54aa
2258,0001__中長程業務發展策略地圖.docx,TTQS_ONE_CODEX_RUNTIME/MASTER/EFFICIENT_IO_20261005/layout_pilot/canonical_names/0001/0001__中長程業務發展策略地圖.docx,04_全部文件與歷次版本/TTQS_ONE_CODEX_RUNTIME/23/2258_0001__中長程業務發展策略地圖.docx,原樣保留；本次尚未確認完成驗收,43284,6ebea8ea4768b5311eaf64402eb58cfdab2c795e858d0925a1084d9eab3fa029
2259,0100__學員培訓前後自我評量表.docx,TTQS_ONE_CODEX_RUNTIME/MASTER/EFFICIENT_IO_20261005/layout_pilot/canonical_names/0100/0100__學員培訓前後自我評量表.docx,04_全部文件與歷次版本/TTQS_ONE_CODEX_RUNTIME/23/2259_0100__學員培訓前後自我評量表.docx,原樣保留；本次尚未確認完成驗收,314324,dca2eae69d6e26e7172f0ae1edaa10e2f85a1e71385ee3eee7dd8d6cade95627
2260,0002__策略因果鏈與三年KPI對照表.docx,TTQS_ONE_CODEX_RUNTIME/MASTER/EFFICIENT_IO_20261005/layout_pilot/canonical_names/0002/0002__策略因果鏈與三年KPI對照表.docx,04_全部文件與歷次版本/TTQS_ONE_CODEX_RUNTIME/23/2260_0002__策略因果鏈與三年KPI對照表.docx,原樣保留；本次尚未確認完成驗收,43657,cbb1f428efb48746c472e22c94274fecee5343f352b661f0dcdfd99ee7a57dbe
2261,0002__策略因果鏈與三年KPI對照表.docx,TTQS_ONE_CODEX_RUNTIME/MASTER/EFFICIENT_IO_20261005/0002_return_build/0002__策略因果鏈與三年KPI對照表.docx,04_全部文件與歷次版本/TTQS_ONE_CODEX_RUNTIME/23/2261_0002__策略因果鏈與三年KPI對照表.docx,原樣保留；本次尚未確認完成驗收,43400,179ad13bcbeb88c212c214eac5a6e2ceb0e84ad378e8c36584d32d3a80a3ffd6
2262,0002__策略因果鏈與三年KPI對照表.docx,TTQS_ONE_CODEX_RUNTIME/MASTER/EFFICIENT_IO_20261005/0002_return_build_R3/0002__策略因果鏈與三年KPI對照表.docx,04_全部文件與歷次版本/TTQS_ONE_CODEX_RUNTIME/23/2262_0002__策略因果鏈與三年KPI對照表.docx,原樣保留；本次尚未確認完成驗收,43409,883c343700ebe65731d3ece4609e7bb7dff5e70b52489fb89dc9bfc260958b82
2263,0002__策略因果鏈與三年KPI對照表.docx,TTQS_ONE_CODEX_RUNTIME/MASTER/EFFICIENT_IO_20261005/0002_return_build_R3/final_layout/0002__策略因果鏈與三年KPI對照表.docx,04_全部文件與歷次版本/TTQS_ONE_CODEX_RUNTIME/23/2263_0002__策略因果鏈與三年KPI對照表.docx,原樣保留；本次尚未確認完成驗收,43851,94a633b753d6f50593dec392e27537cc8af06a6012e51997bfe0fd513b9d39a6
2264,0002__策略因果鏈與三年KPI對照表.docx,TTQS_ONE_CODEX_RUNTIME/MASTER/EFFICIENT_IO_20261005/0002_compact_build_R4/0002__策略因果鏈與三年KPI對照表.docx,04_全部文件與歷次版本/TTQS_ONE_CODEX_RUNTIME/23/2264_0002__策略因果鏈與三年KPI對照表.docx,原樣保留；本次尚未確認完成驗收,43257,a1e76faa4d050ea4db143ec8c6f9ecb42926604d2cf2cb1623f430ed09b7dbd2
2265,0002__策略因果鏈與三年KPI對照表.docx,TTQS_ONE_CODEX_RUNTIME/MASTER/EFFICIENT_IO_20261005/0002_compact_build_R5/0002__策略因果鏈與三年KPI對照表.docx,04_全部文件與歷次版本/TTQS_ONE_CODEX_RUNTIME/23/2265_0002__策略因果鏈與三年KPI對照表.docx,原樣保留；本次尚未確認完成驗收,43260,7bd82dad21da23df924bc3e4971c67e23489272a12f190dc1d463fb2483bd306
2266,0002__策略因果鏈與三年KPI對照表.docx,TTQS_ONE_CODEX_RUNTIME/MASTER/EFFICIENT_IO_20261005/0002_compact_build_R5/final_layout/0002__策略因果鏈與三年KPI對照表.docx,04_全部文件與歷次版本/TTQS_ONE_CODEX_RUNTIME/23/2266_0002__策略因果鏈與三年KPI對照表.docx,原樣保留；本次尚未確認完成驗收,43721,ac07816da2307c01e3b40c8df44981a9ea74d882fd1c7b756959922942f363e0
2267,0002__策略因果鏈與三年KPI對照表.docx,TTQS_ONE_CODEX_RUNTIME/MASTER/EFFICIENT_IO_20261005/0002_compact_build_R6/0002__策略因果鏈與三年KPI對照表.docx,04_全部文件與歷次版本/TTQS_ONE_CODEX_RUNTIME/23/2267_0002__策略因果鏈與三年KPI對照表.docx,原樣保留；本次尚未確認完成驗收,43260,d9eb9f1c5a5bc9f86ecded14d28fb53ab4fd1061f996afe3e957a50610a5af8d
2268,0002__策略因果鏈與三年KPI對照表.docx,TTQS_ONE_CODEX_RUNTIME/MASTER/EFFICIENT_IO_20261005/0002_compact_build_R6/final_layout/0002__策略因果鏈與三年KPI對照表.docx,04_全部文件與歷次版本/TTQS_ONE_CODEX_RUNTIME/23/2268_0002__策略因果鏈與三年KPI對照表.docx,原樣保留；本次尚未確認完成驗收,43768,a95ee7c34fac5af1a2f2b683b43d1f339611aaf07a537384d955a5ec157a94ac
2269,0002__策略因果鏈與三年KPI對照表.docx,TTQS_ONE_CODEX_RUNTIME/MASTER/EFFICIENT_IO_20261005/0002_compact_build_R7/0002__策略因果鏈與三年KPI對照表.docx,04_全部文件與歷次版本/TTQS_ONE_CODEX_RUNTIME/23/2269_0002__策略因果鏈與三年KPI對照表.docx,原樣保留；本次尚未確認完成驗收,43260,1ec0d1004f7cf9a4345d462c72b5d293726fb19c2b089bcafc46c515aea28163
2270,0002__策略因果鏈與三年KPI對照表.docx,TTQS_ONE_CODEX_RUNTIME/MASTER/EFFICIENT_IO_20261005/0002_compact_build_R7/final_layout/0002__策略因果鏈與三年KPI對照表.docx,04_全部文件與歷次版本/TTQS_ONE_CODEX_RUNTIME/23/2270_0002__策略因果鏈與三年KPI對照表.docx,已驗收的可修改示範文件；不是本會真實執行紀錄,43243,ba6b4c4876130c77cb8ac6a886f4ed4d2e09d4e19bbf21fc71d22d8c8b376a53
2271,candidate.docx,TTQS_ONE_OPENCODE_REVIEW/TASKS/0071__197f2b7fee764457542f/candidate.docx,04_全部文件與歷次版本/TTQS_ONE_OPENCODE_REVIEW/23/2271_candidate.docx,原樣保留；本次尚未確認完成驗收,47261,256cdd7d5c3b9704d4cad7195228315bc13996a4acbdc40c21fb4ee62a734e9c
2272,candidate.docx,TTQS_ONE_OPENCODE_REVIEW/TASKS/0076__da65cf703c227eaa7aae/candidate.docx,04_全部文件與歷次版本/TTQS_ONE_OPENCODE_REVIEW/23/2272_candidate.docx,原樣保留；本次尚未確認完成驗收,45782,f0099863f55cd9a180b502c1fc5d03b303aa8ea38b14b74f4783afdb2b8e4471
2273,candidate.docx,TTQS_ONE_OPENCODE_REVIEW/TASKS/0066__d785910e424cba285df1/candidate.docx,04_全部文件與歷次版本/TTQS_ONE_OPENCODE_REVIEW/23/2273_candidate.docx,原樣保留；本次尚未確認完成驗收,17727,220f535cf3e53a51215f7b5b8afb880013ef3015162264ec8b50285821819884
2274,candidate.docx,TTQS_ONE_OPENCODE_REVIEW/TASKS/0100__b6d65128b637dbf39240/candidate.docx,04_全部文件與歷次版本/TTQS_ONE_OPENCODE_REVIEW/23/2274_candidate.docx,原樣保留；本次尚未確認完成驗收,105463,f7f3addfed3bfe46aba1a3f282e22b7f92d36de8a1b1c8252e4a77bad1e270d1
2275,candidate.docx,TTQS_ONE_OPENCODE_REVIEW/TASKS/0001__92ac7f10766df147f933/candidate.docx,04_全部文件與歷次版本/TTQS_ONE_OPENCODE_REVIEW/23/2275_candidate.docx,原樣保留；本次尚未確認完成驗收,17808,5d24ddd86b58b3ecb3d692b19a313dc3e7d6bac3aa77a3049ac6e17499080963
2276,candidate.docx,TTQS_ONE_OPENCODE_REVIEW/TASKS/0087__45e634c5c231d681e1b1/candidate.docx,04_全部文件與歷次版本/TTQS_ONE_OPENCODE_REVIEW/23/2276_candidate.docx,原樣保留；本次尚未確認完成驗收,51370,5409c06717ff75f65f1f24c1257a1bfe5795f8a82131acc0f4706180fa67db5a
2277,candidate.docx,TTQS_ONE_OPENCODE_REVIEW/TASKS/0142__f5db0eef0d90382a7359/candidate.docx,04_全部文件與歷次版本/TTQS_ONE_OPENCODE_REVIEW/23/2277_candidate.docx,原樣保留；本次尚未確認完成驗收,44970,59f9b500eafd0b283a6df898d337e888da37cb6bcfc98cb180a6fd452b8034a6
2278,candidate.docx,TTQS_ONE_OPENCODE_REVIEW/TASKS/0076__f6e6e2e22438bb79ded5/candidate.docx,04_全部文件與歷次版本/TTQS_ONE_OPENCODE_REVIEW/23/2278_candidate.docx,原樣保留；本次尚未確認完成驗收,45782,f0099863f55cd9a180b502c1fc5d03b303aa8ea38b14b74f4783afdb2b8e4471
2279,candidate.docx,TTQS_ONE_OPENCODE_REVIEW/TASKS/0071__017dbf89ebc6122e9472/candidate.docx,04_全部文件與歷次版本/TTQS_ONE_OPENCODE_REVIEW/23/2279_candidate.docx,原樣保留；本次尚未確認完成驗收,47205,334ed51f437331605fa291c153a6726c1fc05a74d29cf057ad66747512c43065
2280,candidate.docx,TTQS_ONE_OPENCODE_REVIEW/TASKS/0066__4a23f61de61cca5d373a/candidate.docx,04_全部文件與歷次版本/TTQS_ONE_OPENCODE_REVIEW/23/2280_candidate.docx,原樣保留；本次尚未確認完成驗收,17727,220f535cf3e53a51215f7b5b8afb880013ef3015162264ec8b50285821819884
2281,candidate.docx,TTQS_ONE_OPENCODE_REVIEW/TASKS/0100__2be2ae9854c603414ceb/candidate.docx,04_全部文件與歷次版本/TTQS_ONE_OPENCODE_REVIEW/23/2281_candidate.docx,原樣保留；本次尚未確認完成驗收,105463,f7f3addfed3bfe46aba1a3f282e22b7f92d36de8a1b1c8252e4a77bad1e270d1
2282,candidate.docx,TTQS_ONE_OPENCODE_REVIEW/TASKS/0001__a0f5d34bc812736c9d4e/candidate.docx,04_全部文件與歷次版本/TTQS_ONE_OPENCODE_REVIEW/23/2282_candidate.docx,原樣保留；本次尚未確認完成驗收,17808,5d24ddd86b58b3ecb3d692b19a313dc3e7d6bac3aa77a3049ac6e17499080963
2283,candidate.docx,TTQS_ONE_OPENCODE_REVIEW/TASKS/0087__f0e6074bb000b4c22738/candidate.docx,04_全部文件與歷次版本/TTQS_ONE_OPENCODE_REVIEW/23/2283_candidate.docx,原樣保留；本次尚未確認完成驗收,51370,5409c06717ff75f65f1f24c1257a1bfe5795f8a82131acc0f4706180fa67db5a
2284,candidate.docx,TTQS_ONE_OPENCODE_REVIEW/TASKS/0142__30f7db146153f7e84e78/candidate.docx,04_全部文件與歷次版本/TTQS_ONE_OPENCODE_REVIEW/23/2284_candidate.docx,原樣保留；本次尚未確認完成驗收,44970,59f9b500eafd0b283a6df898d337e888da37cb6bcfc98cb180a6fd452b8034a6
2285,candidate.docx,TTQS_ONE_AGENT_BUS/REVIEWS/WF_REVIEW_0071_OPENCODE_20261003_2109_EVIDENCE/candidate.docx,04_全部文件與歷次版本/TTQS_ONE_AGENT_BUS/23/2285_candidate.docx,原樣保留；本次尚未確認完成驗收,47205,334ed51f437331605fa291c153a6726c1fc05a74d29cf057ad66747512c43065
2286,candidate_input.docx,TTQS_ONE_OPENCODE_BUILD/TASKS/WF_OPENCODE_BUILD_0003_20261003_204032/EVIDENCE/candidate_input.docx,04_全部文件與歷次版本/TTQS_ONE_OPENCODE_BUILD/23/2286_candidate_input.docx,原樣保留；本次尚未確認完成驗收,48641,938de16389b8ab5ae181d3b50b7c00b7c5997ead232618d4e859f87c8394aa23
2287,0003__目標市場需求調查問卷.docx,TTQS_ONE_OPENCODE_BUILD/TASKS/WF_OPENCODE_BUILD_0003_20261003_204032/OUTPUT/0003__目標市場需求調查問卷.docx,04_全部文件與歷次版本/TTQS_ONE_OPENCODE_BUILD/23/2287_0003__目標市場需求調查問卷.docx,原樣保留；本次尚未確認完成驗收,48861,0ba53058b92d15b570e127ce321bd54e1acc2796cffe2ee31b209718e28b9b6f
2288,candidate_input.docx,TTQS_ONE_OPENCODE_BUILD/TASKS/WF_OPENCODE_REPAIR_0025_20261003_205801/EVIDENCE/candidate_input.docx,04_全部文件與歷次版本/TTQS_ONE_OPENCODE_BUILD/23/2288_candidate_input.docx,原樣保留；本次尚未確認完成驗收,52865,1c838a26bde0e53e38129239268797176d8c6aea4557c4b0b8ded296426959fe
2289,0025__訓練評估與實施標準化作業程序SOP.docx,TTQS_ONE_OPENCODE_BUILD/TASKS/WF_OPENCODE_REPAIR_0025_20261003_205801/OUTPUT/0025__訓練評估與實施標準化作業程序SOP.docx,04_全部文件與歷次版本/TTQS_ONE_OPENCODE_BUILD/23/2289_0025__訓練評估與實施標準化作業程序SOP.docx,原樣保留；本次尚未確認完成驗收,53277,1771d24afa6f78b54f04e2f4ca0d31bf5776405777f2569250ee8c077dd65df7
2290,candidate_input.docx,TTQS_ONE_OPENCODE_BUILD/TASKS/WF_OPENCODE_REPAIR_0003_20261003_220425/EVIDENCE/candidate_input.docx,04_全部文件與歷次版本/TTQS_ONE_OPENCODE_BUILD/23/2290_candidate_input.docx,原樣保留；本次尚未確認完成驗收,48861,0ba53058b92d15b570e127ce321bd54e1acc2796cffe2ee31b209718e28b9b6f
2291,0003__目標市場需求調查問卷.docx,TTQS_ONE_OPENCODE_BUILD/TASKS/WF_OPENCODE_REPAIR_0003_20261003_220425/OUTPUT/0003__目標市場需求調查問卷.docx,04_全部文件與歷次版本/TTQS_ONE_OPENCODE_BUILD/23/2291_0003__目標市場需求調查問卷.docx,原樣保留；本次尚未確認完成驗收,48851,ba86ec6a7dbcf6f5b5f71a8740fcab15589b67468a9d232f1df4b42b21ac0181
2292,candidate_input.docx,TTQS_ONE_OPENCODE_BUILD/TASKS/WF_OPENCODE_REPAIR_0003_20261003_224302/EVIDENCE/candidate_input.docx,04_全部文件與歷次版本/TTQS_ONE_OPENCODE_BUILD/23/2292_candidate_input.docx,原樣保留；本次尚未確認完成驗收,48851,ba86ec6a7dbcf6f5b5f71a8740fcab15589b67468a9d232f1df4b42b21ac0181
2293,0003__目標市場需求調查問卷.docx,TTQS_ONE_OPENCODE_BUILD/TASKS/WF_OPENCODE_REPAIR_0003_20261003_224302/OUTPUT/0003__目標市場需求調查問卷.docx,04_全部文件與歷次版本/TTQS_ONE_OPENCODE_BUILD/23/2293_0003__目標市場需求調查問卷.docx,原樣保留；本次尚未確認完成驗收,48849,0bb0253f417a077d3ba0ce2ce3b6e28863a024a045535fae35ab619702ec27c4
2294,candidate_input.docx,TTQS_ONE_OPENCODE_BUILD/TASKS/WF_OPENCODE_REPAIR_0003_20261003_235503/EVIDENCE/candidate_input.docx,04_全部文件與歷次版本/TTQS_ONE_OPENCODE_BUILD/23/2294_candidate_input.docx,原樣保留；本次尚未確認完成驗收,48849,0bb0253f417a077d3ba0ce2ce3b6e28863a024a045535fae35ab619702ec27c4
2295,candidate_input.docx,TTQS_ONE_OPENCODE_BUILD/TASKS/WF_OPENCODE_REPAIR_0003_20261004_001301/EVIDENCE/candidate_input.docx,04_全部文件與歷次版本/TTQS_ONE_OPENCODE_BUILD/23/2295_candidate_input.docx,原樣保留；本次尚未確認完成驗收,48849,0bb0253f417a077d3ba0ce2ce3b6e28863a024a045535fae35ab619702ec27c4
2296,candidate_input.docx,TTQS_ONE_OPENCODE_BUILD/TASKS/WF_OPENCODE_REPAIR_0003_20261004_011301/EVIDENCE/candidate_input.docx,04_全部文件與歷次版本/TTQS_ONE_OPENCODE_BUILD/23/2296_candidate_input.docx,原樣保留；本次尚未確認完成驗收,48849,0bb0253f417a077d3ba0ce2ce3b6e28863a024a045535fae35ab619702ec27c4
2297,0003__目標市場需求調查問卷.docx,TTQS_ONE_OPENCODE_BUILD/TASKS/WF_OPENCODE_REPAIR_0003_20261004_011301/OUTPUT/0003__目標市場需求調查問卷.docx,04_全部文件與歷次版本/TTQS_ONE_OPENCODE_BUILD/23/2297_0003__目標市場需求調查問卷.docx,原樣保留；本次尚未確認完成驗收,48929,f2057026dbf1ea6e50a8f83fd28ed9451fda62ba0f3a44263630d4106070acff
2298,0010__學員訓練成果評核標準與說明.docx,TTQS_ONE_OPENCODE_BUILD/TASKS/WF_OPENCODE_BUILD_0010_20261004_103748/OUTPUT/0010__學員訓練成果評核標準與說明.docx,04_全部文件與歷次版本/TTQS_ONE_OPENCODE_BUILD/23/2298_0010__學員訓練成果評核標準與說明.docx,原樣保留；本次尚未確認完成驗收,43283,8f2459ad296dbd1bd56b7f149d4a40c14791e6a69484ee69de252609882f07e1
2299,0011__與訓練政策有關之訓練產品與市場定位_制度文件.docx,TTQS_ONE_OPENCODE_BUILD/TASKS/WF_OPENCODE_BUILD_0011_20261004_104301/OUTPUT/0011__與訓練政策有關之訓練產品與市場定位_制度文件.docx,04_全部文件與歷次版本/TTQS_ONE_OPENCODE_BUILD/23/2299_0011__與訓練政策有關之訓練產品與市場定位_制度文件.docx,原樣保留；本次尚未確認完成驗收,42342,b972bf6b10e230299822eb2f142b1a6bef640df94750cb4f3eb4a5d153ab30e6
2300,candidate_input.docx,TTQS_ONE_OPENCODE_BUILD/TASKS/WF_OPENCODE_REPAIR_0010_20261004_105101/EVIDENCE/candidate_input.docx,04_全部文件與歷次版本/TTQS_ONE_OPENCODE_BUILD/23/2300_candidate_input.docx,原樣保留；本次尚未確認完成驗收,43283,8f2459ad296dbd1bd56b7f149d4a40c14791e6a69484ee69de252609882f07e1
2301,0010__學員訓練成果評核標準與說明.docx,TTQS_ONE_OPENCODE_BUILD/TASKS/WF_OPENCODE_REPAIR_0010_20261004_105101/OUTPUT/0010__學員訓練成果評核標準與說明.docx,04_全部文件與歷次版本/TTQS_ONE_OPENCODE_BUILD/24/2301_0010__學員訓練成果評核標準與說明.docx,原樣保留；本次尚未確認完成驗收,43283,ec031e77f2eb1f9aa201b50e9a9eb4eab872ad5684fbde07aba8a885a5b9870d
2302,candidate_input.docx,TTQS_ONE_OPENCODE_BUILD/TASKS/WF_OPENCODE_REPAIR_0011_20261004_105501/EVIDENCE/candidate_input.docx,04_全部文件與歷次版本/TTQS_ONE_OPENCODE_BUILD/24/2302_candidate_input.docx,原樣保留；本次尚未確認完成驗收,42342,b972bf6b10e230299822eb2f142b1a6bef640df94750cb4f3eb4a5d153ab30e6
2303,0011__與訓練政策有關之訓練產品與市場定位_制度文件.docx,TTQS_ONE_OPENCODE_BUILD/TASKS/WF_OPENCODE_REPAIR_0011_20261004_105501/OUTPUT/0011__與訓練政策有關之訓練產品與市場定位_制度文件.docx,04_全部文件與歷次版本/TTQS_ONE_OPENCODE_BUILD/24/2303_0011__與訓練政策有關之訓練產品與市場定位_制度文件.docx,原樣保留；本次尚未確認完成驗收,42496,7a53dc17797ef7653a520a085e00c9c24f40fccfd61c85c244bfa4de145b2677
2304,candidate_input.docx,TTQS_ONE_OPENCODE_BUILD/TASKS/WF_OPENCODE_REPAIR_0010_20261004_105901/EVIDENCE/candidate_input.docx,04_全部文件與歷次版本/TTQS_ONE_OPENCODE_BUILD/24/2304_candidate_input.docx,原樣保留；本次尚未確認完成驗收,43283,ec031e77f2eb1f9aa201b50e9a9eb4eab872ad5684fbde07aba8a885a5b9870d
2305,0010__學員訓練成果評核標準與說明.docx,TTQS_ONE_OPENCODE_BUILD/TASKS/WF_OPENCODE_REPAIR_0010_20261004_105901/OUTPUT/0010__學員訓練成果評核標準與說明.docx,04_全部文件與歷次版本/TTQS_ONE_OPENCODE_BUILD/24/2305_0010__學員訓練成果評核標準與說明.docx,原樣保留；本次尚未確認完成驗收,43356,4c6961b61244d9ea51c5b6c2abf9370eca7b182c0d0c97619a61c618d87cf3de
2306,candidate_input.docx,TTQS_ONE_OPENCODE_BUILD/TASKS/WF_OPENCODE_REPAIR_0011_20261004_110501/EVIDENCE/candidate_input.docx,04_全部文件與歷次版本/TTQS_ONE_OPENCODE_BUILD/24/2306_candidate_input.docx,原樣保留；本次尚未確認完成驗收,42496,7a53dc17797ef7653a520a085e00c9c24f40fccfd61c85c244bfa4de145b2677
2307,0011__與訓練政策有關之訓練產品與市場定位_制度文件.docx,TTQS_ONE_OPENCODE_BUILD/TASKS/WF_OPENCODE_REPAIR_0011_20261004_110501/OUTPUT/0011__與訓練政策有關之訓練產品與市場定位_制度文件.docx,04_全部文件與歷次版本/TTQS_ONE_OPENCODE_BUILD/24/2307_0011__與訓練政策有關之訓練產品與市場定位_制度文件.docx,原樣保留；本次尚未確認完成驗收,42496,7a53dc17797ef7653a520a085e00c9c24f40fccfd61c85c244bfa4de145b2677
2308,0012__補助參與機構公開招生課程或進階課程優惠辦法之_制度文件.docx,TTQS_ONE_OPENCODE_BUILD/TASKS/WF_OPENCODE_BUILD_0012_20261004_111101/OUTPUT/0012__補助參與機構公開招生課程或進階課程優惠辦法之_制度文件.docx,04_全部文件與歷次版本/TTQS_ONE_OPENCODE_BUILD/24/2308_0012__補助參與機構公開招生課程或進階課程優惠辦法之_制度文件.docx,原樣保留；本次尚未確認完成驗收,41146,dae20380501c6e3410c4aee70cddc8f424ede8f3a94549cfc52cb14c25b13173
2309,0019__學員訓練及訓練機構事業發展相關的證明_可直接使用成品.docx,TTQS_ONE_OPENCODE_BUILD/TASKS/WF_OPENCODE_BUILD_0019_20261004_111604/OUTPUT/0019__學員訓練及訓練機構事業發展相關的證明_可直接使用成品.docx,04_全部文件與歷次版本/TTQS_ONE_OPENCODE_BUILD/24/2309_0019__學員訓練及訓練機構事業發展相關的證明_可直接使用成品.docx,原樣保留；本次尚未確認完成驗收,42208,72f3648e6fdc5d9656710c5bb354dbe011942e590c55e4122ff606773f0022e6
2310,candidate_input.docx,TTQS_ONE_OPENCODE_BUILD/TASKS/WF_OPENCODE_REPAIR_0019_20261004_112101/EVIDENCE/candidate_input.docx,04_全部文件與歷次版本/TTQS_ONE_OPENCODE_BUILD/24/2310_candidate_input.docx,原樣保留；本次尚未確認完成驗收,42208,72f3648e6fdc5d9656710c5bb354dbe011942e590c55e4122ff606773f0022e6
2311,0019__學員訓練及訓練機構事業發展相關的證明_可直接使用成品.docx,TTQS_ONE_OPENCODE_BUILD/TASKS/WF_OPENCODE_REPAIR_0019_20261004_112101/OUTPUT/0019__學員訓練及訓練機構事業發展相關的證明_可直接使用成品.docx,04_全部文件與歷次版本/TTQS_ONE_OPENCODE_BUILD/24/2311_0019__學員訓練及訓練機構事業發展相關的證明_可直接使用成品.docx,原樣保留；本次尚未確認完成驗收,42208,72f3648e6fdc5d9656710c5bb354dbe011942e590c55e4122ff606773f0022e6
2312,candidate_input.docx,TTQS_ONE_OPENCODE_BUILD/TASKS/WF_OPENCODE_REPAIR_0019_20261004_112503/EVIDENCE/candidate_input.docx,04_全部文件與歷次版本/TTQS_ONE_OPENCODE_BUILD/24/2312_candidate_input.docx,原樣保留；本次尚未確認完成驗收,42208,72f3648e6fdc5d9656710c5bb354dbe011942e590c55e4122ff606773f0022e6
2313,0019__學員訓練及訓練機構事業發展相關的證明_可直接使用成品.docx,TTQS_ONE_OPENCODE_BUILD/TASKS/WF_OPENCODE_REPAIR_0019_20261004_112503/OUTPUT/0019__學員訓練及訓練機構事業發展相關的證明_可直接使用成品.docx,04_全部文件與歷次版本/TTQS_ONE_OPENCODE_BUILD/24/2313_0019__學員訓練及訓練機構事業發展相關的證明_可直接使用成品.docx,原樣保留；本次尚未確認完成驗收,42244,4a29d037fede7f2b911d7f0ff8c18fceaf2e1f78a45daf74e4a4283e2400cf49
2314,candidate_input.docx,TTQS_ONE_OPENCODE_BUILD/TASKS/WF_OPENCODE_REPAIR_0019_20261004_112902/EVIDENCE/candidate_input.docx,04_全部文件與歷次版本/TTQS_ONE_OPENCODE_BUILD/24/2314_candidate_input.docx,原樣保留；本次尚未確認完成驗收,42244,4a29d037fede7f2b911d7f0ff8c18fceaf2e1f78a45daf74e4a4283e2400cf49
2315,0019__學員訓練及訓練機構事業發展相關的證明_可直接使用成品.docx,TTQS_ONE_OPENCODE_BUILD/TASKS/WF_OPENCODE_REPAIR_0019_20261004_112902/OUTPUT/0019__學員訓練及訓練機構事業發展相關的證明_可直接使用成品.docx,04_全部文件與歷次版本/TTQS_ONE_OPENCODE_BUILD/24/2315_0019__學員訓練及訓練機構事業發展相關的證明_可直接使用成品.docx,原樣保留；本次尚未確認完成驗收,42225,3c4602e9dbc145a0e8b9d9052cf711cfff2a98d83bbe683d3aafacce3a401988
2316,0020__學員訓練類型及促進關鍵績效指標（KPI）_完整工作稿.docx,TTQS_ONE_OPENCODE_BUILD/TASKS/WF_OPENCODE_BUILD_0020_20261004_114101/OUTPUT/0020__學員訓練類型及促進關鍵績效指標（KPI）_完整工作稿.docx,04_全部文件與歷次版本/TTQS_ONE_OPENCODE_BUILD/24/2316_0020__學員訓練類型及促進關鍵績效指標（KPI）_完整工作稿.docx,原樣保留；本次尚未確認完成驗收,42148,39be61fae4b09cce41f859f38c63a33315667b5a6a65e12dc3a6c0c48ff532f4
2317,candidate_input.docx,TTQS_ONE_OPENCODE_BUILD/TASKS/WF_OPENCODE_REPAIR_0019_20261004_114704/EVIDENCE/candidate_input.docx,04_全部文件與歷次版本/TTQS_ONE_OPENCODE_BUILD/24/2317_candidate_input.docx,原樣保留；本次尚未確認完成驗收,42225,3c4602e9dbc145a0e8b9d9052cf711cfff2a98d83bbe683d3aafacce3a401988
2318,0019__學員訓練及訓練機構事業發展相關的證明_可直接使用成品.docx,TTQS_ONE_OPENCODE_BUILD/TASKS/WF_OPENCODE_REPAIR_0019_20261004_114704/OUTPUT/0019__學員訓練及訓練機構事業發展相關的證明_可直接使用成品.docx,04_全部文件與歷次版本/TTQS_ONE_OPENCODE_BUILD/24/2318_0019__學員訓練及訓練機構事業發展相關的證明_可直接使用成品.docx,原樣保留；本次尚未確認完成驗收,42228,9fe2a6e8efc2afc71a478b62b994c3c74cce07e8df153eab40d3cae042fe7da2
2319,candidate_input.docx,TTQS_ONE_OPENCODE_BUILD/TASKS/WF_OPENCODE_REPAIR_0019_20261004_115102/EVIDENCE/candidate_input.docx,04_全部文件與歷次版本/TTQS_ONE_OPENCODE_BUILD/24/2319_candidate_input.docx,原樣保留；本次尚未確認完成驗收,42228,9fe2a6e8efc2afc71a478b62b994c3c74cce07e8df153eab40d3cae042fe7da2
2320,0019__學員訓練及訓練機構事業發展相關的證明_可直接使用成品.docx,TTQS_ONE_OPENCODE_BUILD/TASKS/WF_OPENCODE_REPAIR_0019_20261004_115102/OUTPUT/0019__學員訓練及訓練機構事業發展相關的證明_可直接使用成品.docx,04_全部文件與歷次版本/TTQS_ONE_OPENCODE_BUILD/24/2320_0019__學員訓練及訓練機構事業發展相關的證明_可直接使用成品.docx,原樣保留；本次尚未確認完成驗收,42231,438ff278c714944f684f58c22094c9aa6f31162d78bcbef19243439bba8b1eb2
2321,candidate_input.docx,TTQS_ONE_OPENCODE_BUILD/TASKS/WF_OPENCODE_REPAIR_0010_20261004_143101/EVIDENCE/candidate_input.docx,04_全部文件與歷次版本/TTQS_ONE_OPENCODE_BUILD/24/2321_candidate_input.docx,原樣保留；本次尚未確認完成驗收,43356,4c6961b61244d9ea51c5b6c2abf9370eca7b182c0d0c97619a61c618d87cf3de
2322,candidate_input.docx,TTQS_ONE_OPENCODE_BUILD/TASKS/WF_OPENCODE_REPAIR_0010_20261004_143501/EVIDENCE/candidate_input.docx,04_全部文件與歷次版本/TTQS_ONE_OPENCODE_BUILD/24/2322_candidate_input.docx,原樣保留；本次尚未確認完成驗收,43356,4c6961b61244d9ea51c5b6c2abf9370eca7b182c0d0c97619a61c618d87cf3de
2323,TTQS近一週工作流稽核與改善報告_20261005.docx,交付報告/TTQS近一週工作流稽核與改善報告_20261005.docx,04_全部文件與歷次版本/交付報告/24/2323_TTQS近一週工作流稽核與改善報告_20261005.docx,已驗收的工作流檢討報告；不是評核佐證文件,47234,174f65cd13019789f8e2c2886ffd704a8bfea119e842555cfc8b3f0a19f53aa8
2324,0002_三年工作目標與做法對照表_示範版.docx,交付文件/0002_三年工作目標與做法對照表_示範版.docx,04_全部文件與歷次版本/交付文件/24/2324_0002_三年工作目標與做法對照表_示範版.docx,已驗收的可修改示範文件；不是本會真實執行紀錄,43243,ba6b4c4876130c77cb8ac6a886f4ed4d2e09d4e19bbf21fc71d22d8c8b376a53
